ISO-10303-21;
HEADER;
FILE_DESCRIPTION (( 'STEP AP214' ),
    '1' );
FILE_NAME ('loadcell_base_part.STEP',
    '2026-06-02T19:40:35',
    ( '' ),
    ( '' ),
    'SwSTEP 2.0',
    'SolidWorks 2025',
    '' );
FILE_SCHEMA (( 'AUTOMOTIVE_DESIGN' ));
ENDSEC;

DATA;
#1 = CARTESIAN_POINT ( 'NONE',  ( 3.174999999999999822, 5.129369478795615223, 6.349999999999999645 ) ) ;
#2 = CIRCLE ( 'NONE', #494, 1.500000000000001332 ) ;
#3 = ORIENTED_EDGE ( 'NONE', *, *, #1456, .F. ) ;
#4 = EDGE_CURVE ( 'NONE', #598, #397, #1129, .T. ) ;
#5 = CARTESIAN_POINT ( 'NONE',  ( 21.36000000000000298, 8.024999999999998579, 6.350000000000001421 ) ) ;
#6 = EDGE_CURVE ( 'NONE', #787, #791, #924, .T. ) ;
#7 = CARTESIAN_POINT ( 'NONE',  ( -3.174999999999964295, -5.129369478795615223, 2.349999999999999645 ) ) ;
#8 = DIRECTION ( 'NONE',  ( 0.000000000000000000, 0.000000000000000000, -1.000000000000000000 ) ) ;
#9 = VECTOR ( 'NONE', #8, 1000.000000000000000 ) ;
#10 = EDGE_LOOP ( 'NONE', ( #1095, #1035, #991, #1064 ) ) ;
#11 = CARTESIAN_POINT ( 'NONE',  ( 17.14499999999999957, 0.000000000000000000, 2.349999999999999645 ) ) ;
#12 = PLANE ( 'NONE',  #1591 ) ;
#13 = ORIENTED_EDGE ( 'NONE', *, *, #218, .F. ) ;
#14 = EDGE_CURVE ( 'NONE', #235, #66, #779, .T. ) ;
#15 = DIRECTION ( 'NONE',  ( 0.000000000000000000, 0.000000000000000000, -1.000000000000000000 ) ) ;
#16 = VERTEX_POINT ( 'NONE', #476 ) ;
#17 = AXIS2_PLACEMENT_3D ( 'NONE', #565, #1500, #1667 ) ;
#18 = PLANE ( 'NONE',  #1189 ) ;
#19 = DIRECTION ( 'NONE',  ( 0.000000000000000000, -1.000000000000000000, 0.000000000000000000 ) ) ;
#20 = ORIENTED_EDGE ( 'NONE', *, *, #716, .T. ) ;
#21 = VERTEX_POINT ( 'NONE', #1459 ) ;
#22 = FACE_BOUND ( 'NONE', #591, .T. ) ;
#23 = VECTOR ( 'NONE', #1328, 1000.000000000000000 ) ;
#24 = EDGE_LOOP ( 'NONE', ( #152, #92, #1135, #1731, #1668, #1418, #649, #725, #905 ) ) ;
#25 = EDGE_CURVE ( 'NONE', #1168, #650, #482, .T. ) ;
#26 = ORIENTED_EDGE ( 'NONE', *, *, #430, .T. ) ;
#27 = DIRECTION ( 'NONE',  ( -0.9837770256678171066, 0.1793955511382126500, -0.000000000000000000 ) ) ;
#28 = CARTESIAN_POINT ( 'NONE',  ( 0.000000000000000000, 0.000000000000000000, 2.349999999999999645 ) ) ;
#29 = FACE_OUTER_BOUND ( 'NONE', #574, .T. ) ;
#30 = LINE ( 'NONE', #156, #504 ) ;
#31 = ORIENTED_EDGE ( 'NONE', *, *, #339, .T. ) ;
#32 = EDGE_CURVE ( 'NONE', #888, #1029, #610, .T. ) ;
#33 = CARTESIAN_POINT ( 'NONE',  ( 0.000000000000000000, 0.000000000000000000, 6.349999999999999645 ) ) ;
#34 = LINE ( 'NONE', #1550, #1075 ) ;
#35 = EDGE_LOOP ( 'NONE', ( #1700, #288, #1116, #969, #1654, #585, #995, #1058 ) ) ;
#36 = ORIENTED_EDGE ( 'NONE', *, *, #1616, .F. ) ;
#37 = LINE ( 'NONE', #1702, #1471 ) ;
#38 = ADVANCED_FACE ( 'NONE', ( #622 ), #1453, .T. ) ;
#39 = DIRECTION ( 'NONE',  ( 0.000000000000000000, -0.000000000000000000, -1.000000000000000000 ) ) ;
#40 = AXIS2_PLACEMENT_3D ( 'NONE', #1061, #959, #80 ) ;
#41 = ADVANCED_FACE ( 'NONE', ( #1585 ), #74, .F. ) ;
#42 = DIRECTION ( 'NONE',  ( -1.000000000000000000, 0.000000000000000000, 0.000000000000000000 ) ) ;
#43 = ORIENTED_EDGE ( 'NONE', *, *, #951, .F. ) ;
#44 = ORIENTED_EDGE ( 'NONE', *, *, #903, .T. ) ;
#45 = DIRECTION ( 'NONE',  ( 0.000000000000000000, 0.000000000000000000, -1.000000000000000000 ) ) ;
#46 = LINE ( 'NONE', #468, #890 ) ;
#47 = DIRECTION ( 'NONE',  ( 1.000000000000000000, -0.000000000000000000, -0.000000000000000000 ) ) ;
#48 = CARTESIAN_POINT ( 'NONE',  ( -5.000000000000000000, 5.599999999999999645, -18.30000000000000071 ) ) ;
#49 = EDGE_CURVE ( 'NONE', #928, #1601, #1274, .T. ) ;
#50 = ORIENTED_EDGE ( 'NONE', *, *, #941, .F. ) ;
#51 = VECTOR ( 'NONE', #1612, 1000.000000000000000 ) ;
#52 = DIRECTION ( 'NONE',  ( -1.000000000000000000, 0.000000000000000000, 0.000000000000000000 ) ) ;
#53 = EDGE_CURVE ( 'NONE', #1112, #1168, #955, .T. ) ;
#54 = EDGE_CURVE ( 'NONE', #1298, #120, #499, .T. ) ;
#55 = CARTESIAN_POINT ( 'NONE',  ( 17.14499999999999957, 0.000000000000000000, 2.349999999999999645 ) ) ;
#56 = DIRECTION ( 'NONE',  ( -1.000000000000000000, 0.000000000000000000, 0.000000000000000000 ) ) ;
#57 = CARTESIAN_POINT ( 'NONE',  ( -34.54400000000000404, 84.15613307445629232, -3.174999999999999822 ) ) ;
#58 = EDGE_CURVE ( 'NONE', #1183, #495, #748, .T. ) ;
#59 = ORIENTED_EDGE ( 'NONE', *, *, #53, .F. ) ;
#60 = CARTESIAN_POINT ( 'NONE',  ( 21.36000000000000298, 8.024999999999998579, -19.04999999999999716 ) ) ;
#61 = CIRCLE ( 'NONE', #290, 2.540000000000000480 ) ;
#62 = AXIS2_PLACEMENT_3D ( 'NONE', #839, #451, #264 ) ;
#63 = AXIS2_PLACEMENT_3D ( 'NONE', #167, #310, #707 ) ;
#64 = DIRECTION ( 'NONE',  ( 0.000000000000000000, 0.000000000000000000, -1.000000000000000000 ) ) ;
#65 = AXIS2_PLACEMENT_3D ( 'NONE', #170, #1128, #1281 ) ;
#66 = VERTEX_POINT ( 'NONE', #614 ) ;
#67 = VERTEX_POINT ( 'NONE', #1469 ) ;
#68 = CARTESIAN_POINT ( 'NONE',  ( 2.100000000000000089, 2.571758278209441957E-16, -20.04999999999999716 ) ) ;
#69 = CARTESIAN_POINT ( 'NONE',  ( 21.35999999999999943, -8.349999999999999645, 6.349999999999999645 ) ) ;
#70 = DIRECTION ( 'NONE',  ( -1.000000000000000000, 0.000000000000000000, 0.000000000000000000 ) ) ;
#71 = AXIS2_PLACEMENT_3D ( 'NONE', #422, #975, #276 ) ;
#72 = CARTESIAN_POINT ( 'NONE',  ( 4.500000000000000888, -4.630071008071724670, -22.05000000000000071 ) ) ;
#73 = DIRECTION ( 'NONE',  ( -0.000000000000000000, -0.000000000000000000, 1.000000000000000000 ) ) ;
#74 = CYLINDRICAL_SURFACE ( 'NONE', #1031, 1.270000000000003793 ) ;
#75 = ORIENTED_EDGE ( 'NONE', *, *, #467, .F. ) ;
#76 = ORIENTED_EDGE ( 'NONE', *, *, #1203, .T. ) ;
#77 = CARTESIAN_POINT ( 'NONE',  ( -17.60066469989105897, -2.498793645196588642, 2.349999999999999645 ) ) ;
#78 = EDGE_CURVE ( 'NONE', #1124, #1580, #777, .T. ) ;
#79 = VERTEX_POINT ( 'NONE', #1302 ) ;
#80 = DIRECTION ( 'NONE',  ( -1.000000000000000000, 0.000000000000000000, 0.000000000000000000 ) ) ;
#81 = CARTESIAN_POINT ( 'NONE',  ( -3.174999999999964295, -5.129369478795615223, 2.349999999999999645 ) ) ;
#82 = EDGE_LOOP ( 'NONE', ( #1684, #453, #1712 ) ) ;
#83 = ORIENTED_EDGE ( 'NONE', *, *, #1790, .T. ) ;
#84 = CARTESIAN_POINT ( 'NONE',  ( 21.36000000000000298, 9.524999999999998579, 0.000000000000000000 ) ) ;
#85 = CIRCLE ( 'NONE', #1338, 6.032499999999990870 ) ;
#86 = EDGE_CURVE ( 'NONE', #79, #875, #637, .T. ) ;
#87 = EDGE_LOOP ( 'NONE', ( #1485, #149, #1518, #1536, #633, #1574, #735 ) ) ;
#88 = MECHANICAL_DESIGN_GEOMETRIC_PRESENTATION_REPRESENTATION (  '', ( #473 ), #326 ) ;
#89 = FACE_BOUND ( 'NONE', #1696, .T. ) ;
#90 = EDGE_LOOP ( 'NONE', ( #1282, #612, #1209, #1194 ) ) ;
#91 = DIRECTION ( 'NONE',  ( -1.000000000000000000, 0.000000000000000000, 0.000000000000000000 ) ) ;
#92 = ORIENTED_EDGE ( 'NONE', *, *, #1616, .T. ) ;
#93 = EDGE_LOOP ( 'NONE', ( #1512, #1615, #751 ) ) ;
#94 = FACE_OUTER_BOUND ( 'NONE', #661, .T. ) ;
#95 = AXIS2_PLACEMENT_3D ( 'NONE', #636, #1478, #1349 ) ;
#96 = VECTOR ( 'NONE', #1774, 1000.000000000000000 ) ;
#97 = CARTESIAN_POINT ( 'NONE',  ( 22.86000000000000298, -6.350000000000001421, -19.04999999999999716 ) ) ;
#98 = DIRECTION ( 'NONE',  ( -0.000000000000000000, 0.000000000000000000, 1.000000000000000000 ) ) ;
#99 = CARTESIAN_POINT ( 'NONE',  ( 5.000000000000000000, -5.130071008071724670, -19.05000000000000071 ) ) ;
#100 = CIRCLE ( 'NONE', #1568, 0.7500000000000006661 ) ;
#101 = ORIENTED_EDGE ( 'NONE', *, *, #997, .F. ) ;
#102 = DIRECTION ( 'NONE',  ( 1.000000000000000000, 0.000000000000000000, 0.000000000000000000 ) ) ;
#103 = ORIENTED_EDGE ( 'NONE', *, *, #866, .F. ) ;
#104 = FACE_OUTER_BOUND ( 'NONE', #1150, .T. ) ;
#105 = EDGE_LOOP ( 'NONE', ( #606, #525 ) ) ;
#106 = DIRECTION ( 'NONE',  ( 1.000000000000000000, 0.000000000000000000, 0.000000000000000000 ) ) ;
#107 = EDGE_CURVE ( 'NONE', #251, #782, #1187, .T. ) ;
#108 = DIRECTION ( 'NONE',  ( 1.000000000000000000, 0.000000000000000000, 0.000000000000000000 ) ) ;
#109 = CARTESIAN_POINT ( 'NONE',  ( -5.000000000000000000, 9.525000000000012790, -19.80000000000000071 ) ) ;
#110 = EDGE_CURVE ( 'NONE', #858, #787, #898, .T. ) ;
#111 = CARTESIAN_POINT ( 'NONE',  ( -27.54400000000000759, 9.525000000000012790, -9.312500000000001776 ) ) ;
#112 = EDGE_LOOP ( 'NONE', ( #639, #101, #1342, #1473 ) ) ;
#113 = DIRECTION ( 'NONE',  ( 1.000000000000000000, -0.000000000000000000, 0.000000000000000000 ) ) ;
#114 = EDGE_CURVE ( 'NONE', #650, #248, #1429, .T. ) ;
#115 = FACE_OUTER_BOUND ( 'NONE', #464, .T. ) ;
#116 = FACE_OUTER_BOUND ( 'NONE', #563, .T. ) ;
#117 = DIRECTION ( 'NONE',  ( 0.000000000000000000, 1.000000000000000000, -0.000000000000000000 ) ) ;
#118 = CARTESIAN_POINT ( 'NONE',  ( -5.750000000000000000, -5.130071008071724670, -19.80000000000000071 ) ) ;
#119 = DIRECTION ( 'NONE',  ( 0.000000000000000000, 0.000000000000000000, -1.000000000000000000 ) ) ;
#120 = VERTEX_POINT ( 'NONE', #333 ) ;
#121 = CARTESIAN_POINT ( 'NONE',  ( 13.33499999999999908, 0.000000000000000000, -1.174999999999998934 ) ) ;
#122 = CIRCLE ( 'NONE', #62, 1.500000000000001332 ) ;
#123 = VERTEX_POINT ( 'NONE', #1448 ) ;
#124 = VECTOR ( 'NONE', #1313, 1000.000000000000000 ) ;
#125 = CARTESIAN_POINT ( 'NONE',  ( 0.000000000000000000, 0.000000000000000000, -19.05000000000000071 ) ) ;
#126 = DIRECTION ( 'NONE',  ( 0.9837770256678198821, -0.1793955511381978285, -0.000000000000000000 ) ) ;
#127 = PLANE ( 'NONE',  #1613 ) ;
#128 = CYLINDRICAL_SURFACE ( 'NONE', #1237, 0.5000000000000004441 ) ;
#129 = VECTOR ( 'NONE', #826, 1000.000000000000000 ) ;
#130 = VERTEX_POINT ( 'NONE', #1593 ) ;
#131 = DIRECTION ( 'NONE',  ( 0.000000000000000000, 0.000000000000000000, 1.000000000000000000 ) ) ;
#132 = VECTOR ( 'NONE', #526, 1000.000000000000000 ) ;
#133 = FACE_OUTER_BOUND ( 'NONE', #1454, .T. ) ;
#134 = CARTESIAN_POINT ( 'NONE',  ( -37.71900000000000119, -6.349999999999988098, -19.05000000000000071 ) ) ;
#135 = CARTESIAN_POINT ( 'NONE',  ( -36.04400000000000404, -8.349999999999999645, -19.05000000000000071 ) ) ;
#136 = AXIS2_PLACEMENT_3D ( 'NONE', #341, #64, #1729 ) ;
#137 = CARTESIAN_POINT ( 'NONE',  ( -5.750000000000000000, 9.524999999999998579, -19.80000000000000071 ) ) ;
#138 = EDGE_CURVE ( 'NONE', #287, #928, #246, .T. ) ;
#139 = VERTEX_POINT ( 'NONE', #1033 ) ;
#140 = CARTESIAN_POINT ( 'NONE',  ( -36.21900000000000119, 8.024999999999998579, 6.349999999999999645 ) ) ;
#141 = ORIENTED_EDGE ( 'NONE', *, *, #623, .T. ) ;
#142 = CARTESIAN_POINT ( 'NONE',  ( -17.54400000000000404, 9.525000000000012790, -11.11250000000000071 ) ) ;
#143 = EDGE_CURVE ( 'NONE', #1258, #1066, #1362, .T. ) ;
#144 = LINE ( 'NONE', #1278, #1201 ) ;
#145 = ORIENTED_EDGE ( 'NONE', *, *, #620, .T. ) ;
#146 = CARTESIAN_POINT ( 'NONE',  ( 3.174999999999999822, 5.129369478795615223, 2.349999999999999645 ) ) ;
#147 = AXIS2_PLACEMENT_3D ( 'NONE', #1204, #1761, #39 ) ;
#148 = DIRECTION ( 'NONE',  ( -0.000000000000000000, -0.000000000000000000, -1.000000000000000000 ) ) ;
#149 = ORIENTED_EDGE ( 'NONE', *, *, #1346, .T. ) ;
#150 = DIRECTION ( 'NONE',  ( -0.000000000000000000, -0.000000000000000000, 1.000000000000000000 ) ) ;
#151 = CIRCLE ( 'NONE', #294, 1.270000000000000240 ) ;
#152 = ORIENTED_EDGE ( 'NONE', *, *, #258, .T. ) ;
#153 = DIRECTION ( 'NONE',  ( -0.000000000000000000, 0.000000000000000000, 1.000000000000000000 ) ) ;
#154 = CARTESIAN_POINT ( 'NONE',  ( -5.000000000000000000, -5.130071008071724670, -21.55000000000000071 ) ) ;
#155 = PRODUCT_CONTEXT ( 'NONE', #393, 'mechanical' ) ;
#156 = CARTESIAN_POINT ( 'NONE',  ( -17.54400000000000404, 9.525000000000012790, -9.312500000000001776 ) ) ;
#157 = ORIENTED_EDGE ( 'NONE', *, *, #746, .F. ) ;
#158 = VERTEX_POINT ( 'NONE', #1506 ) ;
#159 = FACE_OUTER_BOUND ( 'NONE', #721, .T. ) ;
#160 = DIRECTION ( 'NONE',  ( 0.000000000000000000, 0.000000000000000000, 1.000000000000000000 ) ) ;
#161 = CARTESIAN_POINT ( 'NONE',  ( -17.14499999999999957, -2.220446049250313081E-13, 6.349999999999999645 ) ) ;
#162 = VERTEX_POINT ( 'NONE', #242 ) ;
#163 = EDGE_LOOP ( 'NONE', ( #1363, #1235, #1651, #1675 ) ) ;
#164 = CIRCLE ( 'NONE', #1356, 1.270000000000003793 ) ;
#165 = ADVANCED_FACE ( 'NONE', ( #412 ), #1645, .T. ) ;
#166 = CARTESIAN_POINT ( 'NONE',  ( -17.60066469989107318, 2.498793645196256463, 2.349999999999999645 ) ) ;
#167 = CARTESIAN_POINT ( 'NONE',  ( 16.35999999999999943, 7.849999999999999645, 0.000000000000000000 ) ) ;
#168 = ORIENTED_EDGE ( 'NONE', *, *, #743, .F. ) ;
#169 = CARTESIAN_POINT ( 'NONE',  ( 5.000000000000000000, -4.630071008071724670, -21.55000000000000071 ) ) ;
#170 = CARTESIAN_POINT ( 'NONE',  ( 0.000000000000000000, 0.000000000000000000, -22.05000000000000071 ) ) ;
#171 = EDGE_LOOP ( 'NONE', ( #1397, #956 ) ) ;
#172 = EDGE_CURVE ( 'NONE', #650, #337, #1233, .T. ) ;
#173 = ORIENTED_EDGE ( 'NONE', *, *, #1776, .T. ) ;
#174 = FACE_OUTER_BOUND ( 'NONE', #87, .T. ) ;
#175 = CARTESIAN_POINT ( 'NONE',  ( -37.71900000000000119, 8.024999999999998579, 6.349999999999999645 ) ) ;
#176 = ADVANCED_FACE ( 'NONE', ( #1636 ), #128, .T. ) ;
#177 = DIRECTION ( 'NONE',  ( -0.000000000000000000, -0.000000000000000000, 1.000000000000000000 ) ) ;
#178 = LINE ( 'NONE', #877, #480 ) ;
#179 = ORIENTED_EDGE ( 'NONE', *, *, #974, .T. ) ;
#180 = CIRCLE ( 'NONE', #641, 1.799999999999999600 ) ;
#181 = ORIENTED_EDGE ( 'NONE', *, *, #351, .F. ) ;
#182 = PLANE ( 'NONE',  #867 ) ;
#183 = VECTOR ( 'NONE', #73, 1000.000000000000000 ) ;
#184 = FACE_BOUND ( 'NONE', #171, .T. ) ;
#185 = CARTESIAN_POINT ( 'NONE',  ( -13.33499999999999908, 0.000000000000000000, -19.05000000000000426 ) ) ;
#186 = ORIENTED_EDGE ( 'NONE', *, *, #517, .T. ) ;
#187 = VECTOR ( 'NONE', #449, 1000.000000000000000 ) ;
#188 = LINE ( 'NONE', #645, #1747 ) ;
#189 = CARTESIAN_POINT ( 'NONE',  ( 19.68500000000000227, 0.000000000000000000, 2.349999999999999645 ) ) ;
#190 = DIRECTION ( 'NONE',  ( -1.000000000000000000, 0.000000000000000000, 0.000000000000000000 ) ) ;
#191 = EDGE_CURVE ( 'NONE', #1006, #592, #1577, .T. ) ;
#192 = ORIENTED_EDGE ( 'NONE', *, *, #837, .T. ) ;
#193 = ADVANCED_FACE ( 'NONE', ( #1056 ), #940, .F. ) ;
#194 = CARTESIAN_POINT ( 'NONE',  ( 0.000000000000000000, 0.000000000000000000, -20.04999999999999716 ) ) ;
#195 = CARTESIAN_POINT ( 'NONE',  ( -4.500000000000000888, -4.630071008071724670, -21.55000000000000071 ) ) ;
#196 = DIRECTION ( 'NONE',  ( -0.000000000000000000, -0.000000000000000000, 1.000000000000000000 ) ) ;
#197 = DIRECTION ( 'NONE',  ( 1.000000000000000000, -0.000000000000000000, -0.000000000000000000 ) ) ;
#198 = VERTEX_POINT ( 'NONE', #404 ) ;
#199 = ORIENTED_EDGE ( 'NONE', *, *, #435, .F. ) ;
#200 = CARTESIAN_POINT ( 'NONE',  ( 5.000000000000000000, -5.130071008071724670, -19.05000000000000071 ) ) ;
#201 = DIRECTION ( 'NONE',  ( 1.000000000000000000, 0.000000000000000000, 0.000000000000000000 ) ) ;
#202 = AXIS2_PLACEMENT_3D ( 'NONE', #195, #1704, #1597 ) ;
#203 = AXIS2_PLACEMENT_3D ( 'NONE', #728, #1523, #1784 ) ;
#204 = ADVANCED_FACE ( 'NONE', ( #1361 ), #396, .T. ) ;
#205 = DIRECTION ( 'NONE',  ( 0.000000000000000000, 0.000000000000000000, -1.000000000000000000 ) ) ;
#206 = CIRCLE ( 'NONE', #1587, 2.540000000000107949 ) ;
#207 = ORIENTED_EDGE ( 'NONE', *, *, #49, .F. ) ;
#208 = ORIENTED_EDGE ( 'NONE', *, *, #912, .T. ) ;
#209 = LINE ( 'NONE', #1757, #891 ) ;
#210 = CARTESIAN_POINT ( 'NONE',  ( 19.68500000000000227, 0.000000000000000000, 2.349999999999999645 ) ) ;
#211 = VECTOR ( 'NONE', #528, 1000.000000000000000 ) ;
#212 = ORIENTED_EDGE ( 'NONE', *, *, #1632, .F. ) ;
#213 = VECTOR ( 'NONE', #1535, 1000.000000000000000 ) ;
#214 = CYLINDRICAL_SURFACE ( 'NONE', #825, 2.540000000000000480 ) ;
#215 = DIRECTION ( 'NONE',  ( 0.000000000000000000, -1.000000000000000000, 0.000000000000000000 ) ) ;
#216 = ORIENTED_EDGE ( 'NONE', *, *, #1490, .F. ) ;
#217 = ORIENTED_EDGE ( 'NONE', *, *, #629, .T. ) ;
#218 = EDGE_CURVE ( 'NONE', #625, #405, #1161, .T. ) ;
#219 = CARTESIAN_POINT ( 'NONE',  ( -34.54400000000000404, -6.849999999999995204, -3.174999999999999822 ) ) ;
#220 = VECTOR ( 'NONE', #1340, 1000.000000000000000 ) ;
#221 = EDGE_CURVE ( 'NONE', #1000, #67, #1795, .T. ) ;
#222 = ORIENTED_EDGE ( 'NONE', *, *, #949, .T. ) ;
#223 = CARTESIAN_POINT ( 'NONE',  ( 0.000000000000000000, 0.000000000000000000, -19.05000000000000071 ) ) ;
#224 = FACE_OUTER_BOUND ( 'NONE', #761, .T. ) ;
#225 = EDGE_LOOP ( 'NONE', ( #207, #216, #502, #663 ) ) ;
#226 = DIRECTION ( 'NONE',  ( -0.000000000000000000, -0.000000000000000000, -1.000000000000000000 ) ) ;
#227 = ORIENTED_EDGE ( 'NONE', *, *, #716, .F. ) ;
#228 = ORIENTED_EDGE ( 'NONE', *, *, #674, .F. ) ;
#229 = CIRCLE ( 'NONE', #1583, 1.499999999999999556 ) ;
#230 = FACE_OUTER_BOUND ( 'NONE', #998, .T. ) ;
#231 = LINE ( 'NONE', #374, #798 ) ;
#232 = EDGE_CURVE ( 'NONE', #878, #800, #249, .T. ) ;
#233 = CARTESIAN_POINT ( 'NONE',  ( -34.54400000000000404, -8.349999999999999645, -1.174999999999999822 ) ) ;
#234 = ORIENTED_EDGE ( 'NONE', *, *, #1650, .F. ) ;
#235 = VERTEX_POINT ( 'NONE', #376 ) ;
#236 = VECTOR ( 'NONE', #768, 1000.000000000000000 ) ;
#237 = EDGE_CURVE ( 'NONE', #980, #1768, #811, .T. ) ;
#238 = VECTOR ( 'NONE', #640, 1000.000000000000000 ) ;
#239 = LINE ( 'NONE', #643, #364 ) ;
#240 = DIRECTION ( 'NONE',  ( 0.000000000000000000, -1.000000000000000000, 0.000000000000000000 ) ) ;
#241 = CIRCLE ( 'NONE', #1265, 2.540000000000000480 ) ;
#242 = CARTESIAN_POINT ( 'NONE',  ( 2.100000000000000089, 2.571758278209441957E-16, -22.05000000000000071 ) ) ;
#243 = ADVANCED_FACE ( 'NONE', ( #1379 ), #1369, .F. ) ;
#244 = EDGE_LOOP ( 'NONE', ( #1797, #841, #245, #691 ) ) ;
#245 = ORIENTED_EDGE ( 'NONE', *, *, #4, .T. ) ;
#246 = CIRCLE ( 'NONE', #136, 0.5000000000000004441 ) ;
#247 = CARTESIAN_POINT ( 'NONE',  ( 5.000000000000000000, 6.350000000000000533, -19.80000000000000071 ) ) ;
#248 = VERTEX_POINT ( 'NONE', #1785 ) ;
#249 = LINE ( 'NONE', #233, #1403 ) ;
#250 = DIRECTION ( 'NONE',  ( 0.000000000000000000, -1.000000000000000000, 0.000000000000000000 ) ) ;
#251 = VERTEX_POINT ( 'NONE', #111 ) ;
#252 = DIRECTION ( 'NONE',  ( 0.000000000000000000, 1.000000000000000000, 0.000000000000000000 ) ) ;
#253 = ORIENTED_EDGE ( 'NONE', *, *, #418, .T. ) ;
#254 = CARTESIAN_POINT ( 'NONE',  ( -36.21900000000000119, -6.850000000000000533, 0.000000000000000000 ) ) ;
#255 = CARTESIAN_POINT ( 'NONE',  ( -5.000000000000000000, 9.525000000000012790, -22.05000000000000071 ) ) ;
#256 = LINE ( 'NONE', #1486, #605 ) ;
#257 = DIRECTION ( 'NONE',  ( -0.1793955511382129275, 0.9837770256678171066, 0.000000000000000000 ) ) ;
#258 = EDGE_CURVE ( 'NONE', #1588, #1183, #61, .T. ) ;
#259 = FACE_OUTER_BOUND ( 'NONE', #1416, .T. ) ;
#260 = ORIENTED_EDGE ( 'NONE', *, *, #114, .F. ) ;
#261 = CARTESIAN_POINT ( 'NONE',  ( -4.500000000000000888, 0.000000000000000000, -22.05000000000000071 ) ) ;
#262 = AXIS2_PLACEMENT_3D ( 'NONE', #630, #1480, #1327 ) ;
#263 = DIRECTION ( 'NONE',  ( 0.000000000000000000, -0.000000000000000000, 1.000000000000000000 ) ) ;
#264 = DIRECTION ( 'NONE',  ( -1.000000000000000000, 0.000000000000000000, 0.000000000000000000 ) ) ;
#265 = DIRECTION ( 'NONE',  ( 0.000000000000000000, 0.000000000000000000, 1.000000000000000000 ) ) ;
#266 = ADVANCED_FACE ( 'NONE', ( #931 ), #1062, .F. ) ;
#267 = CARTESIAN_POINT ( 'NONE',  ( -4.500000000000000888, 9.024999999999998579, -22.05000000000000071 ) ) ;
#268 = ORIENTED_EDGE ( 'NONE', *, *, #258, .F. ) ;
#269 = CARTESIAN_POINT ( 'NONE',  ( 4.500000000000000888, 9.024999999999998579, -22.05000000000000071 ) ) ;
#270 = VECTOR ( 'NONE', #1083, 1000.000000000000000 ) ;
#271 = ORIENTED_EDGE ( 'NONE', *, *, #430, .F. ) ;
#272 = PRODUCT_DEFINITION_FORMATION_WITH_SPECIFIED_SOURCE ( 'ANY', '', #1764, .NOT_KNOWN. ) ;
#273 = ADVANCED_FACE ( 'NONE', ( #647, #1753, #513 ), #1620, .F. ) ;
#274 = CARTESIAN_POINT ( 'NONE',  ( 16.35999999999999943, 7.849999999999999645, -19.05000000000000071 ) ) ;
#275 = DIRECTION ( 'NONE',  ( 1.000000000000000000, 0.000000000000000000, -0.000000000000000000 ) ) ;
#276 = DIRECTION ( 'NONE',  ( 1.000000000000000000, 0.000000000000000000, 0.000000000000000000 ) ) ;
#277 = ORIENTED_EDGE ( 'NONE', *, *, #1463, .T. ) ;
#278 = CYLINDRICAL_SURFACE ( 'NONE', #852, 6.032500000000008633 ) ;
#279 =( NAMED_UNIT ( * ) PLANE_ANGLE_UNIT ( ) SI_UNIT ( $, .RADIAN. ) );
#280 = CARTESIAN_POINT ( 'NONE',  ( 4.500000000000000888, 9.024999999999998579, -22.05000000000000071 ) ) ;
#281 = ORIENTED_EDGE ( 'NONE', *, *, #1078, .F. ) ;
#282 = DIRECTION ( 'NONE',  ( -1.000000000000000000, 0.000000000000000000, 0.000000000000000000 ) ) ;
#283 = CARTESIAN_POINT ( 'NONE',  ( -13.33499999999999908, 0.000000000000000000, -1.174999999999998934 ) ) ;
#284 = ORIENTED_EDGE ( 'NONE', *, *, #1037, .F. ) ;
#285 = DIRECTION ( 'NONE',  ( -0.000000000000000000, -0.000000000000000000, -1.000000000000000000 ) ) ;
#286 = DIRECTION ( 'NONE',  ( 1.000000000000000000, -2.185478394931410575E-16, -0.000000000000000000 ) ) ;
#287 = VERTEX_POINT ( 'NONE', #169 ) ;
#288 = ORIENTED_EDGE ( 'NONE', *, *, #143, .T. ) ;
#289 = FACE_OUTER_BOUND ( 'NONE', #1787, .T. ) ;
#290 = AXIS2_PLACEMENT_3D ( 'NONE', #1094, #1655, #1482 ) ;
#291 = DIRECTION ( 'NONE',  ( -0.1793955511381977730, -0.9837770256678198821, 0.000000000000000000 ) ) ;
#292 = VERTEX_POINT ( 'NONE', #1104 ) ;
#293 = EDGE_CURVE ( 'NONE', #292, #1329, #1451, .T. ) ;
#294 = AXIS2_PLACEMENT_3D ( 'NONE', #121, #954, #1658 ) ;
#295 = ORIENTED_EDGE ( 'NONE', *, *, #1420, .F. ) ;
#296 = CIRCLE ( 'NONE', #532, 1.799999999999999600 ) ;
#298 = ADVANCED_FACE ( 'NONE', ( #159 ), #587, .F. ) ;
#297 = VECTOR ( 'NONE', #781, 1000.000000000000000 ) ;
#299 = DIRECTION ( 'NONE',  ( 0.000000000000000000, -1.000000000000000000, 0.000000000000000000 ) ) ;
#300 = CARTESIAN_POINT ( 'NONE',  ( -5.000000000000000000, 9.525000000000012790, -21.55000000000000071 ) ) ;
#301 = ORIENTED_EDGE ( 'NONE', *, *, #1420, .T. ) ;
#302 = LINE ( 'NONE', #442, #471 ) ;
#303 = EDGE_CURVE ( 'NONE', #1124, #120, #698, .T. ) ;
#304 = DIRECTION ( 'NONE',  ( -0.000000000000000000, -0.000000000000000000, -1.000000000000000000 ) ) ;
#305 = ORIENTED_EDGE ( 'NONE', *, *, #1003, .F. ) ;
#306 = EDGE_CURVE ( 'NONE', #375, #1089, #1697, .T. ) ;
#307 = VERTEX_POINT ( 'NONE', #876 ) ;
#308 = DIRECTION ( 'NONE',  ( -1.000000000000000000, 0.000000000000000000, -0.000000000000000000 ) ) ;
#309 = DIRECTION ( 'NONE',  ( 0.000000000000000000, 0.000000000000000000, -1.000000000000000000 ) ) ;
#310 = DIRECTION ( 'NONE',  ( 0.000000000000000000, 0.000000000000000000, 1.000000000000000000 ) ) ;
#311 = LINE ( 'NONE', #1694, #688 ) ;
#312 = ORIENTED_EDGE ( 'NONE', *, *, #794, .F. ) ;
#313 = CYLINDRICAL_SURFACE ( 'NONE', #1015, 1.799999999999999600 ) ;
#314 = CARTESIAN_POINT ( 'NONE',  ( 5.750000000000000000, 0.000000000000000000, -19.05000000000000071 ) ) ;
#315 = AXIS2_PLACEMENT_3D ( 'NONE', #1722, #1295, #1155 ) ;
#316 = ORIENTED_EDGE ( 'NONE', *, *, #1021, .F. ) ;
#317 = ORIENTED_EDGE ( 'NONE', *, *, #997, .T. ) ;
#318 = CARTESIAN_POINT ( 'NONE',  ( -13.33499999999999908, 0.000000000000000000, 2.349999999999999645 ) ) ;
#319 = LINE ( 'NONE', #84, #446 ) ;
#320 = EDGE_LOOP ( 'NONE', ( #1304, #506, #199, #141, #1190, #1562, #566 ) ) ;
#321 = CARTESIAN_POINT ( 'NONE',  ( -3.175000000000028688, 5.129369478795607229, 6.349999999999999645 ) ) ;
#322 = ORIENTED_EDGE ( 'NONE', *, *, #1461, .T. ) ;
#323 = LINE ( 'NONE', #887, #1669 ) ;
#324 = ADVANCED_FACE ( 'NONE', ( #1136 ), #278, .F. ) ;
#325 = CIRCLE ( 'NONE', #1248, 0.5000000000000004441 ) ;
#326 =( GEOMETRIC_REPRESENTATION_CONTEXT ( 3 ) GLOBAL_UNCERTAINTY_ASSIGNED_CONTEXT ( ( #550 ) ) GLOBAL_UNIT_ASSIGNED_CONTEXT ( ( #1544, #704, #570 ) ) REPRESENTATION_CONTEXT ( 'NONE', 'WORKASPACE' ) );
#327 = ORIENTED_EDGE ( 'NONE', *, *, #1776, .F. ) ;
#328 = DIRECTION ( 'NONE',  ( -1.000000000000000000, 0.000000000000000000, 0.000000000000000000 ) ) ;
#329 = CARTESIAN_POINT ( 'NONE',  ( -5.749999999999998224, 9.525000000000005684, -19.05000000000000071 ) ) ;
#330 = UNCERTAINTY_MEASURE_WITH_UNIT (LENGTH_MEASURE( 1.000000000000000082E-05 ), #443, 'distance_accuracy_value', 'NONE');
#331 = EDGE_CURVE ( 'NONE', #1288, #447, #302, .T. ) ;
#332 = AXIS2_PLACEMENT_3D ( 'NONE', #658, #240, #804 ) ;
#333 = CARTESIAN_POINT ( 'NONE',  ( 16.35999999999999943, 6.349999999999999645, -1.174999999999999822 ) ) ;
#334 = ADVANCED_FACE ( 'NONE', ( #842 ), #985, .F. ) ;
#335 = CARTESIAN_POINT ( 'NONE',  ( 5.000000000000000000, 5.599999999999999645, -19.05000000000000071 ) ) ;
#336 = VECTOR ( 'NONE', #1431, 1000.000000000000000 ) ;
#337 = VERTEX_POINT ( 'NONE', #1686 ) ;
#338 = CIRCLE ( 'NONE', #775, 1.270000000000000240 ) ;
#339 = EDGE_CURVE ( 'NONE', #1685, #123, #325, .T. ) ;
#340 = CARTESIAN_POINT ( 'NONE',  ( -17.54400000000000404, 6.349999999999999645, -11.11250000000000071 ) ) ;
#341 = CARTESIAN_POINT ( 'NONE',  ( 4.500000000000000888, -4.630071008071724670, -21.55000000000000071 ) ) ;
#342 = AXIS2_PLACEMENT_3D ( 'NONE', #1164, #1170, #368 ) ;
#343 = ORIENTED_EDGE ( 'NONE', *, *, #1773, .T. ) ;
#344 = DIRECTION ( 'NONE',  ( 0.000000000000000000, 0.000000000000000000, -1.000000000000000000 ) ) ;
#345 = CARTESIAN_POINT ( 'NONE',  ( 0.000000000000000000, -8.349999999999999645, 0.000000000000000000 ) ) ;
#346 = ADVANCED_FACE ( 'NONE', ( #709 ), #454, .F. ) ;
#347 = CARTESIAN_POINT ( 'NONE',  ( -2.100000000000000089, 0.000000000000000000, -20.04999999999999716 ) ) ;
#348 = ORIENTED_EDGE ( 'NONE', *, *, #86, .T. ) ;
#349 = ORIENTED_EDGE ( 'NONE', *, *, #232, .T. ) ;
#350 = DIRECTION ( 'NONE',  ( -1.000000000000000000, 0.000000000000000000, 0.000000000000000000 ) ) ;
#351 = EDGE_CURVE ( 'NONE', #337, #1492, #85, .T. ) ;
#352 = CYLINDRICAL_SURFACE ( 'NONE', #1044, 0.5000000000000004441 ) ;
#353 = DIRECTION ( 'NONE',  ( 0.000000000000000000, -0.000000000000000000, -1.000000000000000000 ) ) ;
#354 = VECTOR ( 'NONE', #894, 1000.000000000000000 ) ;
#355 = CARTESIAN_POINT ( 'NONE',  ( 17.14499999999999957, 0.000000000000000000, 2.349999999999999645 ) ) ;
#356 = DIRECTION ( 'NONE',  ( -0.000000000000000000, -0.000000000000000000, -1.000000000000000000 ) ) ;
#357 = AXIS2_PLACEMENT_3D ( 'NONE', #1487, #785, #520 ) ;
#358 = EDGE_CURVE ( 'NONE', #597, #66, #1001, .T. ) ;
#359 = ORIENTED_EDGE ( 'NONE', *, *, #1208, .F. ) ;
#360 = ORIENTED_EDGE ( 'NONE', *, *, #358, .F. ) ;
#361 = LINE ( 'NONE', #478, #1445 ) ;
#362 = EDGE_CURVE ( 'NONE', #1191, #307, #561, .T. ) ;
#363 = DIRECTION ( 'NONE',  ( 0.000000000000000000, 0.000000000000000000, -1.000000000000000000 ) ) ;
#364 = VECTOR ( 'NONE', #1072, 1000.000000000000000 ) ;
#365 = EDGE_LOOP ( 'NONE', ( #1368, #1614, #1350, #1139 ) ) ;
#366 = DIRECTION ( 'NONE',  ( 0.000000000000000000, 0.000000000000000000, -1.000000000000000000 ) ) ;
#367 = LINE ( 'NONE', #1032, #183 ) ;
#368 = DIRECTION ( 'NONE',  ( 0.000000000000000000, 0.000000000000000000, 1.000000000000000000 ) ) ;
#369 = ORIENTED_EDGE ( 'NONE', *, *, #847, .F. ) ;
#370 = EDGE_LOOP ( 'NONE', ( #1569, #964, #635, #327 ) ) ;
#371 = CARTESIAN_POINT ( 'NONE',  ( -4.500000000000001776, -5.130071008071724670, -19.05000000000000071 ) ) ;
#372 = AXIS2_PLACEMENT_3D ( 'NONE', #48, #769, #205 ) ;
#373 = FACE_OUTER_BOUND ( 'NONE', #527, .T. ) ;
#374 = CARTESIAN_POINT ( 'NONE',  ( -4.500000000000001776, -5.130071008071724670, -22.05000000000000071 ) ) ;
#375 = VERTEX_POINT ( 'NONE', #146 ) ;
#376 = CARTESIAN_POINT ( 'NONE',  ( -5.000000000000000000, 6.349999999999999645, -18.30000000000000071 ) ) ;
#377 = ORIENTED_EDGE ( 'NONE', *, *, #1456, .T. ) ;
#378 = EDGE_LOOP ( 'NONE', ( #739, #1383, #1701, #1242 ) ) ;
#379 = ADVANCED_FACE ( 'NONE', ( #1570 ), #313, .F. ) ;
#380 = LINE ( 'NONE', #200, #238 ) ;
#381 = FACE_OUTER_BOUND ( 'NONE', #1552, .T. ) ;
#382 = AXIS2_PLACEMENT_3D ( 'NONE', #950, #1766, #821 ) ;
#383 = AXIS2_PLACEMENT_3D ( 'NONE', #788, #226, #91 ) ;
#384 = DIRECTION ( 'NONE',  ( -1.092739197465705682E-15, -1.000000000000000000, 0.000000000000000000 ) ) ;
#385 = PLANE ( 'NONE',  #1378 ) ;
#386 = CIRCLE ( 'NONE', #1692, 1.270000000000003793 ) ;
#387 = ORIENTED_EDGE ( 'NONE', *, *, #1007, .T. ) ;
#388 = CARTESIAN_POINT ( 'NONE',  ( 21.35999999999999943, -6.850000000000000533, 0.000000000000000000 ) ) ;
#389 = EDGE_LOOP ( 'NONE', ( #1214, #711, #515, #1755 ) ) ;
#390 = CARTESIAN_POINT ( 'NONE',  ( 16.36000000000000298, 9.524999999999998579, -1.174999999999998934 ) ) ;
#391 = ORIENTED_EDGE ( 'NONE', *, *, #481, .F. ) ;
#392 = CARTESIAN_POINT ( 'NONE',  ( 16.36000000000000298, 8.024999999999998579, -1.174999999999999822 ) ) ;
#393 = APPLICATION_CONTEXT ( 'automotive_design' ) ;
#394 = CARTESIAN_POINT ( 'NONE',  ( 17.85999999999999943, 7.849999999999997868, -19.05000000000000071 ) ) ;
#395 = AXIS2_PLACEMENT_3D ( 'NONE', #1444, #1430, #1575 ) ;
#396 = CYLINDRICAL_SURFACE ( 'NONE', #1717, 1.500000000000001332 ) ;
#397 = VERTEX_POINT ( 'NONE', #1549 ) ;
#398 = PLANE ( 'NONE',  #1630 ) ;
#399 = ORIENTED_EDGE ( 'NONE', *, *, #1370, .T. ) ;
#400 = DIRECTION ( 'NONE',  ( -1.000000000000000000, 0.000000000000000000, 0.000000000000000000 ) ) ;
#401 = VECTOR ( 'NONE', #197, 1000.000000000000000 ) ;
#402 = CARTESIAN_POINT ( 'NONE',  ( 3.174999999999999822, 5.129369478795615223, 2.349999999999999645 ) ) ;
#403 = EDGE_CURVE ( 'NONE', #545, #598, #1719, .T. ) ;
#404 = CARTESIAN_POINT ( 'NONE',  ( -12.06499999999999595, 0.000000000000000000, 2.349999999999999645 ) ) ;
#405 = VERTEX_POINT ( 'NONE', #135 ) ;
#406 = CYLINDRICAL_SURFACE ( 'NONE', #1780, 1.799999999999999600 ) ;
#407 = EDGE_LOOP ( 'NONE', ( #1343, #1149, #1455, #733 ) ) ;
#408 = FACE_OUTER_BOUND ( 'NONE', #1008, .T. ) ;
#409 = DIRECTION ( 'NONE',  ( -0.000000000000000000, 0.000000000000000000, 1.000000000000000000 ) ) ;
#410 = AXIS2_PLACEMENT_3D ( 'NONE', #1783, #1070, #972 ) ;
#411 = ORIENTED_EDGE ( 'NONE', *, *, #1665, .F. ) ;
#412 = FACE_OUTER_BOUND ( 'NONE', #370, .T. ) ;
#413 = CARTESIAN_POINT ( 'NONE',  ( 22.86000000000000298, -6.350000000000001421, 6.349999999999999645 ) ) ;
#414 = EDGE_LOOP ( 'NONE', ( #1660, #192, #349, #173, #208, #632 ) ) ;
#415 = ADVANCED_FACE ( 'NONE', ( #289 ), #856, .F. ) ;
#416 = VERTEX_POINT ( 'NONE', #539 ) ;
#417 = CIRCLE ( 'NONE', #1141, 1.799999999999999600 ) ;
#418 = EDGE_CURVE ( 'NONE', #1781, #337, #642, .T. ) ;
#419 = DIRECTION ( 'NONE',  ( -0.9837770256678169956, -0.1793955511382128998, 0.000000000000000000 ) ) ;
#420 = DIRECTION ( 'NONE',  ( -0.000000000000000000, -1.000000000000000000, -0.000000000000000000 ) ) ;
#421 = AXIS2_PLACEMENT_3D ( 'NONE', #1054, #1618, #1625 ) ;
#422 = CARTESIAN_POINT ( 'NONE',  ( -36.04400000000000404, -6.850000000000000533, 0.000000000000000000 ) ) ;
#423 = EDGE_LOOP ( 'NONE', ( #1528, #268, #317, #83 ) ) ;
#424 = CARTESIAN_POINT ( 'NONE',  ( 0.000000000000000000, 0.000000000000000000, -20.04999999999999716 ) ) ;
#425 = VERTEX_POINT ( 'NONE', #656 ) ;
#426 = ORIENTED_EDGE ( 'NONE', *, *, #306, .T. ) ;
#427 = LINE ( 'NONE', #1789, #750 ) ;
#428 = LINE ( 'NONE', #873, #1769 ) ;
#429 = ORIENTED_EDGE ( 'NONE', *, *, #1188, .F. ) ;
#430 = EDGE_CURVE ( 'NONE', #1182, #625, #1759, .T. ) ;
#431 = CARTESIAN_POINT ( 'NONE',  ( 5.000000000000000000, 9.524999999999998579, -21.84289321881345103 ) ) ;
#432 = CARTESIAN_POINT ( 'NONE',  ( 0.000000000000000000, 0.000000000000000000, 0.000000000000000000 ) ) ;
#433 = DIRECTION ( 'NONE',  ( 0.000000000000000000, 0.000000000000000000, -1.000000000000000000 ) ) ;
#434 = ORIENTED_EDGE ( 'NONE', *, *, #1624, .F. ) ;
#435 = EDGE_CURVE ( 'NONE', #483, #1679, #507, .T. ) ;
#436 = ORIENTED_EDGE ( 'NONE', *, *, #490, .F. ) ;
#437 = DIRECTION ( 'NONE',  ( 0.000000000000000000, -1.000000000000000000, 0.000000000000000000 ) ) ;
#438 = ADVANCED_FACE ( 'NONE', ( #518 ), #1375, .F. ) ;
#439 = CARTESIAN_POINT ( 'NONE',  ( -4.792893218813452982, 9.317893218813448897, -22.04999999999999005 ) ) ;
#440 = EDGE_LOOP ( 'NONE', ( #1176, #1163, #228, #1097 ) ) ;
#441 = ORIENTED_EDGE ( 'NONE', *, *, #903, .F. ) ;
#442 = CARTESIAN_POINT ( 'NONE',  ( 17.60066469989105897, 2.498793645196256463, 2.349999999999999645 ) ) ;
#443 =( LENGTH_UNIT ( ) NAMED_UNIT ( * ) SI_UNIT ( .MILLI., .METRE. ) );
#444 = CARTESIAN_POINT ( 'NONE',  ( 13.33499999999999908, 0.000000000000000000, -1.174999999999998934 ) ) ;
#445 = ORIENTED_EDGE ( 'NONE', *, *, #813, .F. ) ;
#446 = VECTOR ( 'NONE', #1344, 1000.000000000000000 ) ;
#447 = VERTEX_POINT ( 'NONE', #1476 ) ;
#448 = CIRCLE ( 'NONE', #1465, 1.270000000000003793 ) ;
#449 = DIRECTION ( 'NONE',  ( 0.000000000000000000, -0.000000000000000000, -1.000000000000000000 ) ) ;
#450 = AXIS2_PLACEMENT_3D ( 'NONE', #916, #1305, #618 ) ;
#451 = DIRECTION ( 'NONE',  ( -0.000000000000000000, -0.000000000000000000, -1.000000000000000000 ) ) ;
#452 = CARTESIAN_POINT ( 'NONE',  ( -37.71900000000000119, -6.850000000000000533, 6.349999999999999645 ) ) ;
#453 = ORIENTED_EDGE ( 'NONE', *, *, #6, .T. ) ;
#454 = CYLINDRICAL_SURFACE ( 'NONE', #1405, 2.100000000000000089 ) ;
#455 = LINE ( 'NONE', #596, #1314 ) ;
#456 = CIRCLE ( 'NONE', #505, 0.7500000000000006661 ) ;
#457 = ORIENTED_EDGE ( 'NONE', *, *, #1184, .T. ) ;
#458 = CIRCLE ( 'NONE', #1423, 1.500000000000001332 ) ;
#459 = CARTESIAN_POINT ( 'NONE',  ( -17.60066469989105897, -2.498793645196588642, 2.349999999999999645 ) ) ;
#460 = CARTESIAN_POINT ( 'NONE',  ( -4.500000000000000888, -5.130071008071724670, -21.55000000000000071 ) ) ;
#461 = CARTESIAN_POINT ( 'NONE',  ( -36.21900000000000119, 9.524999999999998579, 0.000000000000000000 ) ) ;
#462 = CARTESIAN_POINT ( 'NONE',  ( 22.86000000000000298, -6.850000000000000533, -1.174999999999999822 ) ) ;
#463 = AXIS2_PLACEMENT_3D ( 'NONE', #1077, #257, #553 ) ;
#464 = EDGE_LOOP ( 'NONE', ( #411, #1777, #103, #217, #1763, #31 ) ) ;
#465 = ORIENTED_EDGE ( 'NONE', *, *, #107, .F. ) ;
#466 = CARTESIAN_POINT ( 'NONE',  ( -27.54400000000000759, 9.525000000000012790, -11.11250000000000071 ) ) ;
#467 = EDGE_CURVE ( 'NONE', #1580, #923, #1108, .T. ) ;
#468 = CARTESIAN_POINT ( 'NONE',  ( 5.000000000000000000, -4.630071008071724670, -22.05000000000000071 ) ) ;
#469 = DIRECTION ( 'NONE',  ( 0.9837770256678198821, -0.1793955511381977730, 0.000000000000000000 ) ) ;
#470 = CARTESIAN_POINT ( 'NONE',  ( -4.500000000000000888, -4.630071008071724670, -21.55000000000000071 ) ) ;
#471 = VECTOR ( 'NONE', #595, 1000.000000000000000 ) ;
#472 = ADVANCED_FACE ( 'NONE', ( #230 ), #937, .T. ) ;
#473 = STYLED_ITEM ( 'NONE', ( #1652 ), #1076 ) ;
#474 = ORIENTED_EDGE ( 'NONE', *, *, #1542, .T. ) ;
#475 = FACE_OUTER_BOUND ( 'NONE', #407, .T. ) ;
#476 = CARTESIAN_POINT ( 'NONE',  ( -17.54400000000000404, 6.349999999999999645, -12.91249999999999964 ) ) ;
#477 = VERTEX_POINT ( 'NONE', #1545 ) ;
#478 = CARTESIAN_POINT ( 'NONE',  ( 3.174999999999999822, -5.129369478795615223, 6.349999999999999645 ) ) ;
#479 = FACE_OUTER_BOUND ( 'NONE', #1481, .T. ) ;
#480 = VECTOR ( 'NONE', #1699, 1000.000000000000114 ) ;
#481 = EDGE_CURVE ( 'NONE', #1320, #1725, #850, .T. ) ;
#482 = LINE ( 'NONE', #81, #1479 ) ;
#483 = VERTEX_POINT ( 'NONE', #717 ) ;
#484 = VECTOR ( 'NONE', #1499, 1000.000000000000000 ) ;
#485 = ORIENTED_EDGE ( 'NONE', *, *, #1541, .T. ) ;
#486 = DIRECTION ( 'NONE',  ( 1.000000000000000000, 0.000000000000000000, 0.000000000000000000 ) ) ;
#487 = ADVANCED_FACE ( 'NONE', ( #1555 ), #1421, .T. ) ;
#488 = ADVANCED_FACE ( 'NONE', ( #1262 ), #1681, .F. ) ;
#489 = DIRECTION ( 'NONE',  ( -1.000000000000000000, 0.000000000000000000, 0.000000000000000000 ) ) ;
#490 = EDGE_CURVE ( 'NONE', #700, #918, #209, .T. ) ;
#491 = ORIENTED_EDGE ( 'NONE', *, *, #989, .F. ) ;
#492 = VERTEX_POINT ( 'NONE', #371 ) ;
#493 = DIRECTION ( 'NONE',  ( 1.000000000000000000, 0.000000000000000000, 0.000000000000000000 ) ) ;
#494 = AXIS2_PLACEMENT_3D ( 'NONE', #274, #285, #1158 ) ;
#495 = VERTEX_POINT ( 'NONE', #772 ) ;
#496 = DIRECTION ( 'NONE',  ( 0.000000000000000000, 0.000000000000000000, 1.000000000000000000 ) ) ;
#497 = DIRECTION ( 'NONE',  ( -0.000000000000000000, -0.000000000000000000, 1.000000000000000000 ) ) ;
#498 = CARTESIAN_POINT ( 'NONE',  ( 0.000000000000000000, 0.000000000000000000, -1.174999999999999822 ) ) ;
#499 = LINE ( 'NONE', #1715, #401 ) ;
#500 = CIRCLE ( 'NONE', #569, 6.032500000000008633 ) ;
#501 = ORIENTED_EDGE ( 'NONE', *, *, #1049, .F. ) ;
#502 = ORIENTED_EDGE ( 'NONE', *, *, #110, .F. ) ;
#503 = AXIS2_PLACEMENT_3D ( 'NONE', #60, #764, #493 ) ;
#504 = VECTOR ( 'NONE', #719, 1000.000000000000000 ) ;
#505 = AXIS2_PLACEMENT_3D ( 'NONE', #1532, #672, #1406 ) ;
#506 = ORIENTED_EDGE ( 'NONE', *, *, #1691, .T. ) ;
#507 = LINE ( 'NONE', #255, #652 ) ;
#508 = DIRECTION ( 'NONE',  ( -1.000000000000000000, 0.000000000000000000, 0.000000000000000000 ) ) ;
#509 = CARTESIAN_POINT ( 'NONE',  ( 16.35999999999999943, 9.525000000000000355, -19.05000000000000071 ) ) ;
#510 = AXIS2_PLACEMENT_3D ( 'NONE', #432, #160, #1269 ) ;
#511 = EDGE_CURVE ( 'NONE', #1685, #492, #380, .T. ) ;
#512 = ORIENTED_EDGE ( 'NONE', *, *, #1727, .F. ) ;
#513 = FACE_OUTER_BOUND ( 'NONE', #1267, .T. ) ;
#514 = ORIENTED_EDGE ( 'NONE', *, *, #138, .F. ) ;
#515 = ORIENTED_EDGE ( 'NONE', *, *, #1126, .F. ) ;
#516 = CARTESIAN_POINT ( 'NONE',  ( -17.54400000000000404, 6.349999999999999645, -9.312500000000001776 ) ) ;
#517 = EDGE_CURVE ( 'NONE', #292, #483, #926, .T. ) ;
#518 = FACE_OUTER_BOUND ( 'NONE', #1607, .T. ) ;
#519 = CARTESIAN_POINT ( 'NONE',  ( 4.500000000000000888, 0.000000000000000000, -22.05000000000000071 ) ) ;
#520 = DIRECTION ( 'NONE',  ( 1.000000000000000000, 0.000000000000000000, 0.000000000000000000 ) ) ;
#521 = ADVANCED_FACE ( 'NONE', ( #1493 ), #1285, .T. ) ;
#522 = CARTESIAN_POINT ( 'NONE',  ( -37.71900000000000119, 9.524999999999998579, 6.349999999999999645 ) ) ;
#523 = ORIENTED_EDGE ( 'NONE', *, *, #1370, .F. ) ;
#524 = DIRECTION ( 'NONE',  ( -0.000000000000000000, 1.000000000000000000, -0.000000000000000000 ) ) ;
#525 = ORIENTED_EDGE ( 'NONE', *, *, #1592, .F. ) ;
#526 = DIRECTION ( 'NONE',  ( 0.000000000000000000, 0.000000000000000000, 1.000000000000000000 ) ) ;
#527 = EDGE_LOOP ( 'NONE', ( #646, #212, #726, #512 ) ) ;
#528 = DIRECTION ( 'NONE',  ( -1.000000000000000000, 0.000000000000000000, 0.000000000000000000 ) ) ;
#529 = DIRECTION ( 'NONE',  ( 0.000000000000000000, 0.000000000000000000, -1.000000000000000000 ) ) ;
#530 = VECTOR ( 'NONE', #1604, 1000.000000000000000 ) ;
#531 = DIRECTION ( 'NONE',  ( 0.000000000000000000, 0.000000000000000000, -1.000000000000000000 ) ) ;
#532 = AXIS2_PLACEMENT_3D ( 'NONE', #583, #19, #983 ) ;
#533 = CARTESIAN_POINT ( 'NONE',  ( 4.500000000000000888, -4.630071008071724670, -21.55000000000000071 ) ) ;
#534 = ORIENTED_EDGE ( 'NONE', *, *, #1579, .T. ) ;
#535 = VECTOR ( 'NONE', #1055, 1000.000000000000000 ) ;
#536 = EDGE_CURVE ( 'NONE', #1492, #1462, #361, .T. ) ;
#537 = ADVANCED_BREP_SHAPE_REPRESENTATION ( 'loadcell_base_part', ( #1076, #510 ), #752 ) ;
#538 = DIRECTION ( 'NONE',  ( 0.000000000000000000, -0.000000000000000000, -1.000000000000000000 ) ) ;
#539 = CARTESIAN_POINT ( 'NONE',  ( -14.60500000000000398, 1.555301434917145237E-16, -1.174999999999998934 ) ) ;
#540 = CARTESIAN_POINT ( 'NONE',  ( 17.60066469989105897, -2.498793645196256463, 2.349999999999999645 ) ) ;
#541 = LINE ( 'NONE', #1742, #601 ) ;
#542 = AXIS2_PLACEMENT_3D ( 'NONE', #823, #1371, #968 ) ;
#543 = CARTESIAN_POINT ( 'NONE',  ( 17.85999999999999943, 6.350000000000000533, -19.05000000000000071 ) ) ;
#544 = DIRECTION ( 'NONE',  ( 0.9837770256678171066, 0.1793955511382126500, 0.000000000000000000 ) ) ;
#545 = VERTEX_POINT ( 'NONE', #68 ) ;
#546 = CARTESIAN_POINT ( 'NONE',  ( 5.000000000000000000, 9.525000000000012790, -19.80000000000000071 ) ) ;
#547 = CARTESIAN_POINT ( 'NONE',  ( -14.60500000000000398, 1.555301434917145237E-16, 2.349999999999999645 ) ) ;
#548 = CLOSED_SHELL ( 'NONE', ( #346, #853, #334, #844, #1152, #298, #551, #243, #1297, #705, #438, #1765, #1137, #1571, #1316, #488, #1389, #1677, #193, #324, #899, #1522, #600, #1024, #273, #415, #1707, #41, #651, #1754, #379, #944, #808, #1162, #1417, #1505, #1053, #266, #1175, #758, #981, #176, #1771, #756, #1357, #1547, #38, #487, #1270, #1022, #165, #472, #653, #204, #1519, #521 ) ) ;
#549 = LINE ( 'NONE', #154, #1608 ) ;
#550 = UNCERTAINTY_MEASURE_WITH_UNIT (LENGTH_MEASURE( 1.000000000000000082E-05 ), #1544, 'distance_accuracy_value', 'NONE');
#551 = ADVANCED_FACE ( 'NONE', ( #626 ), #1174, .F. ) ;
#552 = ORIENTED_EDGE ( 'NONE', *, *, #1260, .F. ) ;
#553 = DIRECTION ( 'NONE',  ( -0.9837770256678169956, -0.1793955511382128998, 0.000000000000000000 ) ) ;
#554 = CARTESIAN_POINT ( 'NONE',  ( 5.750000000000000000, 9.524999999999998579, -19.80000000000000071 ) ) ;
#555 = ORIENTED_EDGE ( 'NONE', *, *, #218, .T. ) ;
#556 = CARTESIAN_POINT ( 'NONE',  ( 13.33499999999999908, 0.000000000000000000, -19.05000000000000426 ) ) ;
#557 = EDGE_CURVE ( 'NONE', #1168, #1781, #1322, .T. ) ;
#558 = DIRECTION ( 'NONE',  ( 1.000000000000000000, 0.000000000000000000, 0.000000000000000000 ) ) ;
#559 = CARTESIAN_POINT ( 'NONE',  ( 22.86000000000000298, -6.850000000000000533, 6.349999999999999645 ) ) ;
#560 = CARTESIAN_POINT ( 'NONE',  ( -33.04400000000000404, 6.349999999999999645, -19.05000000000000071 ) ) ;
#561 = CIRCLE ( 'NONE', #1582, 1.270000000000000240 ) ;
#562 = AXIS2_PLACEMENT_3D ( 'NONE', #5, #1238, #809 ) ;
#563 = EDGE_LOOP ( 'NONE', ( #1272, #377, #835, #1441 ) ) ;
#564 = DIRECTION ( 'NONE',  ( 0.000000000000000000, 0.000000000000000000, 1.000000000000000000 ) ) ;
#565 = CARTESIAN_POINT ( 'NONE',  ( -5.750000000000000000, 6.350000000000000533, -19.80000000000000071 ) ) ;
#566 = ORIENTED_EDGE ( 'NONE', *, *, #14, .F. ) ;
#567 = CARTESIAN_POINT ( 'NONE',  ( -27.54400000000000759, 9.525000000000012790, -11.11250000000000071 ) ) ;
#568 = ORIENTED_EDGE ( 'NONE', *, *, #54, .T. ) ;
#569 = AXIS2_PLACEMENT_3D ( 'NONE', #939, #1360, #1775 ) ;
#570 =( NAMED_UNIT ( * ) SI_UNIT ( $, .STERADIAN. ) SOLID_ANGLE_UNIT ( ) );
#571 = DIRECTION ( 'NONE',  ( -0.000000000000000000, 1.000000000000000000, -0.000000000000000000 ) ) ;
#572 = VECTOR ( 'NONE', #126, 1000.000000000000000 ) ;
#573 = CARTESIAN_POINT ( 'NONE',  ( 14.60500000000000043, 0.000000000000000000, 2.349999999999999645 ) ) ;
#574 = EDGE_LOOP ( 'NONE', ( #26, #555, #1011, #1671, #932, #1594, #988, #1600, #348, #1657 ) ) ;
#575 = DIRECTION ( 'NONE',  ( 0.000000000000000000, 0.000000000000000000, 1.000000000000000000 ) ) ;
#576 = EDGE_CURVE ( 'NONE', #1443, #1329, #1710, .T. ) ;
#577 = VECTOR ( 'NONE', #1123, 1000.000000000000000 ) ;
#578 = PLANE ( 'NONE',  #1028 ) ;
#579 = ORIENTED_EDGE ( 'NONE', *, *, #1650, .T. ) ;
#580 = CARTESIAN_POINT ( 'NONE',  ( -17.54400000000000404, 9.525000000000012790, -12.91249999999999964 ) ) ;
#581 = EDGE_LOOP ( 'NONE', ( #976, #1130, #284, #436 ) ) ;
#582 = EDGE_CURVE ( 'NONE', #1029, #771, #323, .T. ) ;
#583 = CARTESIAN_POINT ( 'NONE',  ( -27.54400000000000759, 6.349999999999999645, -11.11250000000000071 ) ) ;
#584 = DIRECTION ( 'NONE',  ( 0.000000000000000000, 0.000000000000000000, -1.000000000000000000 ) ) ;
#585 = ORIENTED_EDGE ( 'NONE', *, *, #1037, .T. ) ;
#586 = EDGE_LOOP ( 'NONE', ( #168, #1380, #848, #1716 ) ) ;
#587 = CYLINDRICAL_SURFACE ( 'NONE', #1098, 2.540000000000000480 ) ;
#588 = EDGE_CURVE ( 'NONE', #477, #416, #1198, .T. ) ;
#589 = LINE ( 'NONE', #462, #628 ) ;
#590 = APPLICATION_CONTEXT ( 'automotive_design' ) ;
#591 = EDGE_LOOP ( 'NONE', ( #157, #1392 ) ) ;
#592 = VERTEX_POINT ( 'NONE', #1303 ) ;
#593 = FACE_OUTER_BOUND ( 'NONE', #35, .T. ) ;
#594 = CYLINDRICAL_SURFACE ( 'NONE', #63, 1.500000000000001332 ) ;
#595 = DIRECTION ( 'NONE',  ( -0.000000000000000000, -0.000000000000000000, 1.000000000000000000 ) ) ;
#596 = CARTESIAN_POINT ( 'NONE',  ( -37.71900000000000119, -6.349999999999999645, 6.349999999999999645 ) ) ;
#597 = VERTEX_POINT ( 'NONE', #335 ) ;
#598 = VERTEX_POINT ( 'NONE', #1166 ) ;
#599 = AXIS2_PLACEMENT_3D ( 'NONE', #142, #299, #1662 ) ;
#600 = ADVANCED_FACE ( 'NONE', ( #615 ), #1449, .T. ) ;
#601 = VECTOR ( 'NONE', #1751, 1000.000000000000000 ) ;
#602 = DIRECTION ( 'NONE',  ( -0.000000000000000000, -1.000000000000000000, -0.000000000000000000 ) ) ;
#603 = CARTESIAN_POINT ( 'NONE',  ( 5.000000000000000000, -5.130071008071724670, -22.05000000000000071 ) ) ;
#604 = ORIENTED_EDGE ( 'NONE', *, *, #588, .F. ) ;
#605 = VECTOR ( 'NONE', #1497, 1000.000000000000000 ) ;
#606 = ORIENTED_EDGE ( 'NONE', *, *, #1579, .F. ) ;
#607 = DIRECTION ( 'NONE',  ( -1.000000000000000000, 0.000000000000000000, -0.000000000000000000 ) ) ;
#608 = EDGE_CURVE ( 'NONE', #130, #1483, #1020, .T. ) ;
#609 = CARTESIAN_POINT ( 'NONE',  ( -5.750000000000000000, -5.130071008071724670, -19.05000000000000071 ) ) ;
#610 = CIRCLE ( 'NONE', #729, 1.500000000000001332 ) ;
#611 = DIRECTION ( 'NONE',  ( 1.000000000000000000, 0.000000000000000000, 0.000000000000000000 ) ) ;
#612 = ORIENTED_EDGE ( 'NONE', *, *, #706, .T. ) ;
#613 = VECTOR ( 'NONE', #960, 1000.000000000000000 ) ;
#614 = CARTESIAN_POINT ( 'NONE',  ( -5.000000000000000000, 5.599999999999999645, -19.05000000000000071 ) ) ;
#615 = FACE_OUTER_BOUND ( 'NONE', #869, .T. ) ;
#616 = VECTOR ( 'NONE', #865, 1000.000000000000000 ) ;
#617 = ORIENTED_EDGE ( 'NONE', *, *, #303, .F. ) ;
#618 = DIRECTION ( 'NONE',  ( 0.000000000000000000, 0.000000000000000000, -1.000000000000000000 ) ) ;
#619 = CIRCLE ( 'NONE', #1554, 2.100000000000000089 ) ;
#620 = EDGE_CURVE ( 'NONE', #1320, #1103, #851, .T. ) ;
#621 = CARTESIAN_POINT ( 'NONE',  ( -17.54400000000000404, 6.349999999999999645, -11.11250000000000071 ) ) ;
#622 = FACE_OUTER_BOUND ( 'NONE', #824, .T. ) ;
#623 = EDGE_CURVE ( 'NONE', #483, #791, #549, .T. ) ;
#624 = ORIENTED_EDGE ( 'NONE', *, *, #1746, .T. ) ;
#625 = VERTEX_POINT ( 'NONE', #1422 ) ;
#626 = FACE_OUTER_BOUND ( 'NONE', #915, .T. ) ;
#627 = EDGE_CURVE ( 'NONE', #1748, #864, #678, .T. ) ;
#628 = VECTOR ( 'NONE', #868, 1000.000000000000000 ) ;
#629 = EDGE_CURVE ( 'NONE', #984, #492, #822, .T. ) ;
#630 = CARTESIAN_POINT ( 'NONE',  ( -4.500000000000000888, 0.000000000000000000, -21.55000000000000071 ) ) ;
#631 = CARTESIAN_POINT ( 'NONE',  ( -36.21900000000000119, 8.024999999999998579, -19.05000000000000071 ) ) ;
#632 = ORIENTED_EDGE ( 'NONE', *, *, #882, .T. ) ;
#633 = ORIENTED_EDGE ( 'NONE', *, *, #1665, .T. ) ;
#634 = LINE ( 'NONE', #765, #124 ) ;
#635 = ORIENTED_EDGE ( 'NONE', *, *, #1067, .F. ) ;
#636 = CARTESIAN_POINT ( 'NONE',  ( -4.500000000000000888, -4.630071008071724670, -21.55000000000000071 ) ) ;
#637 = LINE ( 'NONE', #1307, #1119 ) ;
#638 = ORIENTED_EDGE ( 'NONE', *, *, #32, .F. ) ;
#639 = ORIENTED_EDGE ( 'NONE', *, *, #536, .T. ) ;
#640 = DIRECTION ( 'NONE',  ( -1.000000000000000000, 0.000000000000000000, 0.000000000000000000 ) ) ;
#641 = AXIS2_PLACEMENT_3D ( 'NONE', #466, #861, #1419 ) ;
#642 = LINE ( 'NONE', #1610, #572 ) ;
#643 = CARTESIAN_POINT ( 'NONE',  ( -34.54400000000000404, 6.349999999999999645, -1.174999999999999822 ) ) ;
#644 = DIRECTION ( 'NONE',  ( -0.000000000000000000, 0.000000000000000000, -1.000000000000000000 ) ) ;
#645 = CARTESIAN_POINT ( 'NONE',  ( -37.71900000000000119, 9.525000000000012790, -19.05000000000000071 ) ) ;
#646 = ORIENTED_EDGE ( 'NONE', *, *, #629, .F. ) ;
#647 = FACE_BOUND ( 'NONE', #1040, .T. ) ;
#648 = VECTOR ( 'NONE', #1644, 1000.000000000000000 ) ;
#649 = ORIENTED_EDGE ( 'NONE', *, *, #25, .T. ) ;
#650 = VERTEX_POINT ( 'NONE', #7 ) ;
#651 = ADVANCED_FACE ( 'NONE', ( #1673 ), #1121, .F. ) ;
#652 = VECTOR ( 'NONE', #818, 1000.000000000000000 ) ;
#653 = ADVANCED_FACE ( 'NONE', ( #133 ), #594, .T. ) ;
#654 = AXIS2_PLACEMENT_3D ( 'NONE', #554, #524, #119 ) ;
#655 = ORIENTED_EDGE ( 'NONE', *, *, #1746, .F. ) ;
#656 = CARTESIAN_POINT ( 'NONE',  ( 22.86000000000000654, -6.850000000000000533, -1.174999999999999822 ) ) ;
#657 = LINE ( 'NONE', #666, #1052 ) ;
#658 = CARTESIAN_POINT ( 'NONE',  ( -27.54400000000000759, 6.349999999999999645, -11.11250000000000071 ) ) ;
#659 = DIRECTION ( 'NONE',  ( 0.000000000000000000, 0.000000000000000000, -1.000000000000000000 ) ) ;
#660 = EDGE_CURVE ( 'NONE', #477, #198, #973, .T. ) ;
#661 = EDGE_LOOP ( 'NONE', ( #429, #1205, #1310, #534 ) ) ;
#662 = CARTESIAN_POINT ( 'NONE',  ( 5.000000000000000000, 0.000000000000000000, -19.80000000000000071 ) ) ;
#663 = ORIENTED_EDGE ( 'NONE', *, *, #927, .F. ) ;
#664 = EDGE_LOOP ( 'NONE', ( #1688, #1105 ) ) ;
#665 = DIRECTION ( 'NONE',  ( 0.000000000000000000, 0.000000000000000000, 1.000000000000000000 ) ) ;
#666 = CARTESIAN_POINT ( 'NONE',  ( 4.500000000000000888, -5.130071008071724670, -22.05000000000000071 ) ) ;
#667 = CARTESIAN_POINT ( 'NONE',  ( -36.04400000000000404, -6.850000000000000533, -19.05000000000000071 ) ) ;
#668 = EDGE_CURVE ( 'NONE', #700, #425, #965, .T. ) ;
#669 = LINE ( 'NONE', #1779, #1752 ) ;
#670 = ORIENTED_EDGE ( 'NONE', *, *, #1409, .F. ) ;
#671 = CARTESIAN_POINT ( 'NONE',  ( -36.04400000000000404, -8.349999999999999645, -1.174999999999999822 ) ) ;
#672 = DIRECTION ( 'NONE',  ( 1.000000000000000000, -0.000000000000000000, -0.000000000000000000 ) ) ;
#673 = DIRECTION ( 'NONE',  ( 0.000000000000000000, -0.000000000000000000, 1.000000000000000000 ) ) ;
#674 = EDGE_CURVE ( 'NONE', #130, #1112, #428, .T. ) ;
#675 = FACE_OUTER_BOUND ( 'NONE', #1157, .T. ) ;
#676 = VECTOR ( 'NONE', #1236, 1000.000000000000114 ) ;
#677 = DIRECTION ( 'NONE',  ( -1.000000000000000000, 0.000000000000000000, 0.000000000000000000 ) ) ;
#678 = CIRCLE ( 'NONE', #599, 1.799999999999999600 ) ;
#679 = DIRECTION ( 'NONE',  ( 0.000000000000000000, 0.000000000000000000, -1.000000000000000000 ) ) ;
#680 = VERTEX_POINT ( 'NONE', #175 ) ;
#681 = VECTOR ( 'NONE', #117, 1000.000000000000000 ) ;
#682 = CARTESIAN_POINT ( 'NONE',  ( -36.04400000000000404, -8.349999999999999645, 0.000000000000000000 ) ) ;
#683 = EDGE_CURVE ( 'NONE', #782, #1222, #296, .T. ) ;
#684 = CARTESIAN_POINT ( 'NONE',  ( -36.21900000000000119, -8.349999999999999645, 6.349999999999999645 ) ) ;
#685 = LINE ( 'NONE', #1046, #774 ) ;
#686 = CARTESIAN_POINT ( 'NONE',  ( -34.54400000000000404, 4.850000000000000533, -1.174999999999999822 ) ) ;
#687 = EDGE_CURVE ( 'NONE', #139, #251, #767, .T. ) ;
#688 = VECTOR ( 'NONE', #1388, 1000.000000000000000 ) ;
#689 = DIRECTION ( 'NONE',  ( -0.000000000000000000, -1.000000000000000000, 0.000000000000000000 ) ) ;
#690 = CYLINDRICAL_SURFACE ( 'NONE', #1292, 0.7500000000000006661 ) ;
#691 = ORIENTED_EDGE ( 'NONE', *, *, #746, .T. ) ;
#692 = LINE ( 'NONE', #1117, #917 ) ;
#693 = DIRECTION ( 'NONE',  ( 0.000000000000000000, 0.000000000000000000, 1.000000000000000000 ) ) ;
#694 = DIRECTION ( 'NONE',  ( 1.000000000000000000, 0.000000000000000000, -0.000000000000000000 ) ) ;
#695 = VECTOR ( 'NONE', #904, 1000.000000000000000 ) ;
#696 = CARTESIAN_POINT ( 'NONE',  ( 22.86000000000000654, 6.349999999999999645, -1.174999999999999822 ) ) ;
#697 = DIRECTION ( 'NONE',  ( 0.000000000000000000, 1.000000000000000000, 0.000000000000000000 ) ) ;
#698 = LINE ( 'NONE', #737, #1656 ) ;
#699 = EDGE_CURVE ( 'NONE', #864, #16, #1556, .T. ) ;
#700 = VERTEX_POINT ( 'NONE', #1277 ) ;
#701 = DIRECTION ( 'NONE',  ( 1.000000000000000000, 0.000000000000000000, 0.000000000000000000 ) ) ;
#702 = VERTEX_POINT ( 'NONE', #1263 ) ;
#703 = AXIS2_PLACEMENT_3D ( 'NONE', #667, #1212, #102 ) ;
#704 =( NAMED_UNIT ( * ) PLANE_ANGLE_UNIT ( ) SI_UNIT ( $, .RADIAN. ) );
#705 = ADVANCED_FACE ( 'NONE', ( #29 ), #1133, .F. ) ;
#706 = EDGE_CURVE ( 'NONE', #416, #477, #448, .T. ) ;
#707 = DIRECTION ( 'NONE',  ( 1.000000000000000000, 0.000000000000000000, 0.000000000000000000 ) ) ;
#708 = ORIENTED_EDGE ( 'NONE', *, *, #1730, .T. ) ;
#709 = FACE_OUTER_BOUND ( 'NONE', #860, .T. ) ;
#710 = DIRECTION ( 'NONE',  ( 0.000000000000000000, 0.000000000000000000, 1.000000000000000000 ) ) ;
#711 = ORIENTED_EDGE ( 'NONE', *, *, #306, .F. ) ;
#712 = CARTESIAN_POINT ( 'NONE',  ( 5.749999999999998224, 9.525000000000002132, -19.05000000000000071 ) ) ;
#713 = VERTEX_POINT ( 'NONE', #559 ) ;
#714 = EDGE_CURVE ( 'NONE', #1744, #1298, #122, .T. ) ;
#715 = CYLINDRICAL_SURFACE ( 'NONE', #1017, 1.500000000000001332 ) ;
#716 = EDGE_CURVE ( 'NONE', #67, #1258, #999, .T. ) ;
#717 = CARTESIAN_POINT ( 'NONE',  ( -5.000000000000000000, 9.525000000000012790, -21.55000000000000071 ) ) ;
#718 = DIRECTION ( 'NONE',  ( 1.000000000000000000, 0.000000000000000000, 0.000000000000000000 ) ) ;
#719 = DIRECTION ( 'NONE',  ( -0.000000000000000000, -1.000000000000000000, -0.000000000000000000 ) ) ;
#720 = ORIENTED_EDGE ( 'NONE', *, *, #762, .F. ) ;
#721 = EDGE_LOOP ( 'NONE', ( #36, #933, #301, #1680 ) ) ;
#722 = CARTESIAN_POINT ( 'NONE',  ( 3.174999999999999822, 5.129369478795615223, 2.349999999999999645 ) ) ;
#723 = VECTOR ( 'NONE', #1400, 1000.000000000000000 ) ;
#724 = DIRECTION ( 'NONE',  ( 0.000000000000000000, 0.000000000000000000, 1.000000000000000000 ) ) ;
#725 = ORIENTED_EDGE ( 'NONE', *, *, #114, .T. ) ;
#726 = ORIENTED_EDGE ( 'NONE', *, *, #6, .F. ) ;
#727 = LINE ( 'NONE', #1276, #895 ) ;
#728 = CARTESIAN_POINT ( 'NONE',  ( -27.54400000000000759, 9.525000000000012790, -11.11250000000000071 ) ) ;
#729 = AXIS2_PLACEMENT_3D ( 'NONE', #631, #356, #901 ) ;
#730 = ORIENTED_EDGE ( 'NONE', *, *, #557, .F. ) ;
#731 = DIRECTION ( 'NONE',  ( -0.000000000000000000, -0.000000000000000000, 1.000000000000000000 ) ) ;
#732 = CARTESIAN_POINT ( 'NONE',  ( -4.500000000000000888, 9.024999999999998579, -22.05000000000000071 ) ) ;
#733 = ORIENTED_EDGE ( 'NONE', *, *, #660, .F. ) ;
#734 = EDGE_CURVE ( 'NONE', #287, #1601, #1308, .T. ) ;
#735 = ORIENTED_EDGE ( 'NONE', *, *, #1208, .T. ) ;
#736 = DIRECTION ( 'NONE',  ( -1.000000000000000000, 0.000000000000000000, 0.000000000000000000 ) ) ;
#737 = CARTESIAN_POINT ( 'NONE',  ( 16.35999999999999943, 6.349999999999999645, -1.174999999999998934 ) ) ;
#738 = LINE ( 'NONE', #1678, #1641 ) ;
#739 = ORIENTED_EDGE ( 'NONE', *, *, #1107, .F. ) ;
#740 = ORIENTED_EDGE ( 'NONE', *, *, #293, .T. ) ;
#741 = CARTESIAN_POINT ( 'NONE',  ( 0.000000000000000000, 0.000000000000000000, -20.04999999999999716 ) ) ;
#742 = AXIS2_PLACEMENT_3D ( 'NONE', #355, #1047, #1317 ) ;
#743 = EDGE_CURVE ( 'NONE', #702, #307, #1109, .T. ) ;
#744 = DIRECTION ( 'NONE',  ( 0.000000000000000000, 0.000000000000000000, 1.000000000000000000 ) ) ;
#745 = VECTOR ( 'NONE', #1738, 1000.000000000000000 ) ;
#746 = EDGE_CURVE ( 'NONE', #397, #162, #619, .T. ) ;
#747 = FACE_OUTER_BOUND ( 'NONE', #24, .T. ) ;
#748 = LINE ( 'NONE', #189, #695 ) ;
#749 = VECTOR ( 'NONE', #1065, 1000.000000000000000 ) ;
#750 = VECTOR ( 'NONE', #1661, 1000.000000000000000 ) ;
#751 = ORIENTED_EDGE ( 'NONE', *, *, #734, .F. ) ;
#752 =( GEOMETRIC_REPRESENTATION_CONTEXT ( 3 ) GLOBAL_UNCERTAINTY_ASSIGNED_CONTEXT ( ( #330 ) ) GLOBAL_UNIT_ASSIGNED_CONTEXT ( ( #443, #279, #1253 ) ) REPRESENTATION_CONTEXT ( 'NONE', 'WORKASPACE' ) );
#753 = DIRECTION ( 'NONE',  ( 0.9837770256678198821, -0.1793955511381978285, -0.000000000000000000 ) ) ;
#754 = DIRECTION ( 'NONE',  ( 1.000000000000000000, -0.000000000000000000, 0.000000000000000000 ) ) ;
#755 = ORIENTED_EDGE ( 'NONE', *, *, #1666, .T. ) ;
#756 = ADVANCED_FACE ( 'NONE', ( #1144 ), #1590, .T. ) ;
#757 = FACE_OUTER_BOUND ( 'NONE', #414, .T. ) ;
#758 = ADVANCED_FACE ( 'NONE', ( #757 ), #1169, .T. ) ;
#759 = CARTESIAN_POINT ( 'NONE',  ( 5.749999999999998224, 6.349999999999999645, -19.05000000000000071 ) ) ;
#760 = CARTESIAN_POINT ( 'NONE',  ( 22.86000000000000654, 6.349999999999999645, -19.05000000000000071 ) ) ;
#761 = EDGE_LOOP ( 'NONE', ( #1247, #1200, #1390, #1762 ) ) ;
#762 = EDGE_CURVE ( 'NONE', #1089, #1483, #1767, .T. ) ;
#763 = ORIENTED_EDGE ( 'NONE', *, *, #490, .T. ) ;
#764 = DIRECTION ( 'NONE',  ( 0.000000000000000000, 0.000000000000000000, 1.000000000000000000 ) ) ;
#765 = CARTESIAN_POINT ( 'NONE',  ( 2.100000000000000089, 2.571758278209441957E-16, -20.04999999999999716 ) ) ;
#766 = VECTOR ( 'NONE', #409, 1000.000000000000000 ) ;
#767 = CIRCLE ( 'NONE', #203, 1.799999999999999600 ) ;
#768 = DIRECTION ( 'NONE',  ( 0.000000000000000000, 0.000000000000000000, 1.000000000000000000 ) ) ;
#769 = DIRECTION ( 'NONE',  ( -1.000000000000000000, 0.000000000000000000, -0.000000000000000000 ) ) ;
#770 = ORIENTED_EDGE ( 'NONE', *, *, #1324, .F. ) ;
#771 = VERTEX_POINT ( 'NONE', #329 ) ;
#772 = CARTESIAN_POINT ( 'NONE',  ( 19.68500000000000227, 0.000000000000000000, 6.349999999999999645 ) ) ;
#773 = CYLINDRICAL_SURFACE ( 'NONE', #1698, 1.799999999999999600 ) ;
#774 = VECTOR ( 'NONE', #1741, 1000.000000000000000 ) ;
#775 = AXIS2_PLACEMENT_3D ( 'NONE', #444, #304, #1018 ) ;
#776 = ORIENTED_EDGE ( 'NONE', *, *, #1099, .T. ) ;
#777 = LINE ( 'NONE', #760, #1733 ) ;
#778 = ORIENTED_EDGE ( 'NONE', *, *, #1323, .T. ) ;
#779 = CIRCLE ( 'NONE', #372, 0.7500000000000006661 ) ;
#780 = ORIENTED_EDGE ( 'NONE', *, *, #1674, .T. ) ;
#781 = DIRECTION ( 'NONE',  ( -0.000000000000000000, -0.000000000000000000, -1.000000000000000000 ) ) ;
#782 = VERTEX_POINT ( 'NONE', #909 ) ;
#783 = CARTESIAN_POINT ( 'NONE',  ( -34.54400000000000404, 6.349999999999999645, -19.05000000000000071 ) ) ;
#784 = DIRECTION ( 'NONE',  ( 0.000000000000000000, -1.000000000000000000, 0.000000000000000000 ) ) ;
#785 = DIRECTION ( 'NONE',  ( -0.000000000000000000, -0.000000000000000000, 1.000000000000000000 ) ) ;
#786 = CARTESIAN_POINT ( 'NONE',  ( -17.60066469989107318, 2.498793645196256463, 6.349999999999999645 ) ) ;
#787 = VERTEX_POINT ( 'NONE', #460 ) ;
#788 = CARTESIAN_POINT ( 'NONE',  ( 0.000000000000000000, 0.000000000000000000, -20.04999999999999716 ) ) ;
#789 = EDGE_CURVE ( 'NONE', #592, #1103, #319, .T. ) ;
#790 = EDGE_LOOP ( 'NONE', ( #799, #1543, #1196, #426 ) ) ;
#791 = VERTEX_POINT ( 'NONE', #1649 ) ;
#792 = AXIS2_PLACEMENT_3D ( 'NONE', #194, #1291, #328 ) ;
#793 = CARTESIAN_POINT ( 'NONE',  ( 21.35999999999999943, -6.850000000000000533, -1.174999999999999822 ) ) ;
#794 = EDGE_CURVE ( 'NONE', #875, #1182, #1460, .T. ) ;
#795 = CARTESIAN_POINT ( 'NONE',  ( -5.000000000000000000, -4.630071008071724670, -19.05000000000000071 ) ) ;
#796 = LINE ( 'NONE', #560, #9 ) ;
#797 = DIRECTION ( 'NONE',  ( 1.000000000000000000, 0.000000000000000000, 0.000000000000000000 ) ) ;
#798 = VECTOR ( 'NONE', #930, 1000.000000000000000 ) ;
#799 = ORIENTED_EDGE ( 'NONE', *, *, #762, .T. ) ;
#800 = VERTEX_POINT ( 'NONE', #846 ) ;
#801 = AXIS2_PLACEMENT_3D ( 'NONE', #1496, #665, #1210 ) ;
#802 = VECTOR ( 'NONE', #584, 1000.000000000000000 ) ;
#803 = LINE ( 'NONE', #938, #1384 ) ;
#804 = DIRECTION ( 'NONE',  ( 0.000000000000000000, 0.000000000000000000, -1.000000000000000000 ) ) ;
#805 = DIRECTION ( 'NONE',  ( 0.000000000000000000, 0.000000000000000000, 1.000000000000000000 ) ) ;
#806 = ORIENTED_EDGE ( 'NONE', *, *, #668, .T. ) ;
#807 = AXIS2_PLACEMENT_3D ( 'NONE', #388, #531, #1516 ) ;
#808 = ADVANCED_FACE ( 'NONE', ( #1640 ), #398, .F. ) ;
#809 = DIRECTION ( 'NONE',  ( -1.000000000000000000, 0.000000000000000000, 0.000000000000000000 ) ) ;
#810 = ORIENTED_EDGE ( 'NONE', *, *, #237, .F. ) ;
#811 = LINE ( 'NONE', #543, #613 ) ;
#812 = VERTEX_POINT ( 'NONE', #546 ) ;
#813 = EDGE_CURVE ( 'NONE', #1006, #680, #1407, .T. ) ;
#814 = FACE_OUTER_BOUND ( 'NONE', #378, .T. ) ;
#815 = EDGE_CURVE ( 'NONE', #447, #1089, #1246, .T. ) ;
#816 = EDGE_CURVE ( 'NONE', #198, #1068, #386, .T. ) ;
#817 = SURFACE_SIDE_STYLE ('',( #829 ) ) ;
#818 = DIRECTION ( 'NONE',  ( -0.000000000000000000, -0.000000000000000000, 1.000000000000000000 ) ) ;
#819 = DIRECTION ( 'NONE',  ( 0.1793955511382126500, 0.9837770256678171066, 0.000000000000000000 ) ) ;
#820 =( BOUNDED_CURVE ( )  B_SPLINE_CURVE ( 3, ( #267, #439, #1557, #300 ),
 .UNSPECIFIED., .F., .F. ) 
 B_SPLINE_CURVE_WITH_KNOTS ( ( 4, 4 ),
 ( 4.712388980384689674, 6.283185307179586232 ),
 .UNSPECIFIED. ) 
 CURVE ( )  GEOMETRIC_REPRESENTATION_ITEM ( )  RATIONAL_B_SPLINE_CURVE ( ( 1.000000000000000000, 0.8047378541243649375, 0.8047378541243649375, 1.000000000000000000 ) ) 
 REPRESENTATION_ITEM ( '' )  );
#821 = DIRECTION ( 'NONE',  ( 1.000000000000000000, 0.000000000000000000, 0.000000000000000000 ) ) ;
#822 = CIRCLE ( 'NONE', #1695, 0.5000000000000004441 ) ;
#823 = CARTESIAN_POINT ( 'NONE',  ( -17.54400000000000404, 9.525000000000012790, -11.11250000000000071 ) ) ;
#824 = EDGE_LOOP ( 'NONE', ( #1745, #50, #987, #359 ) ) ;
#825 = AXIS2_PLACEMENT_3D ( 'NONE', #55, #196, #1721 ) ;
#826 = DIRECTION ( 'NONE',  ( 0.000000000000000000, 1.000000000000000000, 0.000000000000000000 ) ) ;
#827 = CARTESIAN_POINT ( 'NONE',  ( -17.60066469989105897, -2.498793645196588642, 6.349999999999999645 ) ) ;
#828 = ORIENTED_EDGE ( 'NONE', *, *, #1409, .T. ) ;
#829 = SURFACE_STYLE_FILL_AREA ( #1090 ) ;
#830 = DIRECTION ( 'NONE',  ( -0.000000000000000000, -0.000000000000000000, 1.000000000000000000 ) ) ;
#831 = AXIS2_PLACEMENT_3D ( 'NONE', #1750, #1634, #508 ) ;
#832 = CARTESIAN_POINT ( 'NONE',  ( -27.54400000000000759, 6.349999999999999645, -12.91249999999999964 ) ) ;
#833 = ORIENTED_EDGE ( 'NONE', *, *, #1323, .F. ) ;
#834 = DIRECTION ( 'NONE',  ( 0.000000000000000000, 0.000000000000000000, -1.000000000000000000 ) ) ;
#835 = ORIENTED_EDGE ( 'NONE', *, *, #1021, .T. ) ;
#836 = DIRECTION ( 'NONE',  ( 0.000000000000000000, 0.000000000000000000, 1.000000000000000000 ) ) ;
#837 = EDGE_CURVE ( 'NONE', #405, #878, #1256, .T. ) ;
#838 = DIRECTION ( 'NONE',  ( 0.000000000000000000, -1.000000000000000000, 0.000000000000000000 ) ) ;
#839 = CARTESIAN_POINT ( 'NONE',  ( -33.04400000000000404, 4.850000000000000533, -1.174999999999999822 ) ) ;
#840 = FACE_OUTER_BOUND ( 'NONE', #1093, .T. ) ;
#841 = ORIENTED_EDGE ( 'NONE', *, *, #1099, .F. ) ;
#842 = FACE_OUTER_BOUND ( 'NONE', #163, .T. ) ;
#843 = DIRECTION ( 'NONE',  ( -0.000000000000000000, -1.000000000000000000, 0.000000000000000000 ) ) ;
#844 = ADVANCED_FACE ( 'NONE', ( #1788 ), #1393, .F. ) ;
#845 = ORIENTED_EDGE ( 'NONE', *, *, #339, .F. ) ;
#846 = CARTESIAN_POINT ( 'NONE',  ( 21.36000000000000298, -8.349999999999999645, -1.174999999999999822 ) ) ;
#847 = EDGE_CURVE ( 'NONE', #702, #1039, #151, .T. ) ;
#848 = ORIENTED_EDGE ( 'NONE', *, *, #1003, .T. ) ;
#849 = DIRECTION ( 'NONE',  ( 0.000000000000000000, 0.000000000000000000, 1.000000000000000000 ) ) ;
#850 = LINE ( 'NONE', #872, #336 ) ;
#851 = LINE ( 'NONE', #1567, #996 ) ;
#852 = AXIS2_PLACEMENT_3D ( 'NONE', #992, #177, #1127 ) ;
#853 = ADVANCED_FACE ( 'NONE', ( #814 ), #406, .F. ) ;
#854 = ORIENTED_EDGE ( 'NONE', *, *, #1078, .T. ) ;
#855 = VERTEX_POINT ( 'NONE', #712 ) ;
#856 = PLANE ( 'NONE',  #1488 ) ;
#857 = CARTESIAN_POINT ( 'NONE',  ( -3.174999999999964295, -5.129369478795615223, 2.349999999999999645 ) ) ;
#858 = VERTEX_POINT ( 'NONE', #1087 ) ;
#859 = CIRCLE ( 'NONE', #1466, 2.100000000000000089 ) ;
#860 = EDGE_LOOP ( 'NONE', ( #1551, #343, #755, #1118 ) ) ;
#861 = DIRECTION ( 'NONE',  ( 0.000000000000000000, -1.000000000000000000, 0.000000000000000000 ) ) ;
#862 = CARTESIAN_POINT ( 'NONE',  ( -17.54400000000000404, 9.525000000000012790, -12.91249999999999964 ) ) ;
#863 = DIRECTION ( 'NONE',  ( -0.000000000000000000, -1.000000000000000000, -0.000000000000000000 ) ) ;
#864 = VERTEX_POINT ( 'NONE', #580 ) ;
#865 = DIRECTION ( 'NONE',  ( -1.000000000000000000, -0.000000000000000000, 0.000000000000000000 ) ) ;
#866 = EDGE_CURVE ( 'NONE', #984, #66, #692, .T. ) ;
#867 = AXIS2_PLACEMENT_3D ( 'NONE', #741, #45, #607 ) ;
#868 = DIRECTION ( 'NONE',  ( -0.000000000000000000, 0.000000000000000000, -1.000000000000000000 ) ) ;
#869 = EDGE_LOOP ( 'NONE', ( #43, #1199, #271, #222 ) ) ;
#870 = ORIENTED_EDGE ( 'NONE', *, *, #418, .F. ) ;
#871 = CYLINDRICAL_SURFACE ( 'NONE', #395, 1.270000000000003793 ) ;
#872 = CARTESIAN_POINT ( 'NONE',  ( 16.36000000000000298, 9.524999999999998579, 0.000000000000000000 ) ) ;
#873 = CARTESIAN_POINT ( 'NONE',  ( -3.175000000000034461, 5.129369478795615223, 2.349999999999999645 ) ) ;
#874 = LINE ( 'NONE', #134, #1319 ) ;
#875 = VERTEX_POINT ( 'NONE', #963 ) ;
#876 = CARTESIAN_POINT ( 'NONE',  ( 12.06499999999999950, 1.555301434917141046E-16, 2.349999999999999645 ) ) ;
#877 = CARTESIAN_POINT ( 'NONE',  ( 3.174999999999999822, -5.129369478795615223, 2.349999999999999645 ) ) ;
#878 = VERTEX_POINT ( 'NONE', #671 ) ;
#879 = EDGE_CURVE ( 'NONE', #858, #1443, #1373, .T. ) ;
#880 = ORIENTED_EDGE ( 'NONE', *, *, #78, .F. ) ;
#881 = FACE_OUTER_BOUND ( 'NONE', #1629, .T. ) ;
#882 = EDGE_CURVE ( 'NONE', #1066, #1000, #1381, .T. ) ;
#883 = AXIS2_PLACEMENT_3D ( 'NONE', #1434, #602, #1391 ) ;
#884 = COLOUR_RGB ( '',0.7921568627450980005, 0.8196078431372548767, 0.9333333333333333481 ) ;
#885 = DIRECTION ( 'NONE',  ( 1.000000000000000000, 0.000000000000000000, 0.000000000000000000 ) ) ;
#886 = ORIENTED_EDGE ( 'NONE', *, *, #517, .F. ) ;
#887 = CARTESIAN_POINT ( 'NONE',  ( -37.71900000000000119, 9.525000000000012790, -19.05000000000000071 ) ) ;
#888 = VERTEX_POINT ( 'NONE', #1503 ) ;
#889 = LINE ( 'NONE', #1013, #187 ) ;
#890 = VECTOR ( 'NONE', #1016, 1000.000000000000000 ) ;
#891 = VECTOR ( 'NONE', #1331, 1000.000000000000000 ) ;
#892 = DIRECTION ( 'NONE',  ( 1.000000000000000000, -2.290857856322233139E-16, 0.000000000000000000 ) ) ;
#893 = DIRECTION ( 'NONE',  ( 1.000000000000000000, 0.000000000000000000, 0.000000000000000000 ) ) ;
#894 = DIRECTION ( 'NONE',  ( -0.000000000000000000, -0.000000000000000000, 1.000000000000000000 ) ) ;
#895 = VECTOR ( 'NONE', #27, 1000.000000000000114 ) ;
#896 = ORIENTED_EDGE ( 'NONE', *, *, #1306, .F. ) ;
#897 = EDGE_CURVE ( 'NONE', #416, #1068, #803, .T. ) ;
#898 = CIRCLE ( 'NONE', #342, 0.5000000000000004441 ) ;
#899 = ADVANCED_FACE ( 'NONE', ( #1643 ), #1760, .F. ) ;
#900 = DIRECTION ( 'NONE',  ( 0.000000000000000000, -1.000000000000000000, 0.000000000000000000 ) ) ;
#901 = DIRECTION ( 'NONE',  ( 1.000000000000000000, 0.000000000000000000, 0.000000000000000000 ) ) ;
#902 = ORIENTED_EDGE ( 'NONE', *, *, #467, .T. ) ;
#903 = EDGE_CURVE ( 'NONE', #878, #1273, #1147, .T. ) ;
#904 = DIRECTION ( 'NONE',  ( -0.000000000000000000, -0.000000000000000000, 1.000000000000000000 ) ) ;
#905 = ORIENTED_EDGE ( 'NONE', *, *, #1439, .T. ) ;
#906 = ORIENTED_EDGE ( 'NONE', *, *, #86, .F. ) ;
#907 = DIRECTION ( 'NONE',  ( 0.000000000000000000, 0.000000000000000000, 1.000000000000000000 ) ) ;
#908 = AXIS2_PLACEMENT_3D ( 'NONE', #1215, #1670, #701 ) ;
#909 = CARTESIAN_POINT ( 'NONE',  ( -27.54400000000000759, 6.349999999999999645, -9.312500000000001776 ) ) ;
#910 = VECTOR ( 'NONE', #1102, 1000.000000000000000 ) ;
#911 = DIRECTION ( 'NONE',  ( -1.000000000000000000, 0.000000000000000000, 0.000000000000000000 ) ) ;
#912 = EDGE_CURVE ( 'NONE', #1525, #1066, #256, .T. ) ;
#913 = DIRECTION ( 'NONE',  ( 0.000000000000000000, 0.000000000000000000, -1.000000000000000000 ) ) ;
#914 = ORIENTED_EDGE ( 'NONE', *, *, #1071, .T. ) ;
#915 = EDGE_LOOP ( 'NONE', ( #523, #1433, #360, #387 ) ) ;
#916 = CARTESIAN_POINT ( 'NONE',  ( -37.71900000000000119, -6.349999999999999645, 6.349999999999999645 ) ) ;
#917 = VECTOR ( 'NONE', #252, 1000.000000000000000 ) ;
#918 = VERTEX_POINT ( 'NONE', #1477 ) ;
#919 = DIRECTION ( 'NONE',  ( -0.9837770256678171066, 0.1793955511382126500, 0.000000000000000000 ) ) ;
#920 = LINE ( 'NONE', #99, #535 ) ;
#921 = CYLINDRICAL_SURFACE ( 'NONE', #262, 0.5000000000000004441 ) ;
#922 = DIRECTION ( 'NONE',  ( -1.000000000000000000, 0.000000000000000000, 0.000000000000000000 ) ) ;
#923 = VERTEX_POINT ( 'NONE', #247 ) ;
#924 = CIRCLE ( 'NONE', #1507, 0.5000000000000004441 ) ;
#925 = ORIENTED_EDGE ( 'NONE', *, *, #536, .F. ) ;
#926 = LINE ( 'NONE', #1059, #1259 ) ;
#927 = EDGE_CURVE ( 'NONE', #1601, #858, #1366, .T. ) ;
#928 = VERTEX_POINT ( 'NONE', #958 ) ;
#929 = DIRECTION ( 'NONE',  ( -1.000000000000000000, 1.092739197465705682E-15, 0.000000000000000000 ) ) ;
#930 = DIRECTION ( 'NONE',  ( -0.000000000000000000, -0.000000000000000000, -1.000000000000000000 ) ) ;
#931 = FACE_OUTER_BOUND ( 'NONE', #244, .T. ) ;
#932 = ORIENTED_EDGE ( 'NONE', *, *, #1260, .T. ) ;
#933 = ORIENTED_EDGE ( 'NONE', *, *, #58, .T. ) ;
#934 = VECTOR ( 'NONE', #1664, 1000.000000000000000 ) ;
#935 = ORIENTED_EDGE ( 'NONE', *, *, #1306, .T. ) ;
#936 = AXIS2_PLACEMENT_3D ( 'NONE', #140, #1080, #282 ) ;
#937 = CYLINDRICAL_SURFACE ( 'NONE', #801, 1.500000000000001332 ) ;
#938 = CARTESIAN_POINT ( 'NONE',  ( -14.60500000000000398, 1.555301434917144250E-16, -19.05000000000000426 ) ) ;
#939 = CARTESIAN_POINT ( 'NONE',  ( 0.000000000000000000, 0.000000000000000000, 2.349999999999999645 ) ) ;
#940 = PLANE ( 'NONE',  #463 ) ;
#941 = EDGE_CURVE ( 'NONE', #1329, #1601, #1334, .T. ) ;
#942 = CARTESIAN_POINT ( 'NONE',  ( -33.04400000000000404, 6.349999999999999645, -1.174999999999999822 ) ) ;
#943 = ORIENTED_EDGE ( 'NONE', *, *, #54, .F. ) ;
#944 = ADVANCED_FACE ( 'NONE', ( #116 ), #127, .F. ) ;
#945 = CIRCLE ( 'NONE', #17, 0.7500000000000006661 ) ;
#946 = LINE ( 'NONE', #1230, #1293 ) ;
#947 = DIRECTION ( 'NONE',  ( -1.000000000000000000, 2.185478394931410575E-16, 0.000000000000000000 ) ) ;
#948 = CARTESIAN_POINT ( 'NONE',  ( 17.85999999999999233, -2.388727885660031924E-14, 0.000000000000000000 ) ) ;
#949 = EDGE_CURVE ( 'NONE', #1182, #1744, #685, .T. ) ;
#950 = CARTESIAN_POINT ( 'NONE',  ( -36.21900000000000119, -6.850000000000000533, -19.05000000000000071 ) ) ;
#951 = EDGE_CURVE ( 'NONE', #1273, #1744, #239, .T. ) ;
#952 = DIRECTION ( 'NONE',  ( 1.000000000000000000, 0.000000000000000000, 0.000000000000000000 ) ) ;
#953 = ORIENTED_EDGE ( 'NONE', *, *, #687, .F. ) ;
#954 = DIRECTION ( 'NONE',  ( -0.000000000000000000, -0.000000000000000000, -1.000000000000000000 ) ) ;
#955 = CIRCLE ( 'NONE', #1088, 2.540000000000107949 ) ;
#956 = ORIENTED_EDGE ( 'NONE', *, *, #1159, .F. ) ;
#957 = SURFACE_STYLE_USAGE ( .BOTH. , #817 ) ;
#958 = CARTESIAN_POINT ( 'NONE',  ( 4.500000000000000888, -5.130071008071724670, -21.55000000000000071 ) ) ;
#959 = DIRECTION ( 'NONE',  ( 0.000000000000000000, 0.000000000000000000, 1.000000000000000000 ) ) ;
#960 = DIRECTION ( 'NONE',  ( 1.092739197465705682E-15, 1.000000000000000000, 0.000000000000000000 ) ) ;
#961 = DIRECTION ( 'NONE',  ( 0.000000000000000000, 0.000000000000000000, -1.000000000000000000 ) ) ;
#962 = EDGE_LOOP ( 'NONE', ( #1337, #730, #59, #485 ) ) ;
#963 = CARTESIAN_POINT ( 'NONE',  ( -33.04400000000000404, 6.349999999999999645, -19.05000000000000071 ) ) ;
#964 = ORIENTED_EDGE ( 'NONE', *, *, #1463, .F. ) ;
#965 = LINE ( 'NONE', #696, #1073 ) ;
#966 = ORIENTED_EDGE ( 'NONE', *, *, #1790, .F. ) ;
#967 = CARTESIAN_POINT ( 'NONE',  ( 0.000000000000000000, 5.599999999999999645, -19.05000000000000071 ) ) ;
#968 = DIRECTION ( 'NONE',  ( 0.000000000000000000, 0.000000000000000000, -1.000000000000000000 ) ) ;
#969 = ORIENTED_EDGE ( 'NONE', *, *, #1067, .T. ) ;
#970 = AXIS2_PLACEMENT_3D ( 'NONE', #621, #1192, #363 ) ;
#971 = VECTOR ( 'NONE', #1156, 1000.000000000000000 ) ;
#972 = DIRECTION ( 'NONE',  ( -1.000000000000000000, 0.000000000000000000, 0.000000000000000000 ) ) ;
#973 = LINE ( 'NONE', #1534, #1311 ) ;
#974 = EDGE_CURVE ( 'NONE', #1103, #700, #1002, .T. ) ;
#975 = DIRECTION ( 'NONE',  ( 0.000000000000000000, 0.000000000000000000, 1.000000000000000000 ) ) ;
#976 = ORIENTED_EDGE ( 'NONE', *, *, #974, .F. ) ;
#977 = CARTESIAN_POINT ( 'NONE',  ( 4.792893218813452982, 9.317893218813448897, -22.04999999999999005 ) ) ;
#978 = DIRECTION ( 'NONE',  ( -0.000000000000000000, 1.000000000000000000, -0.000000000000000000 ) ) ;
#979 = ORIENTED_EDGE ( 'NONE', *, *, #362, .F. ) ;
#980 = VERTEX_POINT ( 'NONE', #394 ) ;
#981 = ADVANCED_FACE ( 'NONE', ( #373 ), #1060, .T. ) ;
#982 = FACE_BOUND ( 'NONE', #1172, .T. ) ;
#983 = DIRECTION ( 'NONE',  ( 0.000000000000000000, 0.000000000000000000, -1.000000000000000000 ) ) ;
#984 = VERTEX_POINT ( 'NONE', #795 ) ;
#985 = CYLINDRICAL_SURFACE ( 'NONE', #883, 1.799999999999999600 ) ;
#986 = CARTESIAN_POINT ( 'NONE',  ( 16.36000000000000298, 8.024999999999998579, -19.05000000000000071 ) ) ;
#987 = ORIENTED_EDGE ( 'NONE', *, *, #293, .F. ) ;
#988 = ORIENTED_EDGE ( 'NONE', *, *, #582, .T. ) ;
#989 = EDGE_CURVE ( 'NONE', #928, #1685, #657, .T. ) ;
#990 = DIRECTION ( 'NONE',  ( 1.000000000000000000, 0.000000000000000000, 0.000000000000000000 ) ) ;
#991 = ORIENTED_EDGE ( 'NONE', *, *, #1490, .T. ) ;
#992 = CARTESIAN_POINT ( 'NONE',  ( 0.000000000000000000, 0.000000000000000000, 2.349999999999999645 ) ) ;
#993 = AXIS2_PLACEMENT_3D ( 'NONE', #1250, #571, #1386 ) ;
#994 = CARTESIAN_POINT ( 'NONE',  ( 17.14499999999999957, 0.000000000000000000, 6.349999999999999645 ) ) ;
#995 = ORIENTED_EDGE ( 'NONE', *, *, #191, .F. ) ;
#996 = VECTOR ( 'NONE', #286, 1000.000000000000000 ) ;
#997 = EDGE_CURVE ( 'NONE', #1588, #1462, #1218, .T. ) ;
#998 = EDGE_LOOP ( 'NONE', ( #1437, #391, #1086, #3 ) ) ;
#999 = LINE ( 'NONE', #1653, #766 ) ;
#1000 = VERTEX_POINT ( 'NONE', #1365 ) ;
#1001 = LINE ( 'NONE', #967, #616 ) ;
#1002 = CIRCLE ( 'NONE', #831, 1.500000000000001332 ) ;
#1003 = EDGE_CURVE ( 'NONE', #1039, #1191, #946, .T. ) ;
#1004 = CIRCLE ( 'NONE', #1171, 1.500000000000001332 ) ;
#1005 = CARTESIAN_POINT ( 'NONE',  ( -33.04400000000000404, 4.850000000000000533, 0.000000000000000000 ) ) ;
#1006 = VERTEX_POINT ( 'NONE', #1642 ) ;
#1007 = EDGE_CURVE ( 'NONE', #597, #21, #456, .T. ) ;
#1008 = EDGE_LOOP ( 'NONE', ( #1472, #227, #1427, #1509 ) ) ;
#1009 = CARTESIAN_POINT ( 'NONE',  ( -5.000000000000000000, 6.350000000000000533, -22.05000000000000071 ) ) ;
#1010 = FACE_OUTER_BOUND ( 'NONE', #1412, .T. ) ;
#1011 = ORIENTED_EDGE ( 'NONE', *, *, #1724, .F. ) ;
#1012 = ORIENTED_EDGE ( 'NONE', *, *, #951, .T. ) ;
#1013 = CARTESIAN_POINT ( 'NONE',  ( -37.71900000000000119, 8.024999999999998579, 6.349999999999999645 ) ) ;
#1014 = DIRECTION ( 'NONE',  ( 0.000000000000000000, 0.000000000000000000, 1.000000000000000000 ) ) ;
#1015 = AXIS2_PLACEMENT_3D ( 'NONE', #1113, #1705, #1425 ) ;
#1016 = DIRECTION ( 'NONE',  ( -0.000000000000000000, -0.000000000000000000, -1.000000000000000000 ) ) ;
#1017 = AXIS2_PLACEMENT_3D ( 'NONE', #254, #153, #558 ) ;
#1018 = DIRECTION ( 'NONE',  ( -1.000000000000000000, 0.000000000000000000, 0.000000000000000000 ) ) ;
#1019 = DIRECTION ( 'NONE',  ( 0.000000000000000000, 0.000000000000000000, -1.000000000000000000 ) ) ;
#1020 = LINE ( 'NONE', #1586, #354 ) ;
#1021 = EDGE_CURVE ( 'NONE', #158, #1185, #427, .T. ) ;
#1022 = ADVANCED_FACE ( 'NONE', ( #408 ), #715, .T. ) ;
#1023 = ORIENTED_EDGE ( 'NONE', *, *, #1399, .F. ) ;
#1024 = ADVANCED_FACE ( 'NONE', ( #1385, #982, #1633 ), #1217, .T. ) ;
#1025 = AXIS2_PLACEMENT_3D ( 'NONE', #28, #1132, #1623 ) ;
#1026 = CARTESIAN_POINT ( 'NONE',  ( 21.35999999999999943, -8.349999999999999645, 6.349999999999999645 ) ) ;
#1027 = DIRECTION ( 'NONE',  ( 0.000000000000000000, 0.000000000000000000, 1.000000000000000000 ) ) ;
#1028 = AXIS2_PLACEMENT_3D ( 'NONE', #603, #1714, #1138 ) ;
#1029 = VERTEX_POINT ( 'NONE', #1101 ) ;
#1030 = CARTESIAN_POINT ( 'NONE',  ( 4.500000000000000888, -4.630071008071724670, -22.05000000000000071 ) ) ;
#1031 = AXIS2_PLACEMENT_3D ( 'NONE', #185, #1605, #893 ) ;
#1032 = CARTESIAN_POINT ( 'NONE',  ( -17.60066469989107318, 2.498793645196256463, 2.349999999999999645 ) ) ;
#1033 = CARTESIAN_POINT ( 'NONE',  ( -27.54400000000000759, 9.525000000000012790, -12.91249999999999964 ) ) ;
#1034 = ORIENTED_EDGE ( 'NONE', *, *, #815, .F. ) ;
#1035 = ORIENTED_EDGE ( 'NONE', *, *, #1727, .T. ) ;
#1036 = CARTESIAN_POINT ( 'NONE',  ( 12.06499999999999950, 1.555301434917140060E-16, -19.05000000000000426 ) ) ;
#1037 = EDGE_CURVE ( 'NONE', #918, #592, #1341, .T. ) ;
#1038 = DIRECTION ( 'NONE',  ( -1.000000000000000000, 0.000000000000000000, 0.000000000000000000 ) ) ;
#1039 = VERTEX_POINT ( 'NONE', #1374 ) ;
#1040 = EDGE_LOOP ( 'NONE', ( #1539, #1142 ) ) ;
#1041 = DIRECTION ( 'NONE',  ( -1.000000000000000000, -0.000000000000000000, -0.000000000000000000 ) ) ;
#1042 = LINE ( 'NONE', #69, #132 ) ;
#1043 = AXIS2_PLACEMENT_3D ( 'NONE', #1231, #1432, #990 ) ;
#1044 = AXIS2_PLACEMENT_3D ( 'NONE', #1030, #1457, #201 ) ;
#1045 = ORIENTED_EDGE ( 'NONE', *, *, #837, .F. ) ;
#1046 = CARTESIAN_POINT ( 'NONE',  ( -34.54400000000000404, 4.850000000000000533, -1.174999999999999822 ) ) ;
#1047 = DIRECTION ( 'NONE',  ( 0.000000000000000000, 0.000000000000000000, 1.000000000000000000 ) ) ;
#1048 = CARTESIAN_POINT ( 'NONE',  ( -27.54400000000000759, 9.525000000000012790, -9.312500000000001776 ) ) ;
#1049 = EDGE_CURVE ( 'NONE', #1483, #1563, #1261, .T. ) ;
#1050 = ORIENTED_EDGE ( 'NONE', *, *, #714, .F. ) ;
#1051 = EDGE_LOOP ( 'NONE', ( #465, #953, #1573, #780 ) ) ;
#1052 = VECTOR ( 'NONE', #673, 1000.000000000000000 ) ;
#1053 = ADVANCED_FACE ( 'NONE', ( #115 ), #18, .T. ) ;
#1054 = CARTESIAN_POINT ( 'NONE',  ( 5.750000000000000000, 6.349999999999999645, -19.80000000000000071 ) ) ;
#1055 = DIRECTION ( 'NONE',  ( -0.000000000000000000, -1.000000000000000000, -0.000000000000000000 ) ) ;
#1056 = FACE_OUTER_BOUND ( 'NONE', #440, .T. ) ;
#1057 = EDGE_LOOP ( 'NONE', ( #828, #1501, #624, #305 ) ) ;
#1058 = ORIENTED_EDGE ( 'NONE', *, *, #813, .T. ) ;
#1059 = CARTESIAN_POINT ( 'NONE',  ( 0.000000000000000000, 9.524999999999998579, -21.55000000000000071 ) ) ;
#1060 = CYLINDRICAL_SURFACE ( 'NONE', #1228, 0.5000000000000004441 ) ;
#1061 = CARTESIAN_POINT ( 'NONE',  ( 16.35999999999999943, 7.849999999999999645, -1.174999999999999822 ) ) ;
#1062 = CYLINDRICAL_SURFACE ( 'NONE', #383, 2.100000000000000089 ) ;
#1063 = AXIS2_PLACEMENT_3D ( 'NONE', #118, #689, #659 ) ;
#1064 = ORIENTED_EDGE ( 'NONE', *, *, #989, .T. ) ;
#1065 = DIRECTION ( 'NONE',  ( -0.000000000000000000, -1.000000000000000000, -0.000000000000000000 ) ) ;
#1066 = VERTEX_POINT ( 'NONE', #684 ) ;
#1067 = EDGE_CURVE ( 'NONE', #1525, #713, #1249, .T. ) ;
#1068 = VERTEX_POINT ( 'NONE', #547 ) ;
#1069 = AXIS2_PLACEMENT_3D ( 'NONE', #556, #150, #1510 ) ;
#1070 = DIRECTION ( 'NONE',  ( -0.000000000000000000, -0.000000000000000000, 1.000000000000000000 ) ) ;
#1071 = EDGE_CURVE ( 'NONE', #158, #1320, #229, .T. ) ;
#1072 = DIRECTION ( 'NONE',  ( -0.000000000000000000, 1.000000000000000000, -0.000000000000000000 ) ) ;
#1073 = VECTOR ( 'NONE', #437, 1000.000000000000000 ) ;
#1074 = CARTESIAN_POINT ( 'NONE',  ( 4.500000000000000888, -5.130071008071724670, -19.05000000000000071 ) ) ;
#1075 = VECTOR ( 'NONE', #47, 1000.000000000000000 ) ;
#1076 = MANIFOLD_SOLID_BREP ( 'Fillet2', #548 ) ;
#1077 = CARTESIAN_POINT ( 'NONE',  ( -3.175000000000034461, 5.129369478795615223, 2.349999999999999645 ) ) ;
#1078 = EDGE_CURVE ( 'NONE', #980, #1124, #2, .T. ) ;
#1079 = VERTEX_POINT ( 'NONE', #1553 ) ;
#1080 = DIRECTION ( 'NONE',  ( -0.000000000000000000, -0.000000000000000000, 1.000000000000000000 ) ) ;
#1081 = VECTOR ( 'NONE', #1508, 1000.000000000000000 ) ;
#1082 = CARTESIAN_POINT ( 'NONE',  ( -3.175000000000034461, 5.129369478795615223, 6.349999999999999645 ) ) ;
#1083 = DIRECTION ( 'NONE',  ( -0.000000000000000000, -0.000000000000000000, 1.000000000000000000 ) ) ;
#1084 = CARTESIAN_POINT ( 'NONE',  ( -5.000000000000000000, -4.630071008071724670, -22.05000000000000071 ) ) ;
#1085 = DIRECTION ( 'NONE',  ( -0.000000000000000000, -0.000000000000000000, 1.000000000000000000 ) ) ;
#1086 = ORIENTED_EDGE ( 'NONE', *, *, #1071, .F. ) ;
#1087 = CARTESIAN_POINT ( 'NONE',  ( -4.500000000000000888, -4.630071008071724670, -22.05000000000000071 ) ) ;
#1088 = AXIS2_PLACEMENT_3D ( 'NONE', #1735, #1027, #1038 ) ;
#1089 = VERTEX_POINT ( 'NONE', #1151 ) ;
#1090 = FILL_AREA_STYLE ('',( #1394 ) ) ;
#1091 = CARTESIAN_POINT ( 'NONE',  ( 0.000000000000000000, 0.000000000000000000, -19.05000000000000071 ) ) ;
#1092 = CARTESIAN_POINT ( 'NONE',  ( 13.33499999999999908, 0.000000000000000000, 2.349999999999999645 ) ) ;
#1093 = EDGE_LOOP ( 'NONE', ( #13, #1225, #441, #1045 ) ) ;
#1094 = CARTESIAN_POINT ( 'NONE',  ( 17.14499999999999957, 0.000000000000000000, 2.349999999999999645 ) ) ;
#1095 = ORIENTED_EDGE ( 'NONE', *, *, #511, .T. ) ;
#1096 = CARTESIAN_POINT ( 'NONE',  ( -13.33499999999999908, 0.000000000000000000, 2.349999999999999645 ) ) ;
#1097 = ORIENTED_EDGE ( 'NONE', *, *, #608, .T. ) ;
#1098 = AXIS2_PLACEMENT_3D ( 'NONE', #11, #731, #1268 ) ;
#1099 = EDGE_CURVE ( 'NONE', #598, #545, #1521, .T. ) ;
#1100 = PRESENTATION_LAYER_ASSIGNMENT (  '', '', ( #473 ) ) ;
#1101 = CARTESIAN_POINT ( 'NONE',  ( -36.21900000000000119, 9.525000000000012790, -19.05000000000000071 ) ) ;
#1102 = DIRECTION ( 'NONE',  ( -0.000000000000000000, -1.000000000000000000, -0.000000000000000000 ) ) ;
#1103 = VERTEX_POINT ( 'NONE', #1120 ) ;
#1104 = CARTESIAN_POINT ( 'NONE',  ( 5.000000000000000000, 9.525000000000012790, -21.55000000000000071 ) ) ;
#1105 = ORIENTED_EDGE ( 'NONE', *, *, #627, .T. ) ;
#1106 = CIRCLE ( 'NONE', #40, 1.499999999999999556 ) ;
#1107 = EDGE_CURVE ( 'NONE', #251, #139, #180, .T. ) ;
#1108 = CIRCLE ( 'NONE', #421, 0.7500000000000006661 ) ;
#1109 = LINE ( 'NONE', #1036, #530 ) ;
#1110 = CIRCLE ( 'NONE', #542, 1.799999999999999600 ) ;
#1111 = LINE ( 'NONE', #413, #1081 ) ;
#1112 = VERTEX_POINT ( 'NONE', #166 ) ;
#1113 = CARTESIAN_POINT ( 'NONE',  ( -27.54400000000000759, 9.525000000000012790, -11.11250000000000071 ) ) ;
#1114 = APPLICATION_PROTOCOL_DEFINITION ( 'draft international standard', 'automotive_design', 1998, #393 ) ;
#1115 = FACE_OUTER_BOUND ( 'NONE', #10, .T. ) ;
#1116 = ORIENTED_EDGE ( 'NONE', *, *, #912, .F. ) ;
#1117 = CARTESIAN_POINT ( 'NONE',  ( -5.000000000000000000, -5.130071008071724670, -19.05000000000000071 ) ) ;
#1118 = ORIENTED_EDGE ( 'NONE', *, *, #4, .F. ) ;
#1119 = VECTOR ( 'NONE', #56, 1000.000000000000000 ) ;
#1120 = CARTESIAN_POINT ( 'NONE',  ( 21.36000000000000298, 9.525000000000000355, -1.174999999999998934 ) ) ;
#1121 = CYLINDRICAL_SURFACE ( 'NONE', #1043, 1.270000000000000240 ) ;
#1122 = SHAPE_DEFINITION_REPRESENTATION ( #1515, #537 ) ;
#1123 = DIRECTION ( 'NONE',  ( -0.000000000000000000, 0.000000000000000000, 1.000000000000000000 ) ) ;
#1124 = VERTEX_POINT ( 'NONE', #1713 ) ;
#1125 = ORIENTED_EDGE ( 'NONE', *, *, #1467, .F. ) ;
#1126 = EDGE_CURVE ( 'NONE', #1288, #375, #727, .T. ) ;
#1127 = DIRECTION ( 'NONE',  ( 1.000000000000000000, 0.000000000000000000, 0.000000000000000000 ) ) ;
#1128 = DIRECTION ( 'NONE',  ( 0.000000000000000000, -0.000000000000000000, 1.000000000000000000 ) ) ;
#1129 = LINE ( 'NONE', #347, #23 ) ;
#1130 = ORIENTED_EDGE ( 'NONE', *, *, #789, .F. ) ;
#1131 = PLANE ( 'NONE',  #1229 ) ;
#1132 = DIRECTION ( 'NONE',  ( -0.000000000000000000, -0.000000000000000000, 1.000000000000000000 ) ) ;
#1133 = PLANE ( 'NONE',  #1219 ) ;
#1134 = EDGE_CURVE ( 'NONE', #680, #888, #889, .T. ) ;
#1135 = ORIENTED_EDGE ( 'NONE', *, *, #1126, .T. ) ;
#1136 = FACE_OUTER_BOUND ( 'NONE', #790, .T. ) ;
#1137 = ADVANCED_FACE ( 'NONE', ( #1581, #593 ), #1131, .F. ) ;
#1138 = DIRECTION ( 'NONE',  ( 0.000000000000000000, -0.000000000000000000, 1.000000000000000000 ) ) ;
#1139 = ORIENTED_EDGE ( 'NONE', *, *, #879, .T. ) ;
#1140 = AXIS2_PLACEMENT_3D ( 'NONE', #57, #754, #1723 ) ;
#1141 = AXIS2_PLACEMENT_3D ( 'NONE', #340, #900, #1452 ) ;
#1142 = ORIENTED_EDGE ( 'NONE', *, *, #1107, .T. ) ;
#1143 = PLANE ( 'NONE',  #1672 ) ;
#1144 = FACE_OUTER_BOUND ( 'NONE', #82, .T. ) ;
#1145 = DIRECTION ( 'NONE',  ( -1.000000000000000000, 0.000000000000000000, 0.000000000000000000 ) ) ;
#1146 = CARTESIAN_POINT ( 'NONE',  ( 17.14499999999999957, 0.000000000000000000, 2.349999999999999645 ) ) ;
#1147 = CIRCLE ( 'NONE', #1470, 1.500000000000001332 ) ;
#1148 = LINE ( 'NONE', #314, #1447 ) ;
#1149 = ORIENTED_EDGE ( 'NONE', *, *, #897, .T. ) ;
#1150 = EDGE_LOOP ( 'NONE', ( #1023, #902, #1648, #1622 ) ) ;
#1151 = CARTESIAN_POINT ( 'NONE',  ( 3.174999999999999822, 5.129369478795615223, 6.349999999999999645 ) ) ;
#1152 = ADVANCED_FACE ( 'NONE', ( #475 ), #871, .F. ) ;
#1153 = ORIENTED_EDGE ( 'NONE', *, *, #435, .T. ) ;
#1154 = LINE ( 'NONE', #1708, #723 ) ;
#1155 = DIRECTION ( 'NONE',  ( 1.000000000000000000, 0.000000000000000000, 0.000000000000000000 ) ) ;
#1156 = DIRECTION ( 'NONE',  ( 1.000000000000000000, 0.000000000000000000, 0.000000000000000000 ) ) ;
#1157 = EDGE_LOOP ( 'NONE', ( #806, #1413, #1621, #44, #1012, #1548, #568, #579, #316, #914, #145, #179 ) ) ;
#1158 = DIRECTION ( 'NONE',  ( 1.000000000000000000, -1.156482317317870344E-15, 0.000000000000000000 ) ) ;
#1159 = EDGE_CURVE ( 'NONE', #1068, #198, #164, .T. ) ;
#1160 = DIRECTION ( 'NONE',  ( 0.000000000000000000, 0.000000000000000000, -1.000000000000000000 ) ) ;
#1161 = CIRCLE ( 'NONE', #703, 1.500000000000001332 ) ;
#1162 = ADVANCED_FACE ( 'NONE', ( #174 ), #1143, .F. ) ;
#1163 = ORIENTED_EDGE ( 'NONE', *, *, #1541, .F. ) ;
#1164 = CARTESIAN_POINT ( 'NONE',  ( -4.500000000000000888, -4.630071008071724670, -21.55000000000000071 ) ) ;
#1165 = AXIS2_PLACEMENT_3D ( 'NONE', #345, #1734, #353 ) ;
#1166 = CARTESIAN_POINT ( 'NONE',  ( -2.100000000000000089, 0.000000000000000000, -20.04999999999999716 ) ) ;
#1167 = EDGE_CURVE ( 'NONE', #292, #812, #37, .T. ) ;
#1168 = VERTEX_POINT ( 'NONE', #459 ) ;
#1169 = PLANE ( 'NONE',  #1165 ) ;
#1170 = DIRECTION ( 'NONE',  ( -1.000000000000000000, -0.000000000000000000, -0.000000000000000000 ) ) ;
#1171 = AXIS2_PLACEMENT_3D ( 'NONE', #986, #148, #1561 ) ;
#1172 = EDGE_LOOP ( 'NONE', ( #1732, #1631 ) ) ;
#1173 = ORIENTED_EDGE ( 'NONE', *, *, #576, .F. ) ;
#1174 = CYLINDRICAL_SURFACE ( 'NONE', #1529, 0.7500000000000006661 ) ;
#1175 = ADVANCED_FACE ( 'NONE', ( #881 ), #182, .T. ) ;
#1176 = ORIENTED_EDGE ( 'NONE', *, *, #1049, .T. ) ;
#1177 = PRODUCT_DEFINITION ( 'UNKNOWN', '', #272, #1514 ) ;
#1178 = AXIS2_PLACEMENT_3D ( 'NONE', #1181, #611, #913 ) ;
#1179 = EDGE_CURVE ( 'NONE', #425, #800, #458, .T. ) ;
#1180 = CARTESIAN_POINT ( 'NONE',  ( 17.60066469989105897, -2.498793645196256463, 2.349999999999999645 ) ) ;
#1181 = CARTESIAN_POINT ( 'NONE',  ( 4.500000000000000888, -4.630071008071724670, -21.55000000000000071 ) ) ;
#1182 = VERTEX_POINT ( 'NONE', #1468 ) ;
#1183 = VERTEX_POINT ( 'NONE', #210 ) ;
#1184 = EDGE_CURVE ( 'NONE', #1029, #1006, #1683, .T. ) ;
#1185 = VERTEX_POINT ( 'NONE', #1411 ) ;
#1186 = LINE ( 'NONE', #1084, #648 ) ;
#1187 = LINE ( 'NONE', #1048, #51 ) ;
#1188 = EDGE_CURVE ( 'NONE', #1748, #1756, #30, .T. ) ;
#1189 = AXIS2_PLACEMENT_3D ( 'NONE', #125, #263, #694 ) ;
#1190 = ORIENTED_EDGE ( 'NONE', *, *, #1632, .T. ) ;
#1191 = VERTEX_POINT ( 'NONE', #573 ) ;
#1192 = DIRECTION ( 'NONE',  ( 0.000000000000000000, -1.000000000000000000, 0.000000000000000000 ) ) ;
#1193 = CIRCLE ( 'NONE', #1221, 2.540000000000000480 ) ;
#1194 = ORIENTED_EDGE ( 'NONE', *, *, #816, .T. ) ;
#1195 = DIRECTION ( 'NONE',  ( -1.000000000000000000, 0.000000000000000000, 0.000000000000000000 ) ) ;
#1196 = ORIENTED_EDGE ( 'NONE', *, *, #1711, .F. ) ;
#1197 = CARTESIAN_POINT ( 'NONE',  ( -36.21900000000000119, 8.024999999999998579, 0.000000000000000000 ) ) ;
#1198 = CIRCLE ( 'NONE', #1377, 1.270000000000003793 ) ;
#1199 = ORIENTED_EDGE ( 'NONE', *, *, #1595, .T. ) ;
#1200 = ORIENTED_EDGE ( 'NONE', *, *, #623, .F. ) ;
#1201 = VECTOR ( 'NONE', #863, 1000.000000000000000 ) ;
#1202 = EDGE_CURVE ( 'NONE', #235, #1079, #1266, .T. ) ;
#1203 = EDGE_CURVE ( 'NONE', #1443, #483, #820, .T. ) ;
#1204 = CARTESIAN_POINT ( 'NONE',  ( 0.000000000000000000, 9.524999999999998579, 0.000000000000000000 ) ) ;
#1205 = ORIENTED_EDGE ( 'NONE', *, *, #1301, .F. ) ;
#1206 = CARTESIAN_POINT ( 'NONE',  ( 3.174999999999999822, -5.129369478795615223, 2.349999999999999645 ) ) ;
#1207 = ORIENTED_EDGE ( 'NONE', *, *, #78, .T. ) ;
#1208 = EDGE_CURVE ( 'NONE', #287, #292, #1241, .T. ) ;
#1209 = ORIENTED_EDGE ( 'NONE', *, *, #660, .T. ) ;
#1210 = DIRECTION ( 'NONE',  ( 1.000000000000000000, 0.000000000000000000, 0.000000000000000000 ) ) ;
#1211 = CARTESIAN_POINT ( 'NONE',  ( -36.21900000000000119, -8.349999999999999645, -19.05000000000000071 ) ) ;
#1212 = DIRECTION ( 'NONE',  ( -0.000000000000000000, -0.000000000000000000, -1.000000000000000000 ) ) ;
#1213 = SPHERICAL_SURFACE ( 'NONE', #1728, 0.5000000000000000000 ) ;
#1214 = ORIENTED_EDGE ( 'NONE', *, *, #815, .T. ) ;
#1215 = CARTESIAN_POINT ( 'NONE',  ( -33.04400000000000404, 4.850000000000000533, -19.05000000000000071 ) ) ;
#1216 = AXIS2_PLACEMENT_3D ( 'NONE', #1458, #1014, #486 ) ;
#1217 = PLANE ( 'NONE',  #1659 ) ;
#1218 = LINE ( 'NONE', #540, #270 ) ;
#1219 = AXIS2_PLACEMENT_3D ( 'NONE', #1091, #1239, #275 ) ;
#1220 = CARTESIAN_POINT ( 'NONE',  ( 0.000000000000000000, 0.000000000000000000, -22.05000000000000071 ) ) ;
#1221 = AXIS2_PLACEMENT_3D ( 'NONE', #1146, #744, #1706 ) ;
#1222 = VERTEX_POINT ( 'NONE', #832 ) ;
#1223 = CARTESIAN_POINT ( 'NONE',  ( -3.174999999999964295, -5.129369478795615223, 2.349999999999999645 ) ) ;
#1224 = CARTESIAN_POINT ( 'NONE',  ( 17.60066469989105897, 2.498793645196256463, 2.349999999999999645 ) ) ;
#1225 = ORIENTED_EDGE ( 'NONE', *, *, #1595, .F. ) ;
#1226 = CARTESIAN_POINT ( 'NONE',  ( -5.000000000000000000, -5.130071008071724670, -22.05000000000000071 ) ) ;
#1227 = EDGE_CURVE ( 'NONE', #139, #1222, #144, .T. ) ;
#1228 = AXIS2_PLACEMENT_3D ( 'NONE', #1359, #98, #108 ) ;
#1229 = AXIS2_PLACEMENT_3D ( 'NONE', #1690, #1564, #308 ) ;
#1230 = CARTESIAN_POINT ( 'NONE',  ( 14.60500000000000043, 0.000000000000000000, -19.05000000000000426 ) ) ;
#1231 = CARTESIAN_POINT ( 'NONE',  ( 13.33499999999999908, 0.000000000000000000, -19.05000000000000426 ) ) ;
#1232 = ORIENTED_EDGE ( 'NONE', *, *, #172, .T. ) ;
#1233 = LINE ( 'NONE', #1223, #220 ) ;
#1234 = PLANE ( 'NONE',  #1530 ) ;
#1235 = ORIENTED_EDGE ( 'NONE', *, *, #1188, .T. ) ;
#1236 = DIRECTION ( 'NONE',  ( -0.9837770256678171066, 0.1793955511382126500, -0.000000000000000000 ) ) ;
#1237 = AXIS2_PLACEMENT_3D ( 'NONE', #1351, #677, #805 ) ;
#1238 = DIRECTION ( 'NONE',  ( -0.000000000000000000, -0.000000000000000000, 1.000000000000000000 ) ) ;
#1239 = DIRECTION ( 'NONE',  ( 0.000000000000000000, 0.000000000000000000, 1.000000000000000000 ) ) ;
#1240 = EDGE_CURVE ( 'NONE', #248, #1492, #311, .T. ) ;
#1241 = LINE ( 'NONE', #1663, #213 ) ;
#1242 = ORIENTED_EDGE ( 'NONE', *, *, #1227, .F. ) ;
#1243 = DIRECTION ( 'NONE',  ( -1.000000000000000000, 0.000000000000000000, 0.000000000000000000 ) ) ;
#1244 = FACE_OUTER_BOUND ( 'NONE', #112, .T. ) ;
#1245 = ORIENTED_EDGE ( 'NONE', *, *, #25, .F. ) ;
#1246 = LINE ( 'NONE', #1, #676 ) ;
#1247 = ORIENTED_EDGE ( 'NONE', *, *, #1637, .T. ) ;
#1248 = AXIS2_PLACEMENT_3D ( 'NONE', #1286, #1559, #1280 ) ;
#1249 = CIRCLE ( 'NONE', #410, 1.500000000000001332 ) ;
#1250 = CARTESIAN_POINT ( 'NONE',  ( 4.500000000000000888, -4.630071008071724670, -21.55000000000000071 ) ) ;
#1251 = EDGE_LOOP ( 'NONE', ( #1034, #295, #966, #925, #181, #870, #1498, #501, #720 ) ) ;
#1252 = DIRECTION ( 'NONE',  ( -0.000000000000000000, -0.000000000000000000, -1.000000000000000000 ) ) ;
#1253 =( NAMED_UNIT ( * ) SI_UNIT ( $, .STERADIAN. ) SOLID_ANGLE_UNIT ( ) );
#1254 = CARTESIAN_POINT ( 'NONE',  ( 17.60066469989105897, -2.498793645196256463, 6.349999999999999645 ) ) ;
#1255 = EDGE_LOOP ( 'NONE', ( #979, #655 ) ) ;
#1256 = LINE ( 'NONE', #682, #1720 ) ;
#1257 = DIRECTION ( 'NONE',  ( -0.000000000000000000, -0.000000000000000000, -1.000000000000000000 ) ) ;
#1258 = VERTEX_POINT ( 'NONE', #452 ) ;
#1259 = VECTOR ( 'NONE', #1041, 1000.000000000000000 ) ;
#1260 = EDGE_CURVE ( 'NONE', #67, #888, #874, .T. ) ;
#1261 = LINE ( 'NONE', #1082, #1740 ) ;
#1262 = FACE_OUTER_BOUND ( 'NONE', #1333, .T. ) ;
#1263 = CARTESIAN_POINT ( 'NONE',  ( 12.06499999999999950, 1.555301434917141046E-16, -1.174999999999998934 ) ) ;
#1264 = APPLICATION_PROTOCOL_DEFINITION ( 'draft international standard', 'automotive_design', 1998, #590 ) ;
#1265 = AXIS2_PLACEMENT_3D ( 'NONE', #994, #710, #1584 ) ;
#1266 = LINE ( 'NONE', #1009, #802 ) ;
#1267 = EDGE_LOOP ( 'NONE', ( #1309, #1428, #1537, #770, #1290, #186, #1153, #896, #1279, #457, #1639, #1283 ) ) ;
#1268 = DIRECTION ( 'NONE',  ( 1.000000000000000000, 0.000000000000000000, 0.000000000000000000 ) ) ;
#1269 = DIRECTION ( 'NONE',  ( 1.000000000000000000, 0.000000000000000000, 0.000000000000000000 ) ) ;
#1270 = ADVANCED_FACE ( 'NONE', ( #840 ), #1792, .T. ) ;
#1271 = FACE_OUTER_BOUND ( 'NONE', #365, .T. ) ;
#1272 = ORIENTED_EDGE ( 'NONE', *, *, #237, .T. ) ;
#1273 = VERTEX_POINT ( 'NONE', #1396 ) ;
#1274 = CIRCLE ( 'NONE', #1178, 0.5000000000000004441 ) ;
#1275 = EDGE_CURVE ( 'NONE', #918, #713, #1111, .T. ) ;
#1276 = CARTESIAN_POINT ( 'NONE',  ( 3.174999999999999822, 5.129369478795615223, 2.349999999999999645 ) ) ;
#1277 = CARTESIAN_POINT ( 'NONE',  ( 22.86000000000000654, 8.024999999999998579, -1.174999999999999822 ) ) ;
#1278 = CARTESIAN_POINT ( 'NONE',  ( -27.54400000000000759, 9.525000000000012790, -12.91249999999999964 ) ) ;
#1279 = ORIENTED_EDGE ( 'NONE', *, *, #582, .F. ) ;
#1280 = DIRECTION ( 'NONE',  ( 1.000000000000000000, 0.000000000000000000, 0.000000000000000000 ) ) ;
#1281 = DIRECTION ( 'NONE',  ( 1.000000000000000000, 0.000000000000000000, -0.000000000000000000 ) ) ;
#1282 = ORIENTED_EDGE ( 'NONE', *, *, #897, .F. ) ;
#1283 = ORIENTED_EDGE ( 'NONE', *, *, #789, .T. ) ;
#1284 = DIRECTION ( 'NONE',  ( 0.000000000000000000, 0.000000000000000000, 1.000000000000000000 ) ) ;
#1285 = CYLINDRICAL_SURFACE ( 'NONE', #503, 1.500000000000001332 ) ;
#1286 = CARTESIAN_POINT ( 'NONE',  ( 4.500000000000000888, -4.630071008071724670, -19.05000000000000071 ) ) ;
#1287 = CARTESIAN_POINT ( 'NONE',  ( 3.174999999999993605, -5.129369478795608117, 6.349999999999999645 ) ) ;
#1288 = VERTEX_POINT ( 'NONE', #1224 ) ;
#1289 = CIRCLE ( 'NONE', #332, 1.799999999999999600 ) ;
#1290 = ORIENTED_EDGE ( 'NONE', *, *, #1167, .F. ) ;
#1291 = DIRECTION ( 'NONE',  ( 0.000000000000000000, 0.000000000000000000, -1.000000000000000000 ) ) ;
#1292 = AXIS2_PLACEMENT_3D ( 'NONE', #1527, #250, #961 ) ;
#1293 = VECTOR ( 'NONE', #1513, 1000.000000000000000 ) ;
#1294 = PLANE ( 'NONE',  #742 ) ;
#1295 = DIRECTION ( 'NONE',  ( 0.000000000000000000, 0.000000000000000000, 1.000000000000000000 ) ) ;
#1296 = AXIS2_PLACEMENT_3D ( 'NONE', #1382, #693, #106 ) ;
#1297 = ADVANCED_FACE ( 'NONE', ( #104 ), #690, .F. ) ;
#1298 = VERTEX_POINT ( 'NONE', #942 ) ;
#1299 = DIRECTION ( 'NONE',  ( 0.000000000000000000, 0.000000000000000000, 1.000000000000000000 ) ) ;
#1300 = CARTESIAN_POINT ( 'NONE',  ( 5.000000000000000000, 6.350000000000000533, -22.05000000000000071 ) ) ;
#1301 = EDGE_CURVE ( 'NONE', #864, #1748, #1110, .T. ) ;
#1302 = CARTESIAN_POINT ( 'NONE',  ( -5.749999999999998224, 6.349999999999999645, -19.05000000000000071 ) ) ;
#1303 = CARTESIAN_POINT ( 'NONE',  ( 21.36000000000000298, 9.524999999999998579, 6.349999999999999645 ) ) ;
#1304 = ORIENTED_EDGE ( 'NONE', *, *, #1202, .T. ) ;
#1305 = DIRECTION ( 'NONE',  ( 1.000000000000000000, 0.000000000000000000, 0.000000000000000000 ) ) ;
#1306 = EDGE_CURVE ( 'NONE', #771, #1679, #100, .T. ) ;
#1307 = CARTESIAN_POINT ( 'NONE',  ( 22.86000000000000654, 6.349999999999999645, -19.05000000000000071 ) ) ;
#1308 = CIRCLE ( 'NONE', #993, 0.5000000000000004441 ) ;
#1309 = ORIENTED_EDGE ( 'NONE', *, *, #620, .F. ) ;
#1310 = ORIENTED_EDGE ( 'NONE', *, *, #699, .T. ) ;
#1311 = VECTOR ( 'NONE', #830, 1000.000000000000000 ) ;
#1312 = DIRECTION ( 'NONE',  ( 0.9837770256678171066, 0.1793955511382126500, 0.000000000000000000 ) ) ;
#1313 = DIRECTION ( 'NONE',  ( -0.000000000000000000, -0.000000000000000000, -1.000000000000000000 ) ) ;
#1314 = VECTOR ( 'NONE', #1687, 1000.000000000000000 ) ;
#1315 = CARTESIAN_POINT ( 'NONE',  ( 0.000000000000000000, 0.000000000000000000, -22.05000000000000071 ) ) ;
#1316 = ADVANCED_FACE ( 'NONE', ( #1244 ), #1234, .F. ) ;
#1317 = DIRECTION ( 'NONE',  ( 1.000000000000000000, 0.000000000000000000, -0.000000000000000000 ) ) ;
#1318 = CARTESIAN_POINT ( 'NONE',  ( 4.500000000000000888, 0.000000000000000000, -21.55000000000000071 ) ) ;
#1319 = VECTOR ( 'NONE', #697, 1000.000000000000000 ) ;
#1320 = VERTEX_POINT ( 'NONE', #390 ) ;
#1321 = ORIENTED_EDGE ( 'NONE', *, *, #557, .T. ) ;
#1322 = LINE ( 'NONE', #77, #745 ) ;
#1323 = EDGE_CURVE ( 'NONE', #1079, #79, #945, .T. ) ;
#1324 = EDGE_CURVE ( 'NONE', #812, #855, #1502, .T. ) ;
#1325 = ORIENTED_EDGE ( 'NONE', *, *, #949, .F. ) ;
#1326 = DIRECTION ( 'NONE',  ( -1.000000000000000000, 0.000000000000000000, 0.000000000000000000 ) ) ;
#1327 = DIRECTION ( 'NONE',  ( 0.000000000000000000, 0.000000000000000000, 1.000000000000000000 ) ) ;
#1328 = DIRECTION ( 'NONE',  ( -0.000000000000000000, -0.000000000000000000, -1.000000000000000000 ) ) ;
#1329 = VERTEX_POINT ( 'NONE', #280 ) ;
#1330 = ORIENTED_EDGE ( 'NONE', *, *, #668, .F. ) ;
#1331 = DIRECTION ( 'NONE',  ( 0.000000000000000000, 0.000000000000000000, 1.000000000000000000 ) ) ;
#1332 = LINE ( 'NONE', #1300, #236 ) ;
#1333 = EDGE_LOOP ( 'NONE', ( #1475, #1404, #260, #1232 ) ) ;
#1334 = LINE ( 'NONE', #519, #1703 ) ;
#1335 = CARTESIAN_POINT ( 'NONE',  ( -5.000000000000000000, -5.130071008071724670, -19.80000000000000071 ) ) ;
#1336 = FACE_OUTER_BOUND ( 'NONE', #423, .T. ) ;
#1337 = ORIENTED_EDGE ( 'NONE', *, *, #1495, .T. ) ;
#1338 = AXIS2_PLACEMENT_3D ( 'NONE', #33, #575, #1794 ) ;
#1339 = PRODUCT_RELATED_PRODUCT_CATEGORY ( 'part', '', ( #1764 ) ) ;
#1340 = DIRECTION ( 'NONE',  ( -0.000000000000000000, -0.000000000000000000, 1.000000000000000000 ) ) ;
#1341 = CIRCLE ( 'NONE', #562, 1.500000000000001332 ) ;
#1342 = ORIENTED_EDGE ( 'NONE', *, *, #1439, .F. ) ;
#1343 = ORIENTED_EDGE ( 'NONE', *, *, #588, .T. ) ;
#1344 = DIRECTION ( 'NONE',  ( -0.000000000000000000, -0.000000000000000000, -1.000000000000000000 ) ) ;
#1345 = CARTESIAN_POINT ( 'NONE',  ( -17.54400000000000404, 9.525000000000012790, -9.312500000000001776 ) ) ;
#1346 = EDGE_CURVE ( 'NONE', #812, #923, #1354, .T. ) ;
#1347 = DIRECTION ( 'NONE',  ( -0.000000000000000000, -0.000000000000000000, -1.000000000000000000 ) ) ;
#1348 = CARTESIAN_POINT ( 'NONE',  ( 0.000000000000000000, -4.630071008071724670, -22.05000000000000071 ) ) ;
#1349 = DIRECTION ( 'NONE',  ( 0.000000000000000000, 0.000000000000000000, -1.000000000000000000 ) ) ;
#1350 = ORIENTED_EDGE ( 'NONE', *, *, #927, .T. ) ;
#1351 = CARTESIAN_POINT ( 'NONE',  ( 0.000000000000000000, -4.630071008071724670, -21.55000000000000071 ) ) ;
#1352 = AXIS2_PLACEMENT_3D ( 'NONE', #1566, #1408, #309 ) ;
#1353 = ORIENTED_EDGE ( 'NONE', *, *, #1446, .F. ) ;
#1354 = LINE ( 'NONE', #662, #749 ) ;
#1355 = ORIENTED_EDGE ( 'NONE', *, *, #403, .T. ) ;
#1356 = AXIS2_PLACEMENT_3D ( 'NONE', #318, #1299, #52 ) ;
#1357 = ADVANCED_FACE ( 'NONE', ( #1647 ), #1213, .T. ) ;
#1358 = DIRECTION ( 'NONE',  ( -2.185478394931410575E-16, -1.000000000000000000, 0.000000000000000000 ) ) ;
#1359 = CARTESIAN_POINT ( 'NONE',  ( -4.500000000000000888, -4.630071008071724670, -22.05000000000000071 ) ) ;
#1360 = DIRECTION ( 'NONE',  ( 0.000000000000000000, 0.000000000000000000, 1.000000000000000000 ) ) ;
#1361 = FACE_OUTER_BOUND ( 'NONE', #1401, .T. ) ;
#1362 = CIRCLE ( 'NONE', #1596, 1.500000000000001332 ) ;
#1363 = ORIENTED_EDGE ( 'NONE', *, *, #627, .F. ) ;
#1364 = DIRECTION ( 'NONE',  ( -1.000000000000000000, 0.000000000000000000, 0.000000000000000000 ) ) ;
#1365 = CARTESIAN_POINT ( 'NONE',  ( -36.21900000000000119, -8.349999999999999645, -19.05000000000000071 ) ) ;
#1366 = LINE ( 'NONE', #1348, #211 ) ;
#1367 = FACE_OUTER_BOUND ( 'NONE', #962, .T. ) ;
#1368 = ORIENTED_EDGE ( 'NONE', *, *, #576, .T. ) ;
#1369 = CYLINDRICAL_SURFACE ( 'NONE', #1063, 0.7500000000000006661 ) ;
#1370 = EDGE_CURVE ( 'NONE', #235, #21, #669, .T. ) ;
#1371 = DIRECTION ( 'NONE',  ( 0.000000000000000000, -1.000000000000000000, 0.000000000000000000 ) ) ;
#1372 = ORIENTED_EDGE ( 'NONE', *, *, #1691, .F. ) ;
#1373 = LINE ( 'NONE', #261, #129 ) ;
#1374 = CARTESIAN_POINT ( 'NONE',  ( 14.60500000000000043, 0.000000000000000000, -1.174999999999998934 ) ) ;
#1375 = PLANE ( 'NONE',  #1589 ) ;
#1376 = DIRECTION ( 'NONE',  ( 0.000000000000000000, 0.000000000000000000, 1.000000000000000000 ) ) ;
#1377 = AXIS2_PLACEMENT_3D ( 'NONE', #283, #1257, #190 ) ;
#1378 = AXIS2_PLACEMENT_3D ( 'NONE', #498, #644, #1195 ) ;
#1379 = FACE_OUTER_BOUND ( 'NONE', #1736, .T. ) ;
#1380 = ORIENTED_EDGE ( 'NONE', *, *, #847, .T. ) ;
#1381 = LINE ( 'NONE', #1211, #1565 ) ;
#1382 = CARTESIAN_POINT ( 'NONE',  ( 17.14499999999999957, 0.000000000000000000, 6.349999999999999645 ) ) ;
#1383 = ORIENTED_EDGE ( 'NONE', *, *, #107, .T. ) ;
#1384 = VECTOR ( 'NONE', #497, 1000.000000000000000 ) ;
#1385 = FACE_OUTER_BOUND ( 'NONE', #1737, .T. ) ;
#1386 = DIRECTION ( 'NONE',  ( 0.000000000000000000, 0.000000000000000000, -1.000000000000000000 ) ) ;
#1387 = DIRECTION ( 'NONE',  ( 1.000000000000000000, 0.000000000000000000, 0.000000000000000000 ) ) ;
#1388 = DIRECTION ( 'NONE',  ( -0.000000000000000000, -0.000000000000000000, 1.000000000000000000 ) ) ;
#1389 = ADVANCED_FACE ( 'NONE', ( #259 ), #12, .F. ) ;
#1390 = ORIENTED_EDGE ( 'NONE', *, *, #1203, .F. ) ;
#1391 = DIRECTION ( 'NONE',  ( 0.000000000000000000, 0.000000000000000000, -1.000000000000000000 ) ) ;
#1392 = ORIENTED_EDGE ( 'NONE', *, *, #1666, .F. ) ;
#1393 = CYLINDRICAL_SURFACE ( 'NONE', #1069, 1.270000000000000240 ) ;
#1394 = FILL_AREA_STYLE_COLOUR ( '', #884 ) ;
#1395 = DIRECTION ( 'NONE',  ( 0.000000000000000000, -0.000000000000000000, 1.000000000000000000 ) ) ;
#1396 = CARTESIAN_POINT ( 'NONE',  ( -34.54400000000000404, -6.850000000000000533, -1.174999999999999822 ) ) ;
#1397 = ORIENTED_EDGE ( 'NONE', *, *, #816, .F. ) ;
#1398 = CARTESIAN_POINT ( 'NONE',  ( 13.33499999999999908, 0.000000000000000000, 2.349999999999999645 ) ) ;
#1399 = EDGE_CURVE ( 'NONE', #1580, #855, #1148, .T. ) ;
#1400 = DIRECTION ( 'NONE',  ( 0.000000000000000000, 0.000000000000000000, 1.000000000000000000 ) ) ;
#1401 = EDGE_LOOP ( 'NONE', ( #638, #1606, #445, #1709 ) ) ;
#1402 = DIRECTION ( 'NONE',  ( -0.000000000000000000, -1.000000000000000000, -0.000000000000000000 ) ) ;
#1403 = VECTOR ( 'NONE', #797, 1000.000000000000000 ) ;
#1404 = ORIENTED_EDGE ( 'NONE', *, *, #1240, .F. ) ;
#1405 = AXIS2_PLACEMENT_3D ( 'NONE', #424, #1252, #1145 ) ;
#1406 = DIRECTION ( 'NONE',  ( 0.000000000000000000, 0.000000000000000000, 1.000000000000000000 ) ) ;
#1407 = CIRCLE ( 'NONE', #936, 1.500000000000001332 ) ;
#1408 = DIRECTION ( 'NONE',  ( 1.000000000000000000, 0.000000000000000000, 0.000000000000000000 ) ) ;
#1409 = EDGE_CURVE ( 'NONE', #1039, #702, #338, .T. ) ;
#1410 = DIRECTION ( 'NONE',  ( -0.9837770256678169956, -0.1793955511382128998, 0.000000000000000000 ) ) ;
#1411 = CARTESIAN_POINT ( 'NONE',  ( 17.85999999999999943, 7.849999999999997868, -1.174999999999998934 ) ) ;
#1412 = EDGE_LOOP ( 'NONE', ( #1050, #1325, #312, #1689 ) ) ;
#1413 = ORIENTED_EDGE ( 'NONE', *, *, #1179, .T. ) ;
#1414 = CARTESIAN_POINT ( 'NONE',  ( 5.000000000000000000, 9.525000000000012790, -21.55000000000000071 ) ) ;
#1415 = LINE ( 'NONE', #609, #1782 ) ;
#1416 = EDGE_LOOP ( 'NONE', ( #253, #1450, #1245, #1321 ) ) ;
#1417 = ADVANCED_FACE ( 'NONE', ( #1115 ), #578, .F. ) ;
#1418 = ORIENTED_EDGE ( 'NONE', *, *, #53, .T. ) ;
#1419 = DIRECTION ( 'NONE',  ( 0.000000000000000000, 0.000000000000000000, -1.000000000000000000 ) ) ;
#1420 = EDGE_CURVE ( 'NONE', #495, #447, #241, .T. ) ;
#1421 = CYLINDRICAL_SURFACE ( 'NONE', #1352, 0.5000000000000004441 ) ;
#1422 = CARTESIAN_POINT ( 'NONE',  ( -34.54400000000000404, -6.850000000000000533, -19.05000000000000071 ) ) ;
#1423 = AXIS2_PLACEMENT_3D ( 'NONE', #793, #1347, #911 ) ;
#1424 = ORIENTED_EDGE ( 'NONE', *, *, #1202, .F. ) ;
#1425 = DIRECTION ( 'NONE',  ( 0.000000000000000000, 0.000000000000000000, -1.000000000000000000 ) ) ;
#1426 = PLANE ( 'NONE',  #65 ) ;
#1427 = ORIENTED_EDGE ( 'NONE', *, *, #221, .F. ) ;
#1428 = ORIENTED_EDGE ( 'NONE', *, *, #481, .T. ) ;
#1429 = CIRCLE ( 'NONE', #315, 6.032499999999990870 ) ;
#1430 = DIRECTION ( 'NONE',  ( -0.000000000000000000, -0.000000000000000000, 1.000000000000000000 ) ) ;
#1431 = DIRECTION ( 'NONE',  ( -0.000000000000000000, -0.000000000000000000, -1.000000000000000000 ) ) ;
#1432 = DIRECTION ( 'NONE',  ( -0.000000000000000000, -0.000000000000000000, 1.000000000000000000 ) ) ;
#1433 = ORIENTED_EDGE ( 'NONE', *, *, #14, .T. ) ;
#1434 = CARTESIAN_POINT ( 'NONE',  ( -17.54400000000000404, 9.525000000000012790, -11.11250000000000071 ) ) ;
#1435 = DIRECTION ( 'NONE',  ( 0.000000000000000000, 1.000000000000000000, -0.000000000000000000 ) ) ;
#1436 = ORIENTED_EDGE ( 'NONE', *, *, #1511, .F. ) ;
#1437 = ORIENTED_EDGE ( 'NONE', *, *, #1461, .F. ) ;
#1438 = DIRECTION ( 'NONE',  ( -0.000000000000000000, -0.000000000000000000, 1.000000000000000000 ) ) ;
#1439 = EDGE_CURVE ( 'NONE', #248, #1588, #178, .T. ) ;
#1440 = FACE_BOUND ( 'NONE', #1255, .T. ) ;
#1441 = ORIENTED_EDGE ( 'NONE', *, *, #1467, .T. ) ;
#1442 = CIRCLE ( 'NONE', #970, 1.799999999999999600 ) ;
#1443 = VERTEX_POINT ( 'NONE', #732 ) ;
#1444 = CARTESIAN_POINT ( 'NONE',  ( -13.33499999999999908, 0.000000000000000000, -19.05000000000000426 ) ) ;
#1445 = VECTOR ( 'NONE', #1312, 1000.000000000000114 ) ;
#1446 = EDGE_CURVE ( 'NONE', #771, #79, #1415, .T. ) ;
#1447 = VECTOR ( 'NONE', #1435, 1000.000000000000000 ) ;
#1448 = CARTESIAN_POINT ( 'NONE',  ( 5.000000000000000000, -4.630071008071724670, -19.05000000000000071 ) ) ;
#1449 = PLANE ( 'NONE',  #1140 ) ;
#1450 = ORIENTED_EDGE ( 'NONE', *, *, #172, .F. ) ;
#1451 =( BOUNDED_CURVE ( )  B_SPLINE_CURVE ( 3, ( #1414, #431, #977, #269 ),
 .UNSPECIFIED., .F., .T. ) 
 B_SPLINE_CURVE_WITH_KNOTS ( ( 4, 4 ),
 ( 3.141592653589793116, 4.712388980384689674 ),
 .UNSPECIFIED. ) 
 CURVE ( )  GEOMETRIC_REPRESENTATION_ITEM ( )  RATIONAL_B_SPLINE_CURVE ( ( 1.000000000000000000, 0.8047378541243649375, 0.8047378541243649375, 1.000000000000000000 ) ) 
 REPRESENTATION_ITEM ( '' )  );
#1452 = DIRECTION ( 'NONE',  ( 0.000000000000000000, 0.000000000000000000, -1.000000000000000000 ) ) ;
#1453 = CYLINDRICAL_SURFACE ( 'NONE', #1646, 0.5000000000000004441 ) ;
#1454 = EDGE_LOOP ( 'NONE', ( #234, #617, #281, #1125 ) ) ;
#1455 = ORIENTED_EDGE ( 'NONE', *, *, #1159, .T. ) ;
#1456 = EDGE_CURVE ( 'NONE', #1768, #158, #1154, .T. ) ;
#1457 = DIRECTION ( 'NONE',  ( 0.000000000000000000, -0.000000000000000000, 1.000000000000000000 ) ) ;
#1458 = CARTESIAN_POINT ( 'NONE',  ( 0.000000000000000000, 0.000000000000000000, 6.349999999999999645 ) ) ;
#1459 = CARTESIAN_POINT ( 'NONE',  ( 5.000000000000000000, 6.349999999999999645, -18.30000000000000071 ) ) ;
#1460 = CIRCLE ( 'NONE', #908, 1.500000000000001332 ) ;
#1461 = EDGE_CURVE ( 'NONE', #1725, #1768, #1004, .T. ) ;
#1462 = VERTEX_POINT ( 'NONE', #1254 ) ;
#1463 = EDGE_CURVE ( 'NONE', #713, #425, #589, .T. ) ;
#1464 = ORIENTED_EDGE ( 'NONE', *, *, #1399, .T. ) ;
#1465 = AXIS2_PLACEMENT_3D ( 'NONE', #1546, #1791, #1693 ) ;
#1466 = AXIS2_PLACEMENT_3D ( 'NONE', #1220, #529, #1326 ) ;
#1467 = EDGE_CURVE ( 'NONE', #1185, #980, #738, .T. ) ;
#1468 = CARTESIAN_POINT ( 'NONE',  ( -34.54400000000000404, 4.850000000000000533, -19.05000000000000071 ) ) ;
#1469 = CARTESIAN_POINT ( 'NONE',  ( -37.71900000000000119, -6.850000000000000533, -19.05000000000000071 ) ) ;
#1470 = AXIS2_PLACEMENT_3D ( 'NONE', #1611, #1376, #1626 ) ;
#1471 = VECTOR ( 'NONE', #1438, 1000.000000000000000 ) ;
#1472 = ORIENTED_EDGE ( 'NONE', *, *, #143, .F. ) ;
#1473 = ORIENTED_EDGE ( 'NONE', *, *, #1240, .T. ) ;
#1474 = LINE ( 'NONE', #219, #297 ) ;
#1475 = ORIENTED_EDGE ( 'NONE', *, *, #351, .T. ) ;
#1476 = CARTESIAN_POINT ( 'NONE',  ( 17.60066469989106253, 2.498793645196256463, 6.349999999999999645 ) ) ;
#1477 = CARTESIAN_POINT ( 'NONE',  ( 22.86000000000000654, 8.024999999999998579, 6.349999999999999645 ) ) ;
#1478 = DIRECTION ( 'NONE',  ( 0.000000000000000000, 1.000000000000000000, 0.000000000000000000 ) ) ;
#1479 = VECTOR ( 'NONE', #753, 1000.000000000000000 ) ;
#1480 = DIRECTION ( 'NONE',  ( 0.000000000000000000, 1.000000000000000000, 0.000000000000000000 ) ) ;
#1481 = EDGE_LOOP ( 'NONE', ( #845, #491, #514, #434 ) ) ;
#1482 = DIRECTION ( 'NONE',  ( 1.000000000000000000, 0.000000000000000000, 0.000000000000000000 ) ) ;
#1483 = VERTEX_POINT ( 'NONE', #321 ) ;
#1484 = ORIENTED_EDGE ( 'NONE', *, *, #1598, .F. ) ;
#1485 = ORIENTED_EDGE ( 'NONE', *, *, #1167, .T. ) ;
#1486 = CARTESIAN_POINT ( 'NONE',  ( 22.86000000000000298, -8.349999999999999645, 6.349999999999999645 ) ) ;
#1487 = CARTESIAN_POINT ( 'NONE',  ( -17.14499999999999957, -2.220446049250313081E-13, 2.349999999999999645 ) ) ;
#1488 = AXIS2_PLACEMENT_3D ( 'NONE', #97, #947, #1358 ) ;
#1489 = DIRECTION ( 'NONE',  ( 1.000000000000000000, 0.000000000000000000, 0.000000000000000000 ) ) ;
#1490 = EDGE_CURVE ( 'NONE', #787, #928, #34, .T. ) ;
#1491 = ORIENTED_EDGE ( 'NONE', *, *, #303, .T. ) ;
#1492 = VERTEX_POINT ( 'NONE', #1287 ) ;
#1493 = FACE_OUTER_BOUND ( 'NONE', #581, .T. ) ;
#1494 = PLANE ( 'NONE',  #450 ) ;
#1495 = EDGE_CURVE ( 'NONE', #1563, #1781, #206, .T. ) ;
#1496 = CARTESIAN_POINT ( 'NONE',  ( 16.36000000000000298, 8.024999999999998579, 0.000000000000000000 ) ) ;
#1497 = DIRECTION ( 'NONE',  ( -1.000000000000000000, 0.000000000000000000, 0.000000000000000000 ) ) ;
#1498 = ORIENTED_EDGE ( 'NONE', *, *, #1495, .F. ) ;
#1499 = DIRECTION ( 'NONE',  ( 1.000000000000000000, 0.000000000000000000, 0.000000000000000000 ) ) ;
#1500 = DIRECTION ( 'NONE',  ( 0.000000000000000000, -1.000000000000000000, 0.000000000000000000 ) ) ;
#1501 = ORIENTED_EDGE ( 'NONE', *, *, #743, .T. ) ;
#1502 = CIRCLE ( 'NONE', #654, 0.7500000000000006661 ) ;
#1503 = CARTESIAN_POINT ( 'NONE',  ( -37.71900000000000119, 8.025000000000000355, -19.05000000000000071 ) ) ;
#1504 = FACE_BOUND ( 'NONE', #1617, .T. ) ;
#1505 = ADVANCED_FACE ( 'NONE', ( #1271, #22 ), #1426, .F. ) ;
#1506 = CARTESIAN_POINT ( 'NONE',  ( 17.86000000000000298, 8.024999999999996803, -1.174999999999998934 ) ) ;
#1507 = AXIS2_PLACEMENT_3D ( 'NONE', #470, #1743, #922 ) ;
#1508 = DIRECTION ( 'NONE',  ( -2.185478394931410575E-16, -1.000000000000000000, -0.000000000000000000 ) ) ;
#1509 = ORIENTED_EDGE ( 'NONE', *, *, #882, .F. ) ;
#1510 = DIRECTION ( 'NONE',  ( 1.000000000000000000, 0.000000000000000000, 0.000000000000000000 ) ) ;
#1511 = EDGE_CURVE ( 'NONE', #680, #1258, #455, .T. ) ;
#1512 = ORIENTED_EDGE ( 'NONE', *, *, #138, .T. ) ;
#1513 = DIRECTION ( 'NONE',  ( -0.000000000000000000, -0.000000000000000000, 1.000000000000000000 ) ) ;
#1514 = PRODUCT_DEFINITION_CONTEXT ( 'detailed design', #590, 'design' ) ;
#1515 = PRODUCT_DEFINITION_SHAPE ( 'NONE', 'NONE',  #1177 ) ;
#1516 = DIRECTION ( 'NONE',  ( -1.000000000000000000, 0.000000000000000000, 0.000000000000000000 ) ) ;
#1517 = DIRECTION ( 'NONE',  ( 1.000000000000000000, 0.000000000000000000, -0.000000000000000000 ) ) ;
#1518 = ORIENTED_EDGE ( 'NONE', *, *, #1598, .T. ) ;
#1519 = ADVANCED_FACE ( 'NONE', ( #1010 ), #1576, .F. ) ;
#1520 = DIRECTION ( 'NONE',  ( 0.000000000000000000, 0.000000000000000000, -1.000000000000000000 ) ) ;
#1521 = CIRCLE ( 'NONE', #792, 2.100000000000000089 ) ;
#1522 = ADVANCED_FACE ( 'NONE', ( #1440, #184, #747 ), #1294, .T. ) ;
#1523 = DIRECTION ( 'NONE',  ( 0.000000000000000000, -1.000000000000000000, 0.000000000000000000 ) ) ;
#1524 = CIRCLE ( 'NONE', #95, 0.5000000000000004441 ) ;
#1525 = VERTEX_POINT ( 'NONE', #1026 ) ;
#1526 = CARTESIAN_POINT ( 'NONE',  ( 0.000000000000000000, 0.000000000000000000, -20.04999999999999716 ) ) ;
#1527 = CARTESIAN_POINT ( 'NONE',  ( 5.750000000000000000, 0.000000000000000000, -19.80000000000000071 ) ) ;
#1528 = ORIENTED_EDGE ( 'NONE', *, *, #58, .F. ) ;
#1529 = AXIS2_PLACEMENT_3D ( 'NONE', #1602, #350, #907 ) ;
#1530 = AXIS2_PLACEMENT_3D ( 'NONE', #1206, #1786, #544 ) ;
#1531 = AXIS2_PLACEMENT_3D ( 'NONE', #402, #819, #919 ) ;
#1532 = CARTESIAN_POINT ( 'NONE',  ( 5.000000000000000000, 5.599999999999999645, -18.30000000000000071 ) ) ;
#1533 = CIRCLE ( 'NONE', #1296, 2.540000000000000480 ) ;
#1534 = CARTESIAN_POINT ( 'NONE',  ( -12.06499999999999595, 0.000000000000000000, -19.05000000000000426 ) ) ;
#1535 = DIRECTION ( 'NONE',  ( -0.000000000000000000, 1.000000000000000000, -0.000000000000000000 ) ) ;
#1536 = ORIENTED_EDGE ( 'NONE', *, *, #1007, .F. ) ;
#1537 = ORIENTED_EDGE ( 'NONE', *, *, #1542, .F. ) ;
#1538 = DIRECTION ( 'NONE',  ( -0.000000000000000000, -0.000000000000000000, 1.000000000000000000 ) ) ;
#1539 = ORIENTED_EDGE ( 'NONE', *, *, #687, .T. ) ;
#1540 = DIRECTION ( 'NONE',  ( 1.000000000000000000, -2.290857856322233139E-16, 0.000000000000000000 ) ) ;
#1541 = EDGE_CURVE ( 'NONE', #1112, #1563, #367, .T. ) ;
#1542 = EDGE_CURVE ( 'NONE', #855, #1725, #188, .T. ) ;
#1543 = ORIENTED_EDGE ( 'NONE', *, *, #608, .F. ) ;
#1544 =( LENGTH_UNIT ( ) NAMED_UNIT ( * ) SI_UNIT ( .MILLI., .METRE. ) );
#1545 = CARTESIAN_POINT ( 'NONE',  ( -12.06499999999999595, 0.000000000000000000, -1.174999999999998934 ) ) ;
#1546 = CARTESIAN_POINT ( 'NONE',  ( -13.33499999999999908, 0.000000000000000000, -1.174999999999998934 ) ) ;
#1547 = ADVANCED_FACE ( 'NONE', ( #224 ), #921, .T. ) ;
#1548 = ORIENTED_EDGE ( 'NONE', *, *, #714, .T. ) ;
#1549 = CARTESIAN_POINT ( 'NONE',  ( -2.100000000000000089, 0.000000000000000000, -22.05000000000000071 ) ) ;
#1550 = CARTESIAN_POINT ( 'NONE',  ( 5.000000000000000000, -5.130071008071724670, -21.55000000000000071 ) ) ;
#1551 = ORIENTED_EDGE ( 'NONE', *, *, #403, .F. ) ;
#1552 = EDGE_LOOP ( 'NONE', ( #552, #20, #1436, #1558 ) ) ;
#1553 = CARTESIAN_POINT ( 'NONE',  ( -5.000000000000000000, 6.350000000000000533, -19.80000000000000071 ) ) ;
#1554 = AXIS2_PLACEMENT_3D ( 'NONE', #1315, #1160, #70 ) ;
#1555 = FACE_OUTER_BOUND ( 'NONE', #1627, .T. ) ;
#1556 = LINE ( 'NONE', #862, #910 ) ;
#1557 = CARTESIAN_POINT ( 'NONE',  ( -5.000000000000000000, 9.524999999999998579, -21.84289321881345103 ) ) ;
#1558 = ORIENTED_EDGE ( 'NONE', *, *, #1134, .T. ) ;
#1559 = DIRECTION ( 'NONE',  ( 0.000000000000000000, -0.000000000000000000, 1.000000000000000000 ) ) ;
#1560 = CIRCLE ( 'NONE', #1770, 1.270000000000000240 ) ;
#1561 = DIRECTION ( 'NONE',  ( 1.000000000000000000, 2.312964634635740689E-15, 0.000000000000000000 ) ) ;
#1562 = ORIENTED_EDGE ( 'NONE', *, *, #866, .T. ) ;
#1563 = VERTEX_POINT ( 'NONE', #786 ) ;
#1564 = DIRECTION ( 'NONE',  ( 0.000000000000000000, 0.000000000000000000, -1.000000000000000000 ) ) ;
#1565 = VECTOR ( 'NONE', #366, 1000.000000000000000 ) ;
#1566 = CARTESIAN_POINT ( 'NONE',  ( 0.000000000000000000, 9.024999999999998579, -21.55000000000000071 ) ) ;
#1567 = CARTESIAN_POINT ( 'NONE',  ( 17.86000000000000298, 9.525000000000000355, -1.174999999999998934 ) ) ;
#1568 = AXIS2_PLACEMENT_3D ( 'NONE', #137, #978, #1638 ) ;
#1569 = ORIENTED_EDGE ( 'NONE', *, *, #1179, .F. ) ;
#1570 = FACE_OUTER_BOUND ( 'NONE', #1051, .T. ) ;
#1571 = ADVANCED_FACE ( 'NONE', ( #1336 ), #214, .F. ) ;
#1572 = DIRECTION ( 'NONE',  ( 0.000000000000000000, 0.000000000000000000, 1.000000000000000000 ) ) ;
#1573 = ORIENTED_EDGE ( 'NONE', *, *, #1227, .T. ) ;
#1574 = ORIENTED_EDGE ( 'NONE', *, *, #1624, .T. ) ;
#1575 = DIRECTION ( 'NONE',  ( 1.000000000000000000, 0.000000000000000000, 0.000000000000000000 ) ) ;
#1576 = CYLINDRICAL_SURFACE ( 'NONE', #1609, 1.500000000000001332 ) ;
#1577 = LINE ( 'NONE', #522, #484 ) ;
#1578 = CARTESIAN_POINT ( 'NONE',  ( 0.000000000000000000, 9.024999999999998579, -22.05000000000000071 ) ) ;
#1579 = EDGE_CURVE ( 'NONE', #16, #1756, #417, .T. ) ;
#1580 = VERTEX_POINT ( 'NONE', #759 ) ;
#1581 = FACE_BOUND ( 'NONE', #1251, .T. ) ;
#1582 = AXIS2_PLACEMENT_3D ( 'NONE', #1398, #564, #1676 ) ;
#1583 = AXIS2_PLACEMENT_3D ( 'NONE', #392, #849, #400 ) ;
#1584 = DIRECTION ( 'NONE',  ( 1.000000000000000000, 0.000000000000000000, 0.000000000000000000 ) ) ;
#1585 = FACE_OUTER_BOUND ( 'NONE', #90, .T. ) ;
#1586 = CARTESIAN_POINT ( 'NONE',  ( -3.175000000000028688, 5.129369478795607229, 2.349999999999999645 ) ) ;
#1587 = AXIS2_PLACEMENT_3D ( 'NONE', #161, #724, #42 ) ;
#1588 = VERTEX_POINT ( 'NONE', #1180 ) ;
#1589 = AXIS2_PLACEMENT_3D ( 'NONE', #223, #496, #1749 ) ;
#1590 = SPHERICAL_SURFACE ( 'NONE', #202, 0.5000000000000000000 ) ;
#1591 = AXIS2_PLACEMENT_3D ( 'NONE', #857, #291, #469 ) ;
#1592 = EDGE_CURVE ( 'NONE', #1756, #16, #1442, .T. ) ;
#1593 = CARTESIAN_POINT ( 'NONE',  ( -3.175000000000028688, 5.129369478795607229, 2.349999999999999645 ) ) ;
#1594 = ORIENTED_EDGE ( 'NONE', *, *, #32, .T. ) ;
#1595 = EDGE_CURVE ( 'NONE', #1273, #625, #1474, .T. ) ;
#1596 = AXIS2_PLACEMENT_3D ( 'NONE', #1599, #1085, #1628 ) ;
#1597 = DIRECTION ( 'NONE',  ( 0.000000000000000000, 0.000000000000000000, -1.000000000000000000 ) ) ;
#1598 = EDGE_CURVE ( 'NONE', #923, #21, #1332, .T. ) ;
#1599 = CARTESIAN_POINT ( 'NONE',  ( -36.21900000000000119, -6.850000000000000533, 6.349999999999999645 ) ) ;
#1600 = ORIENTED_EDGE ( 'NONE', *, *, #1446, .T. ) ;
#1601 = VERTEX_POINT ( 'NONE', #72 ) ;
#1602 = CARTESIAN_POINT ( 'NONE',  ( 0.000000000000000000, 5.599999999999999645, -18.30000000000000071 ) ) ;
#1603 = CARTESIAN_POINT ( 'NONE',  ( -17.54400000000000404, 9.525000000000012790, -11.11250000000000071 ) ) ;
#1604 = DIRECTION ( 'NONE',  ( -0.000000000000000000, -0.000000000000000000, 1.000000000000000000 ) ) ;
#1605 = DIRECTION ( 'NONE',  ( -0.000000000000000000, -0.000000000000000000, 1.000000000000000000 ) ) ;
#1606 = ORIENTED_EDGE ( 'NONE', *, *, #1134, .F. ) ;
#1607 = EDGE_LOOP ( 'NONE', ( #474, #322, #810, #854, #1207, #1464 ) ) ;
#1608 = VECTOR ( 'NONE', #420, 1000.000000000000000 ) ;
#1609 = AXIS2_PLACEMENT_3D ( 'NONE', #1005, #1572, #885 ) ;
#1610 = CARTESIAN_POINT ( 'NONE',  ( -3.174999999999964295, -5.129369478795615223, 6.349999999999999645 ) ) ;
#1611 = CARTESIAN_POINT ( 'NONE',  ( -36.04400000000000404, -6.850000000000000533, -1.174999999999999822 ) ) ;
#1612 = DIRECTION ( 'NONE',  ( -0.000000000000000000, -1.000000000000000000, -0.000000000000000000 ) ) ;
#1613 = AXIS2_PLACEMENT_3D ( 'NONE', #948, #929, #384 ) ;
#1614 = ORIENTED_EDGE ( 'NONE', *, *, #941, .T. ) ;
#1615 = ORIENTED_EDGE ( 'NONE', *, *, #49, .T. ) ;
#1616 = EDGE_CURVE ( 'NONE', #1183, #1288, #1193, .T. ) ;
#1617 = EDGE_LOOP ( 'NONE', ( #604, #1739 ) ) ;
#1618 = DIRECTION ( 'NONE',  ( 0.000000000000000000, -1.000000000000000000, 0.000000000000000000 ) ) ;
#1619 = CYLINDRICAL_SURFACE ( 'NONE', #357, 2.540000000000107949 ) ;
#1620 = PLANE ( 'NONE',  #147 ) ;
#1621 = ORIENTED_EDGE ( 'NONE', *, *, #232, .F. ) ;
#1622 = ORIENTED_EDGE ( 'NONE', *, *, #1324, .T. ) ;
#1623 = DIRECTION ( 'NONE',  ( 1.000000000000000000, 0.000000000000000000, 0.000000000000000000 ) ) ;
#1624 = EDGE_CURVE ( 'NONE', #123, #287, #46, .T. ) ;
#1625 = DIRECTION ( 'NONE',  ( 0.000000000000000000, 0.000000000000000000, -1.000000000000000000 ) ) ;
#1626 = DIRECTION ( 'NONE',  ( -1.000000000000000000, 0.000000000000000000, 0.000000000000000000 ) ) ;
#1627 = EDGE_LOOP ( 'NONE', ( #76, #886, #740, #1173 ) ) ;
#1628 = DIRECTION ( 'NONE',  ( -1.000000000000000000, 0.000000000000000000, 0.000000000000000000 ) ) ;
#1629 = EDGE_LOOP ( 'NONE', ( #776, #1355 ) ) ;
#1630 = AXIS2_PLACEMENT_3D ( 'NONE', #1226, #113, #1520 ) ;
#1631 = ORIENTED_EDGE ( 'NONE', *, *, #683, .F. ) ;
#1632 = EDGE_CURVE ( 'NONE', #791, #984, #1186, .T. ) ;
#1633 = FACE_BOUND ( 'NONE', #105, .T. ) ;
#1634 = DIRECTION ( 'NONE',  ( -0.000000000000000000, -0.000000000000000000, -1.000000000000000000 ) ) ;
#1635 = LINE ( 'NONE', #1335, #681 ) ;
#1636 = FACE_OUTER_BOUND ( 'NONE', #225, .T. ) ;
#1637 = EDGE_CURVE ( 'NONE', #858, #791, #1524, .T. ) ;
#1638 = DIRECTION ( 'NONE',  ( 0.000000000000000000, 0.000000000000000000, -1.000000000000000000 ) ) ;
#1639 = ORIENTED_EDGE ( 'NONE', *, *, #191, .T. ) ;
#1640 = FACE_OUTER_BOUND ( 'NONE', #320, .T. ) ;
#1641 = VECTOR ( 'NONE', #433, 1000.000000000000000 ) ;
#1642 = CARTESIAN_POINT ( 'NONE',  ( -36.21900000000000119, 9.524999999999998579, 6.349999999999999645 ) ) ;
#1643 = FACE_OUTER_BOUND ( 'NONE', #389, .T. ) ;
#1644 = DIRECTION ( 'NONE',  ( -0.000000000000000000, 0.000000000000000000, 1.000000000000000000 ) ) ;
#1645 = CYLINDRICAL_SURFACE ( 'NONE', #807, 1.500000000000001332 ) ;
#1646 = AXIS2_PLACEMENT_3D ( 'NONE', #1318, #215, #1019 ) ;
#1647 = FACE_OUTER_BOUND ( 'NONE', #93, .T. ) ;
#1648 = ORIENTED_EDGE ( 'NONE', *, *, #1346, .F. ) ;
#1649 = CARTESIAN_POINT ( 'NONE',  ( -5.000000000000000000, -4.630071008071724670, -21.55000000000000071 ) ) ;
#1650 = EDGE_CURVE ( 'NONE', #120, #1185, #1106, .T. ) ;
#1651 = ORIENTED_EDGE ( 'NONE', *, *, #1592, .T. ) ;
#1652 = PRESENTATION_STYLE_ASSIGNMENT (( #957 ) ) ;
#1653 = CARTESIAN_POINT ( 'NONE',  ( -37.71900000000000119, -6.850000000000000533, 6.349999999999999645 ) ) ;
#1654 = ORIENTED_EDGE ( 'NONE', *, *, #1275, .F. ) ;
#1655 = DIRECTION ( 'NONE',  ( 0.000000000000000000, 0.000000000000000000, 1.000000000000000000 ) ) ;
#1656 = VECTOR ( 'NONE', #1538, 1000.000000000000000 ) ;
#1657 = ORIENTED_EDGE ( 'NONE', *, *, #794, .T. ) ;
#1658 = DIRECTION ( 'NONE',  ( -1.000000000000000000, 0.000000000000000000, 0.000000000000000000 ) ) ;
#1659 = AXIS2_PLACEMENT_3D ( 'NONE', #1772, #838, #538 ) ;
#1660 = ORIENTED_EDGE ( 'NONE', *, *, #1724, .T. ) ;
#1661 = DIRECTION ( 'NONE',  ( -1.092739197465705682E-15, -1.000000000000000000, -0.000000000000000000 ) ) ;
#1662 = DIRECTION ( 'NONE',  ( 0.000000000000000000, 0.000000000000000000, -1.000000000000000000 ) ) ;
#1663 = CARTESIAN_POINT ( 'NONE',  ( 5.000000000000000000, -5.130071008071724670, -21.55000000000000071 ) ) ;
#1664 = DIRECTION ( 'NONE',  ( -0.000000000000000000, -0.000000000000000000, 1.000000000000000000 ) ) ;
#1665 = EDGE_CURVE ( 'NONE', #597, #123, #920, .T. ) ;
#1666 = EDGE_CURVE ( 'NONE', #162, #397, #859, .T. ) ;
#1667 = DIRECTION ( 'NONE',  ( 0.000000000000000000, 0.000000000000000000, -1.000000000000000000 ) ) ;
#1668 = ORIENTED_EDGE ( 'NONE', *, *, #674, .T. ) ;
#1669 = VECTOR ( 'NONE', #1540, 1000.000000000000000 ) ;
#1670 = DIRECTION ( 'NONE',  ( 0.000000000000000000, 0.000000000000000000, 1.000000000000000000 ) ) ;
#1671 = ORIENTED_EDGE ( 'NONE', *, *, #221, .T. ) ;
#1672 = AXIS2_PLACEMENT_3D ( 'NONE', #1718, #736, #1284 ) ;
#1673 = FACE_OUTER_BOUND ( 'NONE', #586, .T. ) ;
#1674 = EDGE_CURVE ( 'NONE', #1222, #782, #1289, .T. ) ;
#1675 = ORIENTED_EDGE ( 'NONE', *, *, #699, .F. ) ;
#1676 = DIRECTION ( 'NONE',  ( 1.000000000000000000, 0.000000000000000000, 0.000000000000000000 ) ) ;
#1677 = ADVANCED_FACE ( 'NONE', ( #1367 ), #1619, .F. ) ;
#1678 = CARTESIAN_POINT ( 'NONE',  ( 17.85999999999999943, 7.849999999999997868, -19.05000000000000071 ) ) ;
#1679 = VERTEX_POINT ( 'NONE', #109 ) ;
#1680 = ORIENTED_EDGE ( 'NONE', *, *, #331, .F. ) ;
#1681 = CYLINDRICAL_SURFACE ( 'NONE', #1025, 6.032499999999990870 ) ;
#1682 = CARTESIAN_POINT ( 'NONE',  ( -4.500000000000000888, -4.630071008071724670, -19.05000000000000071 ) ) ;
#1683 = LINE ( 'NONE', #461, #577 ) ;
#1684 = ORIENTED_EDGE ( 'NONE', *, *, #110, .T. ) ;
#1685 = VERTEX_POINT ( 'NONE', #1074 ) ;
#1686 = CARTESIAN_POINT ( 'NONE',  ( -3.174999999999964295, -5.129369478795615223, 6.349999999999999645 ) ) ;
#1687 = DIRECTION ( 'NONE',  ( -0.000000000000000000, -1.000000000000000000, -0.000000000000000000 ) ) ;
#1688 = ORIENTED_EDGE ( 'NONE', *, *, #1301, .T. ) ;
#1689 = ORIENTED_EDGE ( 'NONE', *, *, #1730, .F. ) ;
#1690 = CARTESIAN_POINT ( 'NONE',  ( 0.000000000000000000, 0.000000000000000000, 6.349999999999999645 ) ) ;
#1691 = EDGE_CURVE ( 'NONE', #1079, #1679, #1635, .T. ) ;
#1692 = AXIS2_PLACEMENT_3D ( 'NONE', #1096, #836, #1364 ) ;
#1693 = DIRECTION ( 'NONE',  ( -1.000000000000000000, 0.000000000000000000, 0.000000000000000000 ) ) ;
#1694 = CARTESIAN_POINT ( 'NONE',  ( 3.174999999999993605, -5.129369478795608117, 2.349999999999999645 ) ) ;
#1695 = AXIS2_PLACEMENT_3D ( 'NONE', #1682, #1395, #718 ) ;
#1696 = EDGE_LOOP ( 'NONE', ( #670, #369 ) ) ;
#1697 = LINE ( 'NONE', #722, #934 ) ;
#1698 = AXIS2_PLACEMENT_3D ( 'NONE', #1603, #1758, #344 ) ;
#1699 = DIRECTION ( 'NONE',  ( 0.9837770256678171066, 0.1793955511382126500, 0.000000000000000000 ) ) ;
#1700 = ORIENTED_EDGE ( 'NONE', *, *, #1511, .T. ) ;
#1701 = ORIENTED_EDGE ( 'NONE', *, *, #683, .T. ) ;
#1702 = CARTESIAN_POINT ( 'NONE',  ( 5.000000000000000000, 9.525000000000012790, -22.05000000000000071 ) ) ;
#1703 = VECTOR ( 'NONE', #784, 1000.000000000000000 ) ;
#1704 = DIRECTION ( 'NONE',  ( 1.000000000000000000, 0.000000000000000000, 0.000000000000000000 ) ) ;
#1705 = DIRECTION ( 'NONE',  ( -0.000000000000000000, -1.000000000000000000, -0.000000000000000000 ) ) ;
#1706 = DIRECTION ( 'NONE',  ( 1.000000000000000000, 0.000000000000000000, 0.000000000000000000 ) ) ;
#1707 = ADVANCED_FACE ( 'NONE', ( #89, #1504, #675 ), #385, .T. ) ;
#1708 = CARTESIAN_POINT ( 'NONE',  ( 17.86000000000000298, 8.024999999999996803, 0.000000000000000000 ) ) ;
#1709 = ORIENTED_EDGE ( 'NONE', *, *, #1184, .F. ) ;
#1710 = LINE ( 'NONE', #1578, #971 ) ;
#1711 = EDGE_CURVE ( 'NONE', #375, #130, #500, .T. ) ;
#1712 = ORIENTED_EDGE ( 'NONE', *, *, #1637, .F. ) ;
#1713 = CARTESIAN_POINT ( 'NONE',  ( 16.35999999999999943, 6.349999999999999645, -19.05000000000000071 ) ) ;
#1714 = DIRECTION ( 'NONE',  ( 0.000000000000000000, 1.000000000000000000, 0.000000000000000000 ) ) ;
#1715 = CARTESIAN_POINT ( 'NONE',  ( 22.86000000000000654, 6.349999999999999645, -1.174999999999999822 ) ) ;
#1716 = ORIENTED_EDGE ( 'NONE', *, *, #362, .T. ) ;
#1717 = AXIS2_PLACEMENT_3D ( 'NONE', #1197, #1778, #1489 ) ;
#1718 = CARTESIAN_POINT ( 'NONE',  ( 5.000000000000000000, -5.130071008071724670, -22.05000000000000071 ) ) ;
#1719 = CIRCLE ( 'NONE', #1796, 2.100000000000000089 ) ;
#1720 = VECTOR ( 'NONE', #131, 1000.000000000000000 ) ;
#1721 = DIRECTION ( 'NONE',  ( 1.000000000000000000, 0.000000000000000000, 0.000000000000000000 ) ) ;
#1722 = CARTESIAN_POINT ( 'NONE',  ( 0.000000000000000000, 0.000000000000000000, 2.349999999999999645 ) ) ;
#1723 = DIRECTION ( 'NONE',  ( 0.000000000000000000, 0.000000000000000000, -1.000000000000000000 ) ) ;
#1724 = EDGE_CURVE ( 'NONE', #1000, #405, #541, .T. ) ;
#1725 = VERTEX_POINT ( 'NONE', #509 ) ;
#1726 = CARTESIAN_POINT ( 'NONE',  ( 17.86000000000000298, 8.024999999999996803, -19.05000000000000071 ) ) ;
#1727 = EDGE_CURVE ( 'NONE', #492, #787, #231, .T. ) ;
#1728 = AXIS2_PLACEMENT_3D ( 'NONE', #533, #952, #679 ) ;
#1729 = DIRECTION ( 'NONE',  ( -1.000000000000000000, 0.000000000000000000, 0.000000000000000000 ) ) ;
#1730 = EDGE_CURVE ( 'NONE', #1298, #875, #796, .T. ) ;
#1731 = ORIENTED_EDGE ( 'NONE', *, *, #1711, .T. ) ;
#1732 = ORIENTED_EDGE ( 'NONE', *, *, #1674, .F. ) ;
#1733 = VECTOR ( 'NONE', #489, 1000.000000000000000 ) ;
#1734 = DIRECTION ( 'NONE',  ( 0.000000000000000000, -1.000000000000000000, 0.000000000000000000 ) ) ;
#1735 = CARTESIAN_POINT ( 'NONE',  ( -17.14499999999999957, -2.220446049250313081E-13, 2.349999999999999645 ) ) ;
#1736 = EDGE_LOOP ( 'NONE', ( #1372, #778, #1353, #935 ) ) ;
#1737 = EDGE_LOOP ( 'NONE', ( #880, #1491, #943, #708, #906, #833, #1424, #399, #1484, #75 ) ) ;
#1738 = DIRECTION ( 'NONE',  ( -0.000000000000000000, -0.000000000000000000, 1.000000000000000000 ) ) ;
#1739 = ORIENTED_EDGE ( 'NONE', *, *, #706, .F. ) ;
#1740 = VECTOR ( 'NONE', #419, 1000.000000000000227 ) ;
#1741 = DIRECTION ( 'NONE',  ( -0.000000000000000000, -0.000000000000000000, 1.000000000000000000 ) ) ;
#1742 = CARTESIAN_POINT ( 'NONE',  ( -37.71900000000000119, -8.349999999999999645, -19.05000000000000071 ) ) ;
#1743 = DIRECTION ( 'NONE',  ( -0.000000000000000000, -0.000000000000000000, -1.000000000000000000 ) ) ;
#1744 = VERTEX_POINT ( 'NONE', #686 ) ;
#1745 = ORIENTED_EDGE ( 'NONE', *, *, #734, .T. ) ;
#1746 = EDGE_CURVE ( 'NONE', #307, #1191, #1560, .T. ) ;
#1747 = VECTOR ( 'NONE', #892, 1000.000000000000000 ) ;
#1748 = VERTEX_POINT ( 'NONE', #1345 ) ;
#1749 = DIRECTION ( 'NONE',  ( 1.000000000000000000, 0.000000000000000000, -0.000000000000000000 ) ) ;
#1750 = CARTESIAN_POINT ( 'NONE',  ( 21.36000000000000298, 8.024999999999998579, -1.174999999999998934 ) ) ;
#1751 = DIRECTION ( 'NONE',  ( 1.000000000000000000, 0.000000000000000000, 0.000000000000000000 ) ) ;
#1752 = VECTOR ( 'NONE', #1517, 1000.000000000000000 ) ;
#1753 = FACE_BOUND ( 'NONE', #664, .T. ) ;
#1754 = ADVANCED_FACE ( 'NONE', ( #94 ), #773, .F. ) ;
#1755 = ORIENTED_EDGE ( 'NONE', *, *, #331, .T. ) ;
#1756 = VERTEX_POINT ( 'NONE', #516 ) ;
#1757 = CARTESIAN_POINT ( 'NONE',  ( 22.86000000000000654, 8.024999999999998579, -19.04999999999999716 ) ) ;
#1758 = DIRECTION ( 'NONE',  ( -0.000000000000000000, -1.000000000000000000, -0.000000000000000000 ) ) ;
#1759 = LINE ( 'NONE', #783, #96 ) ;
#1760 = PLANE ( 'NONE',  #1531 ) ;
#1761 = DIRECTION ( 'NONE',  ( 0.000000000000000000, -1.000000000000000000, 0.000000000000000000 ) ) ;
#1762 = ORIENTED_EDGE ( 'NONE', *, *, #879, .F. ) ;
#1763 = ORIENTED_EDGE ( 'NONE', *, *, #511, .F. ) ;
#1764 = PRODUCT ( 'loadcell_base_part', 'loadcell_base_part', '', ( #155 ) ) ;
#1765 = ADVANCED_FACE ( 'NONE', ( #381 ), #1494, .F. ) ;
#1766 = DIRECTION ( 'NONE',  ( -0.000000000000000000, -0.000000000000000000, -1.000000000000000000 ) ) ;
#1767 = CIRCLE ( 'NONE', #1216, 6.032500000000008633 ) ;
#1768 = VERTEX_POINT ( 'NONE', #1726 ) ;
#1769 = VECTOR ( 'NONE', #1410, 1000.000000000000227 ) ;
#1770 = AXIS2_PLACEMENT_3D ( 'NONE', #1092, #265, #1387 ) ;
#1771 = ADVANCED_FACE ( 'NONE', ( #479 ), #352, .T. ) ;
#1772 = CARTESIAN_POINT ( 'NONE',  ( 0.000000000000000000, 6.349999999999999645, 0.000000000000000000 ) ) ;
#1773 = EDGE_CURVE ( 'NONE', #545, #162, #634, .T. ) ;
#1774 = DIRECTION ( 'NONE',  ( 0.000000000000000000, -1.000000000000000000, 0.000000000000000000 ) ) ;
#1775 = DIRECTION ( 'NONE',  ( 1.000000000000000000, 0.000000000000000000, 0.000000000000000000 ) ) ;
#1776 = EDGE_CURVE ( 'NONE', #800, #1525, #1042, .T. ) ;
#1777 = ORIENTED_EDGE ( 'NONE', *, *, #358, .T. ) ;
#1778 = DIRECTION ( 'NONE',  ( -0.000000000000000000, 0.000000000000000000, 1.000000000000000000 ) ) ;
#1779 = CARTESIAN_POINT ( 'NONE',  ( 0.000000000000000000, 6.349999999999999645, -18.30000000000000071 ) ) ;
#1780 = AXIS2_PLACEMENT_3D ( 'NONE', #567, #1402, #15 ) ;
#1781 = VERTEX_POINT ( 'NONE', #827 ) ;
#1782 = VECTOR ( 'NONE', #843, 1000.000000000000000 ) ;
#1783 = CARTESIAN_POINT ( 'NONE',  ( 21.35999999999999943, -6.850000000000000533, 6.349999999999999645 ) ) ;
#1784 = DIRECTION ( 'NONE',  ( 0.000000000000000000, 0.000000000000000000, -1.000000000000000000 ) ) ;
#1785 = CARTESIAN_POINT ( 'NONE',  ( 3.174999999999993605, -5.129369478795608117, 2.349999999999999645 ) ) ;
#1786 = DIRECTION ( 'NONE',  ( 0.1793955511382126500, -0.9837770256678171066, 0.000000000000000000 ) ) ;
#1787 = EDGE_LOOP ( 'NONE', ( #1793, #277, #1330, #763 ) ) ;
#1788 = FACE_OUTER_BOUND ( 'NONE', #1057, .T. ) ;
#1789 = CARTESIAN_POINT ( 'NONE',  ( 17.85999999999999943, 6.350000000000000533, -1.174999999999998934 ) ) ;
#1790 = EDGE_CURVE ( 'NONE', #1462, #495, #1533, .T. ) ;
#1791 = DIRECTION ( 'NONE',  ( -0.000000000000000000, -0.000000000000000000, -1.000000000000000000 ) ) ;
#1792 = CYLINDRICAL_SURFACE ( 'NONE', #71, 1.500000000000001332 ) ;
#1793 = ORIENTED_EDGE ( 'NONE', *, *, #1275, .T. ) ;
#1794 = DIRECTION ( 'NONE',  ( 1.000000000000000000, 0.000000000000000000, 0.000000000000000000 ) ) ;
#1795 = CIRCLE ( 'NONE', #382, 1.500000000000001332 ) ;
#1796 = AXIS2_PLACEMENT_3D ( 'NONE', #1526, #834, #1243 ) ;
#1797 = ORIENTED_EDGE ( 'NONE', *, *, #1773, .F. ) ;
ENDSEC;
END-ISO-10303-21;
