ISO-10303-21;
HEADER;
FILE_DESCRIPTION (( 'STEP AP214' ),
    '1' );
FILE_NAME ('stand.STEP',
    '2026-06-03T03:10:03',
    ( '' ),
    ( '' ),
    'SwSTEP 2.0',
    'SolidWorks 2025',
    '' );
FILE_SCHEMA (( 'AUTOMOTIVE_DESIGN' ));
ENDSEC;

DATA;
#1 = DIRECTION ( 'NONE',  ( 1.000000000000000000, 0.000000000000000000, 0.000000000000000000 ) ) ;
#2 = CYLINDRICAL_SURFACE ( 'NONE', #514, 2.100000000000000977 ) ;
#3 = EDGE_CURVE ( 'NONE', #938, #1263, #1287, .T. ) ;
#4 = DIRECTION ( 'NONE',  ( -1.000000000000000000, 0.000000000000000000, 0.000000000000000000 ) ) ;
#5 = LINE ( 'NONE', #535, #1307 ) ;
#6 = ADVANCED_FACE ( 'NONE', ( #461 ), #2049, .T. ) ;
#7 = VERTEX_POINT ( 'NONE', #1576 ) ;
#8 = DIRECTION ( 'NONE',  ( 0.000000000000000000, 1.000000000000000000, 0.000000000000000000 ) ) ;
#9 = ORIENTED_EDGE ( 'NONE', *, *, #435, .F. ) ;
#10 = EDGE_CURVE ( 'NONE', #1194, #1267, #1863, .T. ) ;
#11 = CARTESIAN_POINT ( 'NONE',  ( 18.05000000000001137, 9.599999999999999645, 59.00000000000000711 ) ) ;
#12 = LINE ( 'NONE', #1386, #698 ) ;
#13 = CIRCLE ( 'NONE', #1279, 2.100000000000000977 ) ;
#14 = VECTOR ( 'NONE', #499, 1000.000000000000000 ) ;
#15 = DIRECTION ( 'NONE',  ( -1.000000000000000000, 0.000000000000000000, 0.000000000000000000 ) ) ;
#16 =( BOUNDED_CURVE ( )  B_SPLINE_CURVE ( 3, ( #1574, #876, #1029, #2065 ),
 .UNSPECIFIED., .F., .F. ) 
 B_SPLINE_CURVE_WITH_KNOTS ( ( 4, 4 ),
 ( 4.712388980384689674, 6.283185307179586232 ),
 .UNSPECIFIED. ) 
 CURVE ( )  GEOMETRIC_REPRESENTATION_ITEM ( )  RATIONAL_B_SPLINE_CURVE ( ( 1.000000000000000000, 0.8047378541243649375, 0.8047378541243649375, 1.000000000000000000 ) ) 
 REPRESENTATION_ITEM ( '' )  );
#17 = EDGE_LOOP ( 'NONE', ( #708, #1034, #1228, #1185, #1225, #1413, #1967, #1599, #504, #860, #253, #1435, #325, #870, #470, #1231, #1617 ) ) ;
#18 = CLOSED_SHELL ( 'NONE', ( #391, #418, #1591, #806, #1468, #950, #767, #1512, #1068, #1865, #1634, #953, #366, #1957, #685, #1628, #1683, #1206, #831, #1942, #1040, #206, #277, #1721, #553, #1802, #298, #476, #1119, #1657, #2125, #454, #2006, #637, #1237, #786, #757, #1471, #784, #256, #2070, #360, #1681, #1403, #1450, #607, #1498, #1487, #1874, #480, #1704, #1889, #1288, #486, #2028, #1563, #547, #411, #598, #314, #125, #1510, #1852, #709, #853, #81, #1752, #6, #317 ) ) ;
#19 = CARTESIAN_POINT ( 'NONE',  ( -26.81000000000000227, 10.18000000000000327, 7.500000000000000000 ) ) ;
#20 = ORIENTED_EDGE ( 'NONE', *, *, #1042, .T. ) ;
#21 = CARTESIAN_POINT ( 'NONE',  ( 23.75000000000000711, -27.50000000000000355, 53.00000000000000000 ) ) ;
#22 = EDGE_CURVE ( 'NONE', #752, #863, #371, .T. ) ;
#23 = LINE ( 'NONE', #1409, #487 ) ;
#24 = CARTESIAN_POINT ( 'NONE',  ( 50.00000000000000000, -27.49999999999999645, 69.00000000000000000 ) ) ;
#25 = VECTOR ( 'NONE', #1765, 1000.000000000000000 ) ;
#26 = CARTESIAN_POINT ( 'NONE',  ( 24.99999999999999289, -31.50000000000000000, -20.00000000000000000 ) ) ;
#27 = VERTEX_POINT ( 'NONE', #179 ) ;
#28 = EDGE_CURVE ( 'NONE', #756, #2131, #912, .T. ) ;
#29 = ORIENTED_EDGE ( 'NONE', *, *, #939, .F. ) ;
#30 = EDGE_CURVE ( 'NONE', #1465, #311, #1734, .T. ) ;
#31 = LINE ( 'NONE', #1265, #1833 ) ;
#32 = EDGE_LOOP ( 'NONE', ( #38, #2030, #1394, #294, #1725, #1513, #2187, #1736, #732, #882, #293, #406, #399, #1940, #751, #1423 ) ) ;
#33 = CARTESIAN_POINT ( 'NONE',  ( 24.71000000000000085, 10.18000000000000327, 0.000000000000000000 ) ) ;
#34 = DIRECTION ( 'NONE',  ( -0.000000000000000000, 0.000000000000000000, 1.000000000000000000 ) ) ;
#35 = EDGE_CURVE ( 'NONE', #711, #1018, #1067, .T. ) ;
#36 = DIRECTION ( 'NONE',  ( 0.000000000000000000, 0.000000000000000000, 1.000000000000000000 ) ) ;
#37 = CARTESIAN_POINT ( 'NONE',  ( 2.110000000000010534, 6.956000000000001293, 53.00000000000000711 ) ) ;
#38 = ORIENTED_EDGE ( 'NONE', *, *, #1969, .F. ) ;
#39 = AXIS2_PLACEMENT_3D ( 'NONE', #1032, #36, #727 ) ;
#40 = ORIENTED_EDGE ( 'NONE', *, *, #877, .T. ) ;
#41 = ORIENTED_EDGE ( 'NONE', *, *, #572, .T. ) ;
#42 = CARTESIAN_POINT ( 'NONE',  ( 18.19400000000001683, 22.74399999999999622, 55.00000000000000000 ) ) ;
#43 = ORIENTED_EDGE ( 'NONE', *, *, #663, .T. ) ;
#44 = CARTESIAN_POINT ( 'NONE',  ( -50.00000000000000000, -27.49999999999999645, -20.00000000000000711 ) ) ;
#45 = CYLINDRICAL_SURFACE ( 'NONE', #1163, 2.000000000000001776 ) ;
#46 = AXIS2_PLACEMENT_3D ( 'NONE', #581, #1980, #2130 ) ;
#47 = CARTESIAN_POINT ( 'NONE',  ( 2.110000000000010534, 6.956000000000001293, 55.00000000000000000 ) ) ;
#48 = VERTEX_POINT ( 'NONE', #1915 ) ;
#49 = VECTOR ( 'NONE', #2011, 1000.000000000000000 ) ;
#50 = EDGE_CURVE ( 'NONE', #924, #113, #1716, .T. ) ;
#51 = VERTEX_POINT ( 'NONE', #544 ) ;
#52 = VERTEX_POINT ( 'NONE', #534 ) ;
#53 = CARTESIAN_POINT ( 'NONE',  ( -30.00000000000000000, 24.50000000000000355, 7.500000000000000000 ) ) ;
#54 = ORIENTED_EDGE ( 'NONE', *, *, #1108, .F. ) ;
#55 = VECTOR ( 'NONE', #120, 1000.000000000000000 ) ;
#56 = CARTESIAN_POINT ( 'NONE',  ( 50.00000000000000711, -31.50000000000000000, 34.00000000000000000 ) ) ;
#57 = AXIS2_PLACEMENT_3D ( 'NONE', #1326, #489, #805 ) ;
#58 = LINE ( 'NONE', #746, #743 ) ;
#59 = AXIS2_PLACEMENT_3D ( 'NONE', #1469, #1986, #1626 ) ;
#60 = DIRECTION ( 'NONE',  ( 0.000000000000000000, 1.000000000000000000, 0.000000000000000000 ) ) ;
#61 = FACE_OUTER_BOUND ( 'NONE', #1202, .T. ) ;
#62 = ORIENTED_EDGE ( 'NONE', *, *, #1323, .T. ) ;
#63 = EDGE_CURVE ( 'NONE', #887, #207, #1235, .T. ) ;
#64 = VERTEX_POINT ( 'NONE', #1928 ) ;
#65 = VERTEX_POINT ( 'NONE', #382 ) ;
#66 = DIRECTION ( 'NONE',  ( -0.000000000000000000, -0.000000000000000000, -1.000000000000000000 ) ) ;
#67 = AXIS2_PLACEMENT_3D ( 'NONE', #841, #1698, #2015 ) ;
#68 = DIRECTION ( 'NONE',  ( -1.000000000000000000, 0.000000000000000000, 0.000000000000000000 ) ) ;
#69 = PLANE ( 'NONE',  #1461 ) ;
#70 = EDGE_LOOP ( 'NONE', ( #502, #775, #171, #1105 ) ) ;
#71 = DIRECTION ( 'NONE',  ( -1.000000000000000000, 0.000000000000000000, 0.000000000000000000 ) ) ;
#72 = LINE ( 'NONE', #759, #843 ) ;
#73 = DIRECTION ( 'NONE',  ( -8.260587980841938780E-17, -1.000000000000000000, -0.000000000000000000 ) ) ;
#74 = DIRECTION ( 'NONE',  ( -0.000000000000000000, -0.000000000000000000, 1.000000000000000000 ) ) ;
#75 = ORIENTED_EDGE ( 'NONE', *, *, #1153, .T. ) ;
#76 = EDGE_CURVE ( 'NONE', #657, #2073, #212, .T. ) ;
#77 = ORIENTED_EDGE ( 'NONE', *, *, #1183, .F. ) ;
#78 = EDGE_CURVE ( 'NONE', #871, #65, #117, .T. ) ;
#79 = EDGE_LOOP ( 'NONE', ( #2091, #1318 ) ) ;
#80 = LINE ( 'NONE', #1811, #394 ) ;
#81 = ADVANCED_FACE ( 'NONE', ( #1191 ), #2220, .T. ) ;
#82 = CARTESIAN_POINT ( 'NONE',  ( 26.99999999999999645, 27.50000000000000000, 0.000000000000000000 ) ) ;
#83 = EDGE_CURVE ( 'NONE', #423, #657, #1773, .T. ) ;
#84 = CARTESIAN_POINT ( 'NONE',  ( -30.00000000000000000, -27.50000000000000000, 0.000000000000000000 ) ) ;
#85 = EDGE_CURVE ( 'NONE', #1257, #618, #1541, .T. ) ;
#86 = FACE_OUTER_BOUND ( 'NONE', #1081, .T. ) ;
#87 = DIRECTION ( 'NONE',  ( 0.000000000000000000, -0.000000000000000000, 1.000000000000000000 ) ) ;
#88 = CARTESIAN_POINT ( 'NONE',  ( 16.49400000000001398, 22.74399999999999622, 55.00000000000000000 ) ) ;
#89 = ORIENTED_EDGE ( 'NONE', *, *, #63, .F. ) ;
#90 = AXIS2_PLACEMENT_3D ( 'NONE', #1129, #1269, #436 ) ;
#91 = EDGE_CURVE ( 'NONE', #361, #909, #1223, .T. ) ;
#92 = ORIENTED_EDGE ( 'NONE', *, *, #824, .T. ) ;
#93 = ORIENTED_EDGE ( 'NONE', *, *, #883, .F. ) ;
#94 = AXIS2_PLACEMENT_3D ( 'NONE', #424, #1106, #278 ) ;
#95 = PLANE ( 'NONE',  #1613 ) ;
#96 = LINE ( 'NONE', #1627, #561 ) ;
#97 = FACE_OUTER_BOUND ( 'NONE', #1497, .T. ) ;
#98 = FACE_BOUND ( 'NONE', #1272, .T. ) ;
#99 = CARTESIAN_POINT ( 'NONE',  ( -55.00000000000000000, -31.50000000000000000, -15.00000000000000000 ) ) ;
#100 = CARTESIAN_POINT ( 'NONE',  ( -30.00000000000000000, -27.50000000000000000, 7.500000000000000000 ) ) ;
#101 = AXIS2_PLACEMENT_3D ( 'NONE', #1013, #2189, #833 ) ;
#102 = ORIENTED_EDGE ( 'NONE', *, *, #1276, .T. ) ;
#103 = EDGE_LOOP ( 'NONE', ( #529, #20, #1406, #2123 ) ) ;
#104 = AXIS2_PLACEMENT_3D ( 'NONE', #1242, #392, #1073 ) ;
#105 = CARTESIAN_POINT ( 'NONE',  ( 24.00000000000000000, -27.50000000000000000, -2.000000000000000000 ) ) ;
#106 = FACE_OUTER_BOUND ( 'NONE', #1695, .T. ) ;
#107 = PLANE ( 'NONE',  #735 ) ;
#108 = EDGE_CURVE ( 'NONE', #2087, #1227, #1483, .T. ) ;
#109 = CARTESIAN_POINT ( 'NONE',  ( -24.99999999999999645, -27.50000000000000000, 64.00000000000000000 ) ) ;
#110 = DIRECTION ( 'NONE',  ( -1.982541115402065356E-16, 0.000000000000000000, 1.000000000000000000 ) ) ;
#111 = DIRECTION ( 'NONE',  ( 0.000000000000000000, 0.000000000000000000, -1.000000000000000000 ) ) ;
#112 = EDGE_CURVE ( 'NONE', #1433, #924, #2058, .T. ) ;
#113 = VERTEX_POINT ( 'NONE', #868 ) ;
#114 = UNCERTAINTY_MEASURE_WITH_UNIT (LENGTH_MEASURE( 1.000000000000000082E-05 ), #2204, 'distance_accuracy_value', 'NONE');
#115 = PLANE ( 'NONE',  #782 ) ;
#116 = DIRECTION ( 'NONE',  ( -1.000000000000000000, -0.000000000000000000, -0.000000000000000000 ) ) ;
#117 = CIRCLE ( 'NONE', #39, 2.100000000000000977 ) ;
#118 = CARTESIAN_POINT ( 'NONE',  ( 50.00000000000000711, -27.49999999999999645, 39.00000000000000000 ) ) ;
#119 = CARTESIAN_POINT ( 'NONE',  ( 2.250000000000006217, 9.599999999999999645, 55.00000000000000000 ) ) ;
#120 = DIRECTION ( 'NONE',  ( -0.000000000000000000, -0.000000000000000000, 1.000000000000000000 ) ) ;
#121 = DIRECTION ( 'NONE',  ( -0.000000000000000000, -1.000000000000000000, -0.000000000000000000 ) ) ;
#122 = CARTESIAN_POINT ( 'NONE',  ( -50.00000000000000000, 15.51162633521313516, 9.999999999999996447 ) ) ;
#123 = VERTEX_POINT ( 'NONE', #1044 ) ;
#124 = DIRECTION ( 'NONE',  ( 0.000000000000000000, 0.000000000000000000, -1.000000000000000000 ) ) ;
#125 = ADVANCED_FACE ( 'NONE', ( #312 ), #1155, .T. ) ;
#126 = VECTOR ( 'NONE', #1211, 1000.000000000000000 ) ;
#127 = AXIS2_PLACEMENT_3D ( 'NONE', #640, #630, #1458 ) ;
#128 = CARTESIAN_POINT ( 'NONE',  ( -50.00000000000000000, -31.50000000000000000, 14.99999999999999822 ) ) ;
#129 = ORIENTED_EDGE ( 'NONE', *, *, #883, .T. ) ;
#130 = CARTESIAN_POINT ( 'NONE',  ( 18.05000000000001137, 9.599999999999999645, 59.00000000000000711 ) ) ;
#131 = CARTESIAN_POINT ( 'NONE',  ( -1.449999999999989519, 24.30000000000000071, 55.00000000000000000 ) ) ;
#132 = EDGE_CURVE ( 'NONE', #65, #341, #135, .T. ) ;
#133 = CARTESIAN_POINT ( 'NONE',  ( -1.449999999999987299, -25.50000000000000355, 55.00000000000000000 ) ) ;
#134 = ORIENTED_EDGE ( 'NONE', *, *, #2027, .F. ) ;
#135 = LINE ( 'NONE', #706, #1086 ) ;
#136 = EDGE_LOOP ( 'NONE', ( #984, #2102, #830, #1102 ) ) ;
#137 = EDGE_CURVE ( 'NONE', #871, #821, #1745, .T. ) ;
#138 = DIRECTION ( 'NONE',  ( -1.000000000000000000, 0.000000000000000000, 0.000000000000000000 ) ) ;
#139 = AXIS2_PLACEMENT_3D ( 'NONE', #1325, #1491, #1335 ) ;
#140 = DIRECTION ( 'NONE',  ( -0.000000000000000000, 0.8320502943378436100, 0.5547001962252291474 ) ) ;
#141 = ORIENTED_EDGE ( 'NONE', *, *, #832, .T. ) ;
#142 = CARTESIAN_POINT ( 'NONE',  ( 34.99999999999999289, -31.50000000000000000, 29.00000000000000000 ) ) ;
#143 = CARTESIAN_POINT ( 'NONE',  ( -50.00000000000000000, -27.49999999999999645, -20.00000000000000000 ) ) ;
#144 = CARTESIAN_POINT ( 'NONE',  ( 28.43087617576294690, -26.60416844603610897, -19.40277896402407620 ) ) ;
#145 = VERTEX_POINT ( 'NONE', #2108 ) ;
#146 = DIRECTION ( 'NONE',  ( 0.000000000000000000, -0.000000000000000000, -1.000000000000000000 ) ) ;
#147 = ORIENTED_EDGE ( 'NONE', *, *, #1774, .T. ) ;
#148 = DIRECTION ( 'NONE',  ( -0.000000000000000000, 0.000000000000000000, 1.000000000000000000 ) ) ;
#149 = EDGE_CURVE ( 'NONE', #2202, #429, #397, .T. ) ;
#150 = EDGE_LOOP ( 'NONE', ( #419, #498, #147, #696 ) ) ;
#151 = CARTESIAN_POINT ( 'NONE',  ( 18.19400000000001683, 22.74399999999999622, 53.00000000000000711 ) ) ;
#152 = CARTESIAN_POINT ( 'NONE',  ( 24.71000000000000085, 10.18000000000000327, 0.000000000000000000 ) ) ;
#153 = CARTESIAN_POINT ( 'NONE',  ( -50.00000000000000000, -27.49999999999999645, 14.99999999999999822 ) ) ;
#154 = LINE ( 'NONE', #851, #1858 ) ;
#155 = ORIENTED_EDGE ( 'NONE', *, *, #85, .F. ) ;
#156 = EDGE_CURVE ( 'NONE', #1263, #812, #5, .T. ) ;
#157 = LINE ( 'NONE', #1877, #351 ) ;
#158 = EDGE_LOOP ( 'NONE', ( #1651, #2052, #43, #2059 ) ) ;
#159 = VECTOR ( 'NONE', #1979, 1000.000000000000000 ) ;
#160 = AXIS2_PLACEMENT_3D ( 'NONE', #1069, #2067, #1735 ) ;
#161 = DIRECTION ( 'NONE',  ( -1.000000000000000000, -0.000000000000000000, -0.000000000000000000 ) ) ;
#162 = ORIENTED_EDGE ( 'NONE', *, *, #3, .F. ) ;
#163 = DIRECTION ( 'NONE',  ( 0.000000000000000000, -0.000000000000000000, 1.000000000000000000 ) ) ;
#164 = CARTESIAN_POINT ( 'NONE',  ( 30.00000000000000000, -19.99999999999999645, -15.00000000000000178 ) ) ;
#165 = DIRECTION ( 'NONE',  ( 0.000000000000000000, 0.000000000000000000, -1.000000000000000000 ) ) ;
#166 = VECTOR ( 'NONE', #73, 1000.000000000000000 ) ;
#167 = CARTESIAN_POINT ( 'NONE',  ( -50.00000000000000000, 15.51162633521313516, 14.99999999999999822 ) ) ;
#168 = VECTOR ( 'NONE', #1792, 1000.000000000000000 ) ;
#169 = AXIS2_PLACEMENT_3D ( 'NONE', #1103, #2124, #421 ) ;
#170 = DIRECTION ( 'NONE',  ( 1.000000000000000000, 0.000000000000000000, 0.000000000000000000 ) ) ;
#171 = ORIENTED_EDGE ( 'NONE', *, *, #370, .T. ) ;
#172 = EDGE_CURVE ( 'NONE', #905, #2117, #904, .T. ) ;
#173 = CIRCLE ( 'NONE', #1074, 2.100000000000008082 ) ;
#174 = DIRECTION ( 'NONE',  ( 0.000000000000000000, -0.000000000000000000, 1.000000000000000000 ) ) ;
#175 = EDGE_CURVE ( 'NONE', #1876, #1949, #524, .T. ) ;
#176 = DIRECTION ( 'NONE',  ( -1.000000000000000000, 0.000000000000000000, 0.000000000000000000 ) ) ;
#177 = DIRECTION ( 'NONE',  ( -0.000000000000000000, -1.000000000000000000, -0.000000000000000000 ) ) ;
#178 = AXIS2_PLACEMENT_3D ( 'NONE', #1121, #1298, #2164 ) ;
#179 = CARTESIAN_POINT ( 'NONE',  ( 50.00000000000000711, -27.49999999999999645, 34.00000000000000000 ) ) ;
#180 = LINE ( 'NONE', #1412, #1023 ) ;
#181 = EDGE_LOOP ( 'NONE', ( #1038, #551, #1625, #1330 ) ) ;
#182 = CARTESIAN_POINT ( 'NONE',  ( -55.00000000000000000, -31.50000000000000000, -15.00000000000000000 ) ) ;
#183 = ORIENTED_EDGE ( 'NONE', *, *, #112, .F. ) ;
#184 = DIRECTION ( 'NONE',  ( 1.000000000000000000, 0.000000000000000000, -0.000000000000000000 ) ) ;
#185 = CARTESIAN_POINT ( 'NONE',  ( 24.71000000000000085, 20.03000000000000114, 0.000000000000000000 ) ) ;
#186 = CYLINDRICAL_SURFACE ( 'NONE', #809, 2.000000000000000000 ) ;
#187 = DIRECTION ( 'NONE',  ( -0.000000000000000000, 0.8320502943378436100, 0.5547001962252291474 ) ) ;
#188 = CARTESIAN_POINT ( 'NONE',  ( 26.00000000000000000, 0.000000000000000000, -2.000000000000000000 ) ) ;
#189 = ORIENTED_EDGE ( 'NONE', *, *, #1584, .F. ) ;
#190 = EDGE_LOOP ( 'NONE', ( #1448, #2082, #1816, #1012 ) ) ;
#191 = EDGE_CURVE ( 'NONE', #507, #1784, #1224, .T. ) ;
#192 = DIRECTION ( 'NONE',  ( -1.000000000000000000, 0.000000000000000000, 0.000000000000000000 ) ) ;
#193 = CIRCLE ( 'NONE', #90, 5.000000000000000888 ) ;
#194 = ORIENTED_EDGE ( 'NONE', *, *, #2145, .F. ) ;
#195 = CARTESIAN_POINT ( 'NONE',  ( 30.00000000000000000, -27.50000000000000000, -20.00000000000000000 ) ) ;
#196 = CARTESIAN_POINT ( 'NONE',  ( 26.00000000000000000, 2.499999999999998668, 0.000000000000000000 ) ) ;
#197 = DIRECTION ( 'NONE',  ( 1.000000000000000000, 0.000000000000000000, 0.000000000000000000 ) ) ;
#198 = CIRCLE ( 'NONE', #662, 2.000000000000000000 ) ;
#199 = EDGE_CURVE ( 'NONE', #863, #1973, #1241, .T. ) ;
#200 = EDGE_CURVE ( 'NONE', #752, #350, #659, .T. ) ;
#201 = DIRECTION ( 'NONE',  ( -0.000000000000000000, -0.000000000000000000, 1.000000000000000000 ) ) ;
#202 = EDGE_LOOP ( 'NONE', ( #229, #1887, #873, #1417, #272, #1764 ) ) ;
#203 = VECTOR ( 'NONE', #1373, 1000.000000000000000 ) ;
#204 = ORIENTED_EDGE ( 'NONE', *, *, #22, .T. ) ;
#205 = ORIENTED_EDGE ( 'NONE', *, *, #370, .F. ) ;
#206 = ADVANCED_FACE ( 'NONE', ( #728 ), #1421, .F. ) ;
#207 = VERTEX_POINT ( 'NONE', #1761 ) ;
#208 = VECTOR ( 'NONE', #303, 1000.000000000000000 ) ;
#209 = LINE ( 'NONE', #1084, #1353 ) ;
#210 = DIRECTION ( 'NONE',  ( -0.000000000000000000, -0.000000000000000000, 1.000000000000000000 ) ) ;
#211 = AXIS2_PLACEMENT_3D ( 'NONE', #473, #768, #1812 ) ;
#212 = LINE ( 'NONE', #903, #689 ) ;
#213 = CARTESIAN_POINT ( 'NONE',  ( -24.71000000000000085, 20.03000000000000114, 0.000000000000000000 ) ) ;
#214 = ORIENTED_EDGE ( 'NONE', *, *, #1636, .T. ) ;
#215 = ORIENTED_EDGE ( 'NONE', *, *, #437, .T. ) ;
#216 = ORIENTED_EDGE ( 'NONE', *, *, #1808, .F. ) ;
#217 = LINE ( 'NONE', #53, #788 ) ;
#218 = VERTEX_POINT ( 'NONE', #1724 ) ;
#219 = ORIENTED_EDGE ( 'NONE', *, *, #83, .T. ) ;
#220 = LINE ( 'NONE', #1572, #1893 ) ;
#221 = EDGE_CURVE ( 'NONE', #905, #2147, #372, .T. ) ;
#222 = CARTESIAN_POINT ( 'NONE',  ( 19.89999999999999858, 5.000000000000004441, 0.000000000000000000 ) ) ;
#223 = DIRECTION ( 'NONE',  ( 0.000000000000000000, 0.000000000000000000, -1.000000000000000000 ) ) ;
#224 = AXIS2_PLACEMENT_3D ( 'NONE', #1710, #1885, #855 ) ;
#225 = EDGE_LOOP ( 'NONE', ( #1919, #129, #2016, #2209, #1960 ) ) ;
#226 = ORIENTED_EDGE ( 'NONE', *, *, #199, .F. ) ;
#227 = CARTESIAN_POINT ( 'NONE',  ( 55.00000000000000000, -31.50000000000000000, 64.00000000000000000 ) ) ;
#228 = ORIENTED_EDGE ( 'NONE', *, *, #520, .F. ) ;
#229 = ORIENTED_EDGE ( 'NONE', *, *, #30, .F. ) ;
#230 = CYLINDRICAL_SURFACE ( 'NONE', #381, 5.000000000000000888 ) ;
#231 = DIRECTION ( 'NONE',  ( 0.000000000000000000, 0.000000000000000000, -1.000000000000000000 ) ) ;
#232 = CARTESIAN_POINT ( 'NONE',  ( -22.60999999999999943, 20.03000000000000114, 7.500000000000000000 ) ) ;
#233 = VERTEX_POINT ( 'NONE', #1056 ) ;
#234 = ORIENTED_EDGE ( 'NONE', *, *, #137, .T. ) ;
#235 = ORIENTED_EDGE ( 'NONE', *, *, #914, .F. ) ;
#236 = DIRECTION ( 'NONE',  ( 0.000000000000000000, -1.000000000000000000, 0.000000000000000000 ) ) ;
#237 = DIRECTION ( 'NONE',  ( -1.000000000000000000, 0.000000000000000000, 0.000000000000000000 ) ) ;
#238 = PLANE ( 'NONE',  #666 ) ;
#239 = ORIENTED_EDGE ( 'NONE', *, *, #1164, .F. ) ;
#240 = ORIENTED_EDGE ( 'NONE', *, *, #2141, .F. ) ;
#241 = DIRECTION ( 'NONE',  ( 0.000000000000000000, 0.000000000000000000, -1.000000000000000000 ) ) ;
#242 = VECTOR ( 'NONE', #802, 1000.000000000000000 ) ;
#243 = DIRECTION ( 'NONE',  ( 0.000000000000000000, -0.000000000000000000, 1.000000000000000000 ) ) ;
#244 = EDGE_CURVE ( 'NONE', #1679, #513, #1769, .T. ) ;
#245 = CARTESIAN_POINT ( 'NONE',  ( 5.250000000000007105, 20.10000000000000142, 55.00000000000000000 ) ) ;
#246 = DIRECTION ( 'NONE',  ( -0.000000000000000000, -0.000000000000000000, -1.000000000000000000 ) ) ;
#247 = EDGE_LOOP ( 'NONE', ( #377, #1790, #1300, #1046 ) ) ;
#248 = EDGE_CURVE ( 'NONE', #1590, #1951, #1707, .T. ) ;
#249 = ORIENTED_EDGE ( 'NONE', *, *, #1293, .T. ) ;
#250 = EDGE_CURVE ( 'NONE', #941, #400, #738, .T. ) ;
#251 = DIRECTION ( 'NONE',  ( 0.000000000000000000, 1.000000000000000000, 0.000000000000000000 ) ) ;
#252 = CARTESIAN_POINT ( 'NONE',  ( -30.00000000000000000, -27.50000000000000000, 69.00000000000000000 ) ) ;
#253 = ORIENTED_EDGE ( 'NONE', *, *, #888, .T. ) ;
#254 = DIRECTION ( 'NONE',  ( 1.000000000000000000, 0.000000000000000000, 0.000000000000000000 ) ) ;
#255 = CARTESIAN_POINT ( 'NONE',  ( -50.00000000000000000, -27.49999999999999645, -15.00000000000000000 ) ) ;
#256 = ADVANCED_FACE ( 'NONE', ( #1247 ), #1939, .F. ) ;
#257 = FACE_OUTER_BOUND ( 'NONE', #1124, .T. ) ;
#258 = ORIENTED_EDGE ( 'NONE', *, *, #1441, .F. ) ;
#259 = EDGE_LOOP ( 'NONE', ( #440, #1003, #1771, #800 ) ) ;
#260 = SURFACE_STYLE_FILL_AREA ( #1112 ) ;
#261 = ORIENTED_EDGE ( 'NONE', *, *, #572, .F. ) ;
#262 = DIRECTION ( 'NONE',  ( -1.982541115402065110E-16, -0.000000000000000000, 1.000000000000000000 ) ) ;
#263 = APPLICATION_PROTOCOL_DEFINITION ( 'draft international standard', 'automotive_design', 1998, #542 ) ;
#264 = LINE ( 'NONE', #1473, #516 ) ;
#265 = CARTESIAN_POINT ( 'NONE',  ( -50.00000000000000000, -31.50000000000000000, -20.00000000000000000 ) ) ;
#266 = FACE_OUTER_BOUND ( 'NONE', #1600, .T. ) ;
#267 = CYLINDRICAL_SURFACE ( 'NONE', #464, 2.100000000000008082 ) ;
#268 = ORIENTED_EDGE ( 'NONE', *, *, #1945, .T. ) ;
#269 = CIRCLE ( 'NONE', #1819, 5.000000000000004441 ) ;
#270 = EDGE_CURVE ( 'NONE', #400, #1679, #180, .T. ) ;
#271 = CIRCLE ( 'NONE', #1996, 1.700000000000000178 ) ;
#272 = ORIENTED_EDGE ( 'NONE', *, *, #2145, .T. ) ;
#273 = ORIENTED_EDGE ( 'NONE', *, *, #1347, .F. ) ;
#274 = DIRECTION ( 'NONE',  ( 1.000000000000000000, -0.000000000000000000, 0.000000000000000000 ) ) ;
#275 = DIRECTION ( 'NONE',  ( 0.000000000000000000, 0.000000000000000000, 1.000000000000000000 ) ) ;
#276 = AXIS2_PLACEMENT_3D ( 'NONE', #1848, #1165, #1860 ) ;
#277 = ADVANCED_FACE ( 'NONE', ( #869 ), #2086, .F. ) ;
#278 = DIRECTION ( 'NONE',  ( 0.000000000000000000, 0.000000000000000000, -1.000000000000000000 ) ) ;
#279 = DIRECTION ( 'NONE',  ( -1.000000000000000000, 0.000000000000000000, -0.000000000000000000 ) ) ;
#280 = VECTOR ( 'NONE', #332, 1000.000000000000000 ) ;
#281 = CIRCLE ( 'NONE', #2174, 5.000000000000000888 ) ;
#282 = CARTESIAN_POINT ( 'NONE',  ( -25.17157287525381193, 2.499999999999998224, 0.000000000000000000 ) ) ;
#283 = CARTESIAN_POINT ( 'NONE',  ( -24.99999999999999645, -31.50000000000000000, 69.00000000000000000 ) ) ;
#284 = AXIS2_PLACEMENT_3D ( 'NONE', #1184, #1545, #1170 ) ;
#285 = ORIENTED_EDGE ( 'NONE', *, *, #1991, .T. ) ;
#286 = ORIENTED_EDGE ( 'NONE', *, *, #221, .T. ) ;
#287 = CIRCLE ( 'NONE', #2045, 2.100000000000000977 ) ;
#288 = DIRECTION ( 'NONE',  ( 0.000000000000000000, 0.000000000000000000, 1.000000000000000000 ) ) ;
#289 = DIRECTION ( 'NONE',  ( 0.000000000000000000, -1.000000000000000000, 0.000000000000000000 ) ) ;
#290 = CARTESIAN_POINT ( 'NONE',  ( 21.75000000000001066, 24.29999999999999716, 55.00000000000000000 ) ) ;
#291 = EDGE_CURVE ( 'NONE', #812, #48, #271, .T. ) ;
#292 = CARTESIAN_POINT ( 'NONE',  ( -24.00000000000000000, 2.499999999999998668, 0.000000000000000000 ) ) ;
#293 = ORIENTED_EDGE ( 'NONE', *, *, #2081, .T. ) ;
#294 = ORIENTED_EDGE ( 'NONE', *, *, #505, .F. ) ;
#295 = DIRECTION ( 'NONE',  ( 1.000000000000000000, -0.000000000000000000, 0.000000000000000000 ) ) ;
#296 = DIRECTION ( 'NONE',  ( 0.000000000000000000, 1.000000000000000000, 0.000000000000000000 ) ) ;
#297 = FACE_OUTER_BOUND ( 'NONE', #1839, .T. ) ;
#298 = ADVANCED_FACE ( 'NONE', ( #1297, #959 ), #1647, .T. ) ;
#299 = FACE_OUTER_BOUND ( 'NONE', #190, .T. ) ;
#300 = DIRECTION ( 'NONE',  ( 0.000000000000000000, 1.000000000000000000, 0.000000000000000000 ) ) ;
#301 = ORIENTED_EDGE ( 'NONE', *, *, #1804, .T. ) ;
#302 = ORIENTED_EDGE ( 'NONE', *, *, #543, .F. ) ;
#303 = DIRECTION ( 'NONE',  ( -0.000000000000000000, 1.000000000000000000, 0.000000000000000000 ) ) ;
#304 = AXIS2_PLACEMENT_3D ( 'NONE', #1529, #121, #479 ) ;
#305 = AXIS2_PLACEMENT_3D ( 'NONE', #1924, #911, #1244 ) ;
#306 = DIRECTION ( 'NONE',  ( 0.000000000000000000, -0.000000000000000000, 1.000000000000000000 ) ) ;
#307 = ORIENTED_EDGE ( 'NONE', *, *, #721, .F. ) ;
#308 = CARTESIAN_POINT ( 'NONE',  ( 2.250000000000006217, 9.599999999999999645, 59.00000000000000711 ) ) ;
#309 = LINE ( 'NONE', #143, #2208 ) ;
#310 = CARTESIAN_POINT ( 'NONE',  ( 2.110000000000010534, 6.956000000000001293, 53.00000000000000711 ) ) ;
#311 = VERTEX_POINT ( 'NONE', #2120 ) ;
#312 = FACE_OUTER_BOUND ( 'NONE', #1404, .T. ) ;
#313 = AXIS2_PLACEMENT_3D ( 'NONE', #354, #1740, #827 ) ;
#314 = ADVANCED_FACE ( 'NONE', ( #1814 ), #426, .T. ) ;
#315 = CARTESIAN_POINT ( 'NONE',  ( -30.00000000000000000, -27.49999999999999645, -20.00000000000000000 ) ) ;
#316 = CIRCLE ( 'NONE', #211, 2.999999999999999112 ) ;
#317 = ADVANCED_FACE ( 'NONE', ( #1452 ), #1992, .T. ) ;
#318 = CARTESIAN_POINT ( 'NONE',  ( 2.250000000000007105, 23.80000000000000071, 50.23659785447417647 ) ) ;
#319 = ORIENTED_EDGE ( 'NONE', *, *, #1017, .F. ) ;
#320 = CARTESIAN_POINT ( 'NONE',  ( -0.000000000000000000, -27.50000000000000000, 61.00000000000000711 ) ) ;
#321 = LINE ( 'NONE', #531, #1281 ) ;
#322 = LINE ( 'NONE', #1010, #852 ) ;
#323 = EDGE_CURVE ( 'NONE', #1949, #64, #1658, .T. ) ;
#324 = CARTESIAN_POINT ( 'NONE',  ( 2.250000000000006217, 9.599999999999999645, 55.00000000000000000 ) ) ;
#325 = ORIENTED_EDGE ( 'NONE', *, *, #1085, .T. ) ;
#326 = CARTESIAN_POINT ( 'NONE',  ( -55.00000000000000000, 15.51162633521313516, -20.00000000000000711 ) ) ;
#327 = CARTESIAN_POINT ( 'NONE',  ( -55.00000000000000000, -27.49999999999999645, 9.999999999999998224 ) ) ;
#328 = ORIENTED_EDGE ( 'NONE', *, *, #2074, .F. ) ;
#329 = LINE ( 'NONE', #2053, #747 ) ;
#330 = ORIENTED_EDGE ( 'NONE', *, *, #1804, .F. ) ;
#331 = VECTOR ( 'NONE', #1411, 1000.000000000000000 ) ;
#332 = DIRECTION ( 'NONE',  ( 0.000000000000000000, 1.000000000000000000, 0.000000000000000000 ) ) ;
#333 = FACE_BOUND ( 'NONE', #963, .T. ) ;
#334 = DIRECTION ( 'NONE',  ( 0.000000000000000000, 0.000000000000000000, 1.000000000000000000 ) ) ;
#335 = LINE ( 'NONE', #2051, #1718 ) ;
#336 = ORIENTED_EDGE ( 'NONE', *, *, #2150, .T. ) ;
#337 = EDGE_CURVE ( 'NONE', #2024, #574, #1349, .T. ) ;
#338 = VECTOR ( 'NONE', #1214, 1000.000000000000000 ) ;
#339 = FACE_OUTER_BOUND ( 'NONE', #375, .T. ) ;
#340 = VECTOR ( 'NONE', #1845, 1000.000000000000114 ) ;
#341 = VERTEX_POINT ( 'NONE', #232 ) ;
#342 = CARTESIAN_POINT ( 'NONE',  ( 0.5500000000000105915, 26.30000000000000071, 59.00000000000000711 ) ) ;
#343 = CARTESIAN_POINT ( 'NONE',  ( 19.75000000000001066, 24.29999999999999716, 59.00000000000000711 ) ) ;
#344 = CARTESIAN_POINT ( 'NONE',  ( -24.71000000000000085, 10.18000000000000327, 0.000000000000000000 ) ) ;
#345 = DIRECTION ( 'NONE',  ( 1.000000000000000000, 0.000000000000000000, 0.000000000000000000 ) ) ;
#346 = DIRECTION ( 'NONE',  ( -0.000000000000000000, -0.000000000000000000, 1.000000000000000000 ) ) ;
#347 = VERTEX_POINT ( 'NONE', #99 ) ;
#348 = ORIENTED_EDGE ( 'NONE', *, *, #737, .F. ) ;
#349 = AXIS2_PLACEMENT_3D ( 'NONE', #1175, #1140, #817 ) ;
#350 = VERTEX_POINT ( 'NONE', #1284 ) ;
#351 = VECTOR ( 'NONE', #1531, 1000.000000000000000 ) ;
#352 = DIRECTION ( 'NONE',  ( -1.000000000000000000, 0.000000000000000000, 0.000000000000000000 ) ) ;
#353 = ORIENTED_EDGE ( 'NONE', *, *, #1254, .F. ) ;
#354 = CARTESIAN_POINT ( 'NONE',  ( -30.00000000000000000, 27.50000000000000000, 7.500000000000000000 ) ) ;
#355 = DIRECTION ( 'NONE',  ( 0.000000000000000000, 0.8320502943378437211, 0.5547001962252290364 ) ) ;
#356 = CARTESIAN_POINT ( 'NONE',  ( -19.89999999999999858, 50.00000000000000000, 0.000000000000000000 ) ) ;
#357 = VECTOR ( 'NONE', #671, 1000.000000000000000 ) ;
#358 = CARTESIAN_POINT ( 'NONE',  ( -1.449999999999989519, -25.50000000000000355, 0.000000000000000000 ) ) ;
#359 = DIRECTION ( 'NONE',  ( -1.000000000000000000, -6.938893903907230744E-15, 0.000000000000000000 ) ) ;
#360 = ADVANCED_FACE ( 'NONE', ( #257 ), #1958, .T. ) ;
#361 = VERTEX_POINT ( 'NONE', #415 ) ;
#362 = ORIENTED_EDGE ( 'NONE', *, *, #1422, .F. ) ;
#363 =( LENGTH_UNIT ( ) NAMED_UNIT ( * ) SI_UNIT ( .MILLI., .METRE. ) );
#364 = EDGE_CURVE ( 'NONE', #1062, #1661, #1609, .T. ) ;
#365 = VERTEX_POINT ( 'NONE', #245 ) ;
#366 = ADVANCED_FACE ( 'NONE', ( #797 ), #787, .T. ) ;
#367 = DIRECTION ( 'NONE',  ( -1.000000000000000000, 0.000000000000000000, 0.000000000000000000 ) ) ;
#368 = DIRECTION ( 'NONE',  ( -0.000000000000000000, -0.000000000000000000, 1.000000000000000000 ) ) ;
#369 = DIRECTION ( 'NONE',  ( -1.000000000000000000, 0.000000000000000000, -0.000000000000000000 ) ) ;
#370 = EDGE_CURVE ( 'NONE', #1018, #1257, #1439, .T. ) ;
#371 = LINE ( 'NONE', #1200, #1014 ) ;
#372 = LINE ( 'NONE', #188, #338 ) ;
#373 = ORIENTED_EDGE ( 'NONE', *, *, #323, .T. ) ;
#374 = ORIENTED_EDGE ( 'NONE', *, *, #1042, .F. ) ;
#375 = EDGE_LOOP ( 'NONE', ( #1343, #1080, #1878, #1059 ) ) ;
#376 = DIRECTION ( 'NONE',  ( 0.000000000000000000, -1.000000000000000000, 0.000000000000000000 ) ) ;
#377 = ORIENTED_EDGE ( 'NONE', *, *, #2140, .T. ) ;
#378 = AXIS2_PLACEMENT_3D ( 'NONE', #748, #1805, #936 ) ;
#379 = DIRECTION ( 'NONE',  ( 0.000000000000000000, -1.000000000000000000, 0.000000000000000000 ) ) ;
#380 = DIRECTION ( 'NONE',  ( 0.000000000000000000, 0.000000000000000000, 1.000000000000000000 ) ) ;
#381 = AXIS2_PLACEMENT_3D ( 'NONE', #540, #379, #1418 ) ;
#382 = CARTESIAN_POINT ( 'NONE',  ( -22.60999999999999943, 20.03000000000000114, 0.000000000000000000 ) ) ;
#383 = DIRECTION ( 'NONE',  ( -0.000000000000000000, -0.000000000000000000, 1.000000000000000000 ) ) ;
#384 = ORIENTED_EDGE ( 'NONE', *, *, #1293, .F. ) ;
#385 = VECTOR ( 'NONE', #1221, 1000.000000000000000 ) ;
#386 = EDGE_CURVE ( 'NONE', #1415, #1433, #1484, .T. ) ;
#387 = ORIENTED_EDGE ( 'NONE', *, *, #108, .F. ) ;
#388 = EDGE_CURVE ( 'NONE', #51, #2222, #1650, .T. ) ;
#389 = ORIENTED_EDGE ( 'NONE', *, *, #1945, .F. ) ;
#390 = AXIS2_PLACEMENT_3D ( 'NONE', #946, #1631, #87 ) ;
#391 = ADVANCED_FACE ( 'NONE', ( #266 ), #1261, .T. ) ;
#392 = DIRECTION ( 'NONE',  ( 0.000000000000000000, 0.000000000000000000, 1.000000000000000000 ) ) ;
#393 = VERTEX_POINT ( 'NONE', #569 ) ;
#394 = VECTOR ( 'NONE', #262, 1000.000000000000000 ) ;
#395 = CARTESIAN_POINT ( 'NONE',  ( -1.449999999999989519, 3.400000000000001243, 55.00000000000000000 ) ) ;
#396 = DIRECTION ( 'NONE',  ( 1.000000000000000000, 0.000000000000000000, 0.000000000000000000 ) ) ;
#397 = LINE ( 'NONE', #895, #1988 ) ;
#398 = ORIENTED_EDGE ( 'NONE', *, *, #1113, .T. ) ;
#399 = ORIENTED_EDGE ( 'NONE', *, *, #1756, .T. ) ;
#400 = VERTEX_POINT ( 'NONE', #1308 ) ;
#401 = CARTESIAN_POINT ( 'NONE',  ( 22.57842712474619873, -27.50000000000000000, 54.17157287525380127 ) ) ;
#402 = CARTESIAN_POINT ( 'NONE',  ( 23.75000000000000711, -27.50000000000000000, 61.00000000000000711 ) ) ;
#403 = CARTESIAN_POINT ( 'NONE',  ( -26.00000000000000711, 1.257359312880713231, -0.8284271247461902909 ) ) ;
#404 = VECTOR ( 'NONE', #201, 1000.000000000000000 ) ;
#405 = ORIENTED_EDGE ( 'NONE', *, *, #386, .F. ) ;
#406 = ORIENTED_EDGE ( 'NONE', *, *, #2098, .F. ) ;
#407 = EDGE_CURVE ( 'NONE', #493, #858, #1489, .T. ) ;
#408 = FACE_BOUND ( 'NONE', #1558, .T. ) ;
#409 = ORIENTED_EDGE ( 'NONE', *, *, #664, .F. ) ;
#410 = ORIENTED_EDGE ( 'NONE', *, *, #175, .F. ) ;
#411 = ADVANCED_FACE ( 'NONE', ( #447 ), #1781, .T. ) ;
#412 = CARTESIAN_POINT ( 'NONE',  ( -24.71000000000000085, 10.18000000000000327, 0.000000000000000000 ) ) ;
#413 = DIRECTION ( 'NONE',  ( -1.000000000000000000, 0.000000000000000000, 0.000000000000000000 ) ) ;
#414 = CIRCLE ( 'NONE', #1962, 2.999999999999999112 ) ;
#415 = CARTESIAN_POINT ( 'NONE',  ( 18.05000000000001137, 20.10000000000000142, 55.00000000000000000 ) ) ;
#416 = ORIENTED_EDGE ( 'NONE', *, *, #914, .T. ) ;
#417 = AXIS2_PLACEMENT_3D ( 'NONE', #2194, #654, #839 ) ;
#418 = ADVANCED_FACE ( 'NONE', ( #299 ), #2000, .T. ) ;
#419 = ORIENTED_EDGE ( 'NONE', *, *, #1636, .F. ) ;
#420 = ORIENTED_EDGE ( 'NONE', *, *, #2188, .F. ) ;
#421 = DIRECTION ( 'NONE',  ( 1.000000000000000000, 0.000000000000000000, 0.000000000000000000 ) ) ;
#422 = CARTESIAN_POINT ( 'NONE',  ( 5.250000000000007105, 23.80000000000000071, 55.00000000000000000 ) ) ;
#423 = VERTEX_POINT ( 'NONE', #500 ) ;
#424 = CARTESIAN_POINT ( 'NONE',  ( 34.99999999999999289, -27.50000000000000000, 29.00000000000000000 ) ) ;
#425 = CARTESIAN_POINT ( 'NONE',  ( -19.89999999999999858, 0.000000000000000000, 0.000000000000000000 ) ) ;
#426 = PLANE ( 'NONE',  #844 ) ;
#427 = CIRCLE ( 'NONE', #899, 2.000000000000000000 ) ;
#428 = DIRECTION ( 'NONE',  ( 1.000000000000000000, 0.000000000000000000, 0.000000000000000000 ) ) ;
#429 = VERTEX_POINT ( 'NONE', #153 ) ;
#430 = ORIENTED_EDGE ( 'NONE', *, *, #1900, .F. ) ;
#431 = EDGE_CURVE ( 'NONE', #585, #347, #1517, .T. ) ;
#432 = VERTEX_POINT ( 'NONE', #1494 ) ;
#433 = CARTESIAN_POINT ( 'NONE',  ( -1.449999999999987299, -25.50000000000000355, 55.00000000000000000 ) ) ;
#434 = CARTESIAN_POINT ( 'NONE',  ( -24.71000000000000085, 20.03000000000000114, 7.500000000000000000 ) ) ;
#435 = EDGE_CURVE ( 'NONE', #361, #365, #322, .T. ) ;
#436 = DIRECTION ( 'NONE',  ( 0.000000000000000000, 0.000000000000000000, 1.000000000000000000 ) ) ;
#437 = EDGE_CURVE ( 'NONE', #577, #1881, #458, .T. ) ;
#438 = CARTESIAN_POINT ( 'NONE',  ( 55.00000000000000000, -27.49999999999999645, 69.00000000000000000 ) ) ;
#439 = CARTESIAN_POINT ( 'NONE',  ( 21.75000000000000711, -25.50000000000000355, 0.000000000000000000 ) ) ;
#440 = ORIENTED_EDGE ( 'NONE', *, *, #697, .F. ) ;
#441 = ORIENTED_EDGE ( 'NONE', *, *, #2190, .T. ) ;
#442 = ORIENTED_EDGE ( 'NONE', *, *, #1642, .T. ) ;
#443 = EDGE_CURVE ( 'NONE', #564, #218, #2210, .T. ) ;
#444 = CARTESIAN_POINT ( 'NONE',  ( -30.00000000000000000, -31.50000000000000000, -20.00000000000000000 ) ) ;
#445 = CARTESIAN_POINT ( 'NONE',  ( 30.00000000000000000, -31.50000000000000000, -20.00000000000000000 ) ) ;
#446 = CARTESIAN_POINT ( 'NONE',  ( -30.00000000000000000, -27.50000000000000000, -20.00000000000000000 ) ) ;
#447 = FACE_OUTER_BOUND ( 'NONE', #259, .T. ) ;
#448 = DIRECTION ( 'NONE',  ( -0.000000000000000000, -1.000000000000000000, -0.000000000000000000 ) ) ;
#449 = AXIS2_PLACEMENT_3D ( 'NONE', #47, #1906, #1388 ) ;
#450 = ORIENTED_EDGE ( 'NONE', *, *, #270, .T. ) ;
#451 = VECTOR ( 'NONE', #241, 1000.000000000000000 ) ;
#452 = ORIENTED_EDGE ( 'NONE', *, *, #1969, .T. ) ;
#453 = DIRECTION ( 'NONE',  ( -1.000000000000000000, -0.000000000000000000, -0.000000000000000000 ) ) ;
#454 = ADVANCED_FACE ( 'NONE', ( #981 ), #1327, .T. ) ;
#455 = DIRECTION ( 'NONE',  ( 0.000000000000000000, 0.000000000000000000, -1.000000000000000000 ) ) ;
#456 = CARTESIAN_POINT ( 'NONE',  ( -19.89999999999999858, 5.000000000000004441, 7.500000000000000000 ) ) ;
#457 = VECTOR ( 'NONE', #980, 1000.000000000000000 ) ;
#458 = LINE ( 'NONE', #131, #967 ) ;
#459 = LINE ( 'NONE', #1317, #1039 ) ;
#460 = VECTOR ( 'NONE', #66, 1000.000000000000000 ) ;
#461 = FACE_OUTER_BOUND ( 'NONE', #136, .T. ) ;
#462 = ORIENTED_EDGE ( 'NONE', *, *, #1311, .T. ) ;
#463 = FACE_OUTER_BOUND ( 'NONE', #1535, .T. ) ;
#464 = AXIS2_PLACEMENT_3D ( 'NONE', #960, #74, #428 ) ;
#465 = CARTESIAN_POINT ( 'NONE',  ( -26.00000000000000355, 0.000000000000000000, 0.000000000000000000 ) ) ;
#466 = CARTESIAN_POINT ( 'NONE',  ( 50.00000000000000000, -27.50000000000000000, 69.00000000000000000 ) ) ;
#467 = DIRECTION ( 'NONE',  ( 0.000000000000000000, 0.000000000000000000, -1.000000000000000000 ) ) ;
#468 = DIRECTION ( 'NONE',  ( 1.000000000000000000, 0.000000000000000000, 0.000000000000000000 ) ) ;
#469 = ORIENTED_EDGE ( 'NONE', *, *, #1254, .T. ) ;
#470 = ORIENTED_EDGE ( 'NONE', *, *, #1115, .T. ) ;
#471 = DIRECTION ( 'NONE',  ( 0.000000000000000000, 0.8320502943378437211, 0.5547001962252290364 ) ) ;
#472 = EDGE_CURVE ( 'NONE', #652, #1582, #1141, .T. ) ;
#473 = CARTESIAN_POINT ( 'NONE',  ( -22.89999999999999503, 24.50000000000000000, 7.500000000000000000 ) ) ;
#474 = EDGE_LOOP ( 'NONE', ( #2166, #1961, #1369 ) ) ;
#475 = LINE ( 'NONE', #1524, #1829 ) ;
#476 = ADVANCED_FACE ( 'NONE', ( #1348 ), #2047, .F. ) ;
#477 = CARTESIAN_POINT ( 'NONE',  ( 24.99999999999999289, -31.50000000000000000, -20.00000000000000000 ) ) ;
#478 =( BOUNDED_CURVE ( )  B_SPLINE_CURVE ( 3, ( #1947, #1955, #401, #21 ),
 .UNSPECIFIED., .F., .F. ) 
 B_SPLINE_CURVE_WITH_KNOTS ( ( 4, 4 ),
 ( 3.141592653589793116, 4.712388980384689674 ),
 .UNSPECIFIED. ) 
 CURVE ( )  GEOMETRIC_REPRESENTATION_ITEM ( )  RATIONAL_B_SPLINE_CURVE ( ( 1.000000000000000000, 0.8047378541243649375, 0.8047378541243649375, 1.000000000000000000 ) ) 
 REPRESENTATION_ITEM ( '' )  );
#479 = DIRECTION ( 'NONE',  ( 0.000000000000000000, 0.000000000000000000, 1.000000000000000000 ) ) ;
#480 = ADVANCED_FACE ( 'NONE', ( #807 ), #1527, .T. ) ;
#481 = ORIENTED_EDGE ( 'NONE', *, *, #2207, .F. ) ;
#482 = VECTOR ( 'NONE', #34, 1000.000000000000000 ) ;
#483 = EDGE_CURVE ( 'NONE', #1415, #1227, #2205, .T. ) ;
#484 = DIRECTION ( 'NONE',  ( 0.000000000000000000, 0.000000000000000000, -1.000000000000000000 ) ) ;
#485 = AXIS2_PLACEMENT_3D ( 'NONE', #1561, #704, #1768 ) ;
#486 = ADVANCED_FACE ( 'NONE', ( #1020 ), #1706, .T. ) ;
#487 = VECTOR ( 'NONE', #1447, 1000.000000000000000 ) ;
#488 = ORIENTED_EDGE ( 'NONE', *, *, #1984, .F. ) ;
#489 = DIRECTION ( 'NONE',  ( 1.000000000000000000, 0.000000000000000000, 0.000000000000000000 ) ) ;
#490 = CARTESIAN_POINT ( 'NONE',  ( 24.99999999999999289, -27.50000000000000000, -20.00000000000000000 ) ) ;
#491 = DIRECTION ( 'NONE',  ( -0.000000000000000000, -0.000000000000000000, -1.000000000000000000 ) ) ;
#492 = DIRECTION ( 'NONE',  ( 1.000000000000000000, 0.000000000000000000, 0.000000000000000000 ) ) ;
#493 = VERTEX_POINT ( 'NONE', #292 ) ;
#494 = CARTESIAN_POINT ( 'NONE',  ( 0.5500000000000105915, 26.30000000000000071, 55.00000000000000000 ) ) ;
#495 = VERTEX_POINT ( 'NONE', #988 ) ;
#496 = CIRCLE ( 'NONE', #604, 1.700000000000000178 ) ;
#497 = DIRECTION ( 'NONE',  ( -0.000000000000000000, 1.000000000000000000, 0.000000000000000000 ) ) ;
#498 = ORIENTED_EDGE ( 'NONE', *, *, #2186, .F. ) ;
#499 = DIRECTION ( 'NONE',  ( -0.000000000000000000, -0.000000000000000000, 1.000000000000000000 ) ) ;
#500 = CARTESIAN_POINT ( 'NONE',  ( 26.81000000000000583, 10.18000000000000327, 0.000000000000000000 ) ) ;
#501 = DIRECTION ( 'NONE',  ( 0.000000000000000000, 0.000000000000000000, 1.000000000000000000 ) ) ;
#502 = ORIENTED_EDGE ( 'NONE', *, *, #1232, .F. ) ;
#503 = DIRECTION ( 'NONE',  ( 0.000000000000000000, 1.000000000000000000, 0.000000000000000000 ) ) ;
#504 = ORIENTED_EDGE ( 'NONE', *, *, #1182, .T. ) ;
#505 = EDGE_CURVE ( 'NONE', #145, #311, #1316, .T. ) ;
#506 = CARTESIAN_POINT ( 'NONE',  ( 25.17157287525380838, 2.499999999999998668, -1.434762971647439439E-16 ) ) ;
#507 = VERTEX_POINT ( 'NONE', #1151 ) ;
#508 = VECTOR ( 'NONE', #345, 1000.000000000000000 ) ;
#509 = PLANE ( 'NONE',  #595 ) ;
#510 = CARTESIAN_POINT ( 'NONE',  ( 55.00000000000000000, 15.51162633521313516, 69.00000000000000000 ) ) ;
#511 = CARTESIAN_POINT ( 'NONE',  ( 26.00000000000000000, -27.50000000000000000, -1.999999999999998224 ) ) ;
#512 = CARTESIAN_POINT ( 'NONE',  ( -1.449999999999987299, -25.50000000000000355, 59.00000000000000711 ) ) ;
#513 = VERTEX_POINT ( 'NONE', #477 ) ;
#514 = AXIS2_PLACEMENT_3D ( 'NONE', #1937, #555, #1914 ) ;
#515 = DIRECTION ( 'NONE',  ( 0.000000000000000000, 1.000000000000000000, 0.000000000000000000 ) ) ;
#516 = VECTOR ( 'NONE', #289, 1000.000000000000000 ) ;
#517 = EDGE_CURVE ( 'NONE', #2131, #756, #2036, .T. ) ;
#518 = ORIENTED_EDGE ( 'NONE', *, *, #1746, .F. ) ;
#519 = DIRECTION ( 'NONE',  ( 0.000000000000000000, 1.000000000000000000, 0.000000000000000000 ) ) ;
#520 = EDGE_CURVE ( 'NONE', #1083, #1797, #309, .T. ) ;
#521 = LINE ( 'NONE', #1560, #1132 ) ;
#522 = CARTESIAN_POINT ( 'NONE',  ( -3.449999999999989519, -27.50000000000000000, 53.00000000000000000 ) ) ;
#523 = CARTESIAN_POINT ( 'NONE',  ( -2.278427124746179366, -27.50000000000000000, 59.82842712474619873 ) ) ;
#524 = LINE ( 'NONE', #1895, #1884 ) ;
#525 = ORIENTED_EDGE ( 'NONE', *, *, #1183, .T. ) ;
#526 = ORIENTED_EDGE ( 'NONE', *, *, #1226, .F. ) ;
#527 =( GEOMETRIC_REPRESENTATION_CONTEXT ( 3 ) GLOBAL_UNCERTAINTY_ASSIGNED_CONTEXT ( ( #114 ) ) GLOBAL_UNIT_ASSIGNED_CONTEXT ( ( #2204, #669, #1361 ) ) REPRESENTATION_CONTEXT ( 'NONE', 'WORKASPACE' ) );
#528 = DIRECTION ( 'NONE',  ( 1.000000000000000000, 0.000000000000000000, 0.000000000000000000 ) ) ;
#529 = ORIENTED_EDGE ( 'NONE', *, *, #2190, .F. ) ;
#530 = EDGE_CURVE ( 'NONE', #513, #932, #558, .T. ) ;
#531 = CARTESIAN_POINT ( 'NONE',  ( 0.000000000000000000, -27.50000000000000000, 53.00000000000000000 ) ) ;
#532 = DIRECTION ( 'NONE',  ( 2.081668171172168119E-15, 0.000000000000000000, 1.000000000000000000 ) ) ;
#533 = DIRECTION ( 'NONE',  ( -1.000000000000000000, 0.000000000000000000, 0.000000000000000000 ) ) ;
#534 = CARTESIAN_POINT ( 'NONE',  ( 30.00000000000000000, -27.50000000000000000, 29.00000000000000000 ) ) ;
#535 = CARTESIAN_POINT ( 'NONE',  ( 16.49400000000001398, 22.74399999999999622, 53.00000000000000711 ) ) ;
#536 = ORIENTED_EDGE ( 'NONE', *, *, #1351, .F. ) ;
#537 = ORIENTED_EDGE ( 'NONE', *, *, #270, .F. ) ;
#538 = ORIENTED_EDGE ( 'NONE', *, *, #978, .F. ) ;
#539 = EDGE_LOOP ( 'NONE', ( #134, #1549, #258, #1204 ) ) ;
#540 = CARTESIAN_POINT ( 'NONE',  ( -34.99999999999999289, -27.50000000000000000, 20.00000000000000355 ) ) ;
#541 = FACE_OUTER_BOUND ( 'NONE', #2175, .T. ) ;
#542 = APPLICATION_CONTEXT ( 'automotive_design' ) ;
#543 = EDGE_CURVE ( 'NONE', #974, #1827, #682, .T. ) ;
#544 = CARTESIAN_POINT ( 'NONE',  ( -22.89999999999999503, 27.50000000000000000, 0.000000000000000000 ) ) ;
#545 = DIRECTION ( 'NONE',  ( 1.000000000000000000, 0.000000000000000000, 0.000000000000000000 ) ) ;
#546 = EDGE_LOOP ( 'NONE', ( #240, #1381 ) ) ;
#547 = ADVANCED_FACE ( 'NONE', ( #1788 ), #2064, .F. ) ;
#548 = ORIENTED_EDGE ( 'NONE', *, *, #1357, .F. ) ;
#549 = ORIENTED_EDGE ( 'NONE', *, *, #1407, .F. ) ;
#550 = VECTOR ( 'NONE', #2162, 1000.000000000000000 ) ;
#551 = ORIENTED_EDGE ( 'NONE', *, *, #543, .T. ) ;
#552 = AXIS2_PLACEMENT_3D ( 'NONE', #37, #1598, #1033 ) ;
#553 = ADVANCED_FACE ( 'NONE', ( #1903 ), #1966, .F. ) ;
#554 = CYLINDRICAL_SURFACE ( 'NONE', #94, 5.000000000000000888 ) ;
#555 = DIRECTION ( 'NONE',  ( -0.000000000000000000, -0.000000000000000000, 1.000000000000000000 ) ) ;
#556 = DIRECTION ( 'NONE',  ( -0.000000000000000000, -0.000000000000000000, -1.000000000000000000 ) ) ;
#557 = ORIENTED_EDGE ( 'NONE', *, *, #386, .T. ) ;
#558 = CIRCLE ( 'NONE', #1825, 5.000000000000000888 ) ;
#559 = ORIENTED_EDGE ( 'NONE', *, *, #906, .T. ) ;
#560 = ORIENTED_EDGE ( 'NONE', *, *, #1283, .F. ) ;
#561 = VECTOR ( 'NONE', #1158, 1000.000000000000000 ) ;
#562 = VECTOR ( 'NONE', #2020, 1000.000000000000000 ) ;
#563 = DIRECTION ( 'NONE',  ( 1.000000000000000000, -1.122798366328030641E-16, 0.000000000000000000 ) ) ;
#564 = VERTEX_POINT ( 'NONE', #1028 ) ;
#565 = AXIS2_PLACEMENT_3D ( 'NONE', #610, #1995, #1615 ) ;
#566 = CYLINDRICAL_SURFACE ( 'NONE', #1963, 2.100000000000000977 ) ;
#567 = PLANE ( 'NONE',  #1345 ) ;
#568 = CIRCLE ( 'NONE', #1941, 2.999999999999999112 ) ;
#569 = CARTESIAN_POINT ( 'NONE',  ( 30.00000000000000000, 24.50000000000000355, 0.000000000000000000 ) ) ;
#570 = ORIENTED_EDGE ( 'NONE', *, *, #1066, .F. ) ;
#571 = AXIS2_PLACEMENT_3D ( 'NONE', #1321, #2010, #1843 ) ;
#572 = EDGE_CURVE ( 'NONE', #2144, #762, #1356, .T. ) ;
#573 = EDGE_LOOP ( 'NONE', ( #916, #1794, #560, #362 ) ) ;
#574 = VERTEX_POINT ( 'NONE', #866 ) ;
#575 = DIRECTION ( 'NONE',  ( -1.000000000000000000, -0.000000000000000000, -0.000000000000000000 ) ) ;
#576 = CARTESIAN_POINT ( 'NONE',  ( 26.99999999999999645, 24.50000000000000000, 7.500000000000000000 ) ) ;
#577 = VERTEX_POINT ( 'NONE', #714 ) ;
#578 = EDGE_LOOP ( 'NONE', ( #549, #661, #1076, #442 ) ) ;
#579 = LINE ( 'NONE', #1436, #451 ) ;
#580 = DIRECTION ( 'NONE',  ( 1.000000000000000000, 0.000000000000000000, 0.000000000000000000 ) ) ;
#581 = CARTESIAN_POINT ( 'NONE',  ( -50.00000000000000000, 15.51162633521313516, -15.00000000000000000 ) ) ;
#582 = PLANE ( 'NONE',  #1331 ) ;
#583 = EDGE_LOOP ( 'NONE', ( #219, #2173 ) ) ;
#584 = ORIENTED_EDGE ( 'NONE', *, *, #28, .F. ) ;
#585 = VERTEX_POINT ( 'NONE', #1539 ) ;
#586 = CARTESIAN_POINT ( 'NONE',  ( -22.89999999999999503, 27.50000000000000000, 7.500000000000000000 ) ) ;
#587 = DIRECTION ( 'NONE',  ( -0.000000000000000000, -0.000000000000000000, 1.000000000000000000 ) ) ;
#588 = ORIENTED_EDGE ( 'NONE', *, *, #248, .F. ) ;
#589 = DIRECTION ( 'NONE',  ( 0.000000000000000000, 0.000000000000000000, 1.000000000000000000 ) ) ;
#590 = CARTESIAN_POINT ( 'NONE',  ( 0.5500000000000105915, 24.30000000000000071, 55.00000000000000000 ) ) ;
#591 = EDGE_CURVE ( 'NONE', #762, #2087, #1551, .T. ) ;
#592 = CIRCLE ( 'NONE', #2134, 2.100000000000000977 ) ;
#593 = CARTESIAN_POINT ( 'NONE',  ( 24.00000000000000000, 0.000000000000000000, 0.000000000000000000 ) ) ;
#594 = ORIENTED_EDGE ( 'NONE', *, *, #697, .T. ) ;
#595 = AXIS2_PLACEMENT_3D ( 'NONE', #1730, #519, #174 ) ;
#596 = EDGE_LOOP ( 'NONE', ( #62, #2062, #740, #707 ) ) ;
#597 = ORIENTED_EDGE ( 'NONE', *, *, #2050, .T. ) ;
#598 = ADVANCED_FACE ( 'NONE', ( #1913 ), #1731, .T. ) ;
#599 = LINE ( 'NONE', #1275, #1866 ) ;
#600 = EDGE_CURVE ( 'NONE', #1392, #207, #521, .T. ) ;
#601 = DIRECTION ( 'NONE',  ( 1.000000000000000000, 0.000000000000000000, 0.000000000000000000 ) ) ;
#602 = LINE ( 'NONE', #1813, #658 ) ;
#603 = DIRECTION ( 'NONE',  ( 1.000000000000000000, 0.000000000000000000, 0.000000000000000000 ) ) ;
#604 = AXIS2_PLACEMENT_3D ( 'NONE', #42, #1602, #237 ) ;
#605 = CARTESIAN_POINT ( 'NONE',  ( 2.250000000000007105, 23.80000000000000071, 55.00000000000000000 ) ) ;
#606 = EDGE_LOOP ( 'NONE', ( #965, #228, #1196, #1453 ) ) ;
#607 = ADVANCED_FACE ( 'NONE', ( #2116 ), #238, .T. ) ;
#608 = ORIENTED_EDGE ( 'NONE', *, *, #1760, .T. ) ;
#609 = ORIENTED_EDGE ( 'NONE', *, *, #1354, .F. ) ;
#610 = CARTESIAN_POINT ( 'NONE',  ( 18.19400000000001683, 22.74399999999999622, 53.00000000000000711 ) ) ;
#611 = CARTESIAN_POINT ( 'NONE',  ( 30.00000000000000000, -27.50000000000000000, 7.500000000000000000 ) ) ;
#612 = PLANE ( 'NONE',  #1870 ) ;
#613 = LINE ( 'NONE', #425, #550 ) ;
#614 = DIRECTION ( 'NONE',  ( 0.000000000000000000, 0.000000000000000000, -1.000000000000000000 ) ) ;
#615 = PLANE ( 'NONE',  #864 ) ;
#616 = ORIENTED_EDGE ( 'NONE', *, *, #1689, .F. ) ;
#617 = EDGE_CURVE ( 'NONE', #393, #1982, #1952, .T. ) ;
#618 = VERTEX_POINT ( 'NONE', #11 ) ;
#619 = VECTOR ( 'NONE', #1564, 1000.000000000000000 ) ;
#620 = CARTESIAN_POINT ( 'NONE',  ( 0.000000000000000000, -25.50000000000000355, 7.500000000000000000 ) ) ;
#621 = CARTESIAN_POINT ( 'NONE',  ( -30.00000000000000000, -25.50000000000000355, 9.500000000000000000 ) ) ;
#622 = PLANE ( 'NONE',  #2004 ) ;
#623 = CARTESIAN_POINT ( 'NONE',  ( 24.71000000000000085, 20.03000000000000114, 7.500000000000000000 ) ) ;
#624 = LINE ( 'NONE', #973, #1726 ) ;
#625 = EDGE_LOOP ( 'NONE', ( #1612, #1699, #1660, #41, #848, #1253 ) ) ;
#626 = VECTOR ( 'NONE', #1233, 1000.000000000000000 ) ;
#627 = ORIENTED_EDGE ( 'NONE', *, *, #1351, .T. ) ;
#628 = LINE ( 'NONE', #2007, #208 ) ;
#629 = CYLINDRICAL_SURFACE ( 'NONE', #571, 4.999999999999997335 ) ;
#630 = DIRECTION ( 'NONE',  ( 0.000000000000000000, 0.000000000000000000, -1.000000000000000000 ) ) ;
#631 = DIRECTION ( 'NONE',  ( -8.260587980841938780E-17, -1.000000000000000000, -0.000000000000000000 ) ) ;
#632 = VECTOR ( 'NONE', #1514, 1000.000000000000000 ) ;
#633 = DIRECTION ( 'NONE',  ( -1.000000000000000000, 0.000000000000000000, 0.000000000000000000 ) ) ;
#634 = CARTESIAN_POINT ( 'NONE',  ( -50.00000000000000000, -27.49999999999999645, 9.999999999999996447 ) ) ;
#635 = AXIS2_PLACEMENT_3D ( 'NONE', #2211, #1701, #124 ) ;
#636 = DIRECTION ( 'NONE',  ( 0.000000000000000000, -1.000000000000000000, 0.000000000000000000 ) ) ;
#637 = ADVANCED_FACE ( 'NONE', ( #1093, #408, #703, #2075 ), #69, .T. ) ;
#638 = DIRECTION ( 'NONE',  ( 1.000000000000000000, 0.000000000000000000, 0.000000000000000000 ) ) ;
#639 = AXIS2_PLACEMENT_3D ( 'NONE', #2048, #1690, #501 ) ;
#640 = CARTESIAN_POINT ( 'NONE',  ( 26.99999999999999645, 24.50000000000000000, 7.500000000000000000 ) ) ;
#641 = EDGE_CURVE ( 'NONE', #2087, #1479, #755, .T. ) ;
#642 = ORIENTED_EDGE ( 'NONE', *, *, #431, .F. ) ;
#643 = LINE ( 'NONE', #826, #562 ) ;
#644 = EDGE_CURVE ( 'NONE', #881, #1257, #23, .T. ) ;
#645 = CARTESIAN_POINT ( 'NONE',  ( 2.110000000000010534, 6.956000000000001293, 53.00000000000000711 ) ) ;
#646 = CYLINDRICAL_SURFACE ( 'NONE', #1219, 5.000000000000004441 ) ;
#647 = ORIENTED_EDGE ( 'NONE', *, *, #337, .T. ) ;
#648 = ORIENTED_EDGE ( 'NONE', *, *, #1795, .F. ) ;
#649 = EDGE_CURVE ( 'NONE', #1982, #2148, #964, .T. ) ;
#650 = PLANE ( 'NONE',  #284 ) ;
#651 = DIRECTION ( 'NONE',  ( 0.000000000000000000, -0.000000000000000000, 1.000000000000000000 ) ) ;
#652 = VERTEX_POINT ( 'NONE', #422 ) ;
#653 = LINE ( 'NONE', #320, #1715 ) ;
#654 = DIRECTION ( 'NONE',  ( 0.000000000000000000, 0.000000000000000000, -1.000000000000000000 ) ) ;
#655 = DIRECTION ( 'NONE',  ( 1.000000000000000000, 0.000000000000000000, 0.000000000000000000 ) ) ;
#656 = DIRECTION ( 'NONE',  ( 1.000000000000000000, 0.000000000000000000, 0.000000000000000000 ) ) ;
#657 = VERTEX_POINT ( 'NONE', #1104 ) ;
#658 = VECTOR ( 'NONE', #243, 1000.000000000000000 ) ;
#659 = CIRCLE ( 'NONE', #552, 1.699999999999999734 ) ;
#660 = CARTESIAN_POINT ( 'NONE',  ( -24.71000000000000085, 10.18000000000000327, 0.000000000000000000 ) ) ;
#661 = ORIENTED_EDGE ( 'NONE', *, *, #716, .T. ) ;
#662 = AXIS2_PLACEMENT_3D ( 'NONE', #621, #968, #1834 ) ;
#663 = EDGE_CURVE ( 'NONE', #1251, #1568, #1799, .T. ) ;
#664 = EDGE_CURVE ( 'NONE', #756, #564, #96, .T. ) ;
#665 = FACE_OUTER_BOUND ( 'NONE', #578, .T. ) ;
#666 = AXIS2_PLACEMENT_3D ( 'NONE', #196, #1210, #355 ) ;
#667 = ORIENTED_EDGE ( 'NONE', *, *, #763, .T. ) ;
#668 = DIRECTION ( 'NONE',  ( -0.000000000000000000, 0.000000000000000000, 1.000000000000000000 ) ) ;
#669 =( NAMED_UNIT ( * ) PLANE_ANGLE_UNIT ( ) SI_UNIT ( $, .RADIAN. ) );
#670 = CARTESIAN_POINT ( 'NONE',  ( 21.75000000000001066, 3.400000000000001243, 55.00000000000000000 ) ) ;
#671 = DIRECTION ( 'NONE',  ( -0.000000000000000000, -0.000000000000000000, 1.000000000000000000 ) ) ;
#672 = AXIS2_PLACEMENT_3D ( 'NONE', #645, #2034, #655 ) ;
#673 = EDGE_CURVE ( 'NONE', #65, #871, #2114, .T. ) ;
#674 = CIRCLE ( 'NONE', #1938, 5.000000000000004441 ) ;
#675 = FACE_OUTER_BOUND ( 'NONE', #539, .T. ) ;
#676 = VERTEX_POINT ( 'NONE', #82 ) ;
#677 = VECTOR ( 'NONE', #1511, 1000.000000000000000 ) ;
#678 = PRODUCT_DEFINITION_SHAPE ( 'NONE', 'NONE',  #880 ) ;
#679 = DIRECTION ( 'NONE',  ( -1.000000000000000000, -0.000000000000000000, -0.000000000000000000 ) ) ;
#680 = ORIENTED_EDGE ( 'NONE', *, *, #591, .T. ) ;
#681 = DIRECTION ( 'NONE',  ( 1.000000000000000000, 0.000000000000000000, 0.000000000000000000 ) ) ;
#682 = LINE ( 'NONE', #875, #1753 ) ;
#683 = DIRECTION ( 'NONE',  ( -1.000000000000000000, 0.000000000000000000, 0.000000000000000000 ) ) ;
#684 = VERTEX_POINT ( 'NONE', #779 ) ;
#685 = ADVANCED_FACE ( 'NONE', ( #106 ), #2151, .F. ) ;
#686 = CYLINDRICAL_SURFACE ( 'NONE', #635, 2.000000000000000000 ) ;
#687 = DIRECTION ( 'NONE',  ( -0.000000000000000000, 0.000000000000000000, 1.000000000000000000 ) ) ;
#688 = ORIENTED_EDGE ( 'NONE', *, *, #1879, .F. ) ;
#689 = VECTOR ( 'NONE', #1586, 1000.000000000000000 ) ;
#690 = CARTESIAN_POINT ( 'NONE',  ( 5.250000000000007105, 20.10000000000000142, 59.00000000000000711 ) ) ;
#691 = DIRECTION ( 'NONE',  ( 0.000000000000000000, 0.000000000000000000, 1.000000000000000000 ) ) ;
#692 = CARTESIAN_POINT ( 'NONE',  ( -3.449999999999989519, -25.50000000000000355, 0.000000000000000000 ) ) ;
#693 = DIRECTION ( 'NONE',  ( 0.000000000000000000, 0.000000000000000000, 1.000000000000000000 ) ) ;
#694 = CARTESIAN_POINT ( 'NONE',  ( 22.89999999999999503, 24.50000000000000000, 7.500000000000000000 ) ) ;
#695 = ORIENTED_EDGE ( 'NONE', *, *, #1232, .T. ) ;
#696 = ORIENTED_EDGE ( 'NONE', *, *, #925, .T. ) ;
#697 = EDGE_CURVE ( 'NONE', #764, #1830, #977, .T. ) ;
#698 = VECTOR ( 'NONE', #177, 1000.000000000000000 ) ;
#699 = CARTESIAN_POINT ( 'NONE',  ( -30.00000000000000000, 27.50000000000000000, 0.000000000000000000 ) ) ;
#700 = AXIS2_PLACEMENT_3D ( 'NONE', #1643, #1295, #455 ) ;
#701 = EDGE_LOOP ( 'NONE', ( #1851, #2165, #141, #2054 ) ) ;
#702 = PRESENTATION_STYLE_ASSIGNMENT (( #1384 ) ) ;
#703 = FACE_BOUND ( 'NONE', #546, .T. ) ;
#704 = DIRECTION ( 'NONE',  ( -0.000000000000000000, -1.000000000000000000, -0.000000000000000000 ) ) ;
#705 = DIRECTION ( 'NONE',  ( 0.000000000000000000, 0.000000000000000000, 1.000000000000000000 ) ) ;
#706 = CARTESIAN_POINT ( 'NONE',  ( -22.60999999999999943, 20.03000000000000114, 0.000000000000000000 ) ) ;
#707 = ORIENTED_EDGE ( 'NONE', *, *, #1060, .T. ) ;
#708 = ORIENTED_EDGE ( 'NONE', *, *, #323, .F. ) ;
#709 = ADVANCED_FACE ( 'NONE', ( #1987 ), #629, .T. ) ;
#710 = VECTOR ( 'NONE', #1534, 1000.000000000000000 ) ;
#711 = VERTEX_POINT ( 'NONE', #605 ) ;
#712 = DIRECTION ( 'NONE',  ( -0.000000000000000000, -0.000000000000000000, 1.000000000000000000 ) ) ;
#713 = EDGE_CURVE ( 'NONE', #1568, #684, #2121, .T. ) ;
#714 = CARTESIAN_POINT ( 'NONE',  ( -1.449999999999991074, 24.30000000000000071, 59.00000000000000711 ) ) ;
#715 = DIRECTION ( 'NONE',  ( -0.000000000000000000, 1.000000000000000000, -0.000000000000000000 ) ) ;
#716 = EDGE_CURVE ( 'NONE', #123, #1415, #789, .T. ) ;
#717 = DIRECTION ( 'NONE',  ( 0.000000000000000000, 0.000000000000000000, 1.000000000000000000 ) ) ;
#718 = DIRECTION ( 'NONE',  ( 1.000000000000000000, -0.000000000000000000, 0.000000000000000000 ) ) ;
#719 = ORIENTED_EDGE ( 'NONE', *, *, #2179, .F. ) ;
#720 = EDGE_LOOP ( 'NONE', ( #420, #842 ) ) ;
#721 = EDGE_CURVE ( 'NONE', #1194, #1434, #624, .T. ) ;
#722 = CARTESIAN_POINT ( 'NONE',  ( 26.81000000000000583, 20.03000000000000114, 0.000000000000000000 ) ) ;
#723 = ORIENTED_EDGE ( 'NONE', *, *, #1746, .T. ) ;
#724 = FACE_OUTER_BOUND ( 'NONE', #1154, .T. ) ;
#725 = VECTOR ( 'NONE', #705, 1000.000000000000000 ) ;
#726 = CARTESIAN_POINT ( 'NONE',  ( 24.00000000000000000, 2.499999999999998668, 0.000000000000000000 ) ) ;
#727 = DIRECTION ( 'NONE',  ( 1.000000000000000000, 0.000000000000000000, 0.000000000000000000 ) ) ;
#728 = FACE_OUTER_BOUND ( 'NONE', #1336, .T. ) ;
#729 = EDGE_LOOP ( 'NONE', ( #1763, #2112, #1580, #1972 ) ) ;
#730 = ORIENTED_EDGE ( 'NONE', *, *, #617, .T. ) ;
#731 = CARTESIAN_POINT ( 'NONE',  ( 26.99999999999999645, 27.50000000000000000, 7.500000000000000000 ) ) ;
#732 = ORIENTED_EDGE ( 'NONE', *, *, #939, .T. ) ;
#733 = AXIS2_PLACEMENT_3D ( 'NONE', #213, #383, #545 ) ;
#734 = DIRECTION ( 'NONE',  ( -1.000000000000000000, 0.000000000000000000, 0.000000000000000000 ) ) ;
#735 = AXIS2_PLACEMENT_3D ( 'NONE', #465, #955, #2018 ) ;
#736 = CARTESIAN_POINT ( 'NONE',  ( 0.000000000000000000, -25.50000000000000355, 53.00000000000000000 ) ) ;
#737 = EDGE_CURVE ( 'NONE', #350, #1973, #459, .T. ) ;
#738 = LINE ( 'NONE', #1045, #958 ) ;
#739 = ORIENTED_EDGE ( 'NONE', *, *, #2038, .F. ) ;
#740 = ORIENTED_EDGE ( 'NONE', *, *, #1700, .T. ) ;
#741 = ORIENTED_EDGE ( 'NONE', *, *, #248, .T. ) ;
#742 = AXIS2_PLACEMENT_3D ( 'NONE', #2142, #971, #603 ) ;
#743 = VECTOR ( 'NONE', #1619, 1000.000000000000000 ) ;
#744 = ORIENTED_EDGE ( 'NONE', *, *, #1569, .T. ) ;
#745 = CARTESIAN_POINT ( 'NONE',  ( -1.449999999999989519, 3.400000000000001243, 59.00000000000000711 ) ) ;
#746 = CARTESIAN_POINT ( 'NONE',  ( 26.81000000000000583, 20.03000000000000114, 0.000000000000000000 ) ) ;
#747 = VECTOR ( 'NONE', #2200, 1000.000000000000000 ) ;
#748 = CARTESIAN_POINT ( 'NONE',  ( -34.99999999999999289, -31.50000000000000000, 20.00000000000000355 ) ) ;
#749 = DIRECTION ( 'NONE',  ( -1.000000000000000000, 0.000000000000000000, -0.000000000000000000 ) ) ;
#750 = AXIS2_PLACEMENT_3D ( 'NONE', #100, #1981, #111 ) ;
#751 = ORIENTED_EDGE ( 'NONE', *, *, #1047, .F. ) ;
#752 = VERTEX_POINT ( 'NONE', #1476 ) ;
#753 = CARTESIAN_POINT ( 'NONE',  ( -26.00000000000000355, -27.50000000000000000, -2.000000000000000000 ) ) ;
#754 = CARTESIAN_POINT ( 'NONE',  ( -24.71000000000000085, 10.18000000000000327, 0.000000000000000000 ) ) ;
#755 = LINE ( 'NONE', #890, #1932 ) ;
#756 = VERTEX_POINT ( 'NONE', #947 ) ;
#757 = ADVANCED_FACE ( 'NONE', ( #1971 ), #615, .F. ) ;
#758 = FACE_OUTER_BOUND ( 'NONE', #1856, .T. ) ;
#759 = CARTESIAN_POINT ( 'NONE',  ( 50.00000000000000711, 15.51162633521313516, 34.00000000000000000 ) ) ;
#760 = CARTESIAN_POINT ( 'NONE',  ( -30.00000000000000000, 15.51162633521313516, 15.00000000000000355 ) ) ;
#761 = LINE ( 'NONE', #2001, #1260 ) ;
#762 = VERTEX_POINT ( 'NONE', #1815 ) ;
#763 = EDGE_CURVE ( 'NONE', #1797, #1465, #761, .T. ) ;
#764 = VERTEX_POINT ( 'NONE', #1838 ) ;
#765 = ORIENTED_EDGE ( 'NONE', *, *, #838, .T. ) ;
#766 = CARTESIAN_POINT ( 'NONE',  ( 21.75000000000001066, -25.50000000000000355, 55.00000000000000000 ) ) ;
#767 = ADVANCED_FACE ( 'NONE', ( #1440 ), #2155, .F. ) ;
#768 = DIRECTION ( 'NONE',  ( -0.000000000000000000, -0.000000000000000000, 1.000000000000000000 ) ) ;
#769 = AXIS2_PLACEMENT_3D ( 'NONE', #590, #770, #413 ) ;
#770 = DIRECTION ( 'NONE',  ( 0.000000000000000000, 0.000000000000000000, -1.000000000000000000 ) ) ;
#771 = CARTESIAN_POINT ( 'NONE',  ( -22.89999999999999503, 24.50000000000000000, 0.000000000000000000 ) ) ;
#772 = CARTESIAN_POINT ( 'NONE',  ( -26.81000000000000227, 20.03000000000000114, 7.500000000000000000 ) ) ;
#773 = ORIENTED_EDGE ( 'NONE', *, *, #1923, .F. ) ;
#774 = AXIS2_PLACEMENT_3D ( 'NONE', #934, #1618, #71 ) ;
#775 = ORIENTED_EDGE ( 'NONE', *, *, #35, .T. ) ;
#776 = AXIS2_PLACEMENT_3D ( 'NONE', #343, #1385, #176 ) ;
#777 = ORIENTED_EDGE ( 'NONE', *, *, #1441, .T. ) ;
#778 = CARTESIAN_POINT ( 'NONE',  ( 2.250000000000007105, 20.10000000000000142, 55.00000000000000000 ) ) ;
#779 = CARTESIAN_POINT ( 'NONE',  ( -24.99999999999999645, -31.50000000000000000, 69.00000000000000000 ) ) ;
#780 = PRODUCT_RELATED_PRODUCT_CATEGORY ( 'part', '', ( #1197 ) ) ;
#781 = CYLINDRICAL_SURFACE ( 'NONE', #127, 2.999999999999999112 ) ;
#782 = AXIS2_PLACEMENT_3D ( 'NONE', #1480, #1445, #942 ) ;
#783 = CARTESIAN_POINT ( 'NONE',  ( 0.000000000000000000, 0.000000000000000000, 7.500000000000000000 ) ) ;
#784 = ADVANCED_FACE ( 'NONE', ( #1623, #798 ), #1485, .F. ) ;
#785 =( BOUNDED_CURVE ( )  B_SPLINE_CURVE ( 3, ( #1463, #1648, #1495, #133 ),
 .UNSPECIFIED., .F., .F. ) 
 B_SPLINE_CURVE_WITH_KNOTS ( ( 4, 4 ),
 ( 4.712388980384689674, 6.283185307179586232 ),
 .UNSPECIFIED. ) 
 CURVE ( )  GEOMETRIC_REPRESENTATION_ITEM ( )  RATIONAL_B_SPLINE_CURVE ( ( 1.000000000000000000, 0.8047378541243649375, 0.8047378541243649375, 1.000000000000000000 ) ) 
 REPRESENTATION_ITEM ( '' )  );
#786 = ADVANCED_FACE ( 'NONE', ( #61 ), #582, .F. ) ;
#787 = PLANE ( 'NONE',  #390 ) ;
#788 = VECTOR ( 'NONE', #1593, 1000.000000000000000 ) ;
#789 = LINE ( 'NONE', #439, #2013 ) ;
#790 = ORIENTED_EDGE ( 'NONE', *, *, #1477, .F. ) ;
#791 = ORIENTED_EDGE ( 'NONE', *, *, #78, .T. ) ;
#792 = PRODUCT_DEFINITION_CONTEXT ( 'detailed design', #542, 'design' ) ;
#793 = DIRECTION ( 'NONE',  ( 0.000000000000000000, 1.000000000000000000, 0.000000000000000000 ) ) ;
#794 = DIRECTION ( 'NONE',  ( -1.000000000000000000, 0.000000000000000000, 0.000000000000000000 ) ) ;
#795 = FACE_OUTER_BOUND ( 'NONE', #1533, .T. ) ;
#796 = CARTESIAN_POINT ( 'NONE',  ( 22.89999999999999503, 27.50000000000000000, 0.000000000000000000 ) ) ;
#797 = FACE_OUTER_BOUND ( 'NONE', #1089, .T. ) ;
#798 = FACE_BOUND ( 'NONE', #1783, .T. ) ;
#799 = ORIENTED_EDGE ( 'NONE', *, *, #1515, .T. ) ;
#800 = ORIENTED_EDGE ( 'NONE', *, *, #1108, .T. ) ;
#801 = AXIS2_PLACEMENT_3D ( 'NONE', #1905, #165, #683 ) ;
#802 = DIRECTION ( 'NONE',  ( 1.000000000000000000, 0.000000000000000000, 0.000000000000000000 ) ) ;
#803 = CARTESIAN_POINT ( 'NONE',  ( 30.00000000000000355, -31.50000000000000000, 34.00000000000000000 ) ) ;
#804 = DIRECTION ( 'NONE',  ( 0.000000000000000000, 0.000000000000000000, -1.000000000000000000 ) ) ;
#805 = DIRECTION ( 'NONE',  ( 0.000000000000000000, 0.000000000000000000, -1.000000000000000000 ) ) ;
#806 = ADVANCED_FACE ( 'NONE', ( #1806 ), #267, .F. ) ;
#807 = FACE_OUTER_BOUND ( 'NONE', #975, .T. ) ;
#808 = DIRECTION ( 'NONE',  ( 0.000000000000000000, 0.000000000000000000, 1.000000000000000000 ) ) ;
#809 = AXIS2_PLACEMENT_3D ( 'NONE', #692, #2093, #1259 ) ;
#810 = EDGE_LOOP ( 'NONE', ( #1755, #1111, #820, #525 ) ) ;
#811 = CIRCLE ( 'NONE', #1709, 2.100000000000008082 ) ;
#812 = VERTEX_POINT ( 'NONE', #88 ) ;
#813 = DIRECTION ( 'NONE',  ( 0.000000000000000000, -1.000000000000000000, 0.000000000000000000 ) ) ;
#814 = EDGE_CURVE ( 'NONE', #991, #1433, #785, .T. ) ;
#815 = CARTESIAN_POINT ( 'NONE',  ( 55.00000000000000711, -31.50000000000000000, 39.00000000000000000 ) ) ;
#816 = ORIENTED_EDGE ( 'NONE', *, *, #673, .T. ) ;
#817 = DIRECTION ( 'NONE',  ( 0.000000000000000000, 0.000000000000000000, 1.000000000000000000 ) ) ;
#818 = DIRECTION ( 'NONE',  ( 1.000000000000000000, 0.000000000000000000, 0.000000000000000000 ) ) ;
#819 = CARTESIAN_POINT ( 'NONE',  ( 3.810000000000010711, 6.956000000000001293, 55.00000000000000000 ) ) ;
#820 = ORIENTED_EDGE ( 'NONE', *, *, #1305, .T. ) ;
#821 = VERTEX_POINT ( 'NONE', #772 ) ;
#822 = DIRECTION ( 'NONE',  ( 0.000000000000000000, 0.000000000000000000, -1.000000000000000000 ) ) ;
#823 = LINE ( 'NONE', #1186, #1256 ) ;
#824 = EDGE_CURVE ( 'NONE', #2222, #887, #1364, .T. ) ;
#825 = ORIENTED_EDGE ( 'NONE', *, *, #337, .F. ) ;
#826 = CARTESIAN_POINT ( 'NONE',  ( -30.00000000000000000, -27.50000000000000000, -20.00000000000000000 ) ) ;
#827 = DIRECTION ( 'NONE',  ( 0.000000000000000000, -0.000000000000000000, -1.000000000000000000 ) ) ;
#828 = CARTESIAN_POINT ( 'NONE',  ( 30.00000000000000355, 15.51162633521313516, 34.00000000000000000 ) ) ;
#829 = LINE ( 'NONE', #1883, #1747 ) ;
#830 = ORIENTED_EDGE ( 'NONE', *, *, #962, .F. ) ;
#831 = ADVANCED_FACE ( 'NONE', ( #1505, #2184, #333, #1678, #2022 ), #1002, .T. ) ;
#832 = EDGE_CURVE ( 'NONE', #423, #1239, #1374, .T. ) ;
#833 = DIRECTION ( 'NONE',  ( -1.000000000000000000, 0.000000000000000000, 0.000000000000000000 ) ) ;
#834 = ORIENTED_EDGE ( 'NONE', *, *, #1700, .F. ) ;
#835 = LINE ( 'NONE', #1728, #677 ) ;
#836 = ORIENTED_EDGE ( 'NONE', *, *, #2113, .T. ) ;
#837 = DIRECTION ( 'NONE',  ( 1.000000000000000000, 0.000000000000000000, 0.000000000000000000 ) ) ;
#838 = EDGE_CURVE ( 'NONE', #2117, #1679, #1620, .T. ) ;
#839 = DIRECTION ( 'NONE',  ( -1.000000000000000000, 0.000000000000000000, 0.000000000000000000 ) ) ;
#840 = DIRECTION ( 'NONE',  ( -1.000000000000000000, -0.000000000000000000, -0.000000000000000000 ) ) ;
#841 = CARTESIAN_POINT ( 'NONE',  ( 0.000000000000000000, 0.000000000000000000, 0.000000000000000000 ) ) ;
#842 = ORIENTED_EDGE ( 'NONE', *, *, #443, .F. ) ;
#843 = VECTOR ( 'NONE', #1097, 1000.000000000000000 ) ;
#844 = AXIS2_PLACEMENT_3D ( 'NONE', #760, #1109, #1475 ) ;
#845 = PLANE ( 'NONE',  #1575 ) ;
#846 = ORIENTED_EDGE ( 'NONE', *, *, #1509, .F. ) ;
#847 = CARTESIAN_POINT ( 'NONE',  ( 19.75000000000001066, 24.29999999999999716, 55.00000000000000000 ) ) ;
#848 = ORIENTED_EDGE ( 'NONE', *, *, #1795, .T. ) ;
#849 = PLANE ( 'NONE',  #2168 ) ;
#850 = DIRECTION ( 'NONE',  ( 0.000000000000000000, 0.000000000000000000, 1.000000000000000000 ) ) ;
#851 = CARTESIAN_POINT ( 'NONE',  ( -19.89999999999999858, 5.000000000000004441, 0.000000000000000000 ) ) ;
#852 = VECTOR ( 'NONE', #840, 1000.000000000000000 ) ;
#853 = ADVANCED_FACE ( 'NONE', ( #1021 ), #646, .T. ) ;
#854 = AXIS2_PLACEMENT_3D ( 'NONE', #255, #970, #1451 ) ;
#855 = DIRECTION ( 'NONE',  ( 0.000000000000000000, 0.000000000000000000, 1.000000000000000000 ) ) ;
#856 = ORIENTED_EDGE ( 'NONE', *, *, #2009, .T. ) ;
#857 = COLOUR_RGB ( '',0.7921568627450980005, 0.8196078431372548767, 0.9333333333333333481 ) ;
#858 = VERTEX_POINT ( 'NONE', #1190 ) ;
#859 = LINE ( 'NONE', #2223, #1653 ) ;
#860 = ORIENTED_EDGE ( 'NONE', *, *, #1918, .F. ) ;
#861 = VECTOR ( 'NONE', #161, 1000.000000000000000 ) ;
#862 = CARTESIAN_POINT ( 'NONE',  ( 30.00000000000000000, -27.50000000000000000, -15.00000000000000000 ) ) ;
#863 = VERTEX_POINT ( 'NONE', #819 ) ;
#864 = AXIS2_PLACEMENT_3D ( 'NONE', #1610, #1143, #2143 ) ;
#865 = CARTESIAN_POINT ( 'NONE',  ( -30.00000000000000000, -27.50000000000000000, 64.00000000000000000 ) ) ;
#866 = CARTESIAN_POINT ( 'NONE',  ( -34.99999999999999289, -31.50000000000000000, 15.00000000000000178 ) ) ;
#867 = LINE ( 'NONE', #222, #2199 ) ;
#868 = CARTESIAN_POINT ( 'NONE',  ( -3.449999999999989519, -27.50000000000000355, 61.00000000000000711 ) ) ;
#869 = FACE_OUTER_BOUND ( 'NONE', #1278, .T. ) ;
#870 = ORIENTED_EDGE ( 'NONE', *, *, #1305, .F. ) ;
#871 = VERTEX_POINT ( 'NONE', #1199 ) ;
#872 = LINE ( 'NONE', #699, #2216 ) ;
#873 = ORIENTED_EDGE ( 'NONE', *, *, #1871, .F. ) ;
#874 = DIRECTION ( 'NONE',  ( 0.000000000000000000, 0.000000000000000000, -1.000000000000000000 ) ) ;
#875 = CARTESIAN_POINT ( 'NONE',  ( -27.00000000000000000, 27.50000000000000000, 7.500000000000000000 ) ) ;
#876 = CARTESIAN_POINT ( 'NONE',  ( 22.57842712474619873, -27.50000000000000000, 59.82842712474619873 ) ) ;
#877 = EDGE_CURVE ( 'NONE', #1830, #1876, #2182, .T. ) ;
#878 = CARTESIAN_POINT ( 'NONE',  ( 2.250000000000007105, 23.80000000000000071, 50.23659785447417647 ) ) ;
#879 = CARTESIAN_POINT ( 'NONE',  ( 5.250000000000007105, 20.10000000000000142, 50.23659785447417647 ) ) ;
#880 = PRODUCT_DEFINITION ( 'UNKNOWN', '', #1036, #792 ) ;
#881 = VERTEX_POINT ( 'NONE', #324 ) ;
#882 = ORIENTED_EDGE ( 'NONE', *, *, #1443, .T. ) ;
#883 = EDGE_CURVE ( 'NONE', #507, #2069, #1635, .T. ) ;
#884 = CIRCLE ( 'NONE', #485, 4.999999999999999112 ) ;
#885 = DIRECTION ( 'NONE',  ( 1.122798366328030641E-16, 1.000000000000000000, 0.000000000000000000 ) ) ;
#886 = CIRCLE ( 'NONE', #774, 2.100000000000008082 ) ;
#887 = VERTEX_POINT ( 'NONE', #2056 ) ;
#888 = EDGE_CURVE ( 'NONE', #1554, #429, #1674, .T. ) ;
#889 = FACE_OUTER_BOUND ( 'NONE', #701, .T. ) ;
#890 = CARTESIAN_POINT ( 'NONE',  ( -1.449999999999991296, 26.30000000000000071, 55.00000000000000000 ) ) ;
#891 = CARTESIAN_POINT ( 'NONE',  ( 34.99999999999999289, 15.51162633521313516, 34.00000000000000000 ) ) ;
#892 = AXIS2_PLACEMENT_3D ( 'NONE', #122, #636, #2085 ) ;
#893 = CARTESIAN_POINT ( 'NONE',  ( 24.71000000000000085, 20.03000000000000114, 0.000000000000000000 ) ) ;
#894 = EDGE_CURVE ( 'NONE', #1414, #27, #829, .T. ) ;
#895 = CARTESIAN_POINT ( 'NONE',  ( -30.00000000000000000, -27.49999999999999645, 15.00000000000000355 ) ) ;
#896 = EDGE_LOOP ( 'NONE', ( #409, #1748, #2122, #2080 ) ) ;
#897 = ORIENTED_EDGE ( 'NONE', *, *, #2050, .F. ) ;
#898 = CARTESIAN_POINT ( 'NONE',  ( 21.75000000000001066, 24.29999999999999716, 59.00000000000000711 ) ) ;
#899 = AXIS2_PLACEMENT_3D ( 'NONE', #1446, #1581, #68 ) ;
#900 = ORIENTED_EDGE ( 'NONE', *, *, #1017, .T. ) ;
#901 = CARTESIAN_POINT ( 'NONE',  ( -30.00000000000000000, -31.50000000000000000, 69.00000000000000000 ) ) ;
#902 = LINE ( 'NONE', #1054, #2026 ) ;
#903 = CARTESIAN_POINT ( 'NONE',  ( 22.60999999999999233, 10.18000000000000327, 0.000000000000000000 ) ) ;
#904 = LINE ( 'NONE', #1587, #619 ) ;
#905 = VERTEX_POINT ( 'NONE', #511 ) ;
#906 = EDGE_CURVE ( 'NONE', #938, #48, #1849, .T. ) ;
#907 = EDGE_LOOP ( 'NONE', ( #1727, #398, #648, #680 ) ) ;
#908 =( NAMED_UNIT ( * ) PLANE_ANGLE_UNIT ( ) SI_UNIT ( $, .RADIAN. ) );
#909 = VERTEX_POINT ( 'NONE', #1875 ) ;
#910 = ORIENTED_EDGE ( 'NONE', *, *, #1005, .F. ) ;
#911 = DIRECTION ( 'NONE',  ( -0.000000000000000000, -1.000000000000000000, -0.000000000000000000 ) ) ;
#912 = CIRCLE ( 'NONE', #1193, 2.100000000000008082 ) ;
#913 = CARTESIAN_POINT ( 'NONE',  ( 5.250000000000007105, 20.10000000000000142, 59.00000000000000711 ) ) ;
#914 = EDGE_CURVE ( 'NONE', #350, #752, #1167, .T. ) ;
#915 = DIRECTION ( 'NONE',  ( -1.000000000000000000, 0.000000000000000000, 0.000000000000000000 ) ) ;
#916 = ORIENTED_EDGE ( 'NONE', *, *, #407, .F. ) ;
#917 = EDGE_LOOP ( 'NONE', ( #1215, #1478, #719, #1603 ) ) ;
#918 = ORIENTED_EDGE ( 'NONE', *, *, #1066, .T. ) ;
#919 = CARTESIAN_POINT ( 'NONE',  ( 26.00000000000000000, -0.5000000000000017764, -2.000000000000000444 ) ) ;
#920 = ORIENTED_EDGE ( 'NONE', *, *, #1543, .T. ) ;
#921 = CARTESIAN_POINT ( 'NONE',  ( -22.60999999999999943, 10.18000000000000327, 0.000000000000000000 ) ) ;
#922 = CARTESIAN_POINT ( 'NONE',  ( -24.00000000000000000, -27.50000000000000000, 0.000000000000000000 ) ) ;
#923 = DIRECTION ( 'NONE',  ( 1.000000000000000000, 0.000000000000000000, 0.000000000000000000 ) ) ;
#924 = VERTEX_POINT ( 'NONE', #1892 ) ;
#925 = EDGE_CURVE ( 'NONE', #1309, #2221, #592, .T. ) ;
#926 = ORIENTED_EDGE ( 'NONE', *, *, #91, .T. ) ;
#927 = VERTEX_POINT ( 'NONE', #1350 ) ;
#928 = CIRCLE ( 'NONE', #1212, 1.700000000000000178 ) ;
#929 = CARTESIAN_POINT ( 'NONE',  ( -30.00000000000000000, 27.50000000000000000, 0.000000000000000000 ) ) ;
#930 = CARTESIAN_POINT ( 'NONE',  ( -34.99999999999999289, -27.49999999999999645, 15.00000000000000178 ) ) ;
#931 = DIRECTION ( 'NONE',  ( -0.000000000000000000, -0.000000000000000000, 1.000000000000000000 ) ) ;
#932 = VERTEX_POINT ( 'NONE', #1011 ) ;
#933 = VECTOR ( 'NONE', #976, 1000.000000000000000 ) ;
#934 = CARTESIAN_POINT ( 'NONE',  ( 24.71000000000000085, 10.18000000000000327, 7.500000000000000000 ) ) ;
#935 = DIRECTION ( 'NONE',  ( 0.000000000000000000, 0.000000000000000000, 1.000000000000000000 ) ) ;
#936 = DIRECTION ( 'NONE',  ( 0.000000000000000000, 0.000000000000000000, 1.000000000000000000 ) ) ;
#937 = DIRECTION ( 'NONE',  ( 0.000000000000000000, 0.000000000000000000, 1.000000000000000000 ) ) ;
#938 = VERTEX_POINT ( 'NONE', #2206 ) ;
#939 = EDGE_CURVE ( 'NONE', #1392, #2005, #154, .T. ) ;
#940 = VERTEX_POINT ( 'NONE', #1540 ) ;
#941 = VERTEX_POINT ( 'NONE', #1667 ) ;
#942 = DIRECTION ( 'NONE',  ( 1.000000000000000000, 0.000000000000000000, -0.000000000000000000 ) ) ;
#943 = DIRECTION ( 'NONE',  ( 1.000000000000000000, 0.000000000000000000, 0.000000000000000000 ) ) ;
#944 = CARTESIAN_POINT ( 'NONE',  ( 19.89999999999999858, 50.00000000000000000, 0.000000000000000000 ) ) ;
#945 = FACE_BOUND ( 'NONE', #720, .T. ) ;
#946 = CARTESIAN_POINT ( 'NONE',  ( 0.000000000000000000, -27.50000000000000000, 0.000000000000000000 ) ) ;
#947 = CARTESIAN_POINT ( 'NONE',  ( 22.60999999999999233, 20.03000000000000114, 0.000000000000000000 ) ) ;
#948 = EDGE_LOOP ( 'NONE', ( #548, #1289, #307, #1907 ) ) ;
#949 = ORIENTED_EDGE ( 'NONE', *, *, #1334, .T. ) ;
#950 = ADVANCED_FACE ( 'NONE', ( #541 ), #2, .F. ) ;
#951 = ORIENTED_EDGE ( 'NONE', *, *, #112, .T. ) ;
#952 = CYLINDRICAL_SURFACE ( 'NONE', #169, 2.100000000000008082 ) ;
#953 = ADVANCED_FACE ( 'NONE', ( #1732 ), #186, .F. ) ;
#954 = EDGE_CURVE ( 'NONE', #1131, #123, #16, .T. ) ;
#955 = DIRECTION ( 'NONE',  ( 1.000000000000000000, 0.000000000000000000, 0.000000000000000000 ) ) ;
#956 = VECTOR ( 'NONE', #197, 1000.000000000000000 ) ;
#957 = LINE ( 'NONE', #1482, #168 ) ;
#958 = VECTOR ( 'NONE', #556, 1000.000000000000000 ) ;
#959 = FACE_OUTER_BOUND ( 'NONE', #17, .T. ) ;
#960 = CARTESIAN_POINT ( 'NONE',  ( 24.71000000000000085, 20.03000000000000114, 0.000000000000000000 ) ) ;
#961 = ORIENTED_EDGE ( 'NONE', *, *, #2023, .F. ) ;
#962 = EDGE_CURVE ( 'NONE', #1983, #585, #884, .T. ) ;
#963 = EDGE_LOOP ( 'NONE', ( #1133, #1624 ) ) ;
#964 = CIRCLE ( 'NONE', #2136, 2.999999999999999112 ) ;
#965 = ORIENTED_EDGE ( 'NONE', *, *, #1182, .F. ) ;
#966 = CARTESIAN_POINT ( 'NONE',  ( -24.00000000000000000, 2.499999999999998668, 0.000000000000000000 ) ) ;
#967 = VECTOR ( 'NONE', #1363, 1000.000000000000000 ) ;
#968 = DIRECTION ( 'NONE',  ( -1.000000000000000000, -0.000000000000000000, -0.000000000000000000 ) ) ;
#969 = VECTOR ( 'NONE', #236, 1000.000000000000000 ) ;
#970 = DIRECTION ( 'NONE',  ( 0.000000000000000000, 1.000000000000000000, 0.000000000000000000 ) ) ;
#971 = DIRECTION ( 'NONE',  ( 0.000000000000000000, 0.000000000000000000, 1.000000000000000000 ) ) ;
#972 = AXIS2_PLACEMENT_3D ( 'NONE', #434, #1481, #254 ) ;
#973 = CARTESIAN_POINT ( 'NONE',  ( -0.000000000000000000, -27.50000000000000000, 9.500000000000000000 ) ) ;
#974 = VERTEX_POINT ( 'NONE', #1398 ) ;
#975 = EDGE_LOOP ( 'NONE', ( #910, #302, #2037, #194 ) ) ;
#976 = DIRECTION ( 'NONE',  ( -0.000000000000000000, 1.000000000000000000, -0.000000000000000000 ) ) ;
#977 = LINE ( 'NONE', #803, #1908 ) ;
#978 = EDGE_CURVE ( 'NONE', #2069, #2117, #12, .T. ) ;
#979 = LINE ( 'NONE', #1663, #340 ) ;
#980 = DIRECTION ( 'NONE',  ( 0.000000000000000000, 1.000000000000000000, 0.000000000000000000 ) ) ;
#981 = FACE_OUTER_BOUND ( 'NONE', #993, .T. ) ;
#982 = CARTESIAN_POINT ( 'NONE',  ( 19.89400000000001612, 22.74399999999999622, 53.00000000000000711 ) ) ;
#983 = DIRECTION ( 'NONE',  ( 1.000000000000000000, 0.000000000000000000, 0.000000000000000000 ) ) ;
#984 = ORIENTED_EDGE ( 'NONE', *, *, #888, .F. ) ;
#985 = LINE ( 'NONE', #315, #1071 ) ;
#986 = CARTESIAN_POINT ( 'NONE',  ( 0.4100000000000108558, 6.956000000000001293, 55.00000000000000000 ) ) ;
#987 = CARTESIAN_POINT ( 'NONE',  ( 22.89999999999999503, 24.50000000000000000, 7.500000000000000000 ) ) ;
#988 = CARTESIAN_POINT ( 'NONE',  ( 18.05000000000001137, 9.599999999999999645, 55.00000000000000000 ) ) ;
#989 = CARTESIAN_POINT ( 'NONE',  ( -19.89999999999999858, 24.50000000000000000, 0.000000000000000000 ) ) ;
#990 = VECTOR ( 'NONE', #1861, 1000.000000000000000 ) ;
#991 = VERTEX_POINT ( 'NONE', #522 ) ;
#992 = AXIS2_PLACEMENT_3D ( 'NONE', #1912, #1537, #367 ) ;
#993 = EDGE_LOOP ( 'NONE', ( #301, #951, #1264, #215 ) ) ;
#994 = CARTESIAN_POINT ( 'NONE',  ( 19.89999999999999858, 24.50000000000000000, 0.000000000000000000 ) ) ;
#995 = EDGE_CURVE ( 'NONE', #432, #927, #2066, .T. ) ;
#996 = DIRECTION ( 'NONE',  ( -0.000000000000000000, 1.000000000000000000, -0.000000000000000000 ) ) ;
#997 = ORIENTED_EDGE ( 'NONE', *, *, #1334, .F. ) ;
#998 = LINE ( 'NONE', #119, #1136 ) ;
#999 = EDGE_CURVE ( 'NONE', #1985, #1251, #1552, .T. ) ;
#1000 = DIRECTION ( 'NONE',  ( -0.000000000000000000, 1.000000000000000000, -0.000000000000000000 ) ) ;
#1001 = EDGE_CURVE ( 'NONE', #764, #1414, #2076, .T. ) ;
#1002 = PLANE ( 'NONE',  #67 ) ;
#1003 = ORIENTED_EDGE ( 'NONE', *, *, #1001, .T. ) ;
#1004 = AXIS2_PLACEMENT_3D ( 'NONE', #847, #687, #170 ) ;
#1005 = EDGE_CURVE ( 'NONE', #1827, #1946, #414, .T. ) ;
#1006 = CYLINDRICAL_SURFACE ( 'NONE', #2146, 2.000000000000001776 ) ;
#1007 = DIRECTION ( 'NONE',  ( 1.000000000000000000, 0.000000000000000000, 0.000000000000000000 ) ) ;
#1008 = ORIENTED_EDGE ( 'NONE', *, *, #63, .T. ) ;
#1009 = LINE ( 'NONE', #456, #1611 ) ;
#1010 = CARTESIAN_POINT ( 'NONE',  ( 2.250000000000007105, 20.10000000000000142, 55.00000000000000000 ) ) ;
#1011 = CARTESIAN_POINT ( 'NONE',  ( 30.00000000000000000, -31.50000000000000000, -15.00000000000000000 ) ) ;
#1012 = ORIENTED_EDGE ( 'NONE', *, *, #22, .F. ) ;
#1013 = CARTESIAN_POINT ( 'NONE',  ( 24.71000000000000085, 10.18000000000000327, 7.500000000000000000 ) ) ;
#1014 = VECTOR ( 'NONE', #717, 1000.000000000000000 ) ;
#1015 = ORIENTED_EDGE ( 'NONE', *, *, #1607, .T. ) ;
#1016 = CARTESIAN_POINT ( 'NONE',  ( -30.00000000000000000, -31.50000000000000000, 20.00000000000000711 ) ) ;
#1017 = EDGE_CURVE ( 'NONE', #2221, #1309, #13, .T. ) ;
#1018 = VERTEX_POINT ( 'NONE', #1410 ) ;
#1019 = DIRECTION ( 'NONE',  ( 1.000000000000000000, -0.000000000000000000, 0.000000000000000000 ) ) ;
#1020 = FACE_OUTER_BOUND ( 'NONE', #917, .T. ) ;
#1021 = FACE_OUTER_BOUND ( 'NONE', #1035, .T. ) ;
#1022 = CARTESIAN_POINT ( 'NONE',  ( 18.05000000000001137, 20.10000000000000142, 55.00000000000000000 ) ) ;
#1023 = VECTOR ( 'NONE', #1236, 1000.000000000000000 ) ;
#1024 = DIRECTION ( 'NONE',  ( 0.000000000000000000, -0.000000000000000000, 1.000000000000000000 ) ) ;
#1025 = ORIENTED_EDGE ( 'NONE', *, *, #906, .F. ) ;
#1026 = CARTESIAN_POINT ( 'NONE',  ( 5.250000000000007105, 20.10000000000000142, 55.00000000000000000 ) ) ;
#1027 = ORIENTED_EDGE ( 'NONE', *, *, #431, .T. ) ;
#1028 = CARTESIAN_POINT ( 'NONE',  ( 22.60999999999999233, 20.03000000000000114, 7.500000000000000000 ) ) ;
#1029 = CARTESIAN_POINT ( 'NONE',  ( 21.75000000000000711, -26.67157287525381193, 59.00000000000000000 ) ) ;
#1030 = AXIS2_PLACEMENT_3D ( 'NONE', #1837, #1697, #850 ) ;
#1031 = VECTOR ( 'NONE', #1686, 1000.000000000000000 ) ;
#1032 = CARTESIAN_POINT ( 'NONE',  ( -24.71000000000000085, 20.03000000000000114, 0.000000000000000000 ) ) ;
#1033 = DIRECTION ( 'NONE',  ( 1.000000000000000000, 0.000000000000000000, 0.000000000000000000 ) ) ;
#1034 = ORIENTED_EDGE ( 'NONE', *, *, #1879, .T. ) ;
#1035 = EDGE_LOOP ( 'NONE', ( #239, #1506, #518, #430 ) ) ;
#1036 = PRODUCT_DEFINITION_FORMATION_WITH_SPECIFIED_SOURCE ( 'ANY', '', #1197, .NOT_KNOWN. ) ;
#1037 = CARTESIAN_POINT ( 'NONE',  ( 19.75000000000001066, 26.30000000000000071, 55.00000000000000000 ) ) ;
#1038 = ORIENTED_EDGE ( 'NONE', *, *, #1460, .T. ) ;
#1039 = VECTOR ( 'NONE', #937, 1000.000000000000000 ) ;
#1040 = ADVANCED_FACE ( 'NONE', ( #1720 ), #567, .F. ) ;
#1041 = FACE_OUTER_BOUND ( 'NONE', #1442, .T. ) ;
#1042 = EDGE_CURVE ( 'NONE', #2148, #676, #902, .T. ) ;
#1043 = CARTESIAN_POINT ( 'NONE',  ( 19.75000000000001066, 26.30000000000000071, 55.00000000000000000 ) ) ;
#1044 = CARTESIAN_POINT ( 'NONE',  ( 21.75000000000001066, -25.50000000000000355, 59.00000000000000711 ) ) ;
#1045 = CARTESIAN_POINT ( 'NONE',  ( -26.00000000000000355, -27.50000000000000000, -20.00000000000000000 ) ) ;
#1046 = ORIENTED_EDGE ( 'NONE', *, *, #1965, .F. ) ;
#1047 = EDGE_CURVE ( 'NONE', #1062, #1784, #1742, .T. ) ;
#1048 = ORIENTED_EDGE ( 'NONE', *, *, #995, .F. ) ;
#1049 = LINE ( 'NONE', #2115, #1542 ) ;
#1050 = EDGE_LOOP ( 'NONE', ( #387, #1319, #261, #1766 ) ) ;
#1051 = EDGE_CURVE ( 'NONE', #2005, #233, #867, .T. ) ;
#1052 = CYLINDRICAL_SURFACE ( 'NONE', #417, 2.999999999999999112 ) ;
#1053 = CARTESIAN_POINT ( 'NONE',  ( 0.000000000000000000, 0.000000000000000000, 55.00000000000000000 ) ) ;
#1054 = CARTESIAN_POINT ( 'NONE',  ( 26.99999999999999645, 27.50000000000000000, 7.500000000000000000 ) ) ;
#1055 = CARTESIAN_POINT ( 'NONE',  ( -1.449999999999989519, -26.67157287525381193, 59.00000000000000000 ) ) ;
#1056 = CARTESIAN_POINT ( 'NONE',  ( 19.89999999999999858, 5.000000000000004441, 7.500000000000000000 ) ) ;
#1057 = VECTOR ( 'NONE', #1597, 1000.000000000000000 ) ;
#1058 = EDGE_LOOP ( 'NONE', ( #102, #918, #2192, #897 ) ) ;
#1059 = ORIENTED_EDGE ( 'NONE', *, *, #1608, .F. ) ;
#1060 = EDGE_CURVE ( 'NONE', #1467, #1131, #1925, .T. ) ;
#1061 = VECTOR ( 'NONE', #1258, 1000.000000000000000 ) ;
#1062 = VERTEX_POINT ( 'NONE', #726 ) ;
#1063 = CARTESIAN_POINT ( 'NONE',  ( 30.00000000000000000, 2.499999999999998668, 0.000000000000000000 ) ) ;
#1064 = AXIS2_PLACEMENT_3D ( 'NONE', #1719, #2055, #691 ) ;
#1065 = DIRECTION ( 'NONE',  ( -0.000000000000000000, -0.000000000000000000, 1.000000000000000000 ) ) ;
#1066 = EDGE_CURVE ( 'NONE', #1680, #1582, #1419, .T. ) ;
#1067 = LINE ( 'NONE', #878, #331 ) ;
#1068 = ADVANCED_FACE ( 'NONE', ( #2106 ), #45, .F. ) ;
#1069 = CARTESIAN_POINT ( 'NONE',  ( -19.89999999999999858, 5.000000000000004441, 0.000000000000000000 ) ) ;
#1070 = ORIENTED_EDGE ( 'NONE', *, *, #2090, .T. ) ;
#1071 = VECTOR ( 'NONE', #1024, 1000.000000000000000 ) ;
#1072 = VERTEX_POINT ( 'NONE', #922 ) ;
#1073 = DIRECTION ( 'NONE',  ( 1.000000000000000000, 0.000000000000000000, 0.000000000000000000 ) ) ;
#1074 = AXIS2_PLACEMENT_3D ( 'NONE', #1217, #1738, #192 ) ;
#1075 = EDGE_CURVE ( 'NONE', #347, #1083, #1639, .T. ) ;
#1076 = ORIENTED_EDGE ( 'NONE', *, *, #483, .T. ) ;
#1077 = DIRECTION ( 'NONE',  ( 1.000000000000000000, 0.000000000000000000, 0.000000000000000000 ) ) ;
#1078 = CARTESIAN_POINT ( 'NONE',  ( 26.00000000000000000, 2.499999999999998668, 0.000000000000000000 ) ) ;
#1079 = DIRECTION ( 'NONE',  ( 0.000000000000000000, 0.000000000000000000, -1.000000000000000000 ) ) ;
#1080 = ORIENTED_EDGE ( 'NONE', *, *, #2023, .T. ) ;
#1081 = EDGE_LOOP ( 'NONE', ( #462, #1594, #469, #1390, #441, #741, #481, #997, #89, #1776, #856, #1145 ) ) ;
#1082 = ORIENTED_EDGE ( 'NONE', *, *, #3, .T. ) ;
#1083 = VERTEX_POINT ( 'NONE', #265 ) ;
#1084 = CARTESIAN_POINT ( 'NONE',  ( -30.00000000000000000, -31.50000000000000000, 15.00000000000000355 ) ) ;
#1085 = EDGE_CURVE ( 'NONE', #2202, #1290, #193, .T. ) ;
#1086 = VECTOR ( 'NONE', #1400, 1000.000000000000000 ) ;
#1087 = CARTESIAN_POINT ( 'NONE',  ( -55.00000000000000000, 15.51162633521313516, 9.999999999999998224 ) ) ;
#1088 = CARTESIAN_POINT ( 'NONE',  ( -26.00000000000000355, -0.5000000000000017764, -2.000000000000000444 ) ) ;
#1089 = EDGE_LOOP ( 'NONE', ( #1862, #765, #537, #1588, #1530, #452, #777 ) ) ;
#1090 = ORIENTED_EDGE ( 'NONE', *, *, #600, .T. ) ;
#1091 = ORIENTED_EDGE ( 'NONE', *, *, #1607, .F. ) ;
#1092 = CARTESIAN_POINT ( 'NONE',  ( -19.89999999999999858, 5.000000000000004441, 0.000000000000000000 ) ) ;
#1093 = FACE_BOUND ( 'NONE', #2088, .T. ) ;
#1094 = EDGE_LOOP ( 'NONE', ( #2156, #1604, #1931, #538, #93, #1633 ) ) ;
#1095 = AXIS2_PLACEMENT_3D ( 'NONE', #344, #380, #396 ) ;
#1096 = CARTESIAN_POINT ( 'NONE',  ( -27.00000000000000000, 27.50000000000000000, 7.500000000000000000 ) ) ;
#1097 = DIRECTION ( 'NONE',  ( 0.000000000000000000, -1.000000000000000000, 0.000000000000000000 ) ) ;
#1098 = EDGE_CURVE ( 'NONE', #1881, #1479, #1456, .T. ) ;
#1099 = CARTESIAN_POINT ( 'NONE',  ( 2.110000000000010534, 6.956000000000001293, 53.00000000000000711 ) ) ;
#1100 = ORIENTED_EDGE ( 'NONE', *, *, #483, .F. ) ;
#1101 = ORIENTED_EDGE ( 'NONE', *, *, #617, .F. ) ;
#1102 = ORIENTED_EDGE ( 'NONE', *, *, #1569, .F. ) ;
#1103 = CARTESIAN_POINT ( 'NONE',  ( 24.71000000000000085, 10.18000000000000327, 0.000000000000000000 ) ) ;
#1104 = CARTESIAN_POINT ( 'NONE',  ( 22.60999999999999233, 10.18000000000000327, 0.000000000000000000 ) ) ;
#1105 = ORIENTED_EDGE ( 'NONE', *, *, #644, .F. ) ;
#1106 = DIRECTION ( 'NONE',  ( 0.000000000000000000, -1.000000000000000000, 0.000000000000000000 ) ) ;
#1107 = DIRECTION ( 'NONE',  ( 0.000000000000000000, 0.000000000000000000, 1.000000000000000000 ) ) ;
#1108 = EDGE_CURVE ( 'NONE', #27, #1830, #72, .T. ) ;
#1109 = DIRECTION ( 'NONE',  ( -2.775557561562891351E-16, 0.000000000000000000, 1.000000000000000000 ) ) ;
#1110 = EDGE_LOOP ( 'NONE', ( #816, #791 ) ) ;
#1111 = ORIENTED_EDGE ( 'NONE', *, *, #1477, .T. ) ;
#1112 = FILL_AREA_STYLE ('',( #1974 ) ) ;
#1113 = EDGE_CURVE ( 'NONE', #1479, #1668, #602, .T. ) ;
#1114 = ORIENTED_EDGE ( 'NONE', *, *, #649, .F. ) ;
#1115 = EDGE_CURVE ( 'NONE', #1669, #1568, #2094, .T. ) ;
#1116 = CARTESIAN_POINT ( 'NONE',  ( -30.00000000000000000, -27.49999999999999645, -20.00000000000000000 ) ) ;
#1117 = LINE ( 'NONE', #84, #1762 ) ;
#1118 = DIRECTION ( 'NONE',  ( 0.000000000000000000, 1.000000000000000000, 0.000000000000000000 ) ) ;
#1119 = ADVANCED_FACE ( 'NONE', ( #2153 ), #1606, .F. ) ;
#1120 = CARTESIAN_POINT ( 'NONE',  ( 0.000000000000000000, -25.50000000000000355, 55.00000000000000000 ) ) ;
#1121 = CARTESIAN_POINT ( 'NONE',  ( 0.000000000000000000, 0.000000000000000000, 59.00000000000000711 ) ) ;
#1122 = ORIENTED_EDGE ( 'NONE', *, *, #1230, .F. ) ;
#1123 = ORIENTED_EDGE ( 'NONE', *, *, #1159, .T. ) ;
#1124 = EDGE_LOOP ( 'NONE', ( #348, #416, #204, #1218 ) ) ;
#1125 = CARTESIAN_POINT ( 'NONE',  ( -27.00000000000000000, 24.50000000000000355, 0.000000000000000000 ) ) ;
#1126 = PRODUCT_CONTEXT ( 'NONE', #1286, 'mechanical' ) ;
#1127 = DIRECTION ( 'NONE',  ( 0.000000000000000000, 0.000000000000000000, 1.000000000000000000 ) ) ;
#1128 = CIRCLE ( 'NONE', #1525, 2.100000000000000977 ) ;
#1129 = CARTESIAN_POINT ( 'NONE',  ( -34.99999999999999289, -27.50000000000000000, 20.00000000000000355 ) ) ;
#1130 = DIRECTION ( 'NONE',  ( 0.000000000000000000, -0.000000000000000000, 1.000000000000000000 ) ) ;
#1131 = VERTEX_POINT ( 'NONE', #402 ) ;
#1132 = VECTOR ( 'NONE', #1266, 1000.000000000000000 ) ;
#1133 = ORIENTED_EDGE ( 'NONE', *, *, #517, .T. ) ;
#1134 = CARTESIAN_POINT ( 'NONE',  ( 21.75000000000001066, 3.400000000000001243, 59.00000000000000711 ) ) ;
#1135 = AXIS2_PLACEMENT_3D ( 'NONE', #1099, #1970, #923 ) ;
#1136 = VECTOR ( 'NONE', #631, 1000.000000000000000 ) ;
#1137 = EDGE_CURVE ( 'NONE', #1392, #2222, #613, .T. ) ;
#1138 = LINE ( 'NONE', #2161, #49 ) ;
#1139 = AXIS2_PLACEMENT_3D ( 'NONE', #1125, #2149, #1312 ) ;
#1140 = DIRECTION ( 'NONE',  ( 0.000000000000000000, 1.000000000000000000, 0.000000000000000000 ) ) ;
#1141 = LINE ( 'NONE', #1177, #55 ) ;
#1142 = AXIS2_PLACEMENT_3D ( 'NONE', #318, #497, #306 ) ;
#1143 = DIRECTION ( 'NONE',  ( -1.000000000000000000, 8.260587980841940012E-17, 0.000000000000000000 ) ) ;
#1144 = EDGE_LOOP ( 'NONE', ( #1519, #1571, #373, #1378 ) ) ;
#1145 = ORIENTED_EDGE ( 'NONE', *, *, #1005, .T. ) ;
#1146 = VECTOR ( 'NONE', #2219, 1000.000000000000000 ) ;
#1147 = FACE_OUTER_BOUND ( 'NONE', #1094, .T. ) ;
#1148 = DIRECTION ( 'NONE',  ( 0.000000000000000000, 0.000000000000000000, 1.000000000000000000 ) ) ;
#1149 = DIRECTION ( 'NONE',  ( 1.000000000000000000, 0.000000000000000000, 0.000000000000000000 ) ) ;
#1150 = CARTESIAN_POINT ( 'NONE',  ( 5.250000000000007105, 20.10000000000000142, 50.23659785447417647 ) ) ;
#1151 = CARTESIAN_POINT ( 'NONE',  ( 30.00000000000000000, -19.99999999999999645, -15.00000000000000178 ) ) ;
#1152 = CARTESIAN_POINT ( 'NONE',  ( 26.00000000000000000, -27.34846922834953276, -19.89897948556636109 ) ) ;
#1153 = EDGE_CURVE ( 'NONE', #341, #821, #1128, .T. ) ;
#1154 = EDGE_LOOP ( 'NONE', ( #1751, #1809, #825, #77 ) ) ;
#1155 = PLANE ( 'NONE',  #2057 ) ;
#1156 = VERTEX_POINT ( 'NONE', #796 ) ;
#1157 = DIRECTION ( 'NONE',  ( 0.000000000000000000, 0.000000000000000000, 1.000000000000000000 ) ) ;
#1158 = DIRECTION ( 'NONE',  ( -0.000000000000000000, -0.000000000000000000, 1.000000000000000000 ) ) ;
#1159 = EDGE_CURVE ( 'NONE', #585, #1554, #1803, .T. ) ;
#1160 = LINE ( 'NONE', #1855, #1976 ) ;
#1161 = ORIENTED_EDGE ( 'NONE', *, *, #291, .T. ) ;
#1162 = CARTESIAN_POINT ( 'NONE',  ( -30.00000000000000000, -27.50000000000000000, 7.500000000000000000 ) ) ;
#1163 = AXIS2_PLACEMENT_3D ( 'NONE', #736, #1429, #231 ) ;
#1164 = EDGE_CURVE ( 'NONE', #1251, #64, #269, .T. ) ;
#1165 = DIRECTION ( 'NONE',  ( 0.000000000000000000, 0.000000000000000000, 1.000000000000000000 ) ) ;
#1166 = DIRECTION ( 'NONE',  ( -0.000000000000000000, 1.000000000000000000, 0.000000000000000000 ) ) ;
#1167 = CIRCLE ( 'NONE', #1785, 1.699999999999999734 ) ;
#1168 = ORIENTED_EDGE ( 'NONE', *, *, #1965, .T. ) ;
#1169 = AXIS2_PLACEMENT_3D ( 'NONE', #1705, #1872, #184 ) ;
#1170 = DIRECTION ( 'NONE',  ( 0.000000000000000000, 0.000000000000000000, -1.000000000000000000 ) ) ;
#1171 = VECTOR ( 'NONE', #116, 1000.000000000000000 ) ;
#1172 = AXIS2_PLACEMENT_3D ( 'NONE', #2002, #1365, #983 ) ;
#1173 = CARTESIAN_POINT ( 'NONE',  ( 22.60999999999999233, 10.18000000000000327, 7.500000000000000000 ) ) ;
#1174 = VERTEX_POINT ( 'NONE', #1956 ) ;
#1175 = CARTESIAN_POINT ( 'NONE',  ( -24.00000000000000000, -27.50000000000000000, -2.000000000000000000 ) ) ;
#1176 = CIRCLE ( 'NONE', #2213, 2.000000000000000000 ) ;
#1177 = CARTESIAN_POINT ( 'NONE',  ( 5.250000000000007105, 23.80000000000000071, 50.23659785447417647 ) ) ;
#1178 = CARTESIAN_POINT ( 'NONE',  ( 50.00000000000000000, 15.51162633521313516, 64.00000000000000000 ) ) ;
#1179 = ORIENTED_EDGE ( 'NONE', *, *, #10, .F. ) ;
#1180 = AXIS2_PLACEMENT_3D ( 'NONE', #1570, #563, #885 ) ;
#1181 = ORIENTED_EDGE ( 'NONE', *, *, #78, .F. ) ;
#1182 = EDGE_CURVE ( 'NONE', #1797, #1240, #1250, .T. ) ;
#1183 = EDGE_CURVE ( 'NONE', #1290, #2024, #957, .T. ) ;
#1184 = CARTESIAN_POINT ( 'NONE',  ( 26.00000000000000000, 0.000000000000000000, 0.000000000000000000 ) ) ;
#1185 = ORIENTED_EDGE ( 'NONE', *, *, #1750, .T. ) ;
#1186 = CARTESIAN_POINT ( 'NONE',  ( 2.250000000000006217, 9.599999999999999645, 55.00000000000000000 ) ) ;
#1187 = ORIENTED_EDGE ( 'NONE', *, *, #814, .T. ) ;
#1188 = LINE ( 'NONE', #1346, #1426 ) ;
#1189 = DIRECTION ( 'NONE',  ( 0.000000000000000000, 0.000000000000000000, -1.000000000000000000 ) ) ;
#1190 = CARTESIAN_POINT ( 'NONE',  ( -26.00000000000000355, -0.5000000000000017764, -2.000000000000000444 ) ) ;
#1191 = FACE_OUTER_BOUND ( 'NONE', #1739, .T. ) ;
#1192 = DIRECTION ( 'NONE',  ( 0.000000000000000000, 0.000000000000000000, 1.000000000000000000 ) ) ;
#1193 = AXIS2_PLACEMENT_3D ( 'NONE', #893, #1894, #4 ) ;
#1194 = VERTEX_POINT ( 'NONE', #1645 ) ;
#1195 = CARTESIAN_POINT ( 'NONE',  ( 24.00000000000000000, 2.499999999999998668, 0.000000000000000000 ) ) ;
#1196 = ORIENTED_EDGE ( 'NONE', *, *, #1075, .F. ) ;
#1197 = PRODUCT ( 'stand', 'stand', '', ( #1126 ) ) ;
#1198 = LINE ( 'NONE', #2046, #14 ) ;
#1199 = CARTESIAN_POINT ( 'NONE',  ( -26.81000000000000227, 20.03000000000000114, 0.000000000000000000 ) ) ;
#1200 = CARTESIAN_POINT ( 'NONE',  ( 3.810000000000010267, 6.956000000000001293, 53.00000000000000711 ) ) ;
#1201 = CARTESIAN_POINT ( 'NONE',  ( 30.00000000000000000, 2.499999999999998668, 0.000000000000000000 ) ) ;
#1202 = EDGE_LOOP ( 'NONE', ( #1911, #1890, #1850, #2060 ) ) ;
#1203 = VECTOR ( 'NONE', #2217, 1000.000000000000000 ) ;
#1204 = ORIENTED_EDGE ( 'NONE', *, *, #364, .F. ) ;
#1205 = EDGE_CURVE ( 'NONE', #2131, #218, #58, .T. ) ;
#1206 = ADVANCED_FACE ( 'NONE', ( #1437, #945, #98, #1630, #86 ), #622, .F. ) ;
#1207 = LINE ( 'NONE', #1897, #1654 ) ;
#1208 = EDGE_LOOP ( 'NONE', ( #1789, #836, #1810, #744 ) ) ;
#1209 = FACE_OUTER_BOUND ( 'NONE', #810, .T. ) ;
#1210 = DIRECTION ( 'NONE',  ( 0.000000000000000000, 0.5547001962252290364, -0.8320502943378437211 ) ) ;
#1211 = DIRECTION ( 'NONE',  ( -0.000000000000000000, 1.000000000000000000, -0.000000000000000000 ) ) ;
#1212 = AXIS2_PLACEMENT_3D ( 'NONE', #151, #2044, #837 ) ;
#1213 = CARTESIAN_POINT ( 'NONE',  ( 2.250000000000006217, 9.599999999999999645, 59.00000000000000711 ) ) ;
#1214 = DIRECTION ( 'NONE',  ( -0.000000000000000000, 1.000000000000000000, -0.000000000000000000 ) ) ;
#1215 = ORIENTED_EDGE ( 'NONE', *, *, #1098, .F. ) ;
#1216 = VERTEX_POINT ( 'NONE', #1948 ) ;
#1217 = CARTESIAN_POINT ( 'NONE',  ( 24.71000000000000085, 20.03000000000000114, 7.500000000000000000 ) ) ;
#1218 = ORIENTED_EDGE ( 'NONE', *, *, #199, .T. ) ;
#1219 = AXIS2_PLACEMENT_3D ( 'NONE', #1178, #1166, #808 ) ;
#1220 = DIRECTION ( 'NONE',  ( 1.000000000000000000, -0.000000000000000000, 0.000000000000000000 ) ) ;
#1221 = DIRECTION ( 'NONE',  ( -0.000000000000000000, -0.000000000000000000, -1.000000000000000000 ) ) ;
#1222 = DIRECTION ( 'NONE',  ( 1.000000000000000000, 0.000000000000000000, 0.000000000000000000 ) ) ;
#1223 = LINE ( 'NONE', #1022, #725 ) ;
#1224 = LINE ( 'NONE', #1201, #1821 ) ;
#1225 = ORIENTED_EDGE ( 'NONE', *, *, #1778, .F. ) ;
#1226 = EDGE_CURVE ( 'NONE', #1465, #400, #1990, .T. ) ;
#1227 = VERTEX_POINT ( 'NONE', #290 ) ;
#1228 = ORIENTED_EDGE ( 'NONE', *, *, #894, .F. ) ;
#1229 = PLANE ( 'NONE',  #1180 ) ;
#1230 = EDGE_CURVE ( 'NONE', #618, #909, #2193, .T. ) ;
#1231 = ORIENTED_EDGE ( 'NONE', *, *, #663, .F. ) ;
#1232 = EDGE_CURVE ( 'NONE', #711, #881, #998, .T. ) ;
#1233 = DIRECTION ( 'NONE',  ( -1.000000000000000000, -0.000000000000000000, -0.000000000000000000 ) ) ;
#1234 = CARTESIAN_POINT ( 'NONE',  ( -24.71000000000000085, 10.18000000000000327, 7.500000000000000000 ) ) ;
#1235 = LINE ( 'NONE', #1376, #1380 ) ;
#1236 = DIRECTION ( 'NONE',  ( 1.000000000000000000, 0.000000000000000000, 0.000000000000000000 ) ) ;
#1237 = ADVANCED_FACE ( 'NONE', ( #1492 ), #2170, .F. ) ;
#1238 = AXIS2_PLACEMENT_3D ( 'NONE', #109, #1968, #2139 ) ;
#1239 = VERTEX_POINT ( 'NONE', #1664 ) ;
#1240 = VERTEX_POINT ( 'NONE', #2012 ) ;
#1241 = CIRCLE ( 'NONE', #449, 1.699999999999999956 ) ;
#1242 = CARTESIAN_POINT ( 'NONE',  ( 0.000000000000000000, 0.000000000000000000, 0.000000000000000000 ) ) ;
#1243 = EDGE_LOOP ( 'NONE', ( #1772, #92, #1008, #1737 ) ) ;
#1244 = DIRECTION ( 'NONE',  ( 0.000000000000000000, 0.000000000000000000, 1.000000000000000000 ) ) ;
#1245 = VECTOR ( 'NONE', #2014, 1000.000000000000000 ) ;
#1246 = DIRECTION ( 'NONE',  ( 0.000000000000000000, 0.000000000000000000, 1.000000000000000000 ) ) ;
#1247 = FACE_OUTER_BOUND ( 'NONE', #1058, .T. ) ;
#1248 = AXIS2_PLACEMENT_3D ( 'NONE', #1338, #467, #633 ) ;
#1249 = EDGE_LOOP ( 'NONE', ( #1310, #1917, #9, #926 ) ) ;
#1250 = CIRCLE ( 'NONE', #854, 5.000000000000000888 ) ;
#1251 = VERTEX_POINT ( 'NONE', #466 ) ;
#1252 = VECTOR ( 'NONE', #453, 1000.000000000000000 ) ;
#1253 = ORIENTED_EDGE ( 'NONE', *, *, #2179, .T. ) ;
#1254 = EDGE_CURVE ( 'NONE', #1267, #1982, #475, .T. ) ;
#1255 = CARTESIAN_POINT ( 'NONE',  ( 30.00000000000000000, -27.50000000000000000, 29.00000000000000000 ) ) ;
#1256 = VECTOR ( 'NONE', #1007, 1000.000000000000000 ) ;
#1257 = VERTEX_POINT ( 'NONE', #308 ) ;
#1258 = DIRECTION ( 'NONE',  ( 7.575211685488240684E-17, -1.000000000000000000, -0.000000000000000000 ) ) ;
#1259 = DIRECTION ( 'NONE',  ( 1.000000000000000000, 0.000000000000000000, 0.000000000000000000 ) ) ;
#1260 = VECTOR ( 'NONE', #1659, 1000.000000000000000 ) ;
#1261 = CYLINDRICAL_SURFACE ( 'NONE', #742, 1.700000000000000178 ) ;
#1262 = ORIENTED_EDGE ( 'NONE', *, *, #172, .F. ) ;
#1263 = VERTEX_POINT ( 'NONE', #2031 ) ;
#1264 = ORIENTED_EDGE ( 'NONE', *, *, #1844, .F. ) ;
#1265 = CARTESIAN_POINT ( 'NONE',  ( 19.89999999999999858, 50.00000000000000000, 7.500000000000000000 ) ) ;
#1266 = DIRECTION ( 'NONE',  ( -0.000000000000000000, -0.000000000000000000, 1.000000000000000000 ) ) ;
#1267 = VERTEX_POINT ( 'NONE', #1999 ) ;
#1268 = CYLINDRICAL_SURFACE ( 'NONE', #1493, 2.100000000000008082 ) ;
#1269 = DIRECTION ( 'NONE',  ( -0.000000000000000000, -1.000000000000000000, -0.000000000000000000 ) ) ;
#1270 = CARTESIAN_POINT ( 'NONE',  ( 0.000000000000000000, -27.50000000000000000, 0.000000000000000000 ) ) ;
#1271 = DIRECTION ( 'NONE',  ( 0.000000000000000000, -1.000000000000000000, 0.000000000000000000 ) ) ;
#1272 = EDGE_LOOP ( 'NONE', ( #2212, #1930 ) ) ;
#1273 = ORIENTED_EDGE ( 'NONE', *, *, #388, .F. ) ;
#1274 = ORIENTED_EDGE ( 'NONE', *, *, #2081, .F. ) ;
#1275 = CARTESIAN_POINT ( 'NONE',  ( 19.89999999999999858, 50.00000000000000000, 0.000000000000000000 ) ) ;
#1276 = EDGE_CURVE ( 'NONE', #365, #1680, #1846, .T. ) ;
#1277 = DIRECTION ( 'NONE',  ( -1.000000000000000000, 0.000000000000000000, 0.000000000000000000 ) ) ;
#1278 = EDGE_LOOP ( 'NONE', ( #1868, #1285, #1649, #75 ) ) ;
#1279 = AXIS2_PLACEMENT_3D ( 'NONE', #1234, #1246, #1222 ) ;
#1280 = DIRECTION ( 'NONE',  ( 0.000000000000000000, 0.000000000000000000, -1.000000000000000000 ) ) ;
#1281 = VECTOR ( 'NONE', #1220, 1000.000000000000000 ) ;
#1282 = DIRECTION ( 'NONE',  ( 1.387778780781445478E-15, 0.000000000000000000, 1.000000000000000000 ) ) ;
#1283 = EDGE_CURVE ( 'NONE', #941, #1072, #1324, .T. ) ;
#1284 = CARTESIAN_POINT ( 'NONE',  ( 0.4100000000000108558, 6.956000000000001293, 53.00000000000000711 ) ) ;
#1285 = ORIENTED_EDGE ( 'NONE', *, *, #673, .F. ) ;
#1286 = APPLICATION_CONTEXT ( 'automotive_design' ) ;
#1287 = CIRCLE ( 'NONE', #1172, 1.700000000000000178 ) ;
#1288 = ADVANCED_FACE ( 'NONE', ( #297 ), #1869, .T. ) ;
#1289 = ORIENTED_EDGE ( 'NONE', *, *, #1871, .T. ) ;
#1290 = VERTEX_POINT ( 'NONE', #1337 ) ;
#1291 = UNCERTAINTY_MEASURE_WITH_UNIT (LENGTH_MEASURE( 1.000000000000000082E-05 ), #363, 'distance_accuracy_value', 'NONE');
#1292 = LINE ( 'NONE', #753, #969 ) ;
#1293 = EDGE_CURVE ( 'NONE', #1174, #764, #281, .T. ) ;
#1294 = VECTOR ( 'NONE', #376, 1000.000000000000000 ) ;
#1295 = DIRECTION ( 'NONE',  ( 1.000000000000000000, -0.000000000000000000, 0.000000000000000000 ) ) ;
#1296 = CARTESIAN_POINT ( 'NONE',  ( -24.71000000000000085, 20.03000000000000114, 7.500000000000000000 ) ) ;
#1297 = FACE_BOUND ( 'NONE', #596, .T. ) ;
#1298 = DIRECTION ( 'NONE',  ( 0.000000000000000000, 0.000000000000000000, -1.000000000000000000 ) ) ;
#1299 = ORIENTED_EDGE ( 'NONE', *, *, #1543, .F. ) ;
#1300 = ORIENTED_EDGE ( 'NONE', *, *, #91, .F. ) ;
#1301 = ORIENTED_EDGE ( 'NONE', *, *, #1774, .F. ) ;
#1302 = LINE ( 'NONE', #620, #1470 ) ;
#1303 = DIRECTION ( 'NONE',  ( 1.000000000000000000, 0.000000000000000000, 0.000000000000000000 ) ) ;
#1304 = DIRECTION ( 'NONE',  ( 0.000000000000000000, 1.000000000000000000, 0.000000000000000000 ) ) ;
#1305 = EDGE_CURVE ( 'NONE', #1669, #1290, #643, .T. ) ;
#1306 = CARTESIAN_POINT ( 'NONE',  ( 50.00000000000000000, -27.49999999999999645, 64.00000000000000000 ) ) ;
#1307 = VECTOR ( 'NONE', #1577, 1000.000000000000000 ) ;
#1308 = CARTESIAN_POINT ( 'NONE',  ( -26.00000000000000355, -27.50000000000000000, -20.00000000000000000 ) ) ;
#1309 = VERTEX_POINT ( 'NONE', #1314 ) ;
#1310 = ORIENTED_EDGE ( 'NONE', *, *, #1584, .T. ) ;
#1311 = EDGE_CURVE ( 'NONE', #1946, #7, #1857, .T. ) ;
#1312 = DIRECTION ( 'NONE',  ( -1.000000000000000000, 0.000000000000000000, 0.000000000000000000 ) ) ;
#1313 = CARTESIAN_POINT ( 'NONE',  ( 19.89999999999999858, 24.50000000000000711, 7.500000000000000000 ) ) ;
#1314 = CARTESIAN_POINT ( 'NONE',  ( -22.60999999999999943, 10.18000000000000327, 7.500000000000000000 ) ) ;
#1315 = VECTOR ( 'NONE', #2092, 1000.000000000000000 ) ;
#1316 = LINE ( 'NONE', #2021, #1245 ) ;
#1317 = CARTESIAN_POINT ( 'NONE',  ( 0.4100000000000108558, 6.956000000000001293, 53.00000000000000711 ) ) ;
#1318 = ORIENTED_EDGE ( 'NONE', *, *, #995, .T. ) ;
#1319 = ORIENTED_EDGE ( 'NONE', *, *, #591, .F. ) ;
#1320 = CARTESIAN_POINT ( 'NONE',  ( 34.99999999999999289, -27.49999999999999645, 34.00000000000000000 ) ) ;
#1321 = CARTESIAN_POINT ( 'NONE',  ( 50.00000000000000711, 15.51162633521313516, 39.00000000000000000 ) ) ;
#1322 = AXIS2_PLACEMENT_3D ( 'NONE', #2171, #1873, #818 ) ;
#1323 = EDGE_CURVE ( 'NONE', #1131, #113, #653, .T. ) ;
#1324 = CIRCLE ( 'NONE', #349, 2.000000000000000000 ) ;
#1325 = CARTESIAN_POINT ( 'NONE',  ( -30.00000000000000000, 27.50000000000000000, 7.500000000000000000 ) ) ;
#1326 = CARTESIAN_POINT ( 'NONE',  ( 18.05000000000001137, 9.599999999999999645, 55.00000000000000000 ) ) ;
#1327 = PLANE ( 'NONE',  #1030 ) ;
#1328 = CARTESIAN_POINT ( 'NONE',  ( -24.71000000000000085, 10.18000000000000327, 7.500000000000000000 ) ) ;
#1329 = ORIENTED_EDGE ( 'NONE', *, *, #978, .T. ) ;
#1330 = ORIENTED_EDGE ( 'NONE', *, *, #1822, .T. ) ;
#1331 = AXIS2_PLACEMENT_3D ( 'NONE', #1632, #1271, #1959 ) ;
#1332 =( BOUNDED_CURVE ( )  B_SPLINE_CURVE ( 3, ( #1888, #1358, #506, #1195 ),
 .UNSPECIFIED., .F., .F. ) 
 B_SPLINE_CURVE_WITH_KNOTS ( ( 4, 4 ),
 ( 1.570796326794896780, 3.141592653589793116 ),
 .UNSPECIFIED. ) 
 CURVE ( )  GEOMETRIC_REPRESENTATION_ITEM ( )  RATIONAL_B_SPLINE_CURVE ( ( 1.000000000000000000, 0.8047378541243650485, 0.8047378541243650485, 1.000000000000000000 ) ) 
 REPRESENTATION_ITEM ( '' )  );
#1333 = CARTESIAN_POINT ( 'NONE',  ( -24.99999999999999645, -31.50000000000000000, 64.00000000000000000 ) ) ;
#1334 = EDGE_CURVE ( 'NONE', #207, #233, #1009, .T. ) ;
#1335 = DIRECTION ( 'NONE',  ( 0.000000000000000000, -0.000000000000000000, -1.000000000000000000 ) ) ;
#1336 = EDGE_LOOP ( 'NONE', ( #949, #1454, #29, #1090 ) ) ;
#1337 = CARTESIAN_POINT ( 'NONE',  ( -30.00000000000000000, -27.50000000000000000, 20.00000000000000711 ) ) ;
#1338 = CARTESIAN_POINT ( 'NONE',  ( -27.00000000000000000, 24.50000000000000355, 7.500000000000000000 ) ) ;
#1339 = DIRECTION ( 'NONE',  ( 0.000000000000000000, 0.000000000000000000, 1.000000000000000000 ) ) ;
#1340 = ORIENTED_EDGE ( 'NONE', *, *, #1608, .T. ) ;
#1341 = CARTESIAN_POINT ( 'NONE',  ( 0.000000000000000000, -25.50000000000000355, 61.00000000000000711 ) ) ;
#1342 = FACE_OUTER_BOUND ( 'NONE', #1050, .T. ) ;
#1343 = ORIENTED_EDGE ( 'NONE', *, *, #472, .T. ) ;
#1344 = DIRECTION ( 'NONE',  ( 1.000000000000000000, 0.000000000000000000, 0.000000000000000000 ) ) ;
#1345 = AXIS2_PLACEMENT_3D ( 'NONE', #356, #369, #1758 ) ;
#1346 = CARTESIAN_POINT ( 'NONE',  ( 0.000000000000000000, -25.50000000000000355, 59.00000000000000711 ) ) ;
#1347 = EDGE_CURVE ( 'NONE', #1263, #938, #928, .T. ) ;
#1348 = FACE_OUTER_BOUND ( 'NONE', #2040, .T. ) ;
#1349 = CIRCLE ( 'NONE', #378, 5.000000000000000888 ) ;
#1350 = CARTESIAN_POINT ( 'NONE',  ( -22.60999999999999943, 10.18000000000000327, 0.000000000000000000 ) ) ;
#1351 = EDGE_CURVE ( 'NONE', #1083, #513, #2203, .T. ) ;
#1352 = ORIENTED_EDGE ( 'NONE', *, *, #2077, .T. ) ;
#1353 = VECTOR ( 'NONE', #1767, 1000.000000000000000 ) ;
#1354 = EDGE_CURVE ( 'NONE', #1973, #863, #1536, .T. ) ;
#1355 = LINE ( 'NONE', #994, #1362 ) ;
#1356 = CIRCLE ( 'NONE', #776, 2.000000000000001776 ) ;
#1357 = EDGE_CURVE ( 'NONE', #7, #1267, #1302, .T. ) ;
#1358 = CARTESIAN_POINT ( 'NONE',  ( 26.00000000000000355, 1.257359312880713675, -0.8284271247461897358 ) ) ;
#1359 = VERTEX_POINT ( 'NONE', #586 ) ;
#1360 = DIRECTION ( 'NONE',  ( -1.000000000000000000, 0.000000000000000000, -0.000000000000000000 ) ) ;
#1361 =( NAMED_UNIT ( * ) SI_UNIT ( $, .STERADIAN. ) SOLID_ANGLE_UNIT ( ) );
#1362 = VECTOR ( 'NONE', #146, 1000.000000000000000 ) ;
#1363 = DIRECTION ( 'NONE',  ( -0.000000000000000000, -0.000000000000000000, -1.000000000000000000 ) ) ;
#1364 = LINE ( 'NONE', #989, #1146 ) ;
#1365 = DIRECTION ( 'NONE',  ( 0.000000000000000000, 0.000000000000000000, 1.000000000000000000 ) ) ;
#1366 = CIRCLE ( 'NONE', #972, 2.100000000000000977 ) ;
#1367 = DIRECTION ( 'NONE',  ( -1.000000000000000000, 0.000000000000000000, 0.000000000000000000 ) ) ;
#1368 = FACE_OUTER_BOUND ( 'NONE', #2099, .T. ) ;
#1369 = ORIENTED_EDGE ( 'NONE', *, *, #250, .T. ) ;
#1370 = FACE_OUTER_BOUND ( 'NONE', #907, .T. ) ;
#1371 = ORIENTED_EDGE ( 'NONE', *, *, #664, .T. ) ;
#1372 = LINE ( 'NONE', #1717, #1203 ) ;
#1373 = DIRECTION ( 'NONE',  ( -0.000000000000000000, -0.000000000000000000, 1.000000000000000000 ) ) ;
#1374 = LINE ( 'NONE', #2035, #357 ) ;
#1375 = EDGE_CURVE ( 'NONE', #1216, #2024, #2135, .T. ) ;
#1376 = CARTESIAN_POINT ( 'NONE',  ( -19.89999999999999858, 50.00000000000000000, 7.500000000000000000 ) ) ;
#1377 = EDGE_CURVE ( 'NONE', #145, #974, #1538, .T. ) ;
#1378 = ORIENTED_EDGE ( 'NONE', *, *, #1900, .T. ) ;
#1379 = CARTESIAN_POINT ( 'NONE',  ( 22.89999999999999503, 27.50000000000000000, 7.500000000000000000 ) ) ;
#1380 = VECTOR ( 'NONE', #1420, 1000.000000000000000 ) ;
#1381 = ORIENTED_EDGE ( 'NONE', *, *, #291, .F. ) ;
#1382 = LINE ( 'NONE', #182, #710 ) ;
#1383 = ORIENTED_EDGE ( 'NONE', *, *, #191, .T. ) ;
#1384 = SURFACE_STYLE_USAGE ( .BOTH. , #1466 ) ;
#1385 = DIRECTION ( 'NONE',  ( -0.000000000000000000, -0.000000000000000000, 1.000000000000000000 ) ) ;
#1386 = CARTESIAN_POINT ( 'NONE',  ( 26.00000000000000000, -27.34846922834953986, -19.89897948556636109 ) ) ;
#1387 = CARTESIAN_POINT ( 'NONE',  ( -30.00000000000000355, 2.499999999999998668, 0.000000000000000000 ) ) ;
#1388 = DIRECTION ( 'NONE',  ( -1.000000000000000000, 0.000000000000000000, 0.000000000000000000 ) ) ;
#1389 = VECTOR ( 'NONE', #715, 1000.000000000000000 ) ;
#1390 = ORIENTED_EDGE ( 'NONE', *, *, #649, .T. ) ;
#1391 = VECTOR ( 'NONE', #2152, 1000.000000000000000 ) ;
#1392 = VERTEX_POINT ( 'NONE', #1092 ) ;
#1393 = LINE ( 'NONE', #2042, #1578 ) ;
#1394 = ORIENTED_EDGE ( 'NONE', *, *, #2090, .F. ) ;
#1395 = DIRECTION ( 'NONE',  ( -1.000000000000000000, 0.000000000000000000, 0.000000000000000000 ) ) ;
#1396 = EDGE_CURVE ( 'NONE', #1876, #2225, #80, .T. ) ;
#1397 = DIRECTION ( 'NONE',  ( 0.000000000000000000, 0.000000000000000000, -1.000000000000000000 ) ) ;
#1398 = CARTESIAN_POINT ( 'NONE',  ( -27.00000000000000000, 27.50000000000000000, 0.000000000000000000 ) ) ;
#1399 = CARTESIAN_POINT ( 'NONE',  ( 30.00000000000000000, -25.50000000000000355, 9.500000000000000000 ) ) ;
#1400 = DIRECTION ( 'NONE',  ( -0.000000000000000000, -0.000000000000000000, 1.000000000000000000 ) ) ;
#1401 = VECTOR ( 'NONE', #515, 1000.000000000000000 ) ;
#1402 = ORIENTED_EDGE ( 'NONE', *, *, #1847, .T. ) ;
#1403 = ADVANCED_FACE ( 'NONE', ( #1787 ), #1820, .T. ) ;
#1404 = EDGE_LOOP ( 'NONE', ( #642, #1123, #1672, #1455 ) ) ;
#1405 = EDGE_CURVE ( 'NONE', #1072, #493, #1798, .T. ) ;
#1406 = ORIENTED_EDGE ( 'NONE', *, *, #2098, .T. ) ;
#1407 = EDGE_CURVE ( 'NONE', #123, #2144, #1652, .T. ) ;
#1408 = FACE_OUTER_BOUND ( 'NONE', #150, .T. ) ;
#1409 = CARTESIAN_POINT ( 'NONE',  ( 2.250000000000006217, 9.599999999999999645, 55.00000000000000000 ) ) ;
#1410 = CARTESIAN_POINT ( 'NONE',  ( 2.250000000000007105, 23.80000000000000071, 59.00000000000000711 ) ) ;
#1411 = DIRECTION ( 'NONE',  ( -0.000000000000000000, -0.000000000000000000, 1.000000000000000000 ) ) ;
#1412 = CARTESIAN_POINT ( 'NONE',  ( -30.00000000000000000, -27.50000000000000000, -20.00000000000000000 ) ) ;
#1413 = ORIENTED_EDGE ( 'NONE', *, *, #721, .T. ) ;
#1414 = VERTEX_POINT ( 'NONE', #1320 ) ;
#1415 = VERTEX_POINT ( 'NONE', #766 ) ;
#1416 = DIRECTION ( 'NONE',  ( -0.000000000000000000, 1.000000000000000000, -0.000000000000000000 ) ) ;
#1417 = ORIENTED_EDGE ( 'NONE', *, *, #1311, .F. ) ;
#1418 = DIRECTION ( 'NONE',  ( 0.000000000000000000, 0.000000000000000000, -1.000000000000000000 ) ) ;
#1419 = LINE ( 'NONE', #913, #1057 ) ;
#1420 = DIRECTION ( 'NONE',  ( 0.000000000000000000, -1.000000000000000000, 0.000000000000000000 ) ) ;
#1421 = PLANE ( 'NONE',  #160 ) ;
#1422 = EDGE_CURVE ( 'NONE', #858, #941, #1292, .T. ) ;
#1423 = ORIENTED_EDGE ( 'NONE', *, *, #364, .T. ) ;
#1424 = ORIENTED_EDGE ( 'NONE', *, *, #954, .F. ) ;
#1425 = VECTOR ( 'NONE', #2096, 1000.000000000000000 ) ;
#1426 = VECTOR ( 'NONE', #1019, 1000.000000000000000 ) ;
#1427 = ORIENTED_EDGE ( 'NONE', *, *, #925, .F. ) ;
#1428 = DIRECTION ( 'NONE',  ( 1.000000000000000000, 0.000000000000000000, 0.000000000000000000 ) ) ;
#1429 = DIRECTION ( 'NONE',  ( 1.000000000000000000, -0.000000000000000000, 0.000000000000000000 ) ) ;
#1430 = DIRECTION ( 'NONE',  ( -0.000000000000000000, 1.000000000000000000, -0.000000000000000000 ) ) ;
#1431 = AXIS2_PLACEMENT_3D ( 'NONE', #771, #614, #1462 ) ;
#1432 = AXIS2_PLACEMENT_3D ( 'NONE', #987, #668, #1344 ) ;
#1433 = VERTEX_POINT ( 'NONE', #433 ) ;
#1434 = VERTEX_POINT ( 'NONE', #1831 ) ;
#1435 = ORIENTED_EDGE ( 'NONE', *, *, #149, .F. ) ;
#1436 = CARTESIAN_POINT ( 'NONE',  ( -22.89999999999999503, 27.50000000000000000, 7.500000000000000000 ) ) ;
#1437 = FACE_BOUND ( 'NONE', #1714, .T. ) ;
#1438 = AXIS2_PLACEMENT_3D ( 'NONE', #1854, #275, #943 ) ;
#1439 = LINE ( 'NONE', #1621, #166 ) ;
#1440 = FACE_OUTER_BOUND ( 'NONE', #202, .T. ) ;
#1441 = EDGE_CURVE ( 'NONE', #1661, #905, #1176, .T. ) ;
#1442 = EDGE_LOOP ( 'NONE', ( #627, #1943, #1934, #249, #594, #40, #1566, #723, #608, #1015, #2097, #647, #1800, #1975, #1027, #1950 ) ) ;
#1443 = EDGE_CURVE ( 'NONE', #2005, #940, #599, .T. ) ;
#1444 = ORIENTED_EDGE ( 'NONE', *, *, #1822, .F. ) ;
#1445 = DIRECTION ( 'NONE',  ( 0.000000000000000000, 0.000000000000000000, 1.000000000000000000 ) ) ;
#1446 = CARTESIAN_POINT ( 'NONE',  ( 0.5500000000000105915, 24.30000000000000071, 59.00000000000000711 ) ) ;
#1447 = DIRECTION ( 'NONE',  ( 0.000000000000000000, 0.000000000000000000, 1.000000000000000000 ) ) ;
#1448 = ORIENTED_EDGE ( 'NONE', *, *, #200, .T. ) ;
#1449 = LINE ( 'NONE', #901, #626 ) ;
#1450 = ADVANCED_FACE ( 'NONE', ( #1977 ), #115, .F. ) ;
#1451 = DIRECTION ( 'NONE',  ( 0.000000000000000000, 0.000000000000000000, 1.000000000000000000 ) ) ;
#1452 = FACE_OUTER_BOUND ( 'NONE', #606, .T. ) ;
#1453 = ORIENTED_EDGE ( 'NONE', *, *, #2071, .F. ) ;
#1454 = ORIENTED_EDGE ( 'NONE', *, *, #1051, .F. ) ;
#1455 = ORIENTED_EDGE ( 'NONE', *, *, #2071, .T. ) ;
#1456 = CIRCLE ( 'NONE', #769, 2.000000000000000000 ) ;
#1457 = LINE ( 'NONE', #929, #1252 ) ;
#1458 = DIRECTION ( 'NONE',  ( -1.000000000000000000, 0.000000000000000000, 0.000000000000000000 ) ) ;
#1459 = DIRECTION ( 'NONE',  ( -1.000000000000000000, 0.000000000000000000, -0.000000000000000000 ) ) ;
#1460 = EDGE_CURVE ( 'NONE', #51, #974, #1457, .T. ) ;
#1461 = AXIS2_PLACEMENT_3D ( 'NONE', #1053, #1397, #1741 ) ;
#1462 = DIRECTION ( 'NONE',  ( -1.000000000000000000, 0.000000000000000000, 0.000000000000000000 ) ) ;
#1463 = CARTESIAN_POINT ( 'NONE',  ( -3.449999999999989519, -27.50000000000000000, 53.00000000000000000 ) ) ;
#1464 = EDGE_LOOP ( 'NONE', ( #1898, #216, #1507, #1424 ) ) ;
#1465 = VERTEX_POINT ( 'NONE', #1116 ) ;
#1466 = SURFACE_SIDE_STYLE ('',( #260 ) ) ;
#1467 = VERTEX_POINT ( 'NONE', #1490 ) ;
#1468 = ADVANCED_FACE ( 'NONE', ( #1964 ), #952, .F. ) ;
#1469 = CARTESIAN_POINT ( 'NONE',  ( 2.110000000000010534, 6.956000000000001293, 55.00000000000000000 ) ) ;
#1470 = VECTOR ( 'NONE', #274, 1000.000000000000000 ) ;
#1471 = ADVANCED_FACE ( 'NONE', ( #1640 ), #95, .F. ) ;
#1472 = AXIS2_PLACEMENT_3D ( 'NONE', #1867, #1702, #651 ) ;
#1473 = CARTESIAN_POINT ( 'NONE',  ( 55.00000000000000000, -31.50000000000000000, 64.00000000000000000 ) ) ;
#1474 = DIRECTION ( 'NONE',  ( 0.000000000000000000, 0.000000000000000000, -1.000000000000000000 ) ) ;
#1475 = DIRECTION ( 'NONE',  ( 1.000000000000000000, 0.000000000000000000, 2.775557561562891351E-16 ) ) ;
#1476 = CARTESIAN_POINT ( 'NONE',  ( 3.810000000000010267, 6.956000000000001293, 53.00000000000000711 ) ) ;
#1477 = EDGE_CURVE ( 'NONE', #1216, #1669, #628, .T. ) ;
#1478 = ORIENTED_EDGE ( 'NONE', *, *, #437, .F. ) ;
#1479 = VERTEX_POINT ( 'NONE', #494 ) ;
#1480 = CARTESIAN_POINT ( 'NONE',  ( 18.19400000000001683, 22.74399999999999622, 53.00000000000000711 ) ) ;
#1481 = DIRECTION ( 'NONE',  ( 0.000000000000000000, 0.000000000000000000, 1.000000000000000000 ) ) ;
#1482 = CARTESIAN_POINT ( 'NONE',  ( -30.00000000000000000, -27.50000000000000000, 20.00000000000000355 ) ) ;
#1483 = CIRCLE ( 'NONE', #801, 2.000000000000001776 ) ;
#1484 = LINE ( 'NONE', #1120, #1713 ) ;
#1485 = PLANE ( 'NONE',  #178 ) ;
#1486 = EDGE_LOOP ( 'NONE', ( #616, #2180, #1402, #1555 ) ) ;
#1487 = ADVANCED_FACE ( 'NONE', ( #1368 ), #845, .T. ) ;
#1488 = ORIENTED_EDGE ( 'NONE', *, *, #1756, .F. ) ;
#1489 =( BOUNDED_CURVE ( )  B_SPLINE_CURVE ( 3, ( #1826, #282, #403, #1088 ),
 .UNSPECIFIED., .F., .F. ) 
 B_SPLINE_CURVE_WITH_KNOTS ( ( 4, 4 ),
 ( 0.000000000000000000, 1.570796326794896780 ),
 .UNSPECIFIED. ) 
 CURVE ( )  GEOMETRIC_REPRESENTATION_ITEM ( )  RATIONAL_B_SPLINE_CURVE ( ( 1.000000000000000000, 0.8047378541243649375, 0.8047378541243649375, 1.000000000000000000 ) ) 
 REPRESENTATION_ITEM ( '' )  );
#1490 = CARTESIAN_POINT ( 'NONE',  ( 23.75000000000000711, -27.50000000000000355, 53.00000000000000000 ) ) ;
#1491 = DIRECTION ( 'NONE',  ( 0.000000000000000000, -1.000000000000000000, 0.000000000000000000 ) ) ;
#1492 = FACE_OUTER_BOUND ( 'NONE', #247, .T. ) ;
#1493 = AXIS2_PLACEMENT_3D ( 'NONE', #33, #2128, #1077 ) ;
#1494 = CARTESIAN_POINT ( 'NONE',  ( -26.81000000000000227, 10.18000000000000327, 0.000000000000000000 ) ) ;
#1495 = CARTESIAN_POINT ( 'NONE',  ( -1.449999999999989964, -26.67157287525381193, 55.00000000000000000 ) ) ;
#1496 = ORIENTED_EDGE ( 'NONE', *, *, #1226, .T. ) ;
#1497 = EDGE_LOOP ( 'NONE', ( #1114, #1101, #1488, #374 ) ) ;
#1498 = ADVANCED_FACE ( 'NONE', ( #1670 ), #650, .F. ) ;
#1499 = DIRECTION ( 'NONE',  ( -1.000000000000000000, -0.000000000000000000, -0.000000000000000000 ) ) ;
#1500 = LINE ( 'NONE', #445, #1391 ) ;
#1501 = EDGE_LOOP ( 'NONE', ( #1544, #389 ) ) ;
#1502 = MECHANICAL_DESIGN_GEOMETRIC_PRESENTATION_REPRESENTATION (  '', ( #2177 ), #527 ) ;
#1503 = DIRECTION ( 'NONE',  ( 0.000000000000000000, 1.000000000000000000, 0.000000000000000000 ) ) ;
#1504 = CARTESIAN_POINT ( 'NONE',  ( 0.5500000000000105915, 24.30000000000000071, 55.00000000000000000 ) ) ;
#1505 = FACE_OUTER_BOUND ( 'NONE', #32, .T. ) ;
#1506 = ORIENTED_EDGE ( 'NONE', *, *, #999, .F. ) ;
#1507 = ORIENTED_EDGE ( 'NONE', *, *, #716, .F. ) ;
#1508 = PLANE ( 'NONE',  #313 ) ;
#1509 = EDGE_CURVE ( 'NONE', #113, #991, #335, .T. ) ;
#1510 = ADVANCED_FACE ( 'NONE', ( #1147 ), #1693, .T. ) ;
#1511 = DIRECTION ( 'NONE',  ( 1.000000000000000000, 0.000000000000000000, 0.000000000000000000 ) ) ;
#1512 = ADVANCED_FACE ( 'NONE', ( #1886 ), #1006, .F. ) ;
#1513 = ORIENTED_EDGE ( 'NONE', *, *, #1460, .F. ) ;
#1514 = DIRECTION ( 'NONE',  ( -0.000000000000000000, -1.000000000000000000, -0.000000000000000000 ) ) ;
#1515 = EDGE_CURVE ( 'NONE', #1784, #393, #157, .T. ) ;
#1516 = FACE_OUTER_BOUND ( 'NONE', #1703, .T. ) ;
#1517 = LINE ( 'NONE', #1882, #1828 ) ;
#1518 = DIRECTION ( 'NONE',  ( 0.000000000000000000, 0.000000000000000000, 1.000000000000000000 ) ) ;
#1519 = ORIENTED_EDGE ( 'NONE', *, *, #1396, .F. ) ;
#1520 = EDGE_CURVE ( 'NONE', #1465, #1434, #985, .T. ) ;
#1521 = CARTESIAN_POINT ( 'NONE',  ( 5.250000000000007105, 23.80000000000000071, 59.00000000000000711 ) ) ;
#1522 = CARTESIAN_POINT ( 'NONE',  ( 26.00000000000000000, -27.50000000000000000, -19.89897948556635399 ) ) ;
#1523 = EDGE_LOOP ( 'NONE', ( #688, #410, #1692, #54 ) ) ;
#1524 = CARTESIAN_POINT ( 'NONE',  ( 30.00000000000000000, -27.50000000000000000, 7.500000000000000000 ) ) ;
#1525 = AXIS2_PLACEMENT_3D ( 'NONE', #1296, #1107, #1780 ) ;
#1526 = FACE_OUTER_BOUND ( 'NONE', #181, .T. ) ;
#1527 = CYLINDRICAL_SURFACE ( 'NONE', #1248, 2.999999999999999112 ) ;
#1528 = AXIS2_PLACEMENT_3D ( 'NONE', #1270, #60, #1130 ) ;
#1529 = CARTESIAN_POINT ( 'NONE',  ( 50.00000000000000711, -31.50000000000000000, 39.00000000000000000 ) ) ;
#1530 = ORIENTED_EDGE ( 'NONE', *, *, #1283, .T. ) ;
#1531 = DIRECTION ( 'NONE',  ( 0.000000000000000000, 1.000000000000000000, 0.000000000000000000 ) ) ;
#1532 = AXIS2_PLACEMENT_3D ( 'NONE', #1504, #163, #2163 ) ;
#1533 = EDGE_LOOP ( 'NONE', ( #1589, #920, #2109, #1993 ) ) ;
#1534 = DIRECTION ( 'NONE',  ( 0.000000000000000000, -1.000000000000000000, 0.000000000000000000 ) ) ;
#1535 = EDGE_LOOP ( 'NONE', ( #1048, #214, #900, #1301 ) ) ;
#1536 = CIRCLE ( 'NONE', #59, 1.699999999999999956 ) ;
#1537 = DIRECTION ( 'NONE',  ( 0.000000000000000000, 0.000000000000000000, -1.000000000000000000 ) ) ;
#1538 = CIRCLE ( 'NONE', #1139, 2.999999999999999112 ) ;
#1539 = CARTESIAN_POINT ( 'NONE',  ( -55.00000000000000000, -31.50000000000000000, 9.999999999999998224 ) ) ;
#1540 = CARTESIAN_POINT ( 'NONE',  ( 19.89999999999999858, 24.50000000000000711, 0.000000000000000000 ) ) ;
#1541 = LINE ( 'NONE', #1213, #508 ) ;
#1542 = VECTOR ( 'NONE', #575, 1000.000000000000000 ) ;
#1543 = EDGE_CURVE ( 'NONE', #1951, #940, #1355, .T. ) ;
#1544 = ORIENTED_EDGE ( 'NONE', *, *, #1153, .F. ) ;
#1545 = DIRECTION ( 'NONE',  ( 1.000000000000000000, 0.000000000000000000, 0.000000000000000000 ) ) ;
#1546 = AXIS2_PLACEMENT_3D ( 'NONE', #611, #794, #1148 ) ;
#1547 = ORIENTED_EDGE ( 'NONE', *, *, #1808, .T. ) ;
#1548 = CARTESIAN_POINT ( 'NONE',  ( -30.00000000000000000, 27.50000000000000000, 7.500000000000000000 ) ) ;
#1549 = ORIENTED_EDGE ( 'NONE', *, *, #221, .F. ) ;
#1550 = CYLINDRICAL_SURFACE ( 'NONE', #992, 2.000000000000001776 ) ;
#1551 = LINE ( 'NONE', #1043, #385 ) ;
#1552 = LINE ( 'NONE', #24, #126 ) ;
#1553 = CARTESIAN_POINT ( 'NONE',  ( 18.19400000000001683, 22.74399999999999622, 55.00000000000000000 ) ) ;
#1554 = VERTEX_POINT ( 'NONE', #327 ) ;
#1555 = ORIENTED_EDGE ( 'NONE', *, *, #832, .F. ) ;
#1556 = EDGE_CURVE ( 'NONE', #1239, #2073, #2107, .T. ) ;
#1557 = CARTESIAN_POINT ( 'NONE',  ( 22.89999999999999503, 24.50000000000000000, 0.000000000000000000 ) ) ;
#1558 = EDGE_LOOP ( 'NONE', ( #226, #609 ) ) ;
#1559 = DIRECTION ( 'NONE',  ( 0.000000000000000000, 0.000000000000000000, 1.000000000000000000 ) ) ;
#1560 = CARTESIAN_POINT ( 'NONE',  ( -19.89999999999999858, 5.000000000000004441, 0.000000000000000000 ) ) ;
#1561 = CARTESIAN_POINT ( 'NONE',  ( -50.00000000000000000, -31.50000000000000000, 9.999999999999996447 ) ) ;
#1562 = CARTESIAN_POINT ( 'NONE',  ( 24.71000000000000085, 10.18000000000000327, 0.000000000000000000 ) ) ;
#1563 = ADVANCED_FACE ( 'NONE', ( #675 ), #686, .F. ) ;
#1564 = DIRECTION ( 'NONE',  ( -0.000000000000000000, -0.000000000000000000, -1.000000000000000000 ) ) ;
#1565 = AXIS2_PLACEMENT_3D ( 'NONE', #634, #300, #1339 ) ;
#1566 = ORIENTED_EDGE ( 'NONE', *, *, #1396, .T. ) ;
#1567 = AXIS2_PLACEMENT_3D ( 'NONE', #1596, #1280, #734 ) ;
#1568 = VERTEX_POINT ( 'NONE', #2039 ) ;
#1569 = EDGE_CURVE ( 'NONE', #429, #1983, #1711, .T. ) ;
#1570 = CARTESIAN_POINT ( 'NONE',  ( 21.75000000000000711, -27.50000000000000000, 55.00000000000000000 ) ) ;
#1571 = ORIENTED_EDGE ( 'NONE', *, *, #175, .T. ) ;
#1572 = CARTESIAN_POINT ( 'NONE',  ( -1.449999999999991296, 26.30000000000000071, 59.00000000000000711 ) ) ;
#1573 = DIRECTION ( 'NONE',  ( -1.000000000000000000, -0.000000000000000000, -0.000000000000000000 ) ) ;
#1574 = CARTESIAN_POINT ( 'NONE',  ( 23.75000000000000711, -27.50000000000000000, 61.00000000000000711 ) ) ;
#1575 = AXIS2_PLACEMENT_3D ( 'NONE', #1864, #2025, #471 ) ;
#1576 = CARTESIAN_POINT ( 'NONE',  ( -30.00000000000000000, -25.50000000000000000, 7.500000000000000000 ) ) ;
#1577 = DIRECTION ( 'NONE',  ( 0.000000000000000000, 0.000000000000000000, 1.000000000000000000 ) ) ;
#1578 = VECTOR ( 'NONE', #148, 1000.000000000000000 ) ;
#1579 = ORIENTED_EDGE ( 'NONE', *, *, #1750, .F. ) ;
#1580 = ORIENTED_EDGE ( 'NONE', *, *, #1323, .F. ) ;
#1581 = DIRECTION ( 'NONE',  ( -0.000000000000000000, -0.000000000000000000, 1.000000000000000000 ) ) ;
#1582 = VERTEX_POINT ( 'NONE', #1521 ) ;
#1583 = DIRECTION ( 'NONE',  ( 7.575211685488240684E-17, -1.000000000000000000, -0.000000000000000000 ) ) ;
#1584 = EDGE_CURVE ( 'NONE', #909, #1680, #859, .T. ) ;
#1585 = CARTESIAN_POINT ( 'NONE',  ( 23.75000000000000711, -27.50000000000000000, 0.000000000000000000 ) ) ;
#1586 = DIRECTION ( 'NONE',  ( -0.000000000000000000, -0.000000000000000000, 1.000000000000000000 ) ) ;
#1587 = CARTESIAN_POINT ( 'NONE',  ( 26.00000000000000000, -27.50000000000000000, -20.00000000000000000 ) ) ;
#1588 = ORIENTED_EDGE ( 'NONE', *, *, #250, .F. ) ;
#1589 = ORIENTED_EDGE ( 'NONE', *, *, #2207, .T. ) ;
#1590 = VERTEX_POINT ( 'NONE', #1379 ) ;
#1591 = ADVANCED_FACE ( 'NONE', ( #463 ), #2198, .F. ) ;
#1592 = AXIS2_PLACEMENT_3D ( 'NONE', #1562, #334, #15 ) ;
#1593 = DIRECTION ( 'NONE',  ( 0.000000000000000000, 0.000000000000000000, -1.000000000000000000 ) ) ;
#1594 = ORIENTED_EDGE ( 'NONE', *, *, #1357, .T. ) ;
#1595 = EDGE_LOOP ( 'NONE', ( #584, #1371, #1807, #2019 ) ) ;
#1596 = CARTESIAN_POINT ( 'NONE',  ( 26.99999999999999645, 24.50000000000000000, 0.000000000000000000 ) ) ;
#1597 = DIRECTION ( 'NONE',  ( 0.000000000000000000, 1.000000000000000000, 0.000000000000000000 ) ) ;
#1598 = DIRECTION ( 'NONE',  ( 0.000000000000000000, 0.000000000000000000, 1.000000000000000000 ) ) ;
#1599 = ORIENTED_EDGE ( 'NONE', *, *, #763, .F. ) ;
#1600 = EDGE_LOOP ( 'NONE', ( #1082, #1953, #1161, #1025 ) ) ;
#1601 = CIRCLE ( 'NONE', #2032, 5.000000000000000888 ) ;
#1602 = DIRECTION ( 'NONE',  ( 0.000000000000000000, 0.000000000000000000, -1.000000000000000000 ) ) ;
#1603 = ORIENTED_EDGE ( 'NONE', *, *, #1113, .F. ) ;
#1604 = ORIENTED_EDGE ( 'NONE', *, *, #244, .F. ) ;
#1605 = LINE ( 'NONE', #395, #1061 ) ;
#1606 = PLANE ( 'NONE',  #1926 ) ;
#1607 = EDGE_CURVE ( 'NONE', #684, #1216, #674, .T. ) ;
#1608 = EDGE_CURVE ( 'NONE', #652, #711, #1853, .T. ) ;
#1609 = LINE ( 'NONE', #593, #2104 ) ;
#1610 = CARTESIAN_POINT ( 'NONE',  ( 2.250000000000006217, 9.599999999999999645, 55.00000000000000000 ) ) ;
#1611 = VECTOR ( 'NONE', #1696, 1000.000000000000000 ) ;
#1612 = ORIENTED_EDGE ( 'NONE', *, *, #1844, .T. ) ;
#1613 = AXIS2_PLACEMENT_3D ( 'NONE', #778, #1662, #2167 ) ;
#1614 = EDGE_LOOP ( 'NONE', ( #1770, #2100, #559, #2103 ) ) ;
#1615 = DIRECTION ( 'NONE',  ( 1.000000000000000000, 0.000000000000000000, 0.000000000000000000 ) ) ;
#1616 = DIRECTION ( 'NONE',  ( 1.982541115402065356E-16, 0.000000000000000000, -1.000000000000000000 ) ) ;
#1617 = ORIENTED_EDGE ( 'NONE', *, *, #1164, .T. ) ;
#1618 = DIRECTION ( 'NONE',  ( 0.000000000000000000, 0.000000000000000000, 1.000000000000000000 ) ) ;
#1619 = DIRECTION ( 'NONE',  ( -0.000000000000000000, -0.000000000000000000, 1.000000000000000000 ) ) ;
#1620 = CIRCLE ( 'NONE', #639, 5.000000000000000888 ) ;
#1621 = CARTESIAN_POINT ( 'NONE',  ( 2.250000000000006217, 9.599999999999999645, 59.00000000000000711 ) ) ;
#1622 = MANIFOLD_SOLID_BREP ( 'Fillet11', #18 ) ;
#1623 = FACE_OUTER_BOUND ( 'NONE', #625, .T. ) ;
#1624 = ORIENTED_EDGE ( 'NONE', *, *, #28, .T. ) ;
#1625 = ORIENTED_EDGE ( 'NONE', *, *, #2009, .F. ) ;
#1626 = DIRECTION ( 'NONE',  ( -1.000000000000000000, 0.000000000000000000, 0.000000000000000000 ) ) ;
#1627 = CARTESIAN_POINT ( 'NONE',  ( 22.60999999999999233, 20.03000000000000114, 0.000000000000000000 ) ) ;
#1628 = ADVANCED_FACE ( 'NONE', ( #1526 ), #1508, .F. ) ;
#1629 = CARTESIAN_POINT ( 'NONE',  ( -30.00000000000000000, 24.50000000000000355, 7.500000000000000000 ) ) ;
#1630 = FACE_BOUND ( 'NONE', #1501, .T. ) ;
#1631 = DIRECTION ( 'NONE',  ( 0.000000000000000000, 1.000000000000000000, 0.000000000000000000 ) ) ;
#1632 = CARTESIAN_POINT ( 'NONE',  ( 2.250000000000006217, 9.599999999999999645, 55.00000000000000000 ) ) ;
#1633 = ORIENTED_EDGE ( 'NONE', *, *, #1991, .F. ) ;
#1634 = ADVANCED_FACE ( 'NONE', ( #2063 ), #1550, .F. ) ;
#1635 =( BOUNDED_CURVE ( )  B_SPLINE_CURVE ( 3, ( #164, #2172, #144, #1152 ),
 .UNSPECIFIED., .F., .F. ) 
 B_SPLINE_CURVE_WITH_KNOTS ( ( 4, 4 ),
 ( 1.570796326794896336, 2.940234732799462236 ),
 .UNSPECIFIED. ) 
 CURVE ( )  GEOMETRIC_REPRESENTATION_ITEM ( )  RATIONAL_B_SPLINE_CURVE ( ( 1.000000000000000000, 0.8497311128276555658, 0.8497311128276555658, 1.000000000000000000 ) ) 
 REPRESENTATION_ITEM ( '' )  );
#1636 = EDGE_CURVE ( 'NONE', #432, #2221, #1198, .T. ) ;
#1637 = ORIENTED_EDGE ( 'NONE', *, *, #200, .F. ) ;
#1638 = ORIENTED_EDGE ( 'NONE', *, *, #132, .F. ) ;
#1639 = CIRCLE ( 'NONE', #1743, 5.000000000000000888 ) ;
#1640 = FACE_OUTER_BOUND ( 'NONE', #1249, .T. ) ;
#1641 = AXIS2_PLACEMENT_3D ( 'NONE', #879, #718, #223 ) ;
#1642 = EDGE_CURVE ( 'NONE', #1227, #2144, #1372, .T. ) ;
#1643 = CARTESIAN_POINT ( 'NONE',  ( 0.000000000000000000, -25.50000000000000355, 9.500000000000000000 ) ) ;
#1644 = CIRCLE ( 'NONE', #1567, 2.999999999999999112 ) ;
#1645 = CARTESIAN_POINT ( 'NONE',  ( 30.00000000000000000, -27.50000000000000000, 9.499999999999998224 ) ) ;
#1646 = AXIS2_PLACEMENT_3D ( 'NONE', #510, #2218, #1616 ) ;
#1647 = PLANE ( 'NONE',  #1528 ) ;
#1648 = CARTESIAN_POINT ( 'NONE',  ( -2.278427124746180255, -27.50000000000000000, 54.17157287525380127 ) ) ;
#1649 = ORIENTED_EDGE ( 'NONE', *, *, #132, .T. ) ;
#1650 = CIRCLE ( 'NONE', #1431, 2.999999999999999112 ) ;
#1651 = ORIENTED_EDGE ( 'NONE', *, *, #1760, .F. ) ;
#1652 = LINE ( 'NONE', #1134, #2041 ) ;
#1653 = VECTOR ( 'NONE', #1499, 1000.000000000000000 ) ;
#1654 = VECTOR ( 'NONE', #140, 1000.000000000000114 ) ;
#1655 = CARTESIAN_POINT ( 'NONE',  ( -1.449999999999991074, 24.30000000000000071, 55.00000000000000000 ) ) ;
#1656 = DIRECTION ( 'NONE',  ( -0.000000000000000000, -1.000000000000000000, -0.000000000000000000 ) ) ;
#1657 = ADVANCED_FACE ( 'NONE', ( #1041 ), #509, .F. ) ;
#1658 = LINE ( 'NONE', #438, #2095 ) ;
#1659 = DIRECTION ( 'NONE',  ( 1.000000000000000000, -0.000000000000000000, 2.775557561562891351E-16 ) ) ;
#1660 = ORIENTED_EDGE ( 'NONE', *, *, #1407, .T. ) ;
#1661 = VERTEX_POINT ( 'NONE', #1891 ) ;
#1662 = DIRECTION ( 'NONE',  ( 0.000000000000000000, 1.000000000000000000, 0.000000000000000000 ) ) ;
#1663 = CARTESIAN_POINT ( 'NONE',  ( 26.00000000000000000, 2.499999999999998668, 0.000000000000000000 ) ) ;
#1664 = CARTESIAN_POINT ( 'NONE',  ( 26.81000000000000583, 10.18000000000000327, 7.500000000000000000 ) ) ;
#1665 = VECTOR ( 'NONE', #1722, 1000.000000000000000 ) ;
#1666 = DIRECTION ( 'NONE',  ( 0.000000000000000000, 0.000000000000000000, 1.000000000000000000 ) ) ;
#1667 = CARTESIAN_POINT ( 'NONE',  ( -26.00000000000000355, -27.50000000000000000, -1.999999999999998224 ) ) ;
#1668 = VERTEX_POINT ( 'NONE', #342 ) ;
#1669 = VERTEX_POINT ( 'NONE', #865 ) ;
#1670 = FACE_OUTER_BOUND ( 'NONE', #1994, .T. ) ;
#1671 = FACE_OUTER_BOUND ( 'NONE', #474, .T. ) ;
#1672 = ORIENTED_EDGE ( 'NONE', *, *, #1918, .T. ) ;
#1673 = DIRECTION ( 'NONE',  ( 0.000000000000000000, 1.000000000000000000, 0.000000000000000000 ) ) ;
#1674 = CIRCLE ( 'NONE', #1565, 4.999999999999999112 ) ;
#1675 = CIRCLE ( 'NONE', #305, 5.000000000000004441 ) ;
#1676 = EDGE_CURVE ( 'NONE', #924, #123, #1188, .T. ) ;
#1677 = DIRECTION ( 'NONE',  ( -1.000000000000000000, 0.000000000000000000, 0.000000000000000000 ) ) ;
#1678 = FACE_BOUND ( 'NONE', #583, .T. ) ;
#1679 = VERTEX_POINT ( 'NONE', #490 ) ;
#1680 = VERTEX_POINT ( 'NONE', #690 ) ;
#1681 = ADVANCED_FACE ( 'NONE', ( #2226 ), #2033, .F. ) ;
#1682 = CARTESIAN_POINT ( 'NONE',  ( 2.250000000000007105, 23.80000000000000071, 55.00000000000000000 ) ) ;
#1683 = ADVANCED_FACE ( 'NONE', ( #1209 ), #849, .F. ) ;
#1684 = PLANE ( 'NONE',  #1142 ) ;
#1685 = EDGE_LOOP ( 'NONE', ( #1100, #557, #330, #2157, #2197, #1896 ) ) ;
#1686 = DIRECTION ( 'NONE',  ( -0.000000000000000000, -0.000000000000000000, 1.000000000000000000 ) ) ;
#1687 = VECTOR ( 'NONE', #296, 1000.000000000000000 ) ;
#1688 = CARTESIAN_POINT ( 'NONE',  ( 24.99999999999999645, -31.50000000000000000, -15.00000000000000000 ) ) ;
#1689 = EDGE_CURVE ( 'NONE', #657, #423, #811, .T. ) ;
#1690 = DIRECTION ( 'NONE',  ( 0.000000000000000000, 1.000000000000000000, 0.000000000000000000 ) ) ;
#1691 = EDGE_LOOP ( 'NONE', ( #162, #273 ) ) ;
#1692 = ORIENTED_EDGE ( 'NONE', *, *, #877, .F. ) ;
#1693 = CYLINDRICAL_SURFACE ( 'NONE', #1759, 5.000000000000000888 ) ;
#1694 = DIRECTION ( 'NONE',  ( 0.000000000000000000, 0.000000000000000000, -1.000000000000000000 ) ) ;
#1695 = EDGE_LOOP ( 'NONE', ( #773, #285, #1383, #799, #730, #353, #1179, #1777, #336 ) ) ;
#1696 = DIRECTION ( 'NONE',  ( 1.000000000000000000, 0.000000000000000000, 0.000000000000000000 ) ) ;
#1697 = DIRECTION ( 'NONE',  ( -1.000000000000000000, 0.000000000000000000, 0.000000000000000000 ) ) ;
#1698 = DIRECTION ( 'NONE',  ( 0.000000000000000000, 0.000000000000000000, -1.000000000000000000 ) ) ;
#1699 = ORIENTED_EDGE ( 'NONE', *, *, #1676, .T. ) ;
#1700 = EDGE_CURVE ( 'NONE', #991, #1467, #321, .T. ) ;
#1701 = DIRECTION ( 'NONE',  ( 0.000000000000000000, -1.000000000000000000, 0.000000000000000000 ) ) ;
#1702 = DIRECTION ( 'NONE',  ( 0.000000000000000000, 1.000000000000000000, 0.000000000000000000 ) ) ;
#1703 = EDGE_LOOP ( 'NONE', ( #488, #1729, #1273, #1444 ) ) ;
#1704 = ADVANCED_FACE ( 'NONE', ( #1516 ), #1052, .T. ) ;
#1705 = CARTESIAN_POINT ( 'NONE',  ( 2.110000000000010534, 6.956000000000001293, 53.00000000000000711 ) ) ;
#1706 = CYLINDRICAL_SURFACE ( 'NONE', #1532, 2.000000000000000000 ) ;
#1707 = CIRCLE ( 'NONE', #1927, 2.999999999999999112 ) ;
#1708 = DIRECTION ( 'NONE',  ( 1.000000000000000000, -0.000000000000000000, 0.000000000000000000 ) ) ;
#1709 = AXIS2_PLACEMENT_3D ( 'NONE', #152, #1559, #1395 ) ;
#1710 = CARTESIAN_POINT ( 'NONE',  ( -24.99999999999999645, -27.50000000000000000, 64.00000000000000000 ) ) ;
#1711 = LINE ( 'NONE', #167, #1832 ) ;
#1712 = CARTESIAN_POINT ( 'NONE',  ( 19.89999999999999858, 5.000000000000004441, 0.000000000000000000 ) ) ;
#1713 = VECTOR ( 'NONE', #2154, 1000.000000000000000 ) ;
#1714 = EDGE_LOOP ( 'NONE', ( #1427, #319 ) ) ;
#1715 = VECTOR ( 'NONE', #1360, 1000.000000000000000 ) ;
#1716 =( BOUNDED_CURVE ( )  B_SPLINE_CURVE ( 3, ( #512, #1055, #523, #2078 ),
 .UNSPECIFIED., .F., .F. ) 
 B_SPLINE_CURVE_WITH_KNOTS ( ( 4, 4 ),
 ( 3.141592653589793116, 4.712388980384689674 ),
 .UNSPECIFIED. ) 
 CURVE ( )  GEOMETRIC_REPRESENTATION_ITEM ( )  RATIONAL_B_SPLINE_CURVE ( ( 1.000000000000000000, 0.8047378541243649375, 0.8047378541243649375, 1.000000000000000000 ) ) 
 REPRESENTATION_ITEM ( '' )  );
#1717 = CARTESIAN_POINT ( 'NONE',  ( 21.75000000000001066, 24.29999999999999716, 55.00000000000000000 ) ) ;
#1718 = VECTOR ( 'NONE', #822, 1000.000000000000000 ) ;
#1719 = CARTESIAN_POINT ( 'NONE',  ( -24.00000000000000000, 0.000000000000000000, -2.000000000000000000 ) ) ;
#1720 = FACE_OUTER_BOUND ( 'NONE', #1243, .T. ) ;
#1721 = ADVANCED_FACE ( 'NONE', ( #889 ), #1268, .F. ) ;
#1722 = DIRECTION ( 'NONE',  ( -0.000000000000000000, -0.000000000000000000, 1.000000000000000000 ) ) ;
#1723 =( GEOMETRIC_REPRESENTATION_CONTEXT ( 3 ) GLOBAL_UNCERTAINTY_ASSIGNED_CONTEXT ( ( #1291 ) ) GLOBAL_UNIT_ASSIGNED_CONTEXT ( ( #363, #908, #1944 ) ) REPRESENTATION_CONTEXT ( 'NONE', 'WORKASPACE' ) );
#1724 = CARTESIAN_POINT ( 'NONE',  ( 26.81000000000000583, 20.03000000000000114, 7.500000000000000000 ) ) ;
#1725 = ORIENTED_EDGE ( 'NONE', *, *, #1377, .T. ) ;
#1726 = VECTOR ( 'NONE', #749, 1000.000000000000000 ) ;
#1727 = ORIENTED_EDGE ( 'NONE', *, *, #641, .T. ) ;
#1728 = CARTESIAN_POINT ( 'NONE',  ( -30.00000000000000355, 2.499999999999998668, 0.000000000000000000 ) ) ;
#1729 = ORIENTED_EDGE ( 'NONE', *, *, #824, .F. ) ;
#1730 = CARTESIAN_POINT ( 'NONE',  ( 0.000000000000000000, -31.50000000000000000, 0.000000000000000000 ) ) ;
#1731 = PLANE ( 'NONE',  #1646 ) ;
#1732 = FACE_OUTER_BOUND ( 'NONE', #2111, .T. ) ;
#1733 = EDGE_CURVE ( 'NONE', #574, #1983, #209, .T. ) ;
#1734 = LINE ( 'NONE', #1387, #2160 ) ;
#1735 = DIRECTION ( 'NONE',  ( 0.000000000000000000, -0.000000000000000000, -1.000000000000000000 ) ) ;
#1736 = ORIENTED_EDGE ( 'NONE', *, *, #1137, .F. ) ;
#1737 = ORIENTED_EDGE ( 'NONE', *, *, #600, .F. ) ;
#1738 = DIRECTION ( 'NONE',  ( 0.000000000000000000, 0.000000000000000000, 1.000000000000000000 ) ) ;
#1739 = EDGE_LOOP ( 'NONE', ( #1091, #2043, #1922, #790 ) ) ;
#1740 = DIRECTION ( 'NONE',  ( 0.000000000000000000, -1.000000000000000000, 0.000000000000000000 ) ) ;
#1741 = DIRECTION ( 'NONE',  ( -1.000000000000000000, 0.000000000000000000, -0.000000000000000000 ) ) ;
#1742 = LINE ( 'NONE', #1078, #956 ) ;
#1743 = AXIS2_PLACEMENT_3D ( 'NONE', #2129, #1656, #1282 ) ;
#1744 = DIRECTION ( 'NONE',  ( 1.000000000000000000, -0.000000000000000000, -0.000000000000000000 ) ) ;
#1745 = LINE ( 'NONE', #2079, #404 ) ;
#1746 = EDGE_CURVE ( 'NONE', #2225, #1985, #1675, .T. ) ;
#1747 = VECTOR ( 'NONE', #1708, 1000.000000000000000 ) ;
#1748 = ORIENTED_EDGE ( 'NONE', *, *, #517, .F. ) ;
#1749 = VECTOR ( 'NONE', #1583, 1000.000000000000000 ) ;
#1750 = EDGE_CURVE ( 'NONE', #1414, #52, #1601, .T. ) ;
#1751 = ORIENTED_EDGE ( 'NONE', *, *, #1085, .F. ) ;
#1752 = ADVANCED_FACE ( 'NONE', ( #724 ), #230, .F. ) ;
#1753 = VECTOR ( 'NONE', #931, 1000.000000000000000 ) ;
#1754 = APPLICATION_PROTOCOL_DEFINITION ( 'draft international standard', 'automotive_design', 1998, #1286 ) ;
#1755 = ORIENTED_EDGE ( 'NONE', *, *, #1375, .F. ) ;
#1756 = EDGE_CURVE ( 'NONE', #676, #393, #1644, .T. ) ;
#1757 = LINE ( 'NONE', #745, #1749 ) ;
#1758 = DIRECTION ( 'NONE',  ( -0.000000000000000000, 0.000000000000000000, 1.000000000000000000 ) ) ;
#1759 = AXIS2_PLACEMENT_3D ( 'NONE', #1842, #503, #1192 ) ;
#1760 = EDGE_CURVE ( 'NONE', #1985, #684, #1449, .T. ) ;
#1761 = CARTESIAN_POINT ( 'NONE',  ( -19.89999999999999858, 5.000000000000004441, 7.500000000000000000 ) ) ;
#1762 = VECTOR ( 'NONE', #601, 1000.000000000000000 ) ;
#1763 = ORIENTED_EDGE ( 'NONE', *, *, #1676, .F. ) ;
#1764 = ORIENTED_EDGE ( 'NONE', *, *, #505, .T. ) ;
#1765 = DIRECTION ( 'NONE',  ( 0.000000000000000000, 0.000000000000000000, 1.000000000000000000 ) ) ;
#1766 = ORIENTED_EDGE ( 'NONE', *, *, #1642, .F. ) ;
#1767 = DIRECTION ( 'NONE',  ( -1.000000000000000000, 0.000000000000000000, -2.775557561562891351E-16 ) ) ;
#1768 = DIRECTION ( 'NONE',  ( 0.000000000000000000, 0.000000000000000000, 1.000000000000000000 ) ) ;
#1769 = LINE ( 'NONE', #26, #1425 ) ;
#1770 = ORIENTED_EDGE ( 'NONE', *, *, #156, .F. ) ;
#1771 = ORIENTED_EDGE ( 'NONE', *, *, #894, .T. ) ;
#1772 = ORIENTED_EDGE ( 'NONE', *, *, #1137, .T. ) ;
#1773 = CIRCLE ( 'NONE', #1592, 2.100000000000008082 ) ;
#1774 = EDGE_CURVE ( 'NONE', #927, #1309, #2118, .T. ) ;
#1775 = DIRECTION ( 'NONE',  ( 0.000000000000000000, 0.000000000000000000, 1.000000000000000000 ) ) ;
#1776 = ORIENTED_EDGE ( 'NONE', *, *, #1984, .T. ) ;
#1777 = ORIENTED_EDGE ( 'NONE', *, *, #1778, .T. ) ;
#1778 = EDGE_CURVE ( 'NONE', #1194, #52, #1791, .T. ) ;
#1779 = DIRECTION ( 'NONE',  ( -1.000000000000000000, -0.000000000000000000, -0.000000000000000000 ) ) ;
#1780 = DIRECTION ( 'NONE',  ( 1.000000000000000000, 0.000000000000000000, 0.000000000000000000 ) ) ;
#1781 = PLANE ( 'NONE',  #1935 ) ;
#1782 = ORIENTED_EDGE ( 'NONE', *, *, #2150, .F. ) ;
#1783 = EDGE_LOOP ( 'NONE', ( #961, #570, #189, #1122, #155, #205 ) ) ;
#1784 = VERTEX_POINT ( 'NONE', #1063 ) ;
#1785 = AXIS2_PLACEMENT_3D ( 'NONE', #310, #1518, #656 ) ;
#1786 = AXIS2_PLACEMENT_3D ( 'NONE', #118, #1304, #1127 ) ;
#1787 = FACE_OUTER_BOUND ( 'NONE', #1614, .T. ) ;
#1788 = FACE_OUTER_BOUND ( 'NONE', #573, .T. ) ;
#1789 = ORIENTED_EDGE ( 'NONE', *, *, #1733, .F. ) ;
#1790 = ORIENTED_EDGE ( 'NONE', *, *, #1230, .T. ) ;
#1791 = LINE ( 'NONE', #195, #1859 ) ;
#1792 = DIRECTION ( 'NONE',  ( 0.000000000000000000, -1.000000000000000000, 0.000000000000000000 ) ) ;
#1793 = DIRECTION ( 'NONE',  ( 0.000000000000000000, -1.000000000000000000, 0.000000000000000000 ) ) ;
#1794 = ORIENTED_EDGE ( 'NONE', *, *, #1405, .F. ) ;
#1795 = EDGE_CURVE ( 'NONE', #762, #1668, #220, .T. ) ;
#1796 = PRESENTATION_LAYER_ASSIGNMENT (  '', '', ( #2177 ) ) ;
#1797 = VERTEX_POINT ( 'NONE', #44 ) ;
#1798 = LINE ( 'NONE', #966, #933 ) ;
#1799 = LINE ( 'NONE', #252, #1171 ) ;
#1800 = ORIENTED_EDGE ( 'NONE', *, *, #1733, .T. ) ;
#1801 = LINE ( 'NONE', #1998, #1687 ) ;
#1802 = ADVANCED_FACE ( 'NONE', ( #1408 ), #566, .F. ) ;
#1803 = LINE ( 'NONE', #1087, #159 ) ;
#1804 = EDGE_CURVE ( 'NONE', #1881, #1433, #1605, .T. ) ;
#1805 = DIRECTION ( 'NONE',  ( 0.000000000000000000, 1.000000000000000000, 0.000000000000000000 ) ) ;
#1806 = FACE_OUTER_BOUND ( 'NONE', #1595, .T. ) ;
#1807 = ORIENTED_EDGE ( 'NONE', *, *, #443, .T. ) ;
#1808 = EDGE_CURVE ( 'NONE', #1415, #1467, #478, .T. ) ;
#1809 = ORIENTED_EDGE ( 'NONE', *, *, #2113, .F. ) ;
#1810 = ORIENTED_EDGE ( 'NONE', *, *, #149, .T. ) ;
#1811 = CARTESIAN_POINT ( 'NONE',  ( 55.00000000000000000, -31.50000000000000000, 69.00000000000000000 ) ) ;
#1812 = DIRECTION ( 'NONE',  ( -1.000000000000000000, 0.000000000000000000, 0.000000000000000000 ) ) ;
#1813 = CARTESIAN_POINT ( 'NONE',  ( 0.5500000000000105915, 26.30000000000000071, 55.00000000000000000 ) ) ;
#1814 = FACE_OUTER_BOUND ( 'NONE', #1208, .T. ) ;
#1815 = CARTESIAN_POINT ( 'NONE',  ( 19.75000000000001066, 26.30000000000000071, 59.00000000000000711 ) ) ;
#1816 = ORIENTED_EDGE ( 'NONE', *, *, #1354, .T. ) ;
#1817 = EDGE_LOOP ( 'NONE', ( #1637, #235 ) ) ;
#1818 = ORIENTED_EDGE ( 'NONE', *, *, #244, .T. ) ;
#1819 = AXIS2_PLACEMENT_3D ( 'NONE', #1306, #1118, #935 ) ;
#1820 = CYLINDRICAL_SURFACE ( 'NONE', #565, 1.700000000000000178 ) ;
#1821 = VECTOR ( 'NONE', #1916, 1000.000000000000114 ) ;
#1822 = EDGE_CURVE ( 'NONE', #1359, #51, #579, .T. ) ;
#1823 = PLANE ( 'NONE',  #139 ) ;
#1824 = DIRECTION ( 'NONE',  ( 0.000000000000000000, 0.000000000000000000, -1.000000000000000000 ) ) ;
#1825 = AXIS2_PLACEMENT_3D ( 'NONE', #1688, #2195, #532 ) ;
#1826 = CARTESIAN_POINT ( 'NONE',  ( -24.00000000000000000, 2.499999999999998668, 0.000000000000000000 ) ) ;
#1827 = VERTEX_POINT ( 'NONE', #1096 ) ;
#1828 = VECTOR ( 'NONE', #491, 1000.000000000000000 ) ;
#1829 = VECTOR ( 'NONE', #1503, 1000.000000000000000 ) ;
#1830 = VERTEX_POINT ( 'NONE', #56 ) ;
#1831 = CARTESIAN_POINT ( 'NONE',  ( -30.00000000000000000, -27.49999999999999645, 9.499999999999998224 ) ) ;
#1832 = VECTOR ( 'NONE', #813, 1000.000000000000000 ) ;
#1833 = VECTOR ( 'NONE', #1416, 1000.000000000000000 ) ;
#1834 = DIRECTION ( 'NONE',  ( 0.000000000000000000, 0.000000000000000000, -1.000000000000000000 ) ) ;
#1835 = CARTESIAN_POINT ( 'NONE',  ( -30.00000000000000000, -31.50000000000000000, -20.00000000000000000 ) ) ;
#1836 = VECTOR ( 'NONE', #448, 1000.000000000000000 ) ;
#1837 = CARTESIAN_POINT ( 'NONE',  ( -1.449999999999989519, 3.400000000000001243, 55.00000000000000000 ) ) ;
#1838 = CARTESIAN_POINT ( 'NONE',  ( 34.99999999999999289, -31.50000000000000000, 34.00000000000000000 ) ) ;
#1839 = EDGE_LOOP ( 'NONE', ( #1274, #1299, #588, #739 ) ) ;
#1840 = DIRECTION ( 'NONE',  ( 0.000000000000000000, 0.000000000000000000, 1.000000000000000000 ) ) ;
#1841 = ORIENTED_EDGE ( 'NONE', *, *, #1920, .F. ) ;
#1842 = CARTESIAN_POINT ( 'NONE',  ( 24.99999999999999645, -27.50000000000000000, -15.00000000000000000 ) ) ;
#1843 = DIRECTION ( 'NONE',  ( 0.000000000000000000, 0.000000000000000000, -1.000000000000000000 ) ) ;
#1844 = EDGE_CURVE ( 'NONE', #577, #924, #1757, .T. ) ;
#1845 = DIRECTION ( 'NONE',  ( -0.000000000000000000, 0.8320502943378436100, 0.5547001962252291474 ) ) ;
#1846 = LINE ( 'NONE', #1150, #1031 ) ;
#1847 = EDGE_CURVE ( 'NONE', #2073, #1239, #886, .T. ) ;
#1848 = CARTESIAN_POINT ( 'NONE',  ( 24.71000000000000085, 20.03000000000000114, 0.000000000000000000 ) ) ;
#1849 = LINE ( 'NONE', #982, #990 ) ;
#1850 = ORIENTED_EDGE ( 'NONE', *, *, #2140, .F. ) ;
#1851 = ORIENTED_EDGE ( 'NONE', *, *, #76, .F. ) ;
#1852 = ADVANCED_FACE ( 'NONE', ( #758 ), #554, .F. ) ;
#1853 = LINE ( 'NONE', #1682, #2008 ) ;
#1854 = CARTESIAN_POINT ( 'NONE',  ( -24.71000000000000085, 20.03000000000000114, 0.000000000000000000 ) ) ;
#1855 = CARTESIAN_POINT ( 'NONE',  ( -34.99999999999999289, 15.51162633521313516, 15.00000000000000178 ) ) ;
#1856 = EDGE_LOOP ( 'NONE', ( #1579, #2127, #384, #1782 ) ) ;
#1857 = LINE ( 'NONE', #1162, #632 ) ;
#1858 = VECTOR ( 'NONE', #468, 1000.000000000000000 ) ;
#1859 = VECTOR ( 'NONE', #589, 1000.000000000000000 ) ;
#1860 = DIRECTION ( 'NONE',  ( -1.000000000000000000, 0.000000000000000000, 0.000000000000000000 ) ) ;
#1861 = DIRECTION ( 'NONE',  ( 0.000000000000000000, 0.000000000000000000, 1.000000000000000000 ) ) ;
#1862 = ORIENTED_EDGE ( 'NONE', *, *, #172, .T. ) ;
#1863 = CIRCLE ( 'NONE', #2138, 2.000000000000000000 ) ;
#1864 = CARTESIAN_POINT ( 'NONE',  ( -30.00000000000000355, 2.499999999999998668, 0.000000000000000000 ) ) ;
#1865 = ADVANCED_FACE ( 'NONE', ( #2169 ), #1978, .F. ) ;
#1866 = VECTOR ( 'NONE', #2158, 1000.000000000000000 ) ;
#1867 = CARTESIAN_POINT ( 'NONE',  ( -1.449999999999991296, 26.30000000000000071, 55.00000000000000000 ) ) ;
#1868 = ORIENTED_EDGE ( 'NONE', *, *, #137, .F. ) ;
#1869 = CYLINDRICAL_SURFACE ( 'NONE', #1432, 2.999999999999999112 ) ;
#1870 = AXIS2_PLACEMENT_3D ( 'NONE', #944, #1149, #804 ) ;
#1871 = EDGE_CURVE ( 'NONE', #7, #1434, #198, .T. ) ;
#1872 = DIRECTION ( 'NONE',  ( 0.000000000000000000, 0.000000000000000000, 1.000000000000000000 ) ) ;
#1873 = DIRECTION ( 'NONE',  ( -0.000000000000000000, 0.000000000000000000, 1.000000000000000000 ) ) ;
#1874 = ADVANCED_FACE ( 'NONE', ( #1671 ), #107, .T. ) ;
#1875 = CARTESIAN_POINT ( 'NONE',  ( 18.05000000000001137, 20.10000000000000142, 59.00000000000000711 ) ) ;
#1876 = VERTEX_POINT ( 'NONE', #815 ) ;
#1877 = CARTESIAN_POINT ( 'NONE',  ( 30.00000000000000000, -27.50000000000000000, 0.000000000000000000 ) ) ;
#1878 = ORIENTED_EDGE ( 'NONE', *, *, #35, .F. ) ;
#1879 = EDGE_CURVE ( 'NONE', #1949, #27, #1997, .T. ) ;
#1880 = LINE ( 'NONE', #862, #1401 ) ;
#1881 = VERTEX_POINT ( 'NONE', #1655 ) ;
#1882 = CARTESIAN_POINT ( 'NONE',  ( -55.00000000000000000, -31.50000000000000000, -20.00000000000000711 ) ) ;
#1883 = CARTESIAN_POINT ( 'NONE',  ( 30.00000000000000355, -27.49999999999999645, 34.00000000000000000 ) ) ;
#1884 = VECTOR ( 'NONE', #1430, 1000.000000000000000 ) ;
#1885 = DIRECTION ( 'NONE',  ( -0.000000000000000000, 1.000000000000000000, 0.000000000000000000 ) ) ;
#1886 = FACE_OUTER_BOUND ( 'NONE', #729, .T. ) ;
#1887 = ORIENTED_EDGE ( 'NONE', *, *, #1520, .T. ) ;
#1888 = CARTESIAN_POINT ( 'NONE',  ( 26.00000000000000000, -0.5000000000000017764, -2.000000000000000444 ) ) ;
#1889 = ADVANCED_FACE ( 'NONE', ( #97 ), #781, .T. ) ;
#1890 = ORIENTED_EDGE ( 'NONE', *, *, #85, .T. ) ;
#1891 = CARTESIAN_POINT ( 'NONE',  ( 24.00000000000000000, -27.50000000000000000, 0.000000000000000000 ) ) ;
#1892 = CARTESIAN_POINT ( 'NONE',  ( -1.449999999999987299, -25.50000000000000355, 59.00000000000000711 ) ) ;
#1893 = VECTOR ( 'NONE', #1779, 1000.000000000000000 ) ;
#1894 = DIRECTION ( 'NONE',  ( 0.000000000000000000, 0.000000000000000000, 1.000000000000000000 ) ) ;
#1895 = CARTESIAN_POINT ( 'NONE',  ( 55.00000000000000711, 15.51162633521313516, 39.00000000000000000 ) ) ;
#1896 = ORIENTED_EDGE ( 'NONE', *, *, #108, .T. ) ;
#1897 = CARTESIAN_POINT ( 'NONE',  ( -26.00000000000000355, 2.499999999999998668, 0.000000000000000000 ) ) ;
#1898 = ORIENTED_EDGE ( 'NONE', *, *, #1060, .F. ) ;
#1899 = VECTOR ( 'NONE', #580, 1000.000000000000000 ) ;
#1900 = EDGE_CURVE ( 'NONE', #64, #2225, #264, .T. ) ;
#1901 = CARTESIAN_POINT ( 'NONE',  ( -30.00000000000000000, -27.50000000000000000, 7.500000000000000000 ) ) ;
#1902 = AXIS2_PLACEMENT_3D ( 'NONE', #660, #2176, #638 ) ;
#1903 = FACE_OUTER_BOUND ( 'NONE', #896, .T. ) ;
#1904 = CARTESIAN_POINT ( 'NONE',  ( -27.00000000000000000, 24.50000000000000355, 7.500000000000000000 ) ) ;
#1905 = CARTESIAN_POINT ( 'NONE',  ( 19.75000000000001066, 24.29999999999999716, 55.00000000000000000 ) ) ;
#1906 = DIRECTION ( 'NONE',  ( 0.000000000000000000, 0.000000000000000000, -1.000000000000000000 ) ) ;
#1907 = ORIENTED_EDGE ( 'NONE', *, *, #10, .T. ) ;
#1908 = VECTOR ( 'NONE', #1303, 1000.000000000000000 ) ;
#1909 = ORIENTED_EDGE ( 'NONE', *, *, #435, .T. ) ;
#1910 = CARTESIAN_POINT ( 'NONE',  ( -19.89999999999999858, 24.50000000000000000, 0.000000000000000000 ) ) ;
#1911 = ORIENTED_EDGE ( 'NONE', *, *, #644, .T. ) ;
#1912 = CARTESIAN_POINT ( 'NONE',  ( 23.75000000000000711, -25.50000000000000355, 0.000000000000000000 ) ) ;
#1913 = FACE_OUTER_BOUND ( 'NONE', #1144, .T. ) ;
#1914 = DIRECTION ( 'NONE',  ( 1.000000000000000000, 0.000000000000000000, 0.000000000000000000 ) ) ;
#1915 = CARTESIAN_POINT ( 'NONE',  ( 19.89400000000001612, 22.74399999999999622, 55.00000000000000000 ) ) ;
#1916 = DIRECTION ( 'NONE',  ( -0.000000000000000000, 0.8320502943378436100, 0.5547001962252291474 ) ) ;
#1917 = ORIENTED_EDGE ( 'NONE', *, *, #1276, .F. ) ;
#1918 = EDGE_CURVE ( 'NONE', #1554, #1240, #1138, .T. ) ;
#1919 = ORIENTED_EDGE ( 'NONE', *, *, #191, .F. ) ;
#1920 = EDGE_CURVE ( 'NONE', #2069, #2147, #979, .T. ) ;
#1921 = LINE ( 'NONE', #1255, #1294 ) ;
#1922 = ORIENTED_EDGE ( 'NONE', *, *, #1115, .F. ) ;
#1923 = EDGE_CURVE ( 'NONE', #932, #1174, #1500, .T. ) ;
#1924 = CARTESIAN_POINT ( 'NONE',  ( 50.00000000000000000, -31.50000000000000000, 64.00000000000000000 ) ) ;
#1925 = LINE ( 'NONE', #1585, #482 ) ;
#1926 = AXIS2_PLACEMENT_3D ( 'NONE', #2119, #1824, #279 ) ;
#1927 = AXIS2_PLACEMENT_3D ( 'NONE', #694, #346, #359 ) ;
#1928 = CARTESIAN_POINT ( 'NONE',  ( 55.00000000000000000, -27.49999999999999645, 64.00000000000000000 ) ) ;
#1929 = DIRECTION ( 'NONE',  ( -1.000000000000000000, 0.000000000000000000, -2.775557561562891351E-16 ) ) ;
#1930 = ORIENTED_EDGE ( 'NONE', *, *, #1847, .F. ) ;
#1931 = ORIENTED_EDGE ( 'NONE', *, *, #838, .F. ) ;
#1932 = VECTOR ( 'NONE', #1573, 1000.000000000000000 ) ;
#1933 = LINE ( 'NONE', #2089, #25 ) ;
#1934 = ORIENTED_EDGE ( 'NONE', *, *, #1923, .T. ) ;
#1935 = AXIS2_PLACEMENT_3D ( 'NONE', #828, #1189, #2183 ) ;
#1936 = DIRECTION ( 'NONE',  ( -0.000000000000000000, -1.000000000000000000, -0.000000000000000000 ) ) ;
#1937 = CARTESIAN_POINT ( 'NONE',  ( -24.71000000000000085, 20.03000000000000114, 0.000000000000000000 ) ) ;
#1938 = AXIS2_PLACEMENT_3D ( 'NONE', #1333, #2017, #1157 ) ;
#1939 = PLANE ( 'NONE',  #1641 ) ;
#1940 = ORIENTED_EDGE ( 'NONE', *, *, #1515, .F. ) ;
#1941 = AXIS2_PLACEMENT_3D ( 'NONE', #1557, #1694, #352 ) ;
#1942 = ADVANCED_FACE ( 'NONE', ( #795 ), #612, .F. ) ;
#1943 = ORIENTED_EDGE ( 'NONE', *, *, #530, .T. ) ;
#1944 =( NAMED_UNIT ( * ) SI_UNIT ( $, .STERADIAN. ) SOLID_ANGLE_UNIT ( ) );
#1945 = EDGE_CURVE ( 'NONE', #821, #341, #1366, .T. ) ;
#1946 = VERTEX_POINT ( 'NONE', #1629 ) ;
#1947 = CARTESIAN_POINT ( 'NONE',  ( 21.75000000000001066, -25.50000000000000355, 55.00000000000000000 ) ) ;
#1948 = CARTESIAN_POINT ( 'NONE',  ( -30.00000000000000000, -31.50000000000000000, 64.00000000000000000 ) ) ;
#1949 = VERTEX_POINT ( 'NONE', #2178 ) ;
#1950 = ORIENTED_EDGE ( 'NONE', *, *, #1075, .T. ) ;
#1951 = VERTEX_POINT ( 'NONE', #1313 ) ;
#1952 = LINE ( 'NONE', #2126, #203 ) ;
#1953 = ORIENTED_EDGE ( 'NONE', *, *, #156, .T. ) ;
#1954 = ORIENTED_EDGE ( 'NONE', *, *, #407, .T. ) ;
#1955 = CARTESIAN_POINT ( 'NONE',  ( 21.75000000000000711, -26.67157287525381193, 55.00000000000000000 ) ) ;
#1956 = CARTESIAN_POINT ( 'NONE',  ( 30.00000000000000000, -31.50000000000000000, 29.00000000000000000 ) ) ;
#1957 = ADVANCED_FACE ( 'NONE', ( #1989 ), #1823, .F. ) ;
#1958 = CYLINDRICAL_SURFACE ( 'NONE', #1135, 1.699999999999999734 ) ;
#1959 = DIRECTION ( 'NONE',  ( 0.000000000000000000, -0.000000000000000000, -1.000000000000000000 ) ) ;
#1960 = ORIENTED_EDGE ( 'NONE', *, *, #1047, .T. ) ;
#1961 = ORIENTED_EDGE ( 'NONE', *, *, #1422, .T. ) ;
#1962 = AXIS2_PLACEMENT_3D ( 'NONE', #1904, #1065, #533 ) ;
#1963 = AXIS2_PLACEMENT_3D ( 'NONE', #412, #712, #1428 ) ;
#1964 = FACE_OUTER_BOUND ( 'NONE', #1486, .T. ) ;
#1965 = EDGE_CURVE ( 'NONE', #495, #361, #1801, .T. ) ;
#1966 = CYLINDRICAL_SURFACE ( 'NONE', #2101, 2.100000000000008082 ) ;
#1967 = ORIENTED_EDGE ( 'NONE', *, *, #1520, .F. ) ;
#1968 = DIRECTION ( 'NONE',  ( 0.000000000000000000, 1.000000000000000000, 0.000000000000000000 ) ) ;
#1969 = EDGE_CURVE ( 'NONE', #1072, #1661, #1117, .T. ) ;
#1970 = DIRECTION ( 'NONE',  ( 0.000000000000000000, 0.000000000000000000, 1.000000000000000000 ) ) ;
#1971 = FACE_OUTER_BOUND ( 'NONE', #70, .T. ) ;
#1972 = ORIENTED_EDGE ( 'NONE', *, *, #954, .T. ) ;
#1973 = VERTEX_POINT ( 'NONE', #986 ) ;
#1974 = FILL_AREA_STYLE_COLOUR ( '', #857 ) ;
#1975 = ORIENTED_EDGE ( 'NONE', *, *, #962, .T. ) ;
#1976 = VECTOR ( 'NONE', #996, 1000.000000000000000 ) ;
#1977 = FACE_OUTER_BOUND ( 'NONE', #1691, .T. ) ;
#1978 = CYLINDRICAL_SURFACE ( 'NONE', #700, 2.000000000000000000 ) ;
#1979 = DIRECTION ( 'NONE',  ( -0.000000000000000000, 1.000000000000000000, -0.000000000000000000 ) ) ;
#1980 = DIRECTION ( 'NONE',  ( 0.000000000000000000, 1.000000000000000000, 0.000000000000000000 ) ) ;
#1981 = DIRECTION ( 'NONE',  ( 1.000000000000000000, 0.000000000000000000, 0.000000000000000000 ) ) ;
#1982 = VERTEX_POINT ( 'NONE', #2137 ) ;
#1983 = VERTEX_POINT ( 'NONE', #128 ) ;
#1984 = EDGE_CURVE ( 'NONE', #887, #1359, #316, .T. ) ;
#1985 = VERTEX_POINT ( 'NONE', #2061 ) ;
#1986 = DIRECTION ( 'NONE',  ( 0.000000000000000000, 0.000000000000000000, -1.000000000000000000 ) ) ;
#1987 = FACE_OUTER_BOUND ( 'NONE', #1523, .T. ) ;
#1988 = VECTOR ( 'NONE', #1929, 1000.000000000000000 ) ;
#1989 = FACE_OUTER_BOUND ( 'NONE', #103, .T. ) ;
#1990 = LINE ( 'NONE', #446, #1899 ) ;
#1991 = EDGE_CURVE ( 'NONE', #932, #507, #1880, .T. ) ;
#1992 = CYLINDRICAL_SURFACE ( 'NONE', #46, 5.000000000000000888 ) ;
#1993 = ORIENTED_EDGE ( 'NONE', *, *, #1051, .T. ) ;
#1994 = EDGE_LOOP ( 'NONE', ( #1841, #1329, #1262, #286 ) ) ;
#1995 = DIRECTION ( 'NONE',  ( 0.000000000000000000, 0.000000000000000000, 1.000000000000000000 ) ) ;
#1996 = AXIS2_PLACEMENT_3D ( 'NONE', #1553, #1079, #915 ) ;
#1997 = CIRCLE ( 'NONE', #1786, 4.999999999999997335 ) ;
#1998 = CARTESIAN_POINT ( 'NONE',  ( 18.05000000000001137, 9.599999999999999645, 55.00000000000000000 ) ) ;
#1999 = CARTESIAN_POINT ( 'NONE',  ( 30.00000000000000000, -25.50000000000000000, 7.500000000000000000 ) ) ;
#2000 = CYLINDRICAL_SURFACE ( 'NONE', #672, 1.699999999999999734 ) ;
#2001 = CARTESIAN_POINT ( 'NONE',  ( -30.00000000000000000, -27.49999999999999645, -20.00000000000000000 ) ) ;
#2002 = CARTESIAN_POINT ( 'NONE',  ( 18.19400000000001683, 22.74399999999999622, 53.00000000000000711 ) ) ;
#2003 = AXIS2_PLACEMENT_3D ( 'NONE', #623, #1666, #1677 ) ;
#2004 = AXIS2_PLACEMENT_3D ( 'NONE', #783, #1474, #1459 ) ;
#2005 = VERTEX_POINT ( 'NONE', #1712 ) ;
#2006 = ADVANCED_FACE ( 'NONE', ( #1370 ), #2029, .T. ) ;
#2007 = CARTESIAN_POINT ( 'NONE',  ( -30.00000000000000000, -27.50000000000000000, 64.00000000000000000 ) ) ;
#2008 = VECTOR ( 'NONE', #138, 1000.000000000000000 ) ;
#2009 = EDGE_CURVE ( 'NONE', #1359, #1827, #2191, .T. ) ;
#2010 = DIRECTION ( 'NONE',  ( 0.000000000000000000, -1.000000000000000000, 0.000000000000000000 ) ) ;
#2011 = DIRECTION ( 'NONE',  ( 0.000000000000000000, 0.000000000000000000, -1.000000000000000000 ) ) ;
#2012 = CARTESIAN_POINT ( 'NONE',  ( -55.00000000000000000, -27.49999999999999645, -15.00000000000000000 ) ) ;
#2013 = VECTOR ( 'NONE', #246, 1000.000000000000000 ) ;
#2014 = DIRECTION ( 'NONE',  ( -0.000000000000000000, -1.000000000000000000, -0.000000000000000000 ) ) ;
#2015 = DIRECTION ( 'NONE',  ( -1.000000000000000000, 0.000000000000000000, -0.000000000000000000 ) ) ;
#2016 = ORIENTED_EDGE ( 'NONE', *, *, #1920, .T. ) ;
#2017 = DIRECTION ( 'NONE',  ( -0.000000000000000000, -1.000000000000000000, -0.000000000000000000 ) ) ;
#2018 = DIRECTION ( 'NONE',  ( 0.000000000000000000, 0.000000000000000000, -1.000000000000000000 ) ) ;
#2019 = ORIENTED_EDGE ( 'NONE', *, *, #1205, .F. ) ;
#2020 = DIRECTION ( 'NONE',  ( -0.000000000000000000, -0.000000000000000000, -1.000000000000000000 ) ) ;
#2021 = CARTESIAN_POINT ( 'NONE',  ( -30.00000000000000000, -27.50000000000000000, 0.000000000000000000 ) ) ;
#2022 = FACE_BOUND ( 'NONE', #1110, .T. ) ;
#2023 = EDGE_CURVE ( 'NONE', #1582, #1018, #329, .T. ) ;
#2024 = VERTEX_POINT ( 'NONE', #1016 ) ;
#2025 = DIRECTION ( 'NONE',  ( 0.000000000000000000, 0.5547001962252290364, -0.8320502943378437211 ) ) ;
#2026 = VECTOR ( 'NONE', #2084, 1000.000000000000000 ) ;
#2027 = EDGE_CURVE ( 'NONE', #2147, #1062, #1332, .T. ) ;
#2028 = ADVANCED_FACE ( 'NONE', ( #1342 ), #2214, .T. ) ;
#2029 = PLANE ( 'NONE',  #1472 ) ;
#2030 = ORIENTED_EDGE ( 'NONE', *, *, #1405, .T. ) ;
#2031 = CARTESIAN_POINT ( 'NONE',  ( 16.49400000000001398, 22.74399999999999622, 53.00000000000000711 ) ) ;
#2032 = AXIS2_PLACEMENT_3D ( 'NONE', #2105, #1936, #2083 ) ;
#2033 = PLANE ( 'NONE',  #1169 ) ;
#2034 = DIRECTION ( 'NONE',  ( 0.000000000000000000, 0.000000000000000000, 1.000000000000000000 ) ) ;
#2035 = CARTESIAN_POINT ( 'NONE',  ( 26.81000000000000583, 10.18000000000000327, 0.000000000000000000 ) ) ;
#2036 = CIRCLE ( 'NONE', #276, 2.100000000000008082 ) ;
#2037 = ORIENTED_EDGE ( 'NONE', *, *, #1377, .F. ) ;
#2038 = EDGE_CURVE ( 'NONE', #1156, #1590, #1393, .T. ) ;
#2039 = CARTESIAN_POINT ( 'NONE',  ( -24.99999999999999645, -27.50000000000000000, 69.00000000000000000 ) ) ;
#2040 = EDGE_LOOP ( 'NONE', ( #450, #1818, #536, #2133, #667, #1496 ) ) ;
#2041 = VECTOR ( 'NONE', #251, 1000.000000000000000 ) ;
#2042 = CARTESIAN_POINT ( 'NONE',  ( 22.89999999999999503, 27.50000000000000000, 7.500000000000000000 ) ) ;
#2043 = ORIENTED_EDGE ( 'NONE', *, *, #713, .F. ) ;
#2044 = DIRECTION ( 'NONE',  ( 0.000000000000000000, 0.000000000000000000, 1.000000000000000000 ) ) ;
#2045 = AXIS2_PLACEMENT_3D ( 'NONE', #754, #1775, #528 ) ;
#2046 = CARTESIAN_POINT ( 'NONE',  ( -26.81000000000000227, 10.18000000000000327, 0.000000000000000000 ) ) ;
#2047 = PLANE ( 'NONE',  #1322 ) ;
#2048 = CARTESIAN_POINT ( 'NONE',  ( 24.99999999999999645, -27.50000000000000000, -15.00000000000000000 ) ) ;
#2049 = CYLINDRICAL_SURFACE ( 'NONE', #892, 5.000000000000000000 ) ;
#2050 = EDGE_CURVE ( 'NONE', #365, #652, #2072, .T. ) ;
#2051 = CARTESIAN_POINT ( 'NONE',  ( -3.449999999999989519, -27.50000000000000000, 0.000000000000000000 ) ) ;
#2052 = ORIENTED_EDGE ( 'NONE', *, *, #999, .T. ) ;
#2053 = CARTESIAN_POINT ( 'NONE',  ( 2.250000000000007105, 23.80000000000000071, 59.00000000000000711 ) ) ;
#2054 = ORIENTED_EDGE ( 'NONE', *, *, #1556, .T. ) ;
#2055 = DIRECTION ( 'NONE',  ( -0.000000000000000000, 1.000000000000000000, 0.000000000000000000 ) ) ;
#2056 = CARTESIAN_POINT ( 'NONE',  ( -19.89999999999999858, 24.50000000000000711, 7.500000000000000000 ) ) ;
#2057 = AXIS2_PLACEMENT_3D ( 'NONE', #326, #1367, #1840 ) ;
#2058 = LINE ( 'NONE', #358, #1665 ) ;
#2059 = ORIENTED_EDGE ( 'NONE', *, *, #713, .T. ) ;
#2060 = ORIENTED_EDGE ( 'NONE', *, *, #2077, .F. ) ;
#2061 = CARTESIAN_POINT ( 'NONE',  ( 50.00000000000000000, -31.50000000000000000, 69.00000000000000000 ) ) ;
#2062 = ORIENTED_EDGE ( 'NONE', *, *, #1509, .T. ) ;
#2063 = FACE_OUTER_BOUND ( 'NONE', #1464, .T. ) ;
#2064 = CYLINDRICAL_SURFACE ( 'NONE', #1064, 2.000000000000000000 ) ;
#2065 = CARTESIAN_POINT ( 'NONE',  ( 21.75000000000001066, -25.50000000000000355, 59.00000000000000711 ) ) ;
#2066 = CIRCLE ( 'NONE', #1095, 2.100000000000000977 ) ;
#2067 = DIRECTION ( 'NONE',  ( 0.000000000000000000, -1.000000000000000000, 0.000000000000000000 ) ) ;
#2068 = ORIENTED_EDGE ( 'NONE', *, *, #30, .T. ) ;
#2069 = VERTEX_POINT ( 'NONE', #2224 ) ;
#2070 = ADVANCED_FACE ( 'NONE', ( #339 ), #1684, .F. ) ;
#2071 = EDGE_CURVE ( 'NONE', #1240, #347, #1382, .T. ) ;
#2072 = LINE ( 'NONE', #1026, #2110 ) ;
#2073 = VERTEX_POINT ( 'NONE', #1173 ) ;
#2074 = EDGE_CURVE ( 'NONE', #400, #858, #1207, .T. ) ;
#2075 = FACE_OUTER_BOUND ( 'NONE', #1685, .T. ) ;
#2076 = LINE ( 'NONE', #891, #1389 ) ;
#2077 = EDGE_CURVE ( 'NONE', #881, #495, #823, .T. ) ;
#2078 = CARTESIAN_POINT ( 'NONE',  ( -3.449999999999989519, -27.50000000000000355, 61.00000000000000711 ) ) ;
#2079 = CARTESIAN_POINT ( 'NONE',  ( -26.81000000000000227, 20.03000000000000114, 0.000000000000000000 ) ) ;
#2080 = ORIENTED_EDGE ( 'NONE', *, *, #2188, .T. ) ;
#2081 = EDGE_CURVE ( 'NONE', #940, #1156, #568, .T. ) ;
#2082 = ORIENTED_EDGE ( 'NONE', *, *, #737, .T. ) ;
#2083 = DIRECTION ( 'NONE',  ( 0.000000000000000000, 0.000000000000000000, 1.000000000000000000 ) ) ;
#2084 = DIRECTION ( 'NONE',  ( 0.000000000000000000, 0.000000000000000000, -1.000000000000000000 ) ) ;
#2085 = DIRECTION ( 'NONE',  ( 0.000000000000000000, 0.000000000000000000, -1.000000000000000000 ) ) ;
#2086 = CYLINDRICAL_SURFACE ( 'NONE', #733, 2.100000000000000977 ) ;
#2087 = VERTEX_POINT ( 'NONE', #1037 ) ;
#2088 = EDGE_LOOP ( 'NONE', ( #597, #1340, #695, #1352, #1168, #1909 ) ) ;
#2089 = CARTESIAN_POINT ( 'NONE',  ( 18.05000000000001137, 9.599999999999999645, 55.00000000000000000 ) ) ;
#2090 = EDGE_CURVE ( 'NONE', #311, #493, #835, .T. ) ;
#2091 = ORIENTED_EDGE ( 'NONE', *, *, #2186, .T. ) ;
#2092 = DIRECTION ( 'NONE',  ( -0.000000000000000000, -0.000000000000000000, 1.000000000000000000 ) ) ;
#2093 = DIRECTION ( 'NONE',  ( 0.000000000000000000, -0.000000000000000000, 1.000000000000000000 ) ) ;
#2094 = CIRCLE ( 'NONE', #1238, 5.000000000000004441 ) ;
#2095 = VECTOR ( 'NONE', #110, 1000.000000000000000 ) ;
#2096 = DIRECTION ( 'NONE',  ( -0.000000000000000000, -1.000000000000000000, -0.000000000000000000 ) ) ;
#2097 = ORIENTED_EDGE ( 'NONE', *, *, #1375, .T. ) ;
#2098 = EDGE_CURVE ( 'NONE', #676, #1156, #872, .T. ) ;
#2099 = EDGE_LOOP ( 'NONE', ( #328, #526, #2068, #1070, #1954 ) ) ;
#2100 = ORIENTED_EDGE ( 'NONE', *, *, #1347, .T. ) ;
#2101 = AXIS2_PLACEMENT_3D ( 'NONE', #185, #368, #1 ) ;
#2102 = ORIENTED_EDGE ( 'NONE', *, *, #1159, .F. ) ;
#2103 = ORIENTED_EDGE ( 'NONE', *, *, #2141, .T. ) ;
#2104 = VECTOR ( 'NONE', #1793, 1000.000000000000000 ) ;
#2105 = CARTESIAN_POINT ( 'NONE',  ( 34.99999999999999289, -27.50000000000000000, 29.00000000000000000 ) ) ;
#2106 = FACE_OUTER_BOUND ( 'NONE', #2132, .T. ) ;
#2107 = CIRCLE ( 'NONE', #101, 2.100000000000008082 ) ;
#2108 = CARTESIAN_POINT ( 'NONE',  ( -30.00000000000000000, 24.50000000000000355, 0.000000000000000000 ) ) ;
#2109 = ORIENTED_EDGE ( 'NONE', *, *, #1443, .F. ) ;
#2110 = VECTOR ( 'NONE', #8, 1000.000000000000000 ) ;
#2111 = EDGE_LOOP ( 'NONE', ( #846, #2185, #183, #2215 ) ) ;
#2112 = ORIENTED_EDGE ( 'NONE', *, *, #50, .T. ) ;
#2113 = EDGE_CURVE ( 'NONE', #574, #2202, #1160, .T. ) ;
#2114 = CIRCLE ( 'NONE', #1438, 2.100000000000000977 ) ;
#2115 = CARTESIAN_POINT ( 'NONE',  ( -30.00000000000000000, 27.50000000000000000, 7.500000000000000000 ) ) ;
#2116 = FACE_OUTER_BOUND ( 'NONE', #225, .T. ) ;
#2117 = VERTEX_POINT ( 'NONE', #1522 ) ;
#2118 = LINE ( 'NONE', #921, #1315 ) ;
#2119 = CARTESIAN_POINT ( 'NONE',  ( -30.00000000000000000, -31.50000000000000000, 69.00000000000000000 ) ) ;
#2120 = CARTESIAN_POINT ( 'NONE',  ( -30.00000000000000355, 2.499999999999998668, 0.000000000000000000 ) ) ;
#2121 = LINE ( 'NONE', #283, #1836 ) ;
#2122 = ORIENTED_EDGE ( 'NONE', *, *, #1205, .T. ) ;
#2123 = ORIENTED_EDGE ( 'NONE', *, *, #2038, .T. ) ;
#2124 = DIRECTION ( 'NONE',  ( -0.000000000000000000, -0.000000000000000000, 1.000000000000000000 ) ) ;
#2125 = ADVANCED_FACE ( 'NONE', ( #665 ), #1229, .T. ) ;
#2126 = CARTESIAN_POINT ( 'NONE',  ( 30.00000000000000000, 24.50000000000000355, 7.500000000000000000 ) ) ;
#2127 = ORIENTED_EDGE ( 'NONE', *, *, #1001, .F. ) ;
#2128 = DIRECTION ( 'NONE',  ( -0.000000000000000000, -0.000000000000000000, 1.000000000000000000 ) ) ;
#2129 = CARTESIAN_POINT ( 'NONE',  ( -50.00000000000000000, -31.50000000000000000, -15.00000000000000000 ) ) ;
#2130 = DIRECTION ( 'NONE',  ( 0.000000000000000000, 0.000000000000000000, 1.000000000000000000 ) ) ;
#2131 = VERTEX_POINT ( 'NONE', #722 ) ;
#2132 = EDGE_LOOP ( 'NONE', ( #405, #1547, #834, #1187 ) ) ;
#2133 = ORIENTED_EDGE ( 'NONE', *, *, #520, .T. ) ;
#2134 = AXIS2_PLACEMENT_3D ( 'NONE', #1328, #2196, #492 ) ;
#2135 = LINE ( 'NONE', #444, #460 ) ;
#2136 = AXIS2_PLACEMENT_3D ( 'NONE', #576, #587, #1277 ) ;
#2137 = CARTESIAN_POINT ( 'NONE',  ( 30.00000000000000000, 24.50000000000000355, 7.500000000000000000 ) ) ;
#2138 = AXIS2_PLACEMENT_3D ( 'NONE', #1399, #1744, #693 ) ;
#2139 = DIRECTION ( 'NONE',  ( 0.000000000000000000, 0.000000000000000000, 1.000000000000000000 ) ) ;
#2140 = EDGE_CURVE ( 'NONE', #495, #618, #1933, .T. ) ;
#2141 = EDGE_CURVE ( 'NONE', #48, #812, #496, .T. ) ;
#2142 = CARTESIAN_POINT ( 'NONE',  ( 18.19400000000001683, 22.74399999999999622, 53.00000000000000711 ) ) ;
#2143 = DIRECTION ( 'NONE',  ( -8.260587980841940012E-17, -1.000000000000000000, 0.000000000000000000 ) ) ;
#2144 = VERTEX_POINT ( 'NONE', #898 ) ;
#2145 = EDGE_CURVE ( 'NONE', #1946, #145, #217, .T. ) ;
#2146 = AXIS2_PLACEMENT_3D ( 'NONE', #1341, #295, #484 ) ;
#2147 = VERTEX_POINT ( 'NONE', #919 ) ;
#2148 = VERTEX_POINT ( 'NONE', #731 ) ;
#2149 = DIRECTION ( 'NONE',  ( 0.000000000000000000, 0.000000000000000000, -1.000000000000000000 ) ) ;
#2150 = EDGE_CURVE ( 'NONE', #52, #1174, #1921, .T. ) ;
#2151 = PLANE ( 'NONE',  #1546 ) ;
#2152 = DIRECTION ( 'NONE',  ( 0.000000000000000000, 0.000000000000000000, 1.000000000000000000 ) ) ;
#2153 = FACE_OUTER_BOUND ( 'NONE', #158, .T. ) ;
#2154 = DIRECTION ( 'NONE',  ( -1.000000000000000000, 0.000000000000000000, 0.000000000000000000 ) ) ;
#2155 = PLANE ( 'NONE',  #750 ) ;
#2156 = ORIENTED_EDGE ( 'NONE', *, *, #530, .F. ) ;
#2157 = ORIENTED_EDGE ( 'NONE', *, *, #1098, .T. ) ;
#2158 = DIRECTION ( 'NONE',  ( -0.000000000000000000, 1.000000000000000000, -0.000000000000000000 ) ) ;
#2159 = SHAPE_DEFINITION_REPRESENTATION ( #678, #2201 ) ;
#2160 = VECTOR ( 'NONE', #187, 1000.000000000000114 ) ;
#2161 = CARTESIAN_POINT ( 'NONE',  ( -55.00000000000000000, -27.49999999999999645, -20.00000000000000711 ) ) ;
#2162 = DIRECTION ( 'NONE',  ( 0.000000000000000000, 1.000000000000000000, 0.000000000000000000 ) ) ;
#2163 = DIRECTION ( 'NONE',  ( 1.000000000000000000, 0.000000000000000000, 0.000000000000000000 ) ) ;
#2164 = DIRECTION ( 'NONE',  ( -1.000000000000000000, 0.000000000000000000, -0.000000000000000000 ) ) ;
#2165 = ORIENTED_EDGE ( 'NONE', *, *, #83, .F. ) ;
#2166 = ORIENTED_EDGE ( 'NONE', *, *, #2074, .T. ) ;
#2167 = DIRECTION ( 'NONE',  ( 0.000000000000000000, -0.000000000000000000, 1.000000000000000000 ) ) ;
#2168 = AXIS2_PLACEMENT_3D ( 'NONE', #1901, #681, #874 ) ;
#2169 = FACE_OUTER_BOUND ( 'NONE', #948, .T. ) ;
#2170 = PLANE ( 'NONE',  #57 ) ;
#2171 = CARTESIAN_POINT ( 'NONE',  ( -30.00000000000000000, -31.50000000000000000, -20.00000000000000000 ) ) ;
#2172 = CARTESIAN_POINT ( 'NONE',  ( 29.99999999999999645, -23.72150391156709048, -17.48100260771139247 ) ) ;
#2173 = ORIENTED_EDGE ( 'NONE', *, *, #1689, .T. ) ;
#2174 = AXIS2_PLACEMENT_3D ( 'NONE', #142, #1673, #2181 ) ;
#2175 = EDGE_LOOP ( 'NONE', ( #1181, #234, #268, #1638 ) ) ;
#2176 = DIRECTION ( 'NONE',  ( -0.000000000000000000, -0.000000000000000000, 1.000000000000000000 ) ) ;
#2177 = STYLED_ITEM ( 'NONE', ( #702 ), #1622 ) ;
#2178 = CARTESIAN_POINT ( 'NONE',  ( 55.00000000000000711, -27.49999999999999645, 39.00000000000000000 ) ) ;
#2179 = EDGE_CURVE ( 'NONE', #1668, #577, #427, .T. ) ;
#2180 = ORIENTED_EDGE ( 'NONE', *, *, #76, .T. ) ;
#2181 = DIRECTION ( 'NONE',  ( 0.000000000000000000, 0.000000000000000000, 1.000000000000000000 ) ) ;
#2182 = CIRCLE ( 'NONE', #304, 4.999999999999997335 ) ;
#2183 = DIRECTION ( 'NONE',  ( -1.000000000000000000, 0.000000000000000000, -0.000000000000000000 ) ) ;
#2184 = FACE_BOUND ( 'NONE', #79, .T. ) ;
#2185 = ORIENTED_EDGE ( 'NONE', *, *, #50, .F. ) ;
#2186 = EDGE_CURVE ( 'NONE', #927, #432, #287, .T. ) ;
#2187 = ORIENTED_EDGE ( 'NONE', *, *, #388, .T. ) ;
#2188 = EDGE_CURVE ( 'NONE', #218, #564, #173, .T. ) ;
#2189 = DIRECTION ( 'NONE',  ( 0.000000000000000000, 0.000000000000000000, 1.000000000000000000 ) ) ;
#2190 = EDGE_CURVE ( 'NONE', #2148, #1590, #1049, .T. ) ;
#2191 = LINE ( 'NONE', #1548, #861 ) ;
#2192 = ORIENTED_EDGE ( 'NONE', *, *, #472, .F. ) ;
#2193 = LINE ( 'NONE', #130, #457 ) ;
#2194 = CARTESIAN_POINT ( 'NONE',  ( -22.89999999999999503, 24.50000000000000000, 7.500000000000000000 ) ) ;
#2195 = DIRECTION ( 'NONE',  ( -0.000000000000000000, -1.000000000000000000, -0.000000000000000000 ) ) ;
#2196 = DIRECTION ( 'NONE',  ( 0.000000000000000000, 0.000000000000000000, 1.000000000000000000 ) ) ;
#2197 = ORIENTED_EDGE ( 'NONE', *, *, #641, .F. ) ;
#2198 = CYLINDRICAL_SURFACE ( 'NONE', #1902, 2.100000000000000977 ) ;
#2199 = VECTOR ( 'NONE', #210, 1000.000000000000000 ) ;
#2200 = DIRECTION ( 'NONE',  ( -1.000000000000000000, -0.000000000000000000, -0.000000000000000000 ) ) ;
#2201 = ADVANCED_BREP_SHAPE_REPRESENTATION ( 'stand', ( #1622, #104 ), #1723 ) ;
#2202 = VERTEX_POINT ( 'NONE', #930 ) ;
#2203 = LINE ( 'NONE', #1835, #242 ) ;
#2204 =( LENGTH_UNIT ( ) NAMED_UNIT ( * ) SI_UNIT ( .MILLI., .METRE. ) );
#2205 = LINE ( 'NONE', #670, #280 ) ;
#2206 = CARTESIAN_POINT ( 'NONE',  ( 19.89400000000001612, 22.74399999999999622, 53.00000000000000711 ) ) ;
#2207 = EDGE_CURVE ( 'NONE', #233, #1951, #31, .T. ) ;
#2208 = VECTOR ( 'NONE', #1000, 1000.000000000000000 ) ;
#2209 = ORIENTED_EDGE ( 'NONE', *, *, #2027, .T. ) ;
#2210 = CIRCLE ( 'NONE', #2003, 2.100000000000008082 ) ;
#2211 = CARTESIAN_POINT ( 'NONE',  ( 24.00000000000000000, 0.000000000000000000, -2.000000000000000000 ) ) ;
#2212 = ORIENTED_EDGE ( 'NONE', *, *, #1556, .F. ) ;
#2213 = AXIS2_PLACEMENT_3D ( 'NONE', #105, #793, #288 ) ;
#2214 = CYLINDRICAL_SURFACE ( 'NONE', #1004, 2.000000000000001776 ) ;
#2215 = ORIENTED_EDGE ( 'NONE', *, *, #814, .F. ) ;
#2216 = VECTOR ( 'NONE', #679, 1000.000000000000000 ) ;
#2217 = DIRECTION ( 'NONE',  ( -0.000000000000000000, 0.000000000000000000, 1.000000000000000000 ) ) ;
#2218 = DIRECTION ( 'NONE',  ( 1.000000000000000000, 0.000000000000000000, 1.982541115402065356E-16 ) ) ;
#2219 = DIRECTION ( 'NONE',  ( -0.000000000000000000, -0.000000000000000000, 1.000000000000000000 ) ) ;
#2220 = CYLINDRICAL_SURFACE ( 'NONE', #224, 5.000000000000004441 ) ;
#2221 = VERTEX_POINT ( 'NONE', #19 ) ;
#2222 = VERTEX_POINT ( 'NONE', #1910 ) ;
#2223 = CARTESIAN_POINT ( 'NONE',  ( 2.250000000000007105, 20.10000000000000142, 59.00000000000000711 ) ) ;
#2224 = CARTESIAN_POINT ( 'NONE',  ( 26.00000000000000000, -27.34846922834953276, -19.89897948556636109 ) ) ;
#2225 = VERTEX_POINT ( 'NONE', #227 ) ;
#2226 = FACE_OUTER_BOUND ( 'NONE', #1817, .T. ) ;
ENDSEC;
END-ISO-10303-21;
