ISO-10303-21;
HEADER;
/* Generated by software containing ST-Developer
 * from STEP Tools, Inc. (www.steptools.com) 
 */

FILE_DESCRIPTION(
/* description */ (''),
/* implementation_level */ '2;1');

FILE_NAME(
/* name */ 'AS5600 magnetic encoder.step',
/* time_stamp */ '2026-05-28T09:48:19-05:00',
/* author */ (''),
/* organization */ (''),
/* preprocessor_version */ 'ST-DEVELOPER v20.1',
/* originating_system */ 'Autodesk Translation Framework v15.8.0.0',
/* authorisation */ '');

FILE_SCHEMA (('AUTOMOTIVE_DESIGN { 1 0 10303 214 3 1 1 }'));
ENDSEC;

DATA;
#10=MECHANICAL_DESIGN_GEOMETRIC_PRESENTATION_REPRESENTATION('',(#13),#2398);
#11=SHAPE_REPRESENTATION_RELATIONSHIP('SRR','None',#2408,#12);
#12=ADVANCED_BREP_SHAPE_REPRESENTATION('',(#14),#2397);
#13=STYLED_ITEM('',(#2417),#14);
#14=MANIFOLD_SOLID_BREP('Body1',#1110);
#15=(
BOUNDED_CURVE()
B_SPLINE_CURVE(5,(#1602,#1603,#1604,#1605,#1606,#1607,#1608,#1609,#1610,
#1611,#1612,#1613,#1614,#1615,#1616,#1617,#1618,#1619,#1620,#1621),
 .UNSPECIFIED.,.F.,.F.)
B_SPLINE_CURVE_WITH_KNOTS((6,1,1,1,1,1,1,1,1,1,1,1,1,1,1,6),(0.,0.0666666666666667,
0.133333333333333,0.2,0.266666666666667,0.333333333333333,0.4,0.466666666666667,
0.533333333333333,0.6,0.666666666666667,0.733333333333333,0.8,0.866666666666667,
0.933333333333333,1.),.UNSPECIFIED.)
CURVE()
GEOMETRIC_REPRESENTATION_ITEM()
RATIONAL_B_SPLINE_CURVE((1.,1.,1.,1.,1.,1.,1.,1.,1.,1.,1.,1.,1.,1.,1.,1.,
1.,1.,1.,1.))
REPRESENTATION_ITEM('')
);
#16=(
BOUNDED_CURVE()
B_SPLINE_CURVE(5,(#1625,#1626,#1627,#1628,#1629,#1630,#1631,#1632,#1633,
#1634,#1635,#1636,#1637,#1638,#1639,#1640,#1641,#1642,#1643,#1644),
 .UNSPECIFIED.,.F.,.F.)
B_SPLINE_CURVE_WITH_KNOTS((6,1,1,1,1,1,1,1,1,1,1,1,1,1,1,6),(0.,0.0666666666666667,
0.133333333333333,0.2,0.266666666666667,0.333333333333333,0.4,0.466666666666667,
0.533333333333333,0.6,0.666666666666667,0.733333333333333,0.8,0.866666666666667,
0.933333333333333,1.),.UNSPECIFIED.)
CURVE()
GEOMETRIC_REPRESENTATION_ITEM()
RATIONAL_B_SPLINE_CURVE((1.,1.,1.,1.,1.,1.,1.,1.,1.,1.,1.,1.,1.,1.,1.,1.,
1.,1.,1.,1.))
REPRESENTATION_ITEM('')
);
#17=(
BOUNDED_CURVE()
B_SPLINE_CURVE(5,(#1692,#1693,#1694,#1695,#1696,#1697,#1698,#1699,#1700,
#1701,#1702,#1703,#1704,#1705,#1706,#1707,#1708,#1709,#1710,#1711),
 .UNSPECIFIED.,.F.,.F.)
B_SPLINE_CURVE_WITH_KNOTS((6,1,1,1,1,1,1,1,1,1,1,1,1,1,1,6),(0.,0.0666666666666667,
0.133333333333333,0.2,0.266666666666667,0.333333333333333,0.4,0.466666666666667,
0.533333333333333,0.6,0.666666666666667,0.733333333333333,0.8,0.866666666666667,
0.933333333333333,1.),.UNSPECIFIED.)
CURVE()
GEOMETRIC_REPRESENTATION_ITEM()
RATIONAL_B_SPLINE_CURVE((1.,1.,1.,1.,1.,1.,1.,1.,1.,1.,1.,1.,1.,1.,1.,1.,
1.,1.,1.,1.))
REPRESENTATION_ITEM('')
);
#18=(
BOUNDED_CURVE()
B_SPLINE_CURVE(5,(#1715,#1716,#1717,#1718,#1719,#1720,#1721,#1722,#1723,
#1724,#1725,#1726,#1727,#1728,#1729,#1730,#1731,#1732,#1733,#1734),
 .UNSPECIFIED.,.F.,.F.)
B_SPLINE_CURVE_WITH_KNOTS((6,1,1,1,1,1,1,1,1,1,1,1,1,1,1,6),(0.,0.0666666666666667,
0.133333333333333,0.2,0.266666666666667,0.333333333333333,0.4,0.466666666666667,
0.533333333333333,0.6,0.666666666666667,0.733333333333333,0.8,0.866666666666667,
0.933333333333333,1.),.UNSPECIFIED.)
CURVE()
GEOMETRIC_REPRESENTATION_ITEM()
RATIONAL_B_SPLINE_CURVE((1.,1.,1.,1.,1.,1.,1.,1.,1.,1.,1.,1.,1.,1.,1.,1.,
1.,1.,1.,1.))
REPRESENTATION_ITEM('')
);
#19=(
BOUNDED_CURVE()
B_SPLINE_CURVE(5,(#1786,#1787,#1788,#1789,#1790,#1791,#1792,#1793,#1794,
#1795,#1796,#1797,#1798,#1799,#1800,#1801,#1802,#1803,#1804,#1805),
 .UNSPECIFIED.,.F.,.F.)
B_SPLINE_CURVE_WITH_KNOTS((6,1,1,1,1,1,1,1,1,1,1,1,1,1,1,6),(0.,0.0666666666666667,
0.133333333333333,0.2,0.266666666666667,0.333333333333333,0.4,0.466666666666667,
0.533333333333333,0.6,0.666666666666667,0.733333333333333,0.8,0.866666666666667,
0.933333333333333,1.),.UNSPECIFIED.)
CURVE()
GEOMETRIC_REPRESENTATION_ITEM()
RATIONAL_B_SPLINE_CURVE((1.,1.,1.,1.,1.,1.,1.,1.,1.,1.,1.,1.,1.,1.,1.,1.,
1.,1.,1.,1.))
REPRESENTATION_ITEM('')
);
#20=(
BOUNDED_CURVE()
B_SPLINE_CURVE(5,(#1809,#1810,#1811,#1812,#1813,#1814,#1815,#1816,#1817,
#1818,#1819,#1820,#1821,#1822,#1823,#1824,#1825,#1826,#1827,#1828),
 .UNSPECIFIED.,.F.,.F.)
B_SPLINE_CURVE_WITH_KNOTS((6,1,1,1,1,1,1,1,1,1,1,1,1,1,1,6),(0.,0.0666666666666667,
0.133333333333333,0.2,0.266666666666667,0.333333333333333,0.4,0.466666666666667,
0.533333333333333,0.6,0.666666666666667,0.733333333333333,0.8,0.866666666666667,
0.933333333333333,1.),.UNSPECIFIED.)
CURVE()
GEOMETRIC_REPRESENTATION_ITEM()
RATIONAL_B_SPLINE_CURVE((1.,1.,1.,1.,1.,1.,1.,1.,1.,1.,1.,1.,1.,1.,1.,1.,
1.,1.,1.,1.))
REPRESENTATION_ITEM('')
);
#21=(
BOUNDED_CURVE()
B_SPLINE_CURVE(5,(#1893,#1894,#1895,#1896,#1897,#1898,#1899,#1900,#1901,
#1902,#1903,#1904,#1905,#1906,#1907,#1908,#1909,#1910,#1911,#1912),
 .UNSPECIFIED.,.F.,.F.)
B_SPLINE_CURVE_WITH_KNOTS((6,1,1,1,1,1,1,1,1,1,1,1,1,1,1,6),(0.,0.0666666666666667,
0.133333333333333,0.2,0.266666666666667,0.333333333333333,0.4,0.466666666666667,
0.533333333333333,0.6,0.666666666666667,0.733333333333333,0.8,0.866666666666667,
0.933333333333333,1.),.UNSPECIFIED.)
CURVE()
GEOMETRIC_REPRESENTATION_ITEM()
RATIONAL_B_SPLINE_CURVE((1.,1.,1.,1.,1.,1.,1.,1.,1.,1.,1.,1.,1.,1.,1.,1.,
1.,1.,1.,1.))
REPRESENTATION_ITEM('')
);
#22=(
BOUNDED_CURVE()
B_SPLINE_CURVE(5,(#1914,#1915,#1916,#1917,#1918,#1919,#1920,#1921,#1922,
#1923,#1924,#1925,#1926,#1927,#1928,#1929,#1930,#1931,#1932,#1933),
 .UNSPECIFIED.,.F.,.F.)
B_SPLINE_CURVE_WITH_KNOTS((6,1,1,1,1,1,1,1,1,1,1,1,1,1,1,6),(0.,0.0666666666666667,
0.133333333333333,0.2,0.266666666666667,0.333333333333333,0.4,0.466666666666667,
0.533333333333333,0.6,0.666666666666667,0.733333333333333,0.8,0.866666666666667,
0.933333333333333,1.),.UNSPECIFIED.)
CURVE()
GEOMETRIC_REPRESENTATION_ITEM()
RATIONAL_B_SPLINE_CURVE((1.,1.,1.,1.,1.,1.,1.,1.,1.,1.,1.,1.,1.,1.,1.,1.,
1.,1.,1.,1.))
REPRESENTATION_ITEM('')
);
#23=(
BOUNDED_CURVE()
B_SPLINE_CURVE(5,(#1979,#1980,#1981,#1982,#1983,#1984,#1985,#1986,#1987,
#1988,#1989,#1990,#1991,#1992,#1993,#1994,#1995,#1996,#1997,#1998),
 .UNSPECIFIED.,.F.,.F.)
B_SPLINE_CURVE_WITH_KNOTS((6,1,1,1,1,1,1,1,1,1,1,1,1,1,1,6),(0.,0.0666666666666667,
0.133333333333333,0.2,0.266666666666667,0.333333333333333,0.4,0.466666666666667,
0.533333333333333,0.6,0.666666666666667,0.733333333333333,0.8,0.866666666666667,
0.933333333333333,1.),.UNSPECIFIED.)
CURVE()
GEOMETRIC_REPRESENTATION_ITEM()
RATIONAL_B_SPLINE_CURVE((1.,1.,1.,1.,1.,1.,1.,1.,1.,1.,1.,1.,1.,1.,1.,1.,
1.,1.,1.,1.))
REPRESENTATION_ITEM('')
);
#24=(
BOUNDED_CURVE()
B_SPLINE_CURVE(5,(#2002,#2003,#2004,#2005,#2006,#2007,#2008,#2009,#2010,
#2011,#2012,#2013,#2014,#2015,#2016,#2017,#2018,#2019,#2020,#2021),
 .UNSPECIFIED.,.F.,.F.)
B_SPLINE_CURVE_WITH_KNOTS((6,1,1,1,1,1,1,1,1,1,1,1,1,1,1,6),(0.,0.0666666666666667,
0.133333333333333,0.2,0.266666666666667,0.333333333333333,0.4,0.466666666666667,
0.533333333333333,0.6,0.666666666666667,0.733333333333333,0.8,0.866666666666667,
0.933333333333333,1.),.UNSPECIFIED.)
CURVE()
GEOMETRIC_REPRESENTATION_ITEM()
RATIONAL_B_SPLINE_CURVE((1.,1.,1.,1.,1.,1.,1.,1.,1.,1.,1.,1.,1.,1.,1.,1.,
1.,1.,1.,1.))
REPRESENTATION_ITEM('')
);
#25=(
BOUNDED_CURVE()
B_SPLINE_CURVE(5,(#2069,#2070,#2071,#2072,#2073,#2074,#2075,#2076,#2077,
#2078,#2079,#2080,#2081,#2082,#2083,#2084,#2085,#2086,#2087,#2088),
 .UNSPECIFIED.,.F.,.F.)
B_SPLINE_CURVE_WITH_KNOTS((6,1,1,1,1,1,1,1,1,1,1,1,1,1,1,6),(0.,0.0666666666666667,
0.133333333333333,0.2,0.266666666666667,0.333333333333333,0.4,0.466666666666667,
0.533333333333333,0.6,0.666666666666667,0.733333333333333,0.8,0.866666666666667,
0.933333333333333,1.),.UNSPECIFIED.)
CURVE()
GEOMETRIC_REPRESENTATION_ITEM()
RATIONAL_B_SPLINE_CURVE((1.,1.,1.,1.,1.,1.,1.,1.,1.,1.,1.,1.,1.,1.,1.,1.,
1.,1.,1.,1.))
REPRESENTATION_ITEM('')
);
#26=(
BOUNDED_CURVE()
B_SPLINE_CURVE(5,(#2092,#2093,#2094,#2095,#2096,#2097,#2098,#2099,#2100,
#2101,#2102,#2103,#2104,#2105,#2106,#2107,#2108,#2109,#2110,#2111),
 .UNSPECIFIED.,.F.,.F.)
B_SPLINE_CURVE_WITH_KNOTS((6,1,1,1,1,1,1,1,1,1,1,1,1,1,1,6),(0.,0.0666666666666667,
0.133333333333333,0.2,0.266666666666667,0.333333333333333,0.4,0.466666666666667,
0.533333333333333,0.6,0.666666666666667,0.733333333333333,0.8,0.866666666666667,
0.933333333333333,1.),.UNSPECIFIED.)
CURVE()
GEOMETRIC_REPRESENTATION_ITEM()
RATIONAL_B_SPLINE_CURVE((1.,1.,1.,1.,1.,1.,1.,1.,1.,1.,1.,1.,1.,1.,1.,1.,
1.,1.,1.,1.))
REPRESENTATION_ITEM('')
);
#27=(
BOUNDED_CURVE()
B_SPLINE_CURVE(5,(#2163,#2164,#2165,#2166,#2167,#2168,#2169,#2170,#2171,
#2172,#2173,#2174,#2175,#2176,#2177,#2178,#2179,#2180,#2181,#2182),
 .UNSPECIFIED.,.F.,.F.)
B_SPLINE_CURVE_WITH_KNOTS((6,1,1,1,1,1,1,1,1,1,1,1,1,1,1,6),(0.,0.0666666666666667,
0.133333333333333,0.2,0.266666666666667,0.333333333333333,0.4,0.466666666666667,
0.533333333333333,0.6,0.666666666666667,0.733333333333333,0.8,0.866666666666667,
0.933333333333333,1.),.UNSPECIFIED.)
CURVE()
GEOMETRIC_REPRESENTATION_ITEM()
RATIONAL_B_SPLINE_CURVE((1.,1.,1.,1.,1.,1.,1.,1.,1.,1.,1.,1.,1.,1.,1.,1.,
1.,1.,1.,1.))
REPRESENTATION_ITEM('')
);
#28=(
BOUNDED_CURVE()
B_SPLINE_CURVE(5,(#2186,#2187,#2188,#2189,#2190,#2191,#2192,#2193,#2194,
#2195,#2196,#2197,#2198,#2199,#2200,#2201,#2202,#2203,#2204,#2205),
 .UNSPECIFIED.,.F.,.F.)
B_SPLINE_CURVE_WITH_KNOTS((6,1,1,1,1,1,1,1,1,1,1,1,1,1,1,6),(0.,0.0666666666666667,
0.133333333333333,0.2,0.266666666666667,0.333333333333333,0.4,0.466666666666667,
0.533333333333333,0.6,0.666666666666667,0.733333333333333,0.8,0.866666666666667,
0.933333333333333,1.),.UNSPECIFIED.)
CURVE()
GEOMETRIC_REPRESENTATION_ITEM()
RATIONAL_B_SPLINE_CURVE((1.,1.,1.,1.,1.,1.,1.,1.,1.,1.,1.,1.,1.,1.,1.,1.,
1.,1.,1.,1.))
REPRESENTATION_ITEM('')
);
#29=(
BOUNDED_CURVE()
B_SPLINE_CURVE(5,(#2257,#2258,#2259,#2260,#2261,#2262,#2263,#2264,#2265,
#2266,#2267,#2268,#2269,#2270,#2271,#2272,#2273,#2274,#2275,#2276),
 .UNSPECIFIED.,.F.,.F.)
B_SPLINE_CURVE_WITH_KNOTS((6,1,1,1,1,1,1,1,1,1,1,1,1,1,1,6),(0.,0.0666666666666667,
0.133333333333333,0.2,0.266666666666667,0.333333333333333,0.4,0.466666666666667,
0.533333333333333,0.6,0.666666666666667,0.733333333333333,0.8,0.866666666666667,
0.933333333333333,1.),.UNSPECIFIED.)
CURVE()
GEOMETRIC_REPRESENTATION_ITEM()
RATIONAL_B_SPLINE_CURVE((1.,1.,1.,1.,1.,1.,1.,1.,1.,1.,1.,1.,1.,1.,1.,1.,
1.,1.,1.,1.))
REPRESENTATION_ITEM('')
);
#30=(
BOUNDED_CURVE()
B_SPLINE_CURVE(5,(#2280,#2281,#2282,#2283,#2284,#2285,#2286,#2287,#2288,
#2289,#2290,#2291,#2292,#2293,#2294,#2295,#2296,#2297,#2298,#2299),
 .UNSPECIFIED.,.F.,.F.)
B_SPLINE_CURVE_WITH_KNOTS((6,1,1,1,1,1,1,1,1,1,1,1,1,1,1,6),(0.,0.0666666666666667,
0.133333333333333,0.2,0.266666666666667,0.333333333333333,0.4,0.466666666666667,
0.533333333333333,0.6,0.666666666666667,0.733333333333333,0.8,0.866666666666667,
0.933333333333333,1.),.UNSPECIFIED.)
CURVE()
GEOMETRIC_REPRESENTATION_ITEM()
RATIONAL_B_SPLINE_CURVE((1.,1.,1.,1.,1.,1.,1.,1.,1.,1.,1.,1.,1.,1.,1.,1.,
1.,1.,1.,1.))
REPRESENTATION_ITEM('')
);
#31=(
BOUNDED_SURFACE()
B_SPLINE_SURFACE(5,1,((#1560,#1561),(#1562,#1563),(#1564,#1565),(#1566,
#1567),(#1568,#1569),(#1570,#1571),(#1572,#1573),(#1574,#1575),(#1576,#1577),
(#1578,#1579),(#1580,#1581),(#1582,#1583),(#1584,#1585),(#1586,#1587),(#1588,
#1589),(#1590,#1591),(#1592,#1593),(#1594,#1595),(#1596,#1597),(#1598,#1599)),
 .UNSPECIFIED.,.F.,.F.,.F.)
B_SPLINE_SURFACE_WITH_KNOTS((6,1,1,1,1,1,1,1,1,1,1,1,1,1,1,6),(2,2),(0.,
0.0666666666666667,0.133333333333333,0.2,0.266666666666667,0.333333333333333,
0.4,0.466666666666667,0.533333333333333,0.6,0.666666666666667,0.733333333333333,
0.8,0.866666666666667,0.933333333333333,1.),(0.,0.0635000000000001),
 .UNSPECIFIED.)
GEOMETRIC_REPRESENTATION_ITEM()
RATIONAL_B_SPLINE_SURFACE(((1.,1.),(1.,1.),(1.,1.),(1.,1.),(1.,1.),(1.,
1.),(1.,1.),(1.,1.),(1.,1.),(1.,1.),(1.,1.),(1.,1.),(1.,1.),(1.,1.),(1.,
1.),(1.,1.),(1.,1.),(1.,1.),(1.,1.),(1.,1.)))
REPRESENTATION_ITEM('')
SURFACE()
);
#32=(
BOUNDED_SURFACE()
B_SPLINE_SURFACE(5,1,((#1650,#1651),(#1652,#1653),(#1654,#1655),(#1656,
#1657),(#1658,#1659),(#1660,#1661),(#1662,#1663),(#1664,#1665),(#1666,#1667),
(#1668,#1669),(#1670,#1671),(#1672,#1673),(#1674,#1675),(#1676,#1677),(#1678,
#1679),(#1680,#1681),(#1682,#1683),(#1684,#1685),(#1686,#1687),(#1688,#1689)),
 .UNSPECIFIED.,.F.,.F.,.F.)
B_SPLINE_SURFACE_WITH_KNOTS((6,1,1,1,1,1,1,1,1,1,1,1,1,1,1,6),(2,2),(0.,
0.0666666666666667,0.133333333333333,0.2,0.266666666666667,0.333333333333333,
0.4,0.466666666666667,0.533333333333333,0.6,0.666666666666667,0.733333333333333,
0.8,0.866666666666667,0.933333333333333,1.),(0.,0.0635000000000001),
 .UNSPECIFIED.)
GEOMETRIC_REPRESENTATION_ITEM()
RATIONAL_B_SPLINE_SURFACE(((1.,1.),(1.,1.),(1.,1.),(1.,1.),(1.,1.),(1.,
1.),(1.,1.),(1.,1.),(1.,1.),(1.,1.),(1.,1.),(1.,1.),(1.,1.),(1.,1.),(1.,
1.),(1.,1.),(1.,1.),(1.,1.),(1.,1.),(1.,1.)))
REPRESENTATION_ITEM('')
SURFACE()
);
#33=(
BOUNDED_SURFACE()
B_SPLINE_SURFACE(5,1,((#1744,#1745),(#1746,#1747),(#1748,#1749),(#1750,
#1751),(#1752,#1753),(#1754,#1755),(#1756,#1757),(#1758,#1759),(#1760,#1761),
(#1762,#1763),(#1764,#1765),(#1766,#1767),(#1768,#1769),(#1770,#1771),(#1772,
#1773),(#1774,#1775),(#1776,#1777),(#1778,#1779),(#1780,#1781),(#1782,#1783)),
 .UNSPECIFIED.,.F.,.F.,.F.)
B_SPLINE_SURFACE_WITH_KNOTS((6,1,1,1,1,1,1,1,1,1,1,1,1,1,1,6),(2,2),(0.,
0.0666666666666667,0.133333333333333,0.2,0.266666666666667,0.333333333333333,
0.4,0.466666666666667,0.533333333333333,0.6,0.666666666666667,0.733333333333333,
0.8,0.866666666666667,0.933333333333333,1.),(0.,0.0635000000000001),
 .UNSPECIFIED.)
GEOMETRIC_REPRESENTATION_ITEM()
RATIONAL_B_SPLINE_SURFACE(((1.,1.),(1.,1.),(1.,1.),(1.,1.),(1.,1.),(1.,
1.),(1.,1.),(1.,1.),(1.,1.),(1.,1.),(1.,1.),(1.,1.),(1.,1.),(1.,1.),(1.,
1.),(1.,1.),(1.,1.),(1.,1.),(1.,1.),(1.,1.)))
REPRESENTATION_ITEM('')
SURFACE()
);
#34=(
BOUNDED_SURFACE()
B_SPLINE_SURFACE(5,1,((#1852,#1853),(#1854,#1855),(#1856,#1857),(#1858,
#1859),(#1860,#1861),(#1862,#1863),(#1864,#1865),(#1866,#1867),(#1868,#1869),
(#1870,#1871),(#1872,#1873),(#1874,#1875),(#1876,#1877),(#1878,#1879),(#1880,
#1881),(#1882,#1883),(#1884,#1885),(#1886,#1887),(#1888,#1889),(#1890,#1891)),
 .UNSPECIFIED.,.F.,.F.,.F.)
B_SPLINE_SURFACE_WITH_KNOTS((6,1,1,1,1,1,1,1,1,1,1,1,1,1,1,6),(2,2),(0.,
0.0666666666666667,0.133333333333333,0.2,0.266666666666667,0.333333333333333,
0.4,0.466666666666667,0.533333333333333,0.6,0.666666666666667,0.733333333333333,
0.8,0.866666666666667,0.933333333333333,1.),(0.,0.0635000000000001),
 .UNSPECIFIED.)
GEOMETRIC_REPRESENTATION_ITEM()
RATIONAL_B_SPLINE_SURFACE(((1.,1.),(1.,1.),(1.,1.),(1.,1.),(1.,1.),(1.,
1.),(1.,1.),(1.,1.),(1.,1.),(1.,1.),(1.,1.),(1.,1.),(1.,1.),(1.,1.),(1.,
1.),(1.,1.),(1.,1.),(1.,1.),(1.,1.),(1.,1.)))
REPRESENTATION_ITEM('')
SURFACE()
);
#35=(
BOUNDED_SURFACE()
B_SPLINE_SURFACE(5,1,((#1937,#1938),(#1939,#1940),(#1941,#1942),(#1943,
#1944),(#1945,#1946),(#1947,#1948),(#1949,#1950),(#1951,#1952),(#1953,#1954),
(#1955,#1956),(#1957,#1958),(#1959,#1960),(#1961,#1962),(#1963,#1964),(#1965,
#1966),(#1967,#1968),(#1969,#1970),(#1971,#1972),(#1973,#1974),(#1975,#1976)),
 .UNSPECIFIED.,.F.,.F.,.F.)
B_SPLINE_SURFACE_WITH_KNOTS((6,1,1,1,1,1,1,1,1,1,1,1,1,1,1,6),(2,2),(0.,
0.0666666666666667,0.133333333333333,0.2,0.266666666666667,0.333333333333333,
0.4,0.466666666666667,0.533333333333333,0.6,0.666666666666667,0.733333333333333,
0.8,0.866666666666667,0.933333333333333,1.),(0.,0.0635000000000001),
 .UNSPECIFIED.)
GEOMETRIC_REPRESENTATION_ITEM()
RATIONAL_B_SPLINE_SURFACE(((1.,1.),(1.,1.),(1.,1.),(1.,1.),(1.,1.),(1.,
1.),(1.,1.),(1.,1.),(1.,1.),(1.,1.),(1.,1.),(1.,1.),(1.,1.),(1.,1.),(1.,
1.),(1.,1.),(1.,1.),(1.,1.),(1.,1.),(1.,1.)))
REPRESENTATION_ITEM('')
SURFACE()
);
#36=(
BOUNDED_SURFACE()
B_SPLINE_SURFACE(5,1,((#2027,#2028),(#2029,#2030),(#2031,#2032),(#2033,
#2034),(#2035,#2036),(#2037,#2038),(#2039,#2040),(#2041,#2042),(#2043,#2044),
(#2045,#2046),(#2047,#2048),(#2049,#2050),(#2051,#2052),(#2053,#2054),(#2055,
#2056),(#2057,#2058),(#2059,#2060),(#2061,#2062),(#2063,#2064),(#2065,#2066)),
 .UNSPECIFIED.,.F.,.F.,.F.)
B_SPLINE_SURFACE_WITH_KNOTS((6,1,1,1,1,1,1,1,1,1,1,1,1,1,1,6),(2,2),(0.,
0.0666666666666667,0.133333333333333,0.2,0.266666666666667,0.333333333333333,
0.4,0.466666666666667,0.533333333333333,0.6,0.666666666666667,0.733333333333333,
0.8,0.866666666666667,0.933333333333333,1.),(0.,0.0635000000000001),
 .UNSPECIFIED.)
GEOMETRIC_REPRESENTATION_ITEM()
RATIONAL_B_SPLINE_SURFACE(((1.,1.),(1.,1.),(1.,1.),(1.,1.),(1.,1.),(1.,
1.),(1.,1.),(1.,1.),(1.,1.),(1.,1.),(1.,1.),(1.,1.),(1.,1.),(1.,1.),(1.,
1.),(1.,1.),(1.,1.),(1.,1.),(1.,1.),(1.,1.)))
REPRESENTATION_ITEM('')
SURFACE()
);
#37=(
BOUNDED_SURFACE()
B_SPLINE_SURFACE(5,1,((#2121,#2122),(#2123,#2124),(#2125,#2126),(#2127,
#2128),(#2129,#2130),(#2131,#2132),(#2133,#2134),(#2135,#2136),(#2137,#2138),
(#2139,#2140),(#2141,#2142),(#2143,#2144),(#2145,#2146),(#2147,#2148),(#2149,
#2150),(#2151,#2152),(#2153,#2154),(#2155,#2156),(#2157,#2158),(#2159,#2160)),
 .UNSPECIFIED.,.F.,.F.,.F.)
B_SPLINE_SURFACE_WITH_KNOTS((6,1,1,1,1,1,1,1,1,1,1,1,1,1,1,6),(2,2),(0.,
0.0666666666666667,0.133333333333333,0.2,0.266666666666667,0.333333333333333,
0.4,0.466666666666667,0.533333333333333,0.6,0.666666666666667,0.733333333333333,
0.8,0.866666666666667,0.933333333333333,1.),(0.,0.0635000000000001),
 .UNSPECIFIED.)
GEOMETRIC_REPRESENTATION_ITEM()
RATIONAL_B_SPLINE_SURFACE(((1.,1.),(1.,1.),(1.,1.),(1.,1.),(1.,1.),(1.,
1.),(1.,1.),(1.,1.),(1.,1.),(1.,1.),(1.,1.),(1.,1.),(1.,1.),(1.,1.),(1.,
1.),(1.,1.),(1.,1.),(1.,1.),(1.,1.),(1.,1.)))
REPRESENTATION_ITEM('')
SURFACE()
);
#38=(
BOUNDED_SURFACE()
B_SPLINE_SURFACE(5,1,((#2215,#2216),(#2217,#2218),(#2219,#2220),(#2221,
#2222),(#2223,#2224),(#2225,#2226),(#2227,#2228),(#2229,#2230),(#2231,#2232),
(#2233,#2234),(#2235,#2236),(#2237,#2238),(#2239,#2240),(#2241,#2242),(#2243,
#2244),(#2245,#2246),(#2247,#2248),(#2249,#2250),(#2251,#2252),(#2253,#2254)),
 .UNSPECIFIED.,.F.,.F.,.F.)
B_SPLINE_SURFACE_WITH_KNOTS((6,1,1,1,1,1,1,1,1,1,1,1,1,1,1,6),(2,2),(0.,
0.0666666666666667,0.133333333333333,0.2,0.266666666666667,0.333333333333333,
0.4,0.466666666666667,0.533333333333333,0.6,0.666666666666667,0.733333333333333,
0.8,0.866666666666667,0.933333333333333,1.),(0.,0.0635000000000001),
 .UNSPECIFIED.)
GEOMETRIC_REPRESENTATION_ITEM()
RATIONAL_B_SPLINE_SURFACE(((1.,1.),(1.,1.),(1.,1.),(1.,1.),(1.,1.),(1.,
1.),(1.,1.),(1.,1.),(1.,1.),(1.,1.),(1.,1.),(1.,1.),(1.,1.),(1.,1.),(1.,
1.),(1.,1.),(1.,1.),(1.,1.),(1.,1.),(1.,1.)))
REPRESENTATION_ITEM('')
SURFACE()
);
#39=CYLINDRICAL_SURFACE('',#1141,0.0125000000000001);
#40=CYLINDRICAL_SURFACE('',#1143,0.0125);
#41=CYLINDRICAL_SURFACE('',#1145,0.0125000000000001);
#42=CYLINDRICAL_SURFACE('',#1147,0.0125000000000001);
#43=CYLINDRICAL_SURFACE('',#1149,0.0125);
#44=CYLINDRICAL_SURFACE('',#1151,0.0125);
#45=CYLINDRICAL_SURFACE('',#1153,0.0125000000000001);
#46=CYLINDRICAL_SURFACE('',#1172,0.1);
#47=CYLINDRICAL_SURFACE('',#1184,0.1);
#48=CYLINDRICAL_SURFACE('',#1187,0.1);
#49=CYLINDRICAL_SURFACE('',#1190,0.1);
#50=CYLINDRICAL_SURFACE('',#1192,0.07);
#51=CYLINDRICAL_SURFACE('',#1194,0.07);
#52=CYLINDRICAL_SURFACE('',#1196,0.07);
#53=CYLINDRICAL_SURFACE('',#1198,0.07);
#54=FACE_BOUND('',#170,.T.);
#55=FACE_BOUND('',#171,.T.);
#56=FACE_BOUND('',#172,.T.);
#57=FACE_BOUND('',#173,.T.);
#58=FACE_BOUND('',#179,.T.);
#59=FACE_BOUND('',#180,.T.);
#60=FACE_BOUND('',#181,.T.);
#61=FACE_BOUND('',#217,.T.);
#62=FACE_BOUND('',#218,.T.);
#63=FACE_BOUND('',#219,.T.);
#64=FACE_BOUND('',#220,.T.);
#65=FACE_BOUND('',#221,.T.);
#66=FACE_BOUND('',#222,.T.);
#67=FACE_BOUND('',#223,.T.);
#68=FACE_BOUND('',#224,.T.);
#69=FACE_BOUND('',#225,.T.);
#70=FACE_BOUND('',#226,.T.);
#71=FACE_BOUND('',#227,.T.);
#72=FACE_BOUND('',#239,.T.);
#73=FACE_BOUND('',#240,.T.);
#74=FACE_BOUND('',#241,.T.);
#75=FACE_BOUND('',#242,.T.);
#76=FACE_BOUND('',#243,.T.);
#77=FACE_BOUND('',#244,.T.);
#78=FACE_BOUND('',#245,.T.);
#79=CIRCLE('',#1129,0.0125000000000001);
#80=CIRCLE('',#1130,0.0125000000000001);
#81=CIRCLE('',#1131,0.0125000000000001);
#82=CIRCLE('',#1132,0.0125000000000001);
#83=CIRCLE('',#1138,0.0125);
#84=CIRCLE('',#1139,0.0125);
#85=CIRCLE('',#1140,0.0125);
#86=CIRCLE('',#1142,0.0125000000000001);
#87=CIRCLE('',#1144,0.0125);
#88=CIRCLE('',#1146,0.0125000000000001);
#89=CIRCLE('',#1148,0.0125000000000001);
#90=CIRCLE('',#1150,0.0125);
#91=CIRCLE('',#1152,0.0125);
#92=CIRCLE('',#1154,0.0125000000000001);
#93=CIRCLE('',#1173,0.1);
#94=CIRCLE('',#1174,0.1);
#95=CIRCLE('',#1177,0.1);
#96=CIRCLE('',#1178,0.1);
#97=CIRCLE('',#1179,0.1);
#98=CIRCLE('',#1180,0.07);
#99=CIRCLE('',#1181,0.07);
#100=CIRCLE('',#1182,0.07);
#101=CIRCLE('',#1183,0.07);
#102=CIRCLE('',#1185,0.1);
#103=CIRCLE('',#1188,0.1);
#104=CIRCLE('',#1191,0.1);
#105=CIRCLE('',#1193,0.07);
#106=CIRCLE('',#1195,0.07);
#107=CIRCLE('',#1197,0.07);
#108=CIRCLE('',#1199,0.07);
#109=FACE_OUTER_BOUND('',#165,.T.);
#110=FACE_OUTER_BOUND('',#166,.T.);
#111=FACE_OUTER_BOUND('',#167,.T.);
#112=FACE_OUTER_BOUND('',#168,.T.);
#113=FACE_OUTER_BOUND('',#169,.T.);
#114=FACE_OUTER_BOUND('',#174,.T.);
#115=FACE_OUTER_BOUND('',#175,.T.);
#116=FACE_OUTER_BOUND('',#176,.T.);
#117=FACE_OUTER_BOUND('',#177,.T.);
#118=FACE_OUTER_BOUND('',#178,.T.);
#119=FACE_OUTER_BOUND('',#182,.T.);
#120=FACE_OUTER_BOUND('',#183,.T.);
#121=FACE_OUTER_BOUND('',#184,.T.);
#122=FACE_OUTER_BOUND('',#185,.T.);
#123=FACE_OUTER_BOUND('',#186,.T.);
#124=FACE_OUTER_BOUND('',#187,.T.);
#125=FACE_OUTER_BOUND('',#188,.T.);
#126=FACE_OUTER_BOUND('',#189,.T.);
#127=FACE_OUTER_BOUND('',#190,.T.);
#128=FACE_OUTER_BOUND('',#191,.T.);
#129=FACE_OUTER_BOUND('',#192,.T.);
#130=FACE_OUTER_BOUND('',#193,.T.);
#131=FACE_OUTER_BOUND('',#194,.T.);
#132=FACE_OUTER_BOUND('',#195,.T.);
#133=FACE_OUTER_BOUND('',#196,.T.);
#134=FACE_OUTER_BOUND('',#197,.T.);
#135=FACE_OUTER_BOUND('',#198,.T.);
#136=FACE_OUTER_BOUND('',#199,.T.);
#137=FACE_OUTER_BOUND('',#200,.T.);
#138=FACE_OUTER_BOUND('',#201,.T.);
#139=FACE_OUTER_BOUND('',#202,.T.);
#140=FACE_OUTER_BOUND('',#203,.T.);
#141=FACE_OUTER_BOUND('',#204,.T.);
#142=FACE_OUTER_BOUND('',#205,.T.);
#143=FACE_OUTER_BOUND('',#206,.T.);
#144=FACE_OUTER_BOUND('',#207,.T.);
#145=FACE_OUTER_BOUND('',#208,.T.);
#146=FACE_OUTER_BOUND('',#209,.T.);
#147=FACE_OUTER_BOUND('',#210,.T.);
#148=FACE_OUTER_BOUND('',#211,.T.);
#149=FACE_OUTER_BOUND('',#212,.T.);
#150=FACE_OUTER_BOUND('',#213,.T.);
#151=FACE_OUTER_BOUND('',#214,.T.);
#152=FACE_OUTER_BOUND('',#215,.T.);
#153=FACE_OUTER_BOUND('',#216,.T.);
#154=FACE_OUTER_BOUND('',#228,.T.);
#155=FACE_OUTER_BOUND('',#229,.T.);
#156=FACE_OUTER_BOUND('',#230,.T.);
#157=FACE_OUTER_BOUND('',#231,.T.);
#158=FACE_OUTER_BOUND('',#232,.T.);
#159=FACE_OUTER_BOUND('',#233,.T.);
#160=FACE_OUTER_BOUND('',#234,.T.);
#161=FACE_OUTER_BOUND('',#235,.T.);
#162=FACE_OUTER_BOUND('',#236,.T.);
#163=FACE_OUTER_BOUND('',#237,.T.);
#164=FACE_OUTER_BOUND('',#238,.T.);
#165=EDGE_LOOP('',(#715,#716,#717,#718));
#166=EDGE_LOOP('',(#719,#720,#721,#722));
#167=EDGE_LOOP('',(#723,#724,#725,#726));
#168=EDGE_LOOP('',(#727,#728,#729,#730));
#169=EDGE_LOOP('',(#731,#732,#733,#734));
#170=EDGE_LOOP('',(#735));
#171=EDGE_LOOP('',(#736));
#172=EDGE_LOOP('',(#737));
#173=EDGE_LOOP('',(#738));
#174=EDGE_LOOP('',(#739,#740,#741,#742));
#175=EDGE_LOOP('',(#743,#744,#745,#746));
#176=EDGE_LOOP('',(#747,#748,#749,#750));
#177=EDGE_LOOP('',(#751,#752,#753,#754));
#178=EDGE_LOOP('',(#755,#756,#757,#758));
#179=EDGE_LOOP('',(#759));
#180=EDGE_LOOP('',(#760));
#181=EDGE_LOOP('',(#761));
#182=EDGE_LOOP('',(#762,#763,#764,#765));
#183=EDGE_LOOP('',(#766,#767,#768,#769));
#184=EDGE_LOOP('',(#770,#771,#772,#773));
#185=EDGE_LOOP('',(#774,#775,#776,#777));
#186=EDGE_LOOP('',(#778,#779,#780,#781));
#187=EDGE_LOOP('',(#782,#783,#784,#785));
#188=EDGE_LOOP('',(#786,#787,#788,#789));
#189=EDGE_LOOP('',(#790,#791,#792,#793));
#190=EDGE_LOOP('',(#794,#795,#796));
#191=EDGE_LOOP('',(#797,#798,#799,#800));
#192=EDGE_LOOP('',(#801,#802,#803));
#193=EDGE_LOOP('',(#804,#805,#806));
#194=EDGE_LOOP('',(#807,#808,#809,#810));
#195=EDGE_LOOP('',(#811,#812,#813));
#196=EDGE_LOOP('',(#814,#815,#816));
#197=EDGE_LOOP('',(#817,#818,#819,#820,#821,#822,#823,#824,#825,#826,#827,
#828,#829,#830,#831,#832));
#198=EDGE_LOOP('',(#833,#834,#835,#836));
#199=EDGE_LOOP('',(#837,#838,#839));
#200=EDGE_LOOP('',(#840,#841,#842,#843));
#201=EDGE_LOOP('',(#844,#845,#846));
#202=EDGE_LOOP('',(#847,#848,#849,#850));
#203=EDGE_LOOP('',(#851,#852,#853));
#204=EDGE_LOOP('',(#854,#855,#856));
#205=EDGE_LOOP('',(#857,#858,#859,#860));
#206=EDGE_LOOP('',(#861,#862,#863));
#207=EDGE_LOOP('',(#864,#865,#866));
#208=EDGE_LOOP('',(#867,#868,#869,#870));
#209=EDGE_LOOP('',(#871,#872,#873));
#210=EDGE_LOOP('',(#874,#875,#876,#877,#878,#879,#880,#881,#882,#883,#884,
#885,#886,#887,#888,#889));
#211=EDGE_LOOP('',(#890,#891,#892,#893,#894,#895));
#212=EDGE_LOOP('',(#896,#897,#898,#899,#900,#901));
#213=EDGE_LOOP('',(#902,#903,#904,#905));
#214=EDGE_LOOP('',(#906,#907,#908,#909));
#215=EDGE_LOOP('',(#910,#911,#912,#913));
#216=EDGE_LOOP('',(#914,#915,#916,#917,#918,#919,#920,#921));
#217=EDGE_LOOP('',(#922));
#218=EDGE_LOOP('',(#923));
#219=EDGE_LOOP('',(#924));
#220=EDGE_LOOP('',(#925));
#221=EDGE_LOOP('',(#926));
#222=EDGE_LOOP('',(#927));
#223=EDGE_LOOP('',(#928));
#224=EDGE_LOOP('',(#929));
#225=EDGE_LOOP('',(#930));
#226=EDGE_LOOP('',(#931));
#227=EDGE_LOOP('',(#932));
#228=EDGE_LOOP('',(#933,#934,#935,#936));
#229=EDGE_LOOP('',(#937,#938,#939,#940));
#230=EDGE_LOOP('',(#941,#942,#943,#944));
#231=EDGE_LOOP('',(#945,#946,#947,#948));
#232=EDGE_LOOP('',(#949,#950,#951,#952));
#233=EDGE_LOOP('',(#953,#954,#955,#956));
#234=EDGE_LOOP('',(#957,#958,#959,#960));
#235=EDGE_LOOP('',(#961,#962,#963,#964));
#236=EDGE_LOOP('',(#965,#966,#967,#968));
#237=EDGE_LOOP('',(#969,#970,#971,#972));
#238=EDGE_LOOP('',(#973,#974,#975,#976,#977,#978,#979,#980));
#239=EDGE_LOOP('',(#981,#982,#983,#984));
#240=EDGE_LOOP('',(#985));
#241=EDGE_LOOP('',(#986));
#242=EDGE_LOOP('',(#987));
#243=EDGE_LOOP('',(#988));
#244=EDGE_LOOP('',(#989,#990,#991,#992,#993,#994,#995,#996,#997,#998,#999,
#1000,#1001,#1002,#1003,#1004,#1005,#1006,#1007,#1008,#1009,#1010,#1011,
#1012,#1013,#1014,#1015,#1016));
#245=EDGE_LOOP('',(#1017,#1018,#1019,#1020));
#246=LINE('',#1471,#353);
#247=LINE('',#1473,#354);
#248=LINE('',#1475,#355);
#249=LINE('',#1476,#356);
#250=LINE('',#1479,#357);
#251=LINE('',#1481,#358);
#252=LINE('',#1482,#359);
#253=LINE('',#1485,#360);
#254=LINE('',#1487,#361);
#255=LINE('',#1488,#362);
#256=LINE('',#1490,#363);
#257=LINE('',#1491,#364);
#258=LINE('',#1504,#365);
#259=LINE('',#1506,#366);
#260=LINE('',#1508,#367);
#261=LINE('',#1509,#368);
#262=LINE('',#1512,#369);
#263=LINE('',#1514,#370);
#264=LINE('',#1515,#371);
#265=LINE('',#1518,#372);
#266=LINE('',#1520,#373);
#267=LINE('',#1521,#374);
#268=LINE('',#1523,#375);
#269=LINE('',#1524,#376);
#270=LINE('',#1534,#377);
#271=LINE('',#1538,#378);
#272=LINE('',#1542,#379);
#273=LINE('',#1546,#380);
#274=LINE('',#1550,#381);
#275=LINE('',#1554,#382);
#276=LINE('',#1558,#383);
#277=LINE('',#1623,#384);
#278=LINE('',#1645,#385);
#279=LINE('',#1648,#386);
#280=LINE('',#1649,#387);
#281=LINE('',#1713,#388);
#282=LINE('',#1735,#389);
#283=LINE('',#1738,#390);
#284=LINE('',#1739,#391);
#285=LINE('',#1742,#392);
#286=LINE('',#1743,#393);
#287=LINE('',#1807,#394);
#288=LINE('',#1829,#395);
#289=LINE('',#1832,#396);
#290=LINE('',#1833,#397);
#291=LINE('',#1836,#398);
#292=LINE('',#1837,#399);
#293=LINE('',#1839,#400);
#294=LINE('',#1840,#401);
#295=LINE('',#1842,#402);
#296=LINE('',#1844,#403);
#297=LINE('',#1846,#404);
#298=LINE('',#1848,#405);
#299=LINE('',#1850,#406);
#300=LINE('',#1851,#407);
#301=LINE('',#1934,#408);
#302=LINE('',#1936,#409);
#303=LINE('',#2000,#410);
#304=LINE('',#2022,#411);
#305=LINE('',#2025,#412);
#306=LINE('',#2026,#413);
#307=LINE('',#2090,#414);
#308=LINE('',#2112,#415);
#309=LINE('',#2115,#416);
#310=LINE('',#2116,#417);
#311=LINE('',#2119,#418);
#312=LINE('',#2120,#419);
#313=LINE('',#2184,#420);
#314=LINE('',#2206,#421);
#315=LINE('',#2209,#422);
#316=LINE('',#2210,#423);
#317=LINE('',#2213,#424);
#318=LINE('',#2214,#425);
#319=LINE('',#2278,#426);
#320=LINE('',#2300,#427);
#321=LINE('',#2303,#428);
#322=LINE('',#2304,#429);
#323=LINE('',#2307,#430);
#324=LINE('',#2309,#431);
#325=LINE('',#2310,#432);
#326=LINE('',#2311,#433);
#327=LINE('',#2312,#434);
#328=LINE('',#2313,#435);
#329=LINE('',#2315,#436);
#330=LINE('',#2316,#437);
#331=LINE('',#2318,#438);
#332=LINE('',#2319,#439);
#333=LINE('',#2326,#440);
#334=LINE('',#2329,#441);
#335=LINE('',#2332,#442);
#336=LINE('',#2334,#443);
#337=LINE('',#2335,#444);
#338=LINE('',#2338,#445);
#339=LINE('',#2342,#446);
#340=LINE('',#2346,#447);
#341=LINE('',#2359,#448);
#342=LINE('',#2362,#449);
#343=LINE('',#2363,#450);
#344=LINE('',#2367,#451);
#345=LINE('',#2370,#452);
#346=LINE('',#2371,#453);
#347=LINE('',#2375,#454);
#348=LINE('',#2379,#455);
#349=LINE('',#2383,#456);
#350=LINE('',#2387,#457);
#351=LINE('',#2391,#458);
#352=LINE('',#2393,#459);
#353=VECTOR('',#1206,0.393700787401575);
#354=VECTOR('',#1207,0.393700787401575);
#355=VECTOR('',#1208,0.393700787401575);
#356=VECTOR('',#1209,0.393700787401575);
#357=VECTOR('',#1212,0.393700787401575);
#358=VECTOR('',#1213,0.393700787401575);
#359=VECTOR('',#1214,0.393700787401575);
#360=VECTOR('',#1217,0.393700787401575);
#361=VECTOR('',#1218,0.393700787401575);
#362=VECTOR('',#1219,0.393700787401575);
#363=VECTOR('',#1222,0.393700787401575);
#364=VECTOR('',#1223,0.393700787401575);
#365=VECTOR('',#1236,0.393700787401575);
#366=VECTOR('',#1237,0.393700787401575);
#367=VECTOR('',#1238,0.393700787401575);
#368=VECTOR('',#1239,0.393700787401575);
#369=VECTOR('',#1242,0.393700787401575);
#370=VECTOR('',#1243,0.393700787401575);
#371=VECTOR('',#1244,0.393700787401575);
#372=VECTOR('',#1247,0.393700787401575);
#373=VECTOR('',#1248,0.393700787401575);
#374=VECTOR('',#1249,0.393700787401575);
#375=VECTOR('',#1252,0.393700787401575);
#376=VECTOR('',#1253,0.393700787401575);
#377=VECTOR('',#1264,0.0125000000000001);
#378=VECTOR('',#1269,0.0125);
#379=VECTOR('',#1274,0.0125000000000001);
#380=VECTOR('',#1279,0.0125000000000001);
#381=VECTOR('',#1284,0.0125);
#382=VECTOR('',#1289,0.0125);
#383=VECTOR('',#1294,0.0125000000000001);
#384=VECTOR('',#1297,0.393700787401575);
#385=VECTOR('',#1298,0.393700787401575);
#386=VECTOR('',#1301,0.393700787401575);
#387=VECTOR('',#1302,0.393700787401575);
#388=VECTOR('',#1303,0.393700787401575);
#389=VECTOR('',#1304,0.393700787401575);
#390=VECTOR('',#1307,0.393700787401575);
#391=VECTOR('',#1308,0.393700787401575);
#392=VECTOR('',#1311,0.393700787401575);
#393=VECTOR('',#1312,0.393700787401575);
#394=VECTOR('',#1313,0.393700787401575);
#395=VECTOR('',#1314,0.393700787401575);
#396=VECTOR('',#1317,0.393700787401575);
#397=VECTOR('',#1318,0.393700787401575);
#398=VECTOR('',#1321,0.393700787401575);
#399=VECTOR('',#1322,0.393700787401575);
#400=VECTOR('',#1325,0.393700787401575);
#401=VECTOR('',#1326,0.393700787401575);
#402=VECTOR('',#1327,0.393700787401575);
#403=VECTOR('',#1328,0.393700787401575);
#404=VECTOR('',#1329,0.393700787401575);
#405=VECTOR('',#1330,0.393700787401575);
#406=VECTOR('',#1331,0.393700787401575);
#407=VECTOR('',#1332,0.393700787401575);
#408=VECTOR('',#1333,0.393700787401575);
#409=VECTOR('',#1336,0.393700787401575);
#410=VECTOR('',#1337,0.393700787401575);
#411=VECTOR('',#1338,0.393700787401575);
#412=VECTOR('',#1341,0.393700787401575);
#413=VECTOR('',#1342,0.393700787401575);
#414=VECTOR('',#1343,0.393700787401575);
#415=VECTOR('',#1344,0.393700787401575);
#416=VECTOR('',#1347,0.393700787401575);
#417=VECTOR('',#1348,0.393700787401575);
#418=VECTOR('',#1351,0.393700787401575);
#419=VECTOR('',#1352,0.393700787401575);
#420=VECTOR('',#1353,0.393700787401575);
#421=VECTOR('',#1354,0.393700787401575);
#422=VECTOR('',#1357,0.393700787401575);
#423=VECTOR('',#1358,0.393700787401575);
#424=VECTOR('',#1361,0.393700787401575);
#425=VECTOR('',#1362,0.393700787401575);
#426=VECTOR('',#1363,0.393700787401575);
#427=VECTOR('',#1364,0.393700787401575);
#428=VECTOR('',#1367,0.393700787401575);
#429=VECTOR('',#1368,0.393700787401575);
#430=VECTOR('',#1371,0.393700787401575);
#431=VECTOR('',#1372,0.393700787401575);
#432=VECTOR('',#1373,0.393700787401575);
#433=VECTOR('',#1374,0.393700787401575);
#434=VECTOR('',#1375,0.393700787401575);
#435=VECTOR('',#1376,0.393700787401575);
#436=VECTOR('',#1379,0.393700787401575);
#437=VECTOR('',#1380,0.393700787401575);
#438=VECTOR('',#1383,0.393700787401575);
#439=VECTOR('',#1384,0.393700787401575);
#440=VECTOR('',#1391,0.393700787401575);
#441=VECTOR('',#1394,0.393700787401575);
#442=VECTOR('',#1397,0.393700787401575);
#443=VECTOR('',#1398,0.393700787401575);
#444=VECTOR('',#1399,0.393700787401575);
#445=VECTOR('',#1402,0.393700787401575);
#446=VECTOR('',#1405,0.393700787401575);
#447=VECTOR('',#1408,0.393700787401575);
#448=VECTOR('',#1423,0.393700787401575);
#449=VECTOR('',#1426,0.393700787401575);
#450=VECTOR('',#1427,0.393700787401575);
#451=VECTOR('',#1432,0.393700787401575);
#452=VECTOR('',#1435,0.393700787401575);
#453=VECTOR('',#1436,0.393700787401575);
#454=VECTOR('',#1441,0.393700787401575);
#455=VECTOR('',#1446,0.07);
#456=VECTOR('',#1451,0.07);
#457=VECTOR('',#1456,0.07);
#458=VECTOR('',#1461,0.07);
#459=VECTOR('',#1464,0.393700787401575);
#460=VERTEX_POINT('',#1469);
#461=VERTEX_POINT('',#1470);
#462=VERTEX_POINT('',#1472);
#463=VERTEX_POINT('',#1474);
#464=VERTEX_POINT('',#1478);
#465=VERTEX_POINT('',#1480);
#466=VERTEX_POINT('',#1484);
#467=VERTEX_POINT('',#1486);
#468=VERTEX_POINT('',#1493);
#469=VERTEX_POINT('',#1495);
#470=VERTEX_POINT('',#1497);
#471=VERTEX_POINT('',#1499);
#472=VERTEX_POINT('',#1502);
#473=VERTEX_POINT('',#1503);
#474=VERTEX_POINT('',#1505);
#475=VERTEX_POINT('',#1507);
#476=VERTEX_POINT('',#1511);
#477=VERTEX_POINT('',#1513);
#478=VERTEX_POINT('',#1517);
#479=VERTEX_POINT('',#1519);
#480=VERTEX_POINT('',#1526);
#481=VERTEX_POINT('',#1528);
#482=VERTEX_POINT('',#1530);
#483=VERTEX_POINT('',#1533);
#484=VERTEX_POINT('',#1537);
#485=VERTEX_POINT('',#1541);
#486=VERTEX_POINT('',#1545);
#487=VERTEX_POINT('',#1549);
#488=VERTEX_POINT('',#1553);
#489=VERTEX_POINT('',#1557);
#490=VERTEX_POINT('',#1600);
#491=VERTEX_POINT('',#1601);
#492=VERTEX_POINT('',#1622);
#493=VERTEX_POINT('',#1624);
#494=VERTEX_POINT('',#1647);
#495=VERTEX_POINT('',#1690);
#496=VERTEX_POINT('',#1691);
#497=VERTEX_POINT('',#1712);
#498=VERTEX_POINT('',#1714);
#499=VERTEX_POINT('',#1737);
#500=VERTEX_POINT('',#1741);
#501=VERTEX_POINT('',#1784);
#502=VERTEX_POINT('',#1785);
#503=VERTEX_POINT('',#1806);
#504=VERTEX_POINT('',#1808);
#505=VERTEX_POINT('',#1831);
#506=VERTEX_POINT('',#1835);
#507=VERTEX_POINT('',#1841);
#508=VERTEX_POINT('',#1843);
#509=VERTEX_POINT('',#1845);
#510=VERTEX_POINT('',#1847);
#511=VERTEX_POINT('',#1849);
#512=VERTEX_POINT('',#1892);
#513=VERTEX_POINT('',#1913);
#514=VERTEX_POINT('',#1977);
#515=VERTEX_POINT('',#1978);
#516=VERTEX_POINT('',#1999);
#517=VERTEX_POINT('',#2001);
#518=VERTEX_POINT('',#2024);
#519=VERTEX_POINT('',#2067);
#520=VERTEX_POINT('',#2068);
#521=VERTEX_POINT('',#2089);
#522=VERTEX_POINT('',#2091);
#523=VERTEX_POINT('',#2114);
#524=VERTEX_POINT('',#2118);
#525=VERTEX_POINT('',#2161);
#526=VERTEX_POINT('',#2162);
#527=VERTEX_POINT('',#2183);
#528=VERTEX_POINT('',#2185);
#529=VERTEX_POINT('',#2208);
#530=VERTEX_POINT('',#2212);
#531=VERTEX_POINT('',#2255);
#532=VERTEX_POINT('',#2256);
#533=VERTEX_POINT('',#2277);
#534=VERTEX_POINT('',#2279);
#535=VERTEX_POINT('',#2302);
#536=VERTEX_POINT('',#2306);
#537=VERTEX_POINT('',#2308);
#538=VERTEX_POINT('',#2322);
#539=VERTEX_POINT('',#2323);
#540=VERTEX_POINT('',#2325);
#541=VERTEX_POINT('',#2327);
#542=VERTEX_POINT('',#2331);
#543=VERTEX_POINT('',#2333);
#544=VERTEX_POINT('',#2337);
#545=VERTEX_POINT('',#2339);
#546=VERTEX_POINT('',#2341);
#547=VERTEX_POINT('',#2343);
#548=VERTEX_POINT('',#2345);
#549=VERTEX_POINT('',#2348);
#550=VERTEX_POINT('',#2350);
#551=VERTEX_POINT('',#2352);
#552=VERTEX_POINT('',#2354);
#553=VERTEX_POINT('',#2357);
#554=VERTEX_POINT('',#2361);
#555=VERTEX_POINT('',#2365);
#556=VERTEX_POINT('',#2369);
#557=VERTEX_POINT('',#2373);
#558=VERTEX_POINT('',#2377);
#559=VERTEX_POINT('',#2381);
#560=VERTEX_POINT('',#2385);
#561=VERTEX_POINT('',#2389);
#562=EDGE_CURVE('',#460,#461,#246,.T.);
#563=EDGE_CURVE('',#460,#462,#247,.T.);
#564=EDGE_CURVE('',#463,#462,#248,.T.);
#565=EDGE_CURVE('',#461,#463,#249,.T.);
#566=EDGE_CURVE('',#461,#464,#250,.T.);
#567=EDGE_CURVE('',#465,#463,#251,.T.);
#568=EDGE_CURVE('',#464,#465,#252,.T.);
#569=EDGE_CURVE('',#464,#466,#253,.T.);
#570=EDGE_CURVE('',#467,#465,#254,.T.);
#571=EDGE_CURVE('',#466,#467,#255,.T.);
#572=EDGE_CURVE('',#466,#460,#256,.T.);
#573=EDGE_CURVE('',#462,#467,#257,.T.);
#574=EDGE_CURVE('',#468,#468,#79,.T.);
#575=EDGE_CURVE('',#469,#469,#80,.T.);
#576=EDGE_CURVE('',#470,#470,#81,.T.);
#577=EDGE_CURVE('',#471,#471,#82,.T.);
#578=EDGE_CURVE('',#472,#473,#258,.T.);
#579=EDGE_CURVE('',#472,#474,#259,.T.);
#580=EDGE_CURVE('',#475,#474,#260,.T.);
#581=EDGE_CURVE('',#473,#475,#261,.T.);
#582=EDGE_CURVE('',#473,#476,#262,.T.);
#583=EDGE_CURVE('',#477,#475,#263,.T.);
#584=EDGE_CURVE('',#476,#477,#264,.T.);
#585=EDGE_CURVE('',#476,#478,#265,.T.);
#586=EDGE_CURVE('',#479,#477,#266,.T.);
#587=EDGE_CURVE('',#478,#479,#267,.T.);
#588=EDGE_CURVE('',#478,#472,#268,.T.);
#589=EDGE_CURVE('',#474,#479,#269,.T.);
#590=EDGE_CURVE('',#480,#480,#83,.T.);
#591=EDGE_CURVE('',#481,#481,#84,.T.);
#592=EDGE_CURVE('',#482,#482,#85,.T.);
#593=EDGE_CURVE('',#470,#483,#270,.T.);
#594=EDGE_CURVE('',#483,#483,#86,.T.);
#595=EDGE_CURVE('',#481,#484,#271,.T.);
#596=EDGE_CURVE('',#484,#484,#87,.T.);
#597=EDGE_CURVE('',#469,#485,#272,.T.);
#598=EDGE_CURVE('',#485,#485,#88,.T.);
#599=EDGE_CURVE('',#468,#486,#273,.T.);
#600=EDGE_CURVE('',#486,#486,#89,.T.);
#601=EDGE_CURVE('',#480,#487,#274,.T.);
#602=EDGE_CURVE('',#487,#487,#90,.T.);
#603=EDGE_CURVE('',#482,#488,#275,.T.);
#604=EDGE_CURVE('',#488,#488,#91,.T.);
#605=EDGE_CURVE('',#471,#489,#276,.T.);
#606=EDGE_CURVE('',#489,#489,#92,.T.);
#607=EDGE_CURVE('',#490,#491,#15,.T.);
#608=EDGE_CURVE('',#492,#490,#277,.T.);
#609=EDGE_CURVE('',#492,#493,#16,.T.);
#610=EDGE_CURVE('',#491,#493,#278,.T.);
#611=EDGE_CURVE('',#490,#494,#279,.T.);
#612=EDGE_CURVE('',#494,#491,#280,.T.);
#613=EDGE_CURVE('',#495,#496,#17,.T.);
#614=EDGE_CURVE('',#497,#495,#281,.T.);
#615=EDGE_CURVE('',#497,#498,#18,.T.);
#616=EDGE_CURVE('',#496,#498,#282,.T.);
#617=EDGE_CURVE('',#495,#499,#283,.T.);
#618=EDGE_CURVE('',#499,#496,#284,.T.);
#619=EDGE_CURVE('',#500,#497,#285,.T.);
#620=EDGE_CURVE('',#498,#500,#286,.T.);
#621=EDGE_CURVE('',#501,#502,#19,.T.);
#622=EDGE_CURVE('',#503,#501,#287,.T.);
#623=EDGE_CURVE('',#503,#504,#20,.T.);
#624=EDGE_CURVE('',#502,#504,#288,.T.);
#625=EDGE_CURVE('',#501,#505,#289,.T.);
#626=EDGE_CURVE('',#505,#502,#290,.T.);
#627=EDGE_CURVE('',#506,#503,#291,.T.);
#628=EDGE_CURVE('',#504,#506,#292,.T.);
#629=EDGE_CURVE('',#500,#494,#293,.T.);
#630=EDGE_CURVE('',#506,#499,#294,.T.);
#631=EDGE_CURVE('',#507,#505,#295,.T.);
#632=EDGE_CURVE('',#507,#508,#296,.T.);
#633=EDGE_CURVE('',#508,#509,#297,.T.);
#634=EDGE_CURVE('',#509,#510,#298,.T.);
#635=EDGE_CURVE('',#511,#510,#299,.T.);
#636=EDGE_CURVE('',#492,#511,#300,.T.);
#637=EDGE_CURVE('',#509,#512,#21,.T.);
#638=EDGE_CURVE('',#508,#513,#22,.T.);
#639=EDGE_CURVE('',#512,#513,#301,.T.);
#640=EDGE_CURVE('',#513,#507,#302,.T.);
#641=EDGE_CURVE('',#514,#515,#23,.T.);
#642=EDGE_CURVE('',#516,#515,#303,.T.);
#643=EDGE_CURVE('',#517,#516,#24,.T.);
#644=EDGE_CURVE('',#514,#517,#304,.T.);
#645=EDGE_CURVE('',#518,#514,#305,.T.);
#646=EDGE_CURVE('',#515,#518,#306,.T.);
#647=EDGE_CURVE('',#519,#520,#25,.T.);
#648=EDGE_CURVE('',#521,#520,#307,.T.);
#649=EDGE_CURVE('',#522,#521,#26,.T.);
#650=EDGE_CURVE('',#519,#522,#308,.T.);
#651=EDGE_CURVE('',#523,#519,#309,.T.);
#652=EDGE_CURVE('',#520,#523,#310,.T.);
#653=EDGE_CURVE('',#522,#524,#311,.T.);
#654=EDGE_CURVE('',#524,#521,#312,.T.);
#655=EDGE_CURVE('',#525,#526,#27,.T.);
#656=EDGE_CURVE('',#527,#526,#313,.T.);
#657=EDGE_CURVE('',#528,#527,#28,.T.);
#658=EDGE_CURVE('',#525,#528,#314,.T.);
#659=EDGE_CURVE('',#529,#525,#315,.T.);
#660=EDGE_CURVE('',#526,#529,#316,.T.);
#661=EDGE_CURVE('',#528,#530,#317,.T.);
#662=EDGE_CURVE('',#530,#527,#318,.T.);
#663=EDGE_CURVE('',#531,#532,#29,.T.);
#664=EDGE_CURVE('',#533,#532,#319,.T.);
#665=EDGE_CURVE('',#534,#533,#30,.T.);
#666=EDGE_CURVE('',#531,#534,#320,.T.);
#667=EDGE_CURVE('',#534,#535,#321,.T.);
#668=EDGE_CURVE('',#535,#533,#322,.T.);
#669=EDGE_CURVE('',#517,#536,#323,.T.);
#670=EDGE_CURVE('',#537,#536,#324,.T.);
#671=EDGE_CURVE('',#531,#537,#325,.T.);
#672=EDGE_CURVE('',#529,#535,#326,.T.);
#673=EDGE_CURVE('',#523,#530,#327,.T.);
#674=EDGE_CURVE('',#518,#524,#328,.T.);
#675=EDGE_CURVE('',#493,#516,#329,.T.);
#676=EDGE_CURVE('',#536,#511,#330,.T.);
#677=EDGE_CURVE('',#532,#512,#331,.T.);
#678=EDGE_CURVE('',#510,#537,#332,.T.);
#679=EDGE_CURVE('',#538,#539,#93,.T.);
#680=EDGE_CURVE('',#539,#540,#333,.T.);
#681=EDGE_CURVE('',#540,#541,#94,.T.);
#682=EDGE_CURVE('',#541,#538,#334,.T.);
#683=EDGE_CURVE('',#541,#542,#335,.T.);
#684=EDGE_CURVE('',#543,#542,#336,.T.);
#685=EDGE_CURVE('',#538,#543,#337,.T.);
#686=EDGE_CURVE('',#544,#540,#338,.T.);
#687=EDGE_CURVE('',#545,#544,#95,.T.);
#688=EDGE_CURVE('',#546,#545,#339,.T.);
#689=EDGE_CURVE('',#547,#546,#96,.T.);
#690=EDGE_CURVE('',#548,#547,#340,.T.);
#691=EDGE_CURVE('',#542,#548,#97,.T.);
#692=EDGE_CURVE('',#549,#549,#98,.T.);
#693=EDGE_CURVE('',#550,#550,#99,.T.);
#694=EDGE_CURVE('',#551,#551,#100,.T.);
#695=EDGE_CURVE('',#552,#552,#101,.T.);
#696=EDGE_CURVE('',#553,#543,#102,.T.);
#697=EDGE_CURVE('',#548,#553,#341,.T.);
#698=EDGE_CURVE('',#554,#547,#342,.T.);
#699=EDGE_CURVE('',#553,#554,#343,.T.);
#700=EDGE_CURVE('',#555,#554,#103,.T.);
#701=EDGE_CURVE('',#546,#555,#344,.T.);
#702=EDGE_CURVE('',#556,#545,#345,.T.);
#703=EDGE_CURVE('',#555,#556,#346,.T.);
#704=EDGE_CURVE('',#557,#556,#104,.T.);
#705=EDGE_CURVE('',#544,#557,#347,.T.);
#706=EDGE_CURVE('',#558,#558,#105,.T.);
#707=EDGE_CURVE('',#558,#549,#348,.T.);
#708=EDGE_CURVE('',#559,#559,#106,.T.);
#709=EDGE_CURVE('',#559,#550,#349,.T.);
#710=EDGE_CURVE('',#560,#560,#107,.T.);
#711=EDGE_CURVE('',#560,#551,#350,.T.);
#712=EDGE_CURVE('',#561,#561,#108,.T.);
#713=EDGE_CURVE('',#561,#552,#351,.T.);
#714=EDGE_CURVE('',#557,#539,#352,.T.);
#715=ORIENTED_EDGE('',*,*,#562,.F.);
#716=ORIENTED_EDGE('',*,*,#563,.T.);
#717=ORIENTED_EDGE('',*,*,#564,.F.);
#718=ORIENTED_EDGE('',*,*,#565,.F.);
#719=ORIENTED_EDGE('',*,*,#566,.F.);
#720=ORIENTED_EDGE('',*,*,#565,.T.);
#721=ORIENTED_EDGE('',*,*,#567,.F.);
#722=ORIENTED_EDGE('',*,*,#568,.F.);
#723=ORIENTED_EDGE('',*,*,#569,.F.);
#724=ORIENTED_EDGE('',*,*,#568,.T.);
#725=ORIENTED_EDGE('',*,*,#570,.F.);
#726=ORIENTED_EDGE('',*,*,#571,.F.);
#727=ORIENTED_EDGE('',*,*,#572,.F.);
#728=ORIENTED_EDGE('',*,*,#571,.T.);
#729=ORIENTED_EDGE('',*,*,#573,.F.);
#730=ORIENTED_EDGE('',*,*,#563,.F.);
#731=ORIENTED_EDGE('',*,*,#573,.T.);
#732=ORIENTED_EDGE('',*,*,#570,.T.);
#733=ORIENTED_EDGE('',*,*,#567,.T.);
#734=ORIENTED_EDGE('',*,*,#564,.T.);
#735=ORIENTED_EDGE('',*,*,#574,.T.);
#736=ORIENTED_EDGE('',*,*,#575,.T.);
#737=ORIENTED_EDGE('',*,*,#576,.T.);
#738=ORIENTED_EDGE('',*,*,#577,.T.);
#739=ORIENTED_EDGE('',*,*,#578,.F.);
#740=ORIENTED_EDGE('',*,*,#579,.T.);
#741=ORIENTED_EDGE('',*,*,#580,.F.);
#742=ORIENTED_EDGE('',*,*,#581,.F.);
#743=ORIENTED_EDGE('',*,*,#582,.F.);
#744=ORIENTED_EDGE('',*,*,#581,.T.);
#745=ORIENTED_EDGE('',*,*,#583,.F.);
#746=ORIENTED_EDGE('',*,*,#584,.F.);
#747=ORIENTED_EDGE('',*,*,#585,.F.);
#748=ORIENTED_EDGE('',*,*,#584,.T.);
#749=ORIENTED_EDGE('',*,*,#586,.F.);
#750=ORIENTED_EDGE('',*,*,#587,.F.);
#751=ORIENTED_EDGE('',*,*,#588,.F.);
#752=ORIENTED_EDGE('',*,*,#587,.T.);
#753=ORIENTED_EDGE('',*,*,#589,.F.);
#754=ORIENTED_EDGE('',*,*,#579,.F.);
#755=ORIENTED_EDGE('',*,*,#589,.T.);
#756=ORIENTED_EDGE('',*,*,#586,.T.);
#757=ORIENTED_EDGE('',*,*,#583,.T.);
#758=ORIENTED_EDGE('',*,*,#580,.T.);
#759=ORIENTED_EDGE('',*,*,#590,.T.);
#760=ORIENTED_EDGE('',*,*,#591,.T.);
#761=ORIENTED_EDGE('',*,*,#592,.T.);
#762=ORIENTED_EDGE('',*,*,#576,.F.);
#763=ORIENTED_EDGE('',*,*,#593,.T.);
#764=ORIENTED_EDGE('',*,*,#594,.F.);
#765=ORIENTED_EDGE('',*,*,#593,.F.);
#766=ORIENTED_EDGE('',*,*,#591,.F.);
#767=ORIENTED_EDGE('',*,*,#595,.T.);
#768=ORIENTED_EDGE('',*,*,#596,.F.);
#769=ORIENTED_EDGE('',*,*,#595,.F.);
#770=ORIENTED_EDGE('',*,*,#575,.F.);
#771=ORIENTED_EDGE('',*,*,#597,.T.);
#772=ORIENTED_EDGE('',*,*,#598,.F.);
#773=ORIENTED_EDGE('',*,*,#597,.F.);
#774=ORIENTED_EDGE('',*,*,#574,.F.);
#775=ORIENTED_EDGE('',*,*,#599,.T.);
#776=ORIENTED_EDGE('',*,*,#600,.F.);
#777=ORIENTED_EDGE('',*,*,#599,.F.);
#778=ORIENTED_EDGE('',*,*,#590,.F.);
#779=ORIENTED_EDGE('',*,*,#601,.T.);
#780=ORIENTED_EDGE('',*,*,#602,.F.);
#781=ORIENTED_EDGE('',*,*,#601,.F.);
#782=ORIENTED_EDGE('',*,*,#592,.F.);
#783=ORIENTED_EDGE('',*,*,#603,.T.);
#784=ORIENTED_EDGE('',*,*,#604,.F.);
#785=ORIENTED_EDGE('',*,*,#603,.F.);
#786=ORIENTED_EDGE('',*,*,#577,.F.);
#787=ORIENTED_EDGE('',*,*,#605,.T.);
#788=ORIENTED_EDGE('',*,*,#606,.F.);
#789=ORIENTED_EDGE('',*,*,#605,.F.);
#790=ORIENTED_EDGE('',*,*,#607,.F.);
#791=ORIENTED_EDGE('',*,*,#608,.F.);
#792=ORIENTED_EDGE('',*,*,#609,.T.);
#793=ORIENTED_EDGE('',*,*,#610,.F.);
#794=ORIENTED_EDGE('',*,*,#611,.F.);
#795=ORIENTED_EDGE('',*,*,#607,.T.);
#796=ORIENTED_EDGE('',*,*,#612,.F.);
#797=ORIENTED_EDGE('',*,*,#613,.F.);
#798=ORIENTED_EDGE('',*,*,#614,.F.);
#799=ORIENTED_EDGE('',*,*,#615,.T.);
#800=ORIENTED_EDGE('',*,*,#616,.F.);
#801=ORIENTED_EDGE('',*,*,#617,.F.);
#802=ORIENTED_EDGE('',*,*,#613,.T.);
#803=ORIENTED_EDGE('',*,*,#618,.F.);
#804=ORIENTED_EDGE('',*,*,#619,.F.);
#805=ORIENTED_EDGE('',*,*,#620,.F.);
#806=ORIENTED_EDGE('',*,*,#615,.F.);
#807=ORIENTED_EDGE('',*,*,#621,.F.);
#808=ORIENTED_EDGE('',*,*,#622,.F.);
#809=ORIENTED_EDGE('',*,*,#623,.T.);
#810=ORIENTED_EDGE('',*,*,#624,.F.);
#811=ORIENTED_EDGE('',*,*,#625,.F.);
#812=ORIENTED_EDGE('',*,*,#621,.T.);
#813=ORIENTED_EDGE('',*,*,#626,.F.);
#814=ORIENTED_EDGE('',*,*,#627,.F.);
#815=ORIENTED_EDGE('',*,*,#628,.F.);
#816=ORIENTED_EDGE('',*,*,#623,.F.);
#817=ORIENTED_EDGE('',*,*,#608,.T.);
#818=ORIENTED_EDGE('',*,*,#611,.T.);
#819=ORIENTED_EDGE('',*,*,#629,.F.);
#820=ORIENTED_EDGE('',*,*,#619,.T.);
#821=ORIENTED_EDGE('',*,*,#614,.T.);
#822=ORIENTED_EDGE('',*,*,#617,.T.);
#823=ORIENTED_EDGE('',*,*,#630,.F.);
#824=ORIENTED_EDGE('',*,*,#627,.T.);
#825=ORIENTED_EDGE('',*,*,#622,.T.);
#826=ORIENTED_EDGE('',*,*,#625,.T.);
#827=ORIENTED_EDGE('',*,*,#631,.F.);
#828=ORIENTED_EDGE('',*,*,#632,.T.);
#829=ORIENTED_EDGE('',*,*,#633,.T.);
#830=ORIENTED_EDGE('',*,*,#634,.T.);
#831=ORIENTED_EDGE('',*,*,#635,.F.);
#832=ORIENTED_EDGE('',*,*,#636,.F.);
#833=ORIENTED_EDGE('',*,*,#637,.F.);
#834=ORIENTED_EDGE('',*,*,#633,.F.);
#835=ORIENTED_EDGE('',*,*,#638,.T.);
#836=ORIENTED_EDGE('',*,*,#639,.F.);
#837=ORIENTED_EDGE('',*,*,#632,.F.);
#838=ORIENTED_EDGE('',*,*,#640,.F.);
#839=ORIENTED_EDGE('',*,*,#638,.F.);
#840=ORIENTED_EDGE('',*,*,#641,.T.);
#841=ORIENTED_EDGE('',*,*,#642,.F.);
#842=ORIENTED_EDGE('',*,*,#643,.F.);
#843=ORIENTED_EDGE('',*,*,#644,.F.);
#844=ORIENTED_EDGE('',*,*,#645,.F.);
#845=ORIENTED_EDGE('',*,*,#646,.F.);
#846=ORIENTED_EDGE('',*,*,#641,.F.);
#847=ORIENTED_EDGE('',*,*,#647,.T.);
#848=ORIENTED_EDGE('',*,*,#648,.F.);
#849=ORIENTED_EDGE('',*,*,#649,.F.);
#850=ORIENTED_EDGE('',*,*,#650,.F.);
#851=ORIENTED_EDGE('',*,*,#651,.F.);
#852=ORIENTED_EDGE('',*,*,#652,.F.);
#853=ORIENTED_EDGE('',*,*,#647,.F.);
#854=ORIENTED_EDGE('',*,*,#653,.F.);
#855=ORIENTED_EDGE('',*,*,#649,.T.);
#856=ORIENTED_EDGE('',*,*,#654,.F.);
#857=ORIENTED_EDGE('',*,*,#655,.T.);
#858=ORIENTED_EDGE('',*,*,#656,.F.);
#859=ORIENTED_EDGE('',*,*,#657,.F.);
#860=ORIENTED_EDGE('',*,*,#658,.F.);
#861=ORIENTED_EDGE('',*,*,#659,.F.);
#862=ORIENTED_EDGE('',*,*,#660,.F.);
#863=ORIENTED_EDGE('',*,*,#655,.F.);
#864=ORIENTED_EDGE('',*,*,#661,.F.);
#865=ORIENTED_EDGE('',*,*,#657,.T.);
#866=ORIENTED_EDGE('',*,*,#662,.F.);
#867=ORIENTED_EDGE('',*,*,#663,.T.);
#868=ORIENTED_EDGE('',*,*,#664,.F.);
#869=ORIENTED_EDGE('',*,*,#665,.F.);
#870=ORIENTED_EDGE('',*,*,#666,.F.);
#871=ORIENTED_EDGE('',*,*,#667,.F.);
#872=ORIENTED_EDGE('',*,*,#665,.T.);
#873=ORIENTED_EDGE('',*,*,#668,.F.);
#874=ORIENTED_EDGE('',*,*,#644,.T.);
#875=ORIENTED_EDGE('',*,*,#669,.T.);
#876=ORIENTED_EDGE('',*,*,#670,.F.);
#877=ORIENTED_EDGE('',*,*,#671,.F.);
#878=ORIENTED_EDGE('',*,*,#666,.T.);
#879=ORIENTED_EDGE('',*,*,#667,.T.);
#880=ORIENTED_EDGE('',*,*,#672,.F.);
#881=ORIENTED_EDGE('',*,*,#659,.T.);
#882=ORIENTED_EDGE('',*,*,#658,.T.);
#883=ORIENTED_EDGE('',*,*,#661,.T.);
#884=ORIENTED_EDGE('',*,*,#673,.F.);
#885=ORIENTED_EDGE('',*,*,#651,.T.);
#886=ORIENTED_EDGE('',*,*,#650,.T.);
#887=ORIENTED_EDGE('',*,*,#653,.T.);
#888=ORIENTED_EDGE('',*,*,#674,.F.);
#889=ORIENTED_EDGE('',*,*,#645,.T.);
#890=ORIENTED_EDGE('',*,*,#675,.F.);
#891=ORIENTED_EDGE('',*,*,#609,.F.);
#892=ORIENTED_EDGE('',*,*,#636,.T.);
#893=ORIENTED_EDGE('',*,*,#676,.F.);
#894=ORIENTED_EDGE('',*,*,#669,.F.);
#895=ORIENTED_EDGE('',*,*,#643,.T.);
#896=ORIENTED_EDGE('',*,*,#677,.F.);
#897=ORIENTED_EDGE('',*,*,#663,.F.);
#898=ORIENTED_EDGE('',*,*,#671,.T.);
#899=ORIENTED_EDGE('',*,*,#678,.F.);
#900=ORIENTED_EDGE('',*,*,#634,.F.);
#901=ORIENTED_EDGE('',*,*,#637,.T.);
#902=ORIENTED_EDGE('',*,*,#635,.T.);
#903=ORIENTED_EDGE('',*,*,#678,.T.);
#904=ORIENTED_EDGE('',*,*,#670,.T.);
#905=ORIENTED_EDGE('',*,*,#676,.T.);
#906=ORIENTED_EDGE('',*,*,#679,.T.);
#907=ORIENTED_EDGE('',*,*,#680,.T.);
#908=ORIENTED_EDGE('',*,*,#681,.T.);
#909=ORIENTED_EDGE('',*,*,#682,.T.);
#910=ORIENTED_EDGE('',*,*,#682,.F.);
#911=ORIENTED_EDGE('',*,*,#683,.T.);
#912=ORIENTED_EDGE('',*,*,#684,.F.);
#913=ORIENTED_EDGE('',*,*,#685,.F.);
#914=ORIENTED_EDGE('',*,*,#681,.F.);
#915=ORIENTED_EDGE('',*,*,#686,.F.);
#916=ORIENTED_EDGE('',*,*,#687,.F.);
#917=ORIENTED_EDGE('',*,*,#688,.F.);
#918=ORIENTED_EDGE('',*,*,#689,.F.);
#919=ORIENTED_EDGE('',*,*,#690,.F.);
#920=ORIENTED_EDGE('',*,*,#691,.F.);
#921=ORIENTED_EDGE('',*,*,#683,.F.);
#922=ORIENTED_EDGE('',*,*,#692,.F.);
#923=ORIENTED_EDGE('',*,*,#693,.F.);
#924=ORIENTED_EDGE('',*,*,#694,.F.);
#925=ORIENTED_EDGE('',*,*,#695,.F.);
#926=ORIENTED_EDGE('',*,*,#606,.T.);
#927=ORIENTED_EDGE('',*,*,#604,.T.);
#928=ORIENTED_EDGE('',*,*,#602,.T.);
#929=ORIENTED_EDGE('',*,*,#600,.T.);
#930=ORIENTED_EDGE('',*,*,#598,.T.);
#931=ORIENTED_EDGE('',*,*,#596,.T.);
#932=ORIENTED_EDGE('',*,*,#594,.T.);
#933=ORIENTED_EDGE('',*,*,#696,.T.);
#934=ORIENTED_EDGE('',*,*,#684,.T.);
#935=ORIENTED_EDGE('',*,*,#691,.T.);
#936=ORIENTED_EDGE('',*,*,#697,.T.);
#937=ORIENTED_EDGE('',*,*,#697,.F.);
#938=ORIENTED_EDGE('',*,*,#690,.T.);
#939=ORIENTED_EDGE('',*,*,#698,.F.);
#940=ORIENTED_EDGE('',*,*,#699,.F.);
#941=ORIENTED_EDGE('',*,*,#700,.T.);
#942=ORIENTED_EDGE('',*,*,#698,.T.);
#943=ORIENTED_EDGE('',*,*,#689,.T.);
#944=ORIENTED_EDGE('',*,*,#701,.T.);
#945=ORIENTED_EDGE('',*,*,#701,.F.);
#946=ORIENTED_EDGE('',*,*,#688,.T.);
#947=ORIENTED_EDGE('',*,*,#702,.F.);
#948=ORIENTED_EDGE('',*,*,#703,.F.);
#949=ORIENTED_EDGE('',*,*,#704,.T.);
#950=ORIENTED_EDGE('',*,*,#702,.T.);
#951=ORIENTED_EDGE('',*,*,#687,.T.);
#952=ORIENTED_EDGE('',*,*,#705,.T.);
#953=ORIENTED_EDGE('',*,*,#706,.F.);
#954=ORIENTED_EDGE('',*,*,#707,.T.);
#955=ORIENTED_EDGE('',*,*,#692,.T.);
#956=ORIENTED_EDGE('',*,*,#707,.F.);
#957=ORIENTED_EDGE('',*,*,#708,.F.);
#958=ORIENTED_EDGE('',*,*,#709,.T.);
#959=ORIENTED_EDGE('',*,*,#693,.T.);
#960=ORIENTED_EDGE('',*,*,#709,.F.);
#961=ORIENTED_EDGE('',*,*,#710,.F.);
#962=ORIENTED_EDGE('',*,*,#711,.T.);
#963=ORIENTED_EDGE('',*,*,#694,.T.);
#964=ORIENTED_EDGE('',*,*,#711,.F.);
#965=ORIENTED_EDGE('',*,*,#712,.F.);
#966=ORIENTED_EDGE('',*,*,#713,.T.);
#967=ORIENTED_EDGE('',*,*,#695,.T.);
#968=ORIENTED_EDGE('',*,*,#713,.F.);
#969=ORIENTED_EDGE('',*,*,#680,.F.);
#970=ORIENTED_EDGE('',*,*,#714,.F.);
#971=ORIENTED_EDGE('',*,*,#705,.F.);
#972=ORIENTED_EDGE('',*,*,#686,.T.);
#973=ORIENTED_EDGE('',*,*,#679,.F.);
#974=ORIENTED_EDGE('',*,*,#685,.T.);
#975=ORIENTED_EDGE('',*,*,#696,.F.);
#976=ORIENTED_EDGE('',*,*,#699,.T.);
#977=ORIENTED_EDGE('',*,*,#700,.F.);
#978=ORIENTED_EDGE('',*,*,#703,.T.);
#979=ORIENTED_EDGE('',*,*,#704,.F.);
#980=ORIENTED_EDGE('',*,*,#714,.T.);
#981=ORIENTED_EDGE('',*,*,#578,.T.);
#982=ORIENTED_EDGE('',*,*,#582,.T.);
#983=ORIENTED_EDGE('',*,*,#585,.T.);
#984=ORIENTED_EDGE('',*,*,#588,.T.);
#985=ORIENTED_EDGE('',*,*,#706,.T.);
#986=ORIENTED_EDGE('',*,*,#708,.T.);
#987=ORIENTED_EDGE('',*,*,#710,.T.);
#988=ORIENTED_EDGE('',*,*,#712,.T.);
#989=ORIENTED_EDGE('',*,*,#675,.T.);
#990=ORIENTED_EDGE('',*,*,#642,.T.);
#991=ORIENTED_EDGE('',*,*,#646,.T.);
#992=ORIENTED_EDGE('',*,*,#674,.T.);
#993=ORIENTED_EDGE('',*,*,#654,.T.);
#994=ORIENTED_EDGE('',*,*,#648,.T.);
#995=ORIENTED_EDGE('',*,*,#652,.T.);
#996=ORIENTED_EDGE('',*,*,#673,.T.);
#997=ORIENTED_EDGE('',*,*,#662,.T.);
#998=ORIENTED_EDGE('',*,*,#656,.T.);
#999=ORIENTED_EDGE('',*,*,#660,.T.);
#1000=ORIENTED_EDGE('',*,*,#672,.T.);
#1001=ORIENTED_EDGE('',*,*,#668,.T.);
#1002=ORIENTED_EDGE('',*,*,#664,.T.);
#1003=ORIENTED_EDGE('',*,*,#677,.T.);
#1004=ORIENTED_EDGE('',*,*,#639,.T.);
#1005=ORIENTED_EDGE('',*,*,#640,.T.);
#1006=ORIENTED_EDGE('',*,*,#631,.T.);
#1007=ORIENTED_EDGE('',*,*,#626,.T.);
#1008=ORIENTED_EDGE('',*,*,#624,.T.);
#1009=ORIENTED_EDGE('',*,*,#628,.T.);
#1010=ORIENTED_EDGE('',*,*,#630,.T.);
#1011=ORIENTED_EDGE('',*,*,#618,.T.);
#1012=ORIENTED_EDGE('',*,*,#616,.T.);
#1013=ORIENTED_EDGE('',*,*,#620,.T.);
#1014=ORIENTED_EDGE('',*,*,#629,.T.);
#1015=ORIENTED_EDGE('',*,*,#612,.T.);
#1016=ORIENTED_EDGE('',*,*,#610,.T.);
#1017=ORIENTED_EDGE('',*,*,#562,.T.);
#1018=ORIENTED_EDGE('',*,*,#566,.T.);
#1019=ORIENTED_EDGE('',*,*,#569,.T.);
#1020=ORIENTED_EDGE('',*,*,#572,.T.);
#1021=PLANE('',#1124);
#1022=PLANE('',#1125);
#1023=PLANE('',#1126);
#1024=PLANE('',#1127);
#1025=PLANE('',#1128);
#1026=PLANE('',#1133);
#1027=PLANE('',#1134);
#1028=PLANE('',#1135);
#1029=PLANE('',#1136);
#1030=PLANE('',#1137);
#1031=PLANE('',#1155);
#1032=PLANE('',#1156);
#1033=PLANE('',#1157);
#1034=PLANE('',#1158);
#1035=PLANE('',#1159);
#1036=PLANE('',#1160);
#1037=PLANE('',#1161);
#1038=PLANE('',#1162);
#1039=PLANE('',#1163);
#1040=PLANE('',#1164);
#1041=PLANE('',#1165);
#1042=PLANE('',#1166);
#1043=PLANE('',#1167);
#1044=PLANE('',#1168);
#1045=PLANE('',#1169);
#1046=PLANE('',#1170);
#1047=PLANE('',#1171);
#1048=PLANE('',#1175);
#1049=PLANE('',#1176);
#1050=PLANE('',#1186);
#1051=PLANE('',#1189);
#1052=PLANE('',#1200);
#1053=PLANE('',#1201);
#1054=ADVANCED_FACE('',(#109),#1021,.T.);
#1055=ADVANCED_FACE('',(#110),#1022,.T.);
#1056=ADVANCED_FACE('',(#111),#1023,.T.);
#1057=ADVANCED_FACE('',(#112),#1024,.T.);
#1058=ADVANCED_FACE('',(#113,#54,#55,#56,#57),#1025,.T.);
#1059=ADVANCED_FACE('',(#114),#1026,.T.);
#1060=ADVANCED_FACE('',(#115),#1027,.T.);
#1061=ADVANCED_FACE('',(#116),#1028,.T.);
#1062=ADVANCED_FACE('',(#117),#1029,.T.);
#1063=ADVANCED_FACE('',(#118,#58,#59,#60),#1030,.T.);
#1064=ADVANCED_FACE('',(#119),#39,.F.);
#1065=ADVANCED_FACE('',(#120),#40,.F.);
#1066=ADVANCED_FACE('',(#121),#41,.F.);
#1067=ADVANCED_FACE('',(#122),#42,.F.);
#1068=ADVANCED_FACE('',(#123),#43,.F.);
#1069=ADVANCED_FACE('',(#124),#44,.F.);
#1070=ADVANCED_FACE('',(#125),#45,.F.);
#1071=ADVANCED_FACE('',(#126),#31,.F.);
#1072=ADVANCED_FACE('',(#127),#1031,.F.);
#1073=ADVANCED_FACE('',(#128),#32,.F.);
#1074=ADVANCED_FACE('',(#129),#1032,.F.);
#1075=ADVANCED_FACE('',(#130),#1033,.T.);
#1076=ADVANCED_FACE('',(#131),#33,.F.);
#1077=ADVANCED_FACE('',(#132),#1034,.F.);
#1078=ADVANCED_FACE('',(#133),#1035,.T.);
#1079=ADVANCED_FACE('',(#134),#1036,.T.);
#1080=ADVANCED_FACE('',(#135),#34,.F.);
#1081=ADVANCED_FACE('',(#136),#1037,.T.);
#1082=ADVANCED_FACE('',(#137),#35,.T.);
#1083=ADVANCED_FACE('',(#138),#1038,.T.);
#1084=ADVANCED_FACE('',(#139),#36,.T.);
#1085=ADVANCED_FACE('',(#140),#1039,.T.);
#1086=ADVANCED_FACE('',(#141),#1040,.F.);
#1087=ADVANCED_FACE('',(#142),#37,.T.);
#1088=ADVANCED_FACE('',(#143),#1041,.T.);
#1089=ADVANCED_FACE('',(#144),#1042,.F.);
#1090=ADVANCED_FACE('',(#145),#38,.T.);
#1091=ADVANCED_FACE('',(#146),#1043,.F.);
#1092=ADVANCED_FACE('',(#147),#1044,.T.);
#1093=ADVANCED_FACE('',(#148),#1045,.T.);
#1094=ADVANCED_FACE('',(#149),#1046,.T.);
#1095=ADVANCED_FACE('',(#150),#1047,.T.);
#1096=ADVANCED_FACE('',(#151),#46,.T.);
#1097=ADVANCED_FACE('',(#152),#1048,.T.);
#1098=ADVANCED_FACE('',(#153,#61,#62,#63,#64,#65,#66,#67,#68,#69,#70,#71),
#1049,.F.);
#1099=ADVANCED_FACE('',(#154),#47,.T.);
#1100=ADVANCED_FACE('',(#155),#1050,.T.);
#1101=ADVANCED_FACE('',(#156),#48,.T.);
#1102=ADVANCED_FACE('',(#157),#1051,.T.);
#1103=ADVANCED_FACE('',(#158),#49,.T.);
#1104=ADVANCED_FACE('',(#159),#50,.F.);
#1105=ADVANCED_FACE('',(#160),#51,.F.);
#1106=ADVANCED_FACE('',(#161),#52,.F.);
#1107=ADVANCED_FACE('',(#162),#53,.F.);
#1108=ADVANCED_FACE('',(#163),#1052,.T.);
#1109=ADVANCED_FACE('',(#164,#72,#73,#74,#75,#76,#77,#78),#1053,.T.);
#1110=CLOSED_SHELL('',(#1054,#1055,#1056,#1057,#1058,#1059,#1060,#1061,
#1062,#1063,#1064,#1065,#1066,#1067,#1068,#1069,#1070,#1071,#1072,#1073,
#1074,#1075,#1076,#1077,#1078,#1079,#1080,#1081,#1082,#1083,#1084,#1085,
#1086,#1087,#1088,#1089,#1090,#1091,#1092,#1093,#1094,#1095,#1096,#1097,
#1098,#1099,#1100,#1101,#1102,#1103,#1104,#1105,#1106,#1107,#1108,#1109));
#1111=DERIVED_UNIT_ELEMENT(#1113,1.);
#1112=DERIVED_UNIT_ELEMENT(#2402,-3.);
#1113=(
MASS_UNIT()
NAMED_UNIT(*)
SI_UNIT(.KILO.,.GRAM.)
);
#1114=DERIVED_UNIT((#1111,#1112));
#1115=MEASURE_REPRESENTATION_ITEM('density measure',
POSITIVE_RATIO_MEASURE(2700.),#1114);
#1116=PROPERTY_DEFINITION_REPRESENTATION(#1121,#1118);
#1117=PROPERTY_DEFINITION_REPRESENTATION(#1122,#1119);
#1118=REPRESENTATION('material name',(#1120),#2397);
#1119=REPRESENTATION('density',(#1115),#2397);
#1120=DESCRIPTIVE_REPRESENTATION_ITEM('Aluminum 6061','Aluminum 6061');
#1121=PROPERTY_DEFINITION('material property','material name',#2410);
#1122=PROPERTY_DEFINITION('material property','density of part',#2410);
#1123=AXIS2_PLACEMENT_3D('',#1467,#1202,#1203);
#1124=AXIS2_PLACEMENT_3D('',#1468,#1204,#1205);
#1125=AXIS2_PLACEMENT_3D('',#1477,#1210,#1211);
#1126=AXIS2_PLACEMENT_3D('',#1483,#1215,#1216);
#1127=AXIS2_PLACEMENT_3D('',#1489,#1220,#1221);
#1128=AXIS2_PLACEMENT_3D('',#1492,#1224,#1225);
#1129=AXIS2_PLACEMENT_3D('',#1494,#1226,#1227);
#1130=AXIS2_PLACEMENT_3D('',#1496,#1228,#1229);
#1131=AXIS2_PLACEMENT_3D('',#1498,#1230,#1231);
#1132=AXIS2_PLACEMENT_3D('',#1500,#1232,#1233);
#1133=AXIS2_PLACEMENT_3D('',#1501,#1234,#1235);
#1134=AXIS2_PLACEMENT_3D('',#1510,#1240,#1241);
#1135=AXIS2_PLACEMENT_3D('',#1516,#1245,#1246);
#1136=AXIS2_PLACEMENT_3D('',#1522,#1250,#1251);
#1137=AXIS2_PLACEMENT_3D('',#1525,#1254,#1255);
#1138=AXIS2_PLACEMENT_3D('',#1527,#1256,#1257);
#1139=AXIS2_PLACEMENT_3D('',#1529,#1258,#1259);
#1140=AXIS2_PLACEMENT_3D('',#1531,#1260,#1261);
#1141=AXIS2_PLACEMENT_3D('',#1532,#1262,#1263);
#1142=AXIS2_PLACEMENT_3D('',#1535,#1265,#1266);
#1143=AXIS2_PLACEMENT_3D('',#1536,#1267,#1268);
#1144=AXIS2_PLACEMENT_3D('',#1539,#1270,#1271);
#1145=AXIS2_PLACEMENT_3D('',#1540,#1272,#1273);
#1146=AXIS2_PLACEMENT_3D('',#1543,#1275,#1276);
#1147=AXIS2_PLACEMENT_3D('',#1544,#1277,#1278);
#1148=AXIS2_PLACEMENT_3D('',#1547,#1280,#1281);
#1149=AXIS2_PLACEMENT_3D('',#1548,#1282,#1283);
#1150=AXIS2_PLACEMENT_3D('',#1551,#1285,#1286);
#1151=AXIS2_PLACEMENT_3D('',#1552,#1287,#1288);
#1152=AXIS2_PLACEMENT_3D('',#1555,#1290,#1291);
#1153=AXIS2_PLACEMENT_3D('',#1556,#1292,#1293);
#1154=AXIS2_PLACEMENT_3D('',#1559,#1295,#1296);
#1155=AXIS2_PLACEMENT_3D('',#1646,#1299,#1300);
#1156=AXIS2_PLACEMENT_3D('',#1736,#1305,#1306);
#1157=AXIS2_PLACEMENT_3D('',#1740,#1309,#1310);
#1158=AXIS2_PLACEMENT_3D('',#1830,#1315,#1316);
#1159=AXIS2_PLACEMENT_3D('',#1834,#1319,#1320);
#1160=AXIS2_PLACEMENT_3D('',#1838,#1323,#1324);
#1161=AXIS2_PLACEMENT_3D('',#1935,#1334,#1335);
#1162=AXIS2_PLACEMENT_3D('',#2023,#1339,#1340);
#1163=AXIS2_PLACEMENT_3D('',#2113,#1345,#1346);
#1164=AXIS2_PLACEMENT_3D('',#2117,#1349,#1350);
#1165=AXIS2_PLACEMENT_3D('',#2207,#1355,#1356);
#1166=AXIS2_PLACEMENT_3D('',#2211,#1359,#1360);
#1167=AXIS2_PLACEMENT_3D('',#2301,#1365,#1366);
#1168=AXIS2_PLACEMENT_3D('',#2305,#1369,#1370);
#1169=AXIS2_PLACEMENT_3D('',#2314,#1377,#1378);
#1170=AXIS2_PLACEMENT_3D('',#2317,#1381,#1382);
#1171=AXIS2_PLACEMENT_3D('',#2320,#1385,#1386);
#1172=AXIS2_PLACEMENT_3D('',#2321,#1387,#1388);
#1173=AXIS2_PLACEMENT_3D('',#2324,#1389,#1390);
#1174=AXIS2_PLACEMENT_3D('',#2328,#1392,#1393);
#1175=AXIS2_PLACEMENT_3D('',#2330,#1395,#1396);
#1176=AXIS2_PLACEMENT_3D('',#2336,#1400,#1401);
#1177=AXIS2_PLACEMENT_3D('',#2340,#1403,#1404);
#1178=AXIS2_PLACEMENT_3D('',#2344,#1406,#1407);
#1179=AXIS2_PLACEMENT_3D('',#2347,#1409,#1410);
#1180=AXIS2_PLACEMENT_3D('',#2349,#1411,#1412);
#1181=AXIS2_PLACEMENT_3D('',#2351,#1413,#1414);
#1182=AXIS2_PLACEMENT_3D('',#2353,#1415,#1416);
#1183=AXIS2_PLACEMENT_3D('',#2355,#1417,#1418);
#1184=AXIS2_PLACEMENT_3D('',#2356,#1419,#1420);
#1185=AXIS2_PLACEMENT_3D('',#2358,#1421,#1422);
#1186=AXIS2_PLACEMENT_3D('',#2360,#1424,#1425);
#1187=AXIS2_PLACEMENT_3D('',#2364,#1428,#1429);
#1188=AXIS2_PLACEMENT_3D('',#2366,#1430,#1431);
#1189=AXIS2_PLACEMENT_3D('',#2368,#1433,#1434);
#1190=AXIS2_PLACEMENT_3D('',#2372,#1437,#1438);
#1191=AXIS2_PLACEMENT_3D('',#2374,#1439,#1440);
#1192=AXIS2_PLACEMENT_3D('',#2376,#1442,#1443);
#1193=AXIS2_PLACEMENT_3D('',#2378,#1444,#1445);
#1194=AXIS2_PLACEMENT_3D('',#2380,#1447,#1448);
#1195=AXIS2_PLACEMENT_3D('',#2382,#1449,#1450);
#1196=AXIS2_PLACEMENT_3D('',#2384,#1452,#1453);
#1197=AXIS2_PLACEMENT_3D('',#2386,#1454,#1455);
#1198=AXIS2_PLACEMENT_3D('',#2388,#1457,#1458);
#1199=AXIS2_PLACEMENT_3D('',#2390,#1459,#1460);
#1200=AXIS2_PLACEMENT_3D('',#2392,#1462,#1463);
#1201=AXIS2_PLACEMENT_3D('',#2394,#1465,#1466);
#1202=DIRECTION('axis',(0.,0.,1.));
#1203=DIRECTION('refdir',(1.,0.,0.));
#1204=DIRECTION('center_axis',(-1.,0.,0.));
#1205=DIRECTION('ref_axis',(0.,-1.,0.));
#1206=DIRECTION('',(0.,1.,0.));
#1207=DIRECTION('',(0.,0.,1.));
#1208=DIRECTION('',(0.,-1.,0.));
#1209=DIRECTION('',(0.,0.,1.));
#1210=DIRECTION('center_axis',(0.,1.,0.));
#1211=DIRECTION('ref_axis',(-1.,0.,0.));
#1212=DIRECTION('',(1.,0.,0.));
#1213=DIRECTION('',(-1.,0.,0.));
#1214=DIRECTION('',(0.,0.,1.));
#1215=DIRECTION('center_axis',(1.,0.,0.));
#1216=DIRECTION('ref_axis',(0.,1.,0.));
#1217=DIRECTION('',(0.,-1.,0.));
#1218=DIRECTION('',(0.,1.,0.));
#1219=DIRECTION('',(0.,0.,1.));
#1220=DIRECTION('center_axis',(0.,-1.,0.));
#1221=DIRECTION('ref_axis',(1.,0.,0.));
#1222=DIRECTION('',(-1.,0.,0.));
#1223=DIRECTION('',(1.,0.,0.));
#1224=DIRECTION('center_axis',(0.,0.,1.));
#1225=DIRECTION('ref_axis',(-1.,0.,0.));
#1226=DIRECTION('center_axis',(0.,0.,-1.));
#1227=DIRECTION('ref_axis',(-1.,0.,0.));
#1228=DIRECTION('center_axis',(0.,0.,-1.));
#1229=DIRECTION('ref_axis',(-1.,0.,0.));
#1230=DIRECTION('center_axis',(0.,0.,-1.));
#1231=DIRECTION('ref_axis',(-1.,0.,0.));
#1232=DIRECTION('center_axis',(0.,0.,-1.));
#1233=DIRECTION('ref_axis',(-1.,0.,0.));
#1234=DIRECTION('center_axis',(-1.,0.,0.));
#1235=DIRECTION('ref_axis',(0.,-1.,0.));
#1236=DIRECTION('',(0.,1.,0.));
#1237=DIRECTION('',(0.,0.,1.));
#1238=DIRECTION('',(0.,-1.,0.));
#1239=DIRECTION('',(0.,0.,1.));
#1240=DIRECTION('center_axis',(0.,1.,0.));
#1241=DIRECTION('ref_axis',(-1.,0.,0.));
#1242=DIRECTION('',(1.,0.,0.));
#1243=DIRECTION('',(-1.,0.,0.));
#1244=DIRECTION('',(0.,0.,1.));
#1245=DIRECTION('center_axis',(1.,0.,0.));
#1246=DIRECTION('ref_axis',(0.,1.,0.));
#1247=DIRECTION('',(0.,-1.,0.));
#1248=DIRECTION('',(0.,1.,0.));
#1249=DIRECTION('',(0.,0.,1.));
#1250=DIRECTION('center_axis',(0.,-1.,0.));
#1251=DIRECTION('ref_axis',(1.,0.,0.));
#1252=DIRECTION('',(-1.,0.,0.));
#1253=DIRECTION('',(1.,0.,0.));
#1254=DIRECTION('center_axis',(0.,0.,1.));
#1255=DIRECTION('ref_axis',(-1.,0.,0.));
#1256=DIRECTION('center_axis',(0.,0.,-1.));
#1257=DIRECTION('ref_axis',(-1.,0.,0.));
#1258=DIRECTION('center_axis',(0.,0.,-1.));
#1259=DIRECTION('ref_axis',(-1.,0.,0.));
#1260=DIRECTION('center_axis',(0.,0.,-1.));
#1261=DIRECTION('ref_axis',(-1.,0.,0.));
#1262=DIRECTION('center_axis',(0.,0.,-1.));
#1263=DIRECTION('ref_axis',(-1.,0.,0.));
#1264=DIRECTION('',(0.,0.,-1.));
#1265=DIRECTION('center_axis',(0.,0.,1.));
#1266=DIRECTION('ref_axis',(-1.,0.,0.));
#1267=DIRECTION('center_axis',(0.,0.,-1.));
#1268=DIRECTION('ref_axis',(-1.,0.,0.));
#1269=DIRECTION('',(0.,0.,-1.));
#1270=DIRECTION('center_axis',(0.,0.,1.));
#1271=DIRECTION('ref_axis',(-1.,0.,0.));
#1272=DIRECTION('center_axis',(0.,0.,-1.));
#1273=DIRECTION('ref_axis',(-1.,0.,0.));
#1274=DIRECTION('',(0.,0.,-1.));
#1275=DIRECTION('center_axis',(0.,0.,1.));
#1276=DIRECTION('ref_axis',(-1.,0.,0.));
#1277=DIRECTION('center_axis',(0.,0.,-1.));
#1278=DIRECTION('ref_axis',(-1.,0.,0.));
#1279=DIRECTION('',(0.,0.,-1.));
#1280=DIRECTION('center_axis',(0.,0.,1.));
#1281=DIRECTION('ref_axis',(-1.,0.,0.));
#1282=DIRECTION('center_axis',(0.,0.,-1.));
#1283=DIRECTION('ref_axis',(-1.,0.,0.));
#1284=DIRECTION('',(0.,0.,-1.));
#1285=DIRECTION('center_axis',(0.,0.,1.));
#1286=DIRECTION('ref_axis',(-1.,0.,0.));
#1287=DIRECTION('center_axis',(0.,0.,-1.));
#1288=DIRECTION('ref_axis',(-1.,0.,0.));
#1289=DIRECTION('',(0.,0.,-1.));
#1290=DIRECTION('center_axis',(0.,0.,1.));
#1291=DIRECTION('ref_axis',(-1.,0.,0.));
#1292=DIRECTION('center_axis',(0.,0.,-1.));
#1293=DIRECTION('ref_axis',(-1.,0.,0.));
#1294=DIRECTION('',(0.,0.,-1.));
#1295=DIRECTION('center_axis',(0.,0.,1.));
#1296=DIRECTION('ref_axis',(-1.,0.,0.));
#1297=DIRECTION('',(0.,1.,0.));
#1298=DIRECTION('',(0.,-1.,0.));
#1299=DIRECTION('center_axis',(0.,-1.,0.));
#1300=DIRECTION('ref_axis',(1.,0.,0.));
#1301=DIRECTION('',(0.,0.,-1.));
#1302=DIRECTION('',(1.,0.,0.));
#1303=DIRECTION('',(0.,1.,0.));
#1304=DIRECTION('',(0.,-1.,0.));
#1305=DIRECTION('center_axis',(0.,-1.,0.));
#1306=DIRECTION('ref_axis',(1.,0.,0.));
#1307=DIRECTION('',(0.,0.,-1.));
#1308=DIRECTION('',(1.,0.,0.));
#1309=DIRECTION('center_axis',(0.,-1.,0.));
#1310=DIRECTION('ref_axis',(1.,0.,0.));
#1311=DIRECTION('',(0.,0.,1.));
#1312=DIRECTION('',(-1.,0.,0.));
#1313=DIRECTION('',(0.,1.,0.));
#1314=DIRECTION('',(0.,-1.,0.));
#1315=DIRECTION('center_axis',(0.,-1.,0.));
#1316=DIRECTION('ref_axis',(1.,0.,0.));
#1317=DIRECTION('',(0.,0.,-1.));
#1318=DIRECTION('',(1.,0.,0.));
#1319=DIRECTION('center_axis',(0.,-1.,0.));
#1320=DIRECTION('ref_axis',(1.,0.,0.));
#1321=DIRECTION('',(0.,0.,1.));
#1322=DIRECTION('',(-1.,0.,0.));
#1323=DIRECTION('center_axis',(1.,0.,0.));
#1324=DIRECTION('ref_axis',(0.,1.,0.));
#1325=DIRECTION('',(0.,-1.,0.));
#1326=DIRECTION('',(0.,-1.,0.));
#1327=DIRECTION('',(0.,-1.,0.));
#1328=DIRECTION('',(0.,0.,1.));
#1329=DIRECTION('',(0.,1.,0.));
#1330=DIRECTION('',(0.,0.,1.));
#1331=DIRECTION('',(0.,1.,0.));
#1332=DIRECTION('',(0.,0.,1.));
#1333=DIRECTION('',(0.,-1.,0.));
#1334=DIRECTION('center_axis',(0.,-1.,0.));
#1335=DIRECTION('ref_axis',(1.,0.,0.));
#1336=DIRECTION('',(-1.,0.,0.));
#1337=DIRECTION('',(0.,1.,0.));
#1338=DIRECTION('',(0.,-1.,0.));
#1339=DIRECTION('center_axis',(0.,1.,0.));
#1340=DIRECTION('ref_axis',(-1.,0.,0.));
#1341=DIRECTION('',(0.,0.,1.));
#1342=DIRECTION('',(1.,0.,0.));
#1343=DIRECTION('',(0.,1.,0.));
#1344=DIRECTION('',(0.,-1.,0.));
#1345=DIRECTION('center_axis',(0.,1.,0.));
#1346=DIRECTION('ref_axis',(-1.,0.,0.));
#1347=DIRECTION('',(0.,0.,1.));
#1348=DIRECTION('',(1.,0.,0.));
#1349=DIRECTION('center_axis',(0.,1.,0.));
#1350=DIRECTION('ref_axis',(-1.,0.,0.));
#1351=DIRECTION('',(0.,0.,-1.));
#1352=DIRECTION('',(-1.,0.,0.));
#1353=DIRECTION('',(0.,1.,0.));
#1354=DIRECTION('',(0.,-1.,0.));
#1355=DIRECTION('center_axis',(0.,1.,0.));
#1356=DIRECTION('ref_axis',(-1.,0.,0.));
#1357=DIRECTION('',(0.,0.,1.));
#1358=DIRECTION('',(1.,0.,0.));
#1359=DIRECTION('center_axis',(0.,1.,0.));
#1360=DIRECTION('ref_axis',(-1.,0.,0.));
#1361=DIRECTION('',(0.,0.,-1.));
#1362=DIRECTION('',(-1.,0.,0.));
#1363=DIRECTION('',(0.,1.,0.));
#1364=DIRECTION('',(0.,-1.,0.));
#1365=DIRECTION('center_axis',(0.,1.,0.));
#1366=DIRECTION('ref_axis',(-1.,0.,0.));
#1367=DIRECTION('',(0.,0.,-1.));
#1368=DIRECTION('',(-1.,0.,0.));
#1369=DIRECTION('center_axis',(-1.,0.,0.));
#1370=DIRECTION('ref_axis',(0.,-1.,0.));
#1371=DIRECTION('',(0.,0.,1.));
#1372=DIRECTION('',(0.,-1.,0.));
#1373=DIRECTION('',(0.,0.,1.));
#1374=DIRECTION('',(0.,1.,0.));
#1375=DIRECTION('',(0.,1.,0.));
#1376=DIRECTION('',(0.,1.,0.));
#1377=DIRECTION('center_axis',(0.,-1.,0.));
#1378=DIRECTION('ref_axis',(1.,0.,0.));
#1379=DIRECTION('',(-1.,0.,0.));
#1380=DIRECTION('',(1.,0.,0.));
#1381=DIRECTION('center_axis',(0.,1.,0.));
#1382=DIRECTION('ref_axis',(-1.,0.,0.));
#1383=DIRECTION('',(1.,0.,0.));
#1384=DIRECTION('',(-1.,0.,0.));
#1385=DIRECTION('center_axis',(0.,0.,1.));
#1386=DIRECTION('ref_axis',(1.,0.,0.));
#1387=DIRECTION('center_axis',(0.,0.,1.));
#1388=DIRECTION('ref_axis',(0.707106781186548,0.707106781186548,0.));
#1389=DIRECTION('center_axis',(0.,0.,-1.));
#1390=DIRECTION('ref_axis',(0.707106781186548,0.707106781186548,0.));
#1391=DIRECTION('',(0.,0.,-1.));
#1392=DIRECTION('center_axis',(0.,0.,1.));
#1393=DIRECTION('ref_axis',(0.707106781186548,0.707106781186548,0.));
#1394=DIRECTION('',(0.,0.,1.));
#1395=DIRECTION('center_axis',(0.,1.,0.));
#1396=DIRECTION('ref_axis',(-1.,0.,0.));
#1397=DIRECTION('',(-1.,0.,0.));
#1398=DIRECTION('',(0.,0.,-1.));
#1399=DIRECTION('',(-1.,0.,0.));
#1400=DIRECTION('center_axis',(0.,0.,1.));
#1401=DIRECTION('ref_axis',(1.,0.,0.));
#1402=DIRECTION('',(0.,1.,0.));
#1403=DIRECTION('center_axis',(0.,0.,1.));
#1404=DIRECTION('ref_axis',(0.707106781186548,-0.707106781186547,0.));
#1405=DIRECTION('',(1.,0.,0.));
#1406=DIRECTION('center_axis',(0.,0.,1.));
#1407=DIRECTION('ref_axis',(-0.707106781186547,-0.707106781186547,0.));
#1408=DIRECTION('',(0.,-1.,0.));
#1409=DIRECTION('center_axis',(0.,0.,1.));
#1410=DIRECTION('ref_axis',(-0.707106781186548,0.707106781186547,0.));
#1411=DIRECTION('center_axis',(0.,0.,-1.));
#1412=DIRECTION('ref_axis',(1.,0.,0.));
#1413=DIRECTION('center_axis',(0.,0.,-1.));
#1414=DIRECTION('ref_axis',(1.,0.,0.));
#1415=DIRECTION('center_axis',(0.,0.,-1.));
#1416=DIRECTION('ref_axis',(1.,0.,0.));
#1417=DIRECTION('center_axis',(0.,0.,-1.));
#1418=DIRECTION('ref_axis',(1.,0.,0.));
#1419=DIRECTION('center_axis',(0.,0.,1.));
#1420=DIRECTION('ref_axis',(-0.707106781186548,0.707106781186547,0.));
#1421=DIRECTION('center_axis',(0.,0.,-1.));
#1422=DIRECTION('ref_axis',(-0.707106781186548,0.707106781186547,0.));
#1423=DIRECTION('',(0.,0.,1.));
#1424=DIRECTION('center_axis',(-1.,0.,0.));
#1425=DIRECTION('ref_axis',(0.,-1.,0.));
#1426=DIRECTION('',(0.,0.,-1.));
#1427=DIRECTION('',(0.,-1.,0.));
#1428=DIRECTION('center_axis',(0.,0.,1.));
#1429=DIRECTION('ref_axis',(-0.707106781186547,-0.707106781186547,0.));
#1430=DIRECTION('center_axis',(0.,0.,-1.));
#1431=DIRECTION('ref_axis',(-0.707106781186547,-0.707106781186547,0.));
#1432=DIRECTION('',(0.,0.,1.));
#1433=DIRECTION('center_axis',(0.,-1.,0.));
#1434=DIRECTION('ref_axis',(1.,0.,0.));
#1435=DIRECTION('',(0.,0.,-1.));
#1436=DIRECTION('',(1.,0.,0.));
#1437=DIRECTION('center_axis',(0.,0.,1.));
#1438=DIRECTION('ref_axis',(0.707106781186548,-0.707106781186547,0.));
#1439=DIRECTION('center_axis',(0.,0.,-1.));
#1440=DIRECTION('ref_axis',(0.707106781186548,-0.707106781186547,0.));
#1441=DIRECTION('',(0.,0.,1.));
#1442=DIRECTION('center_axis',(0.,0.,1.));
#1443=DIRECTION('ref_axis',(1.,0.,0.));
#1444=DIRECTION('center_axis',(0.,0.,-1.));
#1445=DIRECTION('ref_axis',(1.,0.,0.));
#1446=DIRECTION('',(0.,0.,-1.));
#1447=DIRECTION('center_axis',(0.,0.,1.));
#1448=DIRECTION('ref_axis',(1.,0.,0.));
#1449=DIRECTION('center_axis',(0.,0.,-1.));
#1450=DIRECTION('ref_axis',(1.,0.,0.));
#1451=DIRECTION('',(0.,0.,-1.));
#1452=DIRECTION('center_axis',(0.,0.,1.));
#1453=DIRECTION('ref_axis',(1.,0.,0.));
#1454=DIRECTION('center_axis',(0.,0.,-1.));
#1455=DIRECTION('ref_axis',(1.,0.,0.));
#1456=DIRECTION('',(0.,0.,-1.));
#1457=DIRECTION('center_axis',(0.,0.,1.));
#1458=DIRECTION('ref_axis',(1.,0.,0.));
#1459=DIRECTION('center_axis',(0.,0.,-1.));
#1460=DIRECTION('ref_axis',(1.,0.,0.));
#1461=DIRECTION('',(0.,0.,-1.));
#1462=DIRECTION('center_axis',(1.,0.,0.));
#1463=DIRECTION('ref_axis',(0.,1.,0.));
#1464=DIRECTION('',(0.,1.,0.));
#1465=DIRECTION('center_axis',(0.,0.,1.));
#1466=DIRECTION('ref_axis',(1.,0.,0.));
#1467=CARTESIAN_POINT('',(0.,0.,0.));
#1468=CARTESIAN_POINT('Origin',(0.68,0.685,0.06));
#1469=CARTESIAN_POINT('',(0.68,0.285,0.06));
#1470=CARTESIAN_POINT('',(0.68,0.685,0.06));
#1471=CARTESIAN_POINT('',(0.68,0.5675,0.06));
#1472=CARTESIAN_POINT('',(0.68,0.285,0.061));
#1473=CARTESIAN_POINT('',(0.68,0.285,0.06));
#1474=CARTESIAN_POINT('',(0.68,0.685,0.061));
#1475=CARTESIAN_POINT('',(0.68,0.285,0.061));
#1476=CARTESIAN_POINT('',(0.68,0.685,0.06));
#1477=CARTESIAN_POINT('Origin',(0.78,0.685,0.06));
#1478=CARTESIAN_POINT('',(0.78,0.685,0.06));
#1479=CARTESIAN_POINT('',(0.62,0.685,0.06));
#1480=CARTESIAN_POINT('',(0.78,0.685,0.061));
#1481=CARTESIAN_POINT('',(0.68,0.685,0.061));
#1482=CARTESIAN_POINT('',(0.78,0.685,0.06));
#1483=CARTESIAN_POINT('Origin',(0.78,0.285,0.06));
#1484=CARTESIAN_POINT('',(0.78,0.285,0.06));
#1485=CARTESIAN_POINT('',(0.78,0.3675,0.06));
#1486=CARTESIAN_POINT('',(0.78,0.285,0.061));
#1487=CARTESIAN_POINT('',(0.78,0.685,0.061));
#1488=CARTESIAN_POINT('',(0.78,0.285,0.06));
#1489=CARTESIAN_POINT('Origin',(0.68,0.285,0.06));
#1490=CARTESIAN_POINT('',(0.57,0.285,0.06));
#1491=CARTESIAN_POINT('',(0.78,0.285,0.061));
#1492=CARTESIAN_POINT('Origin',(0.73,0.485,0.061));
#1493=CARTESIAN_POINT('',(0.7425,0.435,0.061));
#1494=CARTESIAN_POINT('Origin',(0.73,0.435,0.061));
#1495=CARTESIAN_POINT('',(0.7425,0.635,0.061));
#1496=CARTESIAN_POINT('Origin',(0.73,0.635,0.061));
#1497=CARTESIAN_POINT('',(0.7425,0.535,0.061));
#1498=CARTESIAN_POINT('Origin',(0.73,0.535,0.061));
#1499=CARTESIAN_POINT('',(0.7425,0.335,0.061));
#1500=CARTESIAN_POINT('Origin',(0.73,0.335,0.061));
#1501=CARTESIAN_POINT('Origin',(0.14,0.6,0.06));
#1502=CARTESIAN_POINT('',(0.14,0.3,0.06));
#1503=CARTESIAN_POINT('',(0.14,0.6,0.06));
#1504=CARTESIAN_POINT('',(0.14,0.525,0.06));
#1505=CARTESIAN_POINT('',(0.14,0.3,0.061));
#1506=CARTESIAN_POINT('',(0.14,0.3,0.06));
#1507=CARTESIAN_POINT('',(0.14,0.6,0.061));
#1508=CARTESIAN_POINT('',(0.14,0.3,0.061));
#1509=CARTESIAN_POINT('',(0.14,0.6,0.06));
#1510=CARTESIAN_POINT('Origin',(0.24,0.6,0.06));
#1511=CARTESIAN_POINT('',(0.24,0.6,0.06));
#1512=CARTESIAN_POINT('',(0.35,0.6,0.06));
#1513=CARTESIAN_POINT('',(0.24,0.6,0.061));
#1514=CARTESIAN_POINT('',(0.14,0.6,0.061));
#1515=CARTESIAN_POINT('',(0.24,0.6,0.06));
#1516=CARTESIAN_POINT('Origin',(0.24,0.3,0.06));
#1517=CARTESIAN_POINT('',(0.24,0.3,0.06));
#1518=CARTESIAN_POINT('',(0.24,0.375,0.06));
#1519=CARTESIAN_POINT('',(0.24,0.3,0.061));
#1520=CARTESIAN_POINT('',(0.24,0.6,0.061));
#1521=CARTESIAN_POINT('',(0.24,0.3,0.06));
#1522=CARTESIAN_POINT('Origin',(0.14,0.3,0.06));
#1523=CARTESIAN_POINT('',(0.3,0.3,0.06));
#1524=CARTESIAN_POINT('',(0.24,0.3,0.061));
#1525=CARTESIAN_POINT('Origin',(0.19,0.45,0.061));
#1526=CARTESIAN_POINT('',(0.2025,0.45,0.061));
#1527=CARTESIAN_POINT('Origin',(0.19,0.45,0.061));
#1528=CARTESIAN_POINT('',(0.2025,0.55,0.061));
#1529=CARTESIAN_POINT('Origin',(0.19,0.55,0.061));
#1530=CARTESIAN_POINT('',(0.2025,0.35,0.061));
#1531=CARTESIAN_POINT('Origin',(0.19,0.35,0.061));
#1532=CARTESIAN_POINT('Origin',(0.73,0.535,0.06));
#1533=CARTESIAN_POINT('',(0.7425,0.535,0.));
#1534=CARTESIAN_POINT('',(0.7425,0.535,0.06));
#1535=CARTESIAN_POINT('Origin',(0.73,0.535,0.));
#1536=CARTESIAN_POINT('Origin',(0.19,0.55,0.06));
#1537=CARTESIAN_POINT('',(0.2025,0.55,0.));
#1538=CARTESIAN_POINT('',(0.2025,0.55,0.06));
#1539=CARTESIAN_POINT('Origin',(0.19,0.55,0.));
#1540=CARTESIAN_POINT('Origin',(0.73,0.635,0.06));
#1541=CARTESIAN_POINT('',(0.7425,0.635,0.));
#1542=CARTESIAN_POINT('',(0.7425,0.635,0.06));
#1543=CARTESIAN_POINT('Origin',(0.73,0.635,0.));
#1544=CARTESIAN_POINT('Origin',(0.73,0.435,0.06));
#1545=CARTESIAN_POINT('',(0.7425,0.435,0.));
#1546=CARTESIAN_POINT('',(0.7425,0.435,0.06));
#1547=CARTESIAN_POINT('Origin',(0.73,0.435,0.));
#1548=CARTESIAN_POINT('Origin',(0.19,0.45,0.06));
#1549=CARTESIAN_POINT('',(0.2025,0.45,0.));
#1550=CARTESIAN_POINT('',(0.2025,0.45,0.06));
#1551=CARTESIAN_POINT('Origin',(0.19,0.45,0.));
#1552=CARTESIAN_POINT('Origin',(0.19,0.35,0.06));
#1553=CARTESIAN_POINT('',(0.2025,0.35,0.));
#1554=CARTESIAN_POINT('',(0.2025,0.35,0.06));
#1555=CARTESIAN_POINT('Origin',(0.19,0.35,0.));
#1556=CARTESIAN_POINT('Origin',(0.73,0.335,0.06));
#1557=CARTESIAN_POINT('',(0.7425,0.335,0.));
#1558=CARTESIAN_POINT('',(0.7425,0.335,0.06));
#1559=CARTESIAN_POINT('Origin',(0.73,0.335,0.));
#1560=CARTESIAN_POINT('Ctrl Pts',(0.54,0.375,0.0925));
#1561=CARTESIAN_POINT('Ctrl Pts',(0.54,0.35,0.0925));
#1562=CARTESIAN_POINT('Ctrl Pts',(0.541857665783182,0.375,0.0923109252955635));
#1563=CARTESIAN_POINT('Ctrl Pts',(0.541857665783182,0.35,0.0923109252955635));
#1564=CARTESIAN_POINT('Ctrl Pts',(0.545355739525909,0.375,0.0919116232338317));
#1565=CARTESIAN_POINT('Ctrl Pts',(0.545355739525909,0.35,0.0919116232338317));
#1566=CARTESIAN_POINT('Ctrl Pts',(0.549950415214307,0.375,0.0912496027889368));
#1567=CARTESIAN_POINT('Ctrl Pts',(0.549950415214307,0.35,0.0912496027889368));
#1568=CARTESIAN_POINT('Ctrl Pts',(0.554768027591556,0.375,0.0902364685565659));
#1569=CARTESIAN_POINT('Ctrl Pts',(0.554768027591556,0.35,0.0902364685565659));
#1570=CARTESIAN_POINT('Ctrl Pts',(0.558650769734866,0.375,0.088734573108185));
#1571=CARTESIAN_POINT('Ctrl Pts',(0.558650769734866,0.35,0.088734573108185));
#1572=CARTESIAN_POINT('Ctrl Pts',(0.5607290926499,0.375,0.0868892157626937));
#1573=CARTESIAN_POINT('Ctrl Pts',(0.5607290926499,0.35,0.0868892157626937));
#1574=CARTESIAN_POINT('Ctrl Pts',(0.56157286816112,0.375,0.0846013454075313));
#1575=CARTESIAN_POINT('Ctrl Pts',(0.56157286816112,0.35,0.0846013454075313));
#1576=CARTESIAN_POINT('Ctrl Pts',(0.56263630768647,0.375,0.0814712702507051));
#1577=CARTESIAN_POINT('Ctrl Pts',(0.56263630768647,0.35,0.0814712702507051));
#1578=CARTESIAN_POINT('Ctrl Pts',(0.565111389050337,0.375,0.0775530070217014));
#1579=CARTESIAN_POINT('Ctrl Pts',(0.565111389050337,0.35,0.0775530070217014));
#1580=CARTESIAN_POINT('Ctrl Pts',(0.568751874847043,0.375,0.0738208093949017));
#1581=CARTESIAN_POINT('Ctrl Pts',(0.568751874847043,0.35,0.0738208093949017));
#1582=CARTESIAN_POINT('Ctrl Pts',(0.572992835829398,0.375,0.0711564922711284));
#1583=CARTESIAN_POINT('Ctrl Pts',(0.572992835829398,0.35,0.0711564922711284));
#1584=CARTESIAN_POINT('Ctrl Pts',(0.577088391963463,0.375,0.0701647879699379));
#1585=CARTESIAN_POINT('Ctrl Pts',(0.577088391963463,0.35,0.0701647879699379));
#1586=CARTESIAN_POINT('Ctrl Pts',(0.580960043455777,0.375,0.0699629816933332));
#1587=CARTESIAN_POINT('Ctrl Pts',(0.580960043455777,0.35,0.0699629816933332));
#1588=CARTESIAN_POINT('Ctrl Pts',(0.584883345424618,0.375,0.0692676356517218));
#1589=CARTESIAN_POINT('Ctrl Pts',(0.584883345424618,0.35,0.0692676356517218));
#1590=CARTESIAN_POINT('Ctrl Pts',(0.588908327597042,0.375,0.0675934411915332));
#1591=CARTESIAN_POINT('Ctrl Pts',(0.588908327597042,0.35,0.0675934411915332));
#1592=CARTESIAN_POINT('Ctrl Pts',(0.592260653500583,0.375,0.0652232822664813));
#1593=CARTESIAN_POINT('Ctrl Pts',(0.592260653500583,0.35,0.0652232822664813));
#1594=CARTESIAN_POINT('Ctrl Pts',(0.594850436244752,0.375,0.0628451224725438));
#1595=CARTESIAN_POINT('Ctrl Pts',(0.594850436244752,0.35,0.0628451224725438));
#1596=CARTESIAN_POINT('Ctrl Pts',(0.596611147136819,0.375,0.0609927830987149));
#1597=CARTESIAN_POINT('Ctrl Pts',(0.596611147136819,0.35,0.0609927830987149));
#1598=CARTESIAN_POINT('Ctrl Pts',(0.5975,0.375,0.06));
#1599=CARTESIAN_POINT('Ctrl Pts',(0.5975,0.35,0.06));
#1600=CARTESIAN_POINT('',(0.54,0.375,0.0925));
#1601=CARTESIAN_POINT('',(0.5975,0.375,0.06));
#1602=CARTESIAN_POINT('Ctrl Pts',(0.54,0.375,0.0925));
#1603=CARTESIAN_POINT('Ctrl Pts',(0.541857665783182,0.375,0.0923109252955635));
#1604=CARTESIAN_POINT('Ctrl Pts',(0.545355739525909,0.375,0.0919116232338317));
#1605=CARTESIAN_POINT('Ctrl Pts',(0.549950415214307,0.375,0.0912496027889368));
#1606=CARTESIAN_POINT('Ctrl Pts',(0.554768027591556,0.375,0.0902364685565659));
#1607=CARTESIAN_POINT('Ctrl Pts',(0.558650769734866,0.375,0.088734573108185));
#1608=CARTESIAN_POINT('Ctrl Pts',(0.5607290926499,0.375,0.0868892157626937));
#1609=CARTESIAN_POINT('Ctrl Pts',(0.56157286816112,0.375,0.0846013454075313));
#1610=CARTESIAN_POINT('Ctrl Pts',(0.56263630768647,0.375,0.0814712702507051));
#1611=CARTESIAN_POINT('Ctrl Pts',(0.565111389050337,0.375,0.0775530070217014));
#1612=CARTESIAN_POINT('Ctrl Pts',(0.568751874847043,0.375,0.0738208093949017));
#1613=CARTESIAN_POINT('Ctrl Pts',(0.572992835829398,0.375,0.0711564922711284));
#1614=CARTESIAN_POINT('Ctrl Pts',(0.577088391963463,0.375,0.0701647879699379));
#1615=CARTESIAN_POINT('Ctrl Pts',(0.580960043455777,0.375,0.0699629816933332));
#1616=CARTESIAN_POINT('Ctrl Pts',(0.584883345424618,0.375,0.0692676356517218));
#1617=CARTESIAN_POINT('Ctrl Pts',(0.588908327597042,0.375,0.0675934411915332));
#1618=CARTESIAN_POINT('Ctrl Pts',(0.592260653500583,0.375,0.0652232822664813));
#1619=CARTESIAN_POINT('Ctrl Pts',(0.594850436244752,0.375,0.0628451224725438));
#1620=CARTESIAN_POINT('Ctrl Pts',(0.596611147136819,0.375,0.0609927830987149));
#1621=CARTESIAN_POINT('Ctrl Pts',(0.5975,0.375,0.06));
#1622=CARTESIAN_POINT('',(0.54,0.35,0.0925));
#1623=CARTESIAN_POINT('',(0.54,0.375,0.0925));
#1624=CARTESIAN_POINT('',(0.5975,0.35,0.06));
#1625=CARTESIAN_POINT('Ctrl Pts',(0.54,0.35,0.0925));
#1626=CARTESIAN_POINT('Ctrl Pts',(0.541857665783182,0.35,0.0923109252955635));
#1627=CARTESIAN_POINT('Ctrl Pts',(0.545355739525909,0.35,0.0919116232338317));
#1628=CARTESIAN_POINT('Ctrl Pts',(0.549950415214307,0.35,0.0912496027889368));
#1629=CARTESIAN_POINT('Ctrl Pts',(0.554768027591556,0.35,0.0902364685565659));
#1630=CARTESIAN_POINT('Ctrl Pts',(0.558650769734866,0.35,0.088734573108185));
#1631=CARTESIAN_POINT('Ctrl Pts',(0.5607290926499,0.35,0.0868892157626937));
#1632=CARTESIAN_POINT('Ctrl Pts',(0.56157286816112,0.35,0.0846013454075313));
#1633=CARTESIAN_POINT('Ctrl Pts',(0.56263630768647,0.35,0.0814712702507051));
#1634=CARTESIAN_POINT('Ctrl Pts',(0.565111389050337,0.35,0.0775530070217014));
#1635=CARTESIAN_POINT('Ctrl Pts',(0.568751874847043,0.35,0.0738208093949017));
#1636=CARTESIAN_POINT('Ctrl Pts',(0.572992835829398,0.35,0.0711564922711284));
#1637=CARTESIAN_POINT('Ctrl Pts',(0.577088391963463,0.35,0.0701647879699379));
#1638=CARTESIAN_POINT('Ctrl Pts',(0.580960043455777,0.35,0.0699629816933332));
#1639=CARTESIAN_POINT('Ctrl Pts',(0.584883345424618,0.35,0.0692676356517218));
#1640=CARTESIAN_POINT('Ctrl Pts',(0.588908327597042,0.35,0.0675934411915332));
#1641=CARTESIAN_POINT('Ctrl Pts',(0.592260653500583,0.35,0.0652232822664813));
#1642=CARTESIAN_POINT('Ctrl Pts',(0.594850436244752,0.35,0.0628451224725438));
#1643=CARTESIAN_POINT('Ctrl Pts',(0.596611147136819,0.35,0.0609927830987149));
#1644=CARTESIAN_POINT('Ctrl Pts',(0.5975,0.35,0.06));
#1645=CARTESIAN_POINT('',(0.5975,0.375,0.06));
#1646=CARTESIAN_POINT('Origin',(0.56875,0.375,0.07625));
#1647=CARTESIAN_POINT('',(0.54,0.375,0.06));
#1648=CARTESIAN_POINT('',(0.54,0.375,0.068125));
#1649=CARTESIAN_POINT('',(0.514375,0.375,0.06));
#1650=CARTESIAN_POINT('Ctrl Pts',(0.54,0.433333333333333,0.0925));
#1651=CARTESIAN_POINT('Ctrl Pts',(0.54,0.408333333333333,0.0925));
#1652=CARTESIAN_POINT('Ctrl Pts',(0.541857665783182,0.433333333333333,0.0923109252955635));
#1653=CARTESIAN_POINT('Ctrl Pts',(0.541857665783182,0.408333333333333,0.0923109252955635));
#1654=CARTESIAN_POINT('Ctrl Pts',(0.545355739525909,0.433333333333333,0.0919116232338317));
#1655=CARTESIAN_POINT('Ctrl Pts',(0.545355739525909,0.408333333333333,0.0919116232338317));
#1656=CARTESIAN_POINT('Ctrl Pts',(0.549950415214307,0.433333333333333,0.0912496027889368));
#1657=CARTESIAN_POINT('Ctrl Pts',(0.549950415214307,0.408333333333333,0.0912496027889368));
#1658=CARTESIAN_POINT('Ctrl Pts',(0.554768027591556,0.433333333333333,0.0902364685565659));
#1659=CARTESIAN_POINT('Ctrl Pts',(0.554768027591556,0.408333333333333,0.0902364685565659));
#1660=CARTESIAN_POINT('Ctrl Pts',(0.558650769734866,0.433333333333333,0.088734573108185));
#1661=CARTESIAN_POINT('Ctrl Pts',(0.558650769734866,0.408333333333333,0.088734573108185));
#1662=CARTESIAN_POINT('Ctrl Pts',(0.5607290926499,0.433333333333333,0.0868892157626937));
#1663=CARTESIAN_POINT('Ctrl Pts',(0.5607290926499,0.408333333333333,0.0868892157626937));
#1664=CARTESIAN_POINT('Ctrl Pts',(0.56157286816112,0.433333333333333,0.0846013454075313));
#1665=CARTESIAN_POINT('Ctrl Pts',(0.56157286816112,0.408333333333333,0.0846013454075313));
#1666=CARTESIAN_POINT('Ctrl Pts',(0.56263630768647,0.433333333333333,0.0814712702507051));
#1667=CARTESIAN_POINT('Ctrl Pts',(0.56263630768647,0.408333333333333,0.0814712702507051));
#1668=CARTESIAN_POINT('Ctrl Pts',(0.565111389050337,0.433333333333333,0.0775530070217014));
#1669=CARTESIAN_POINT('Ctrl Pts',(0.565111389050337,0.408333333333333,0.0775530070217014));
#1670=CARTESIAN_POINT('Ctrl Pts',(0.568751874847043,0.433333333333333,0.0738208093949017));
#1671=CARTESIAN_POINT('Ctrl Pts',(0.568751874847043,0.408333333333333,0.0738208093949017));
#1672=CARTESIAN_POINT('Ctrl Pts',(0.572992835829398,0.433333333333333,0.0711564922711284));
#1673=CARTESIAN_POINT('Ctrl Pts',(0.572992835829398,0.408333333333333,0.0711564922711284));
#1674=CARTESIAN_POINT('Ctrl Pts',(0.577088391963463,0.433333333333333,0.0701647879699379));
#1675=CARTESIAN_POINT('Ctrl Pts',(0.577088391963463,0.408333333333333,0.0701647879699379));
#1676=CARTESIAN_POINT('Ctrl Pts',(0.580960043455777,0.433333333333333,0.0699629816933332));
#1677=CARTESIAN_POINT('Ctrl Pts',(0.580960043455777,0.408333333333333,0.0699629816933332));
#1678=CARTESIAN_POINT('Ctrl Pts',(0.584883345424618,0.433333333333333,0.0692676356517218));
#1679=CARTESIAN_POINT('Ctrl Pts',(0.584883345424618,0.408333333333333,0.0692676356517218));
#1680=CARTESIAN_POINT('Ctrl Pts',(0.588908327597042,0.433333333333333,0.0675934411915332));
#1681=CARTESIAN_POINT('Ctrl Pts',(0.588908327597042,0.408333333333333,0.0675934411915332));
#1682=CARTESIAN_POINT('Ctrl Pts',(0.592260653500583,0.433333333333333,0.0652232822664813));
#1683=CARTESIAN_POINT('Ctrl Pts',(0.592260653500583,0.408333333333333,0.0652232822664813));
#1684=CARTESIAN_POINT('Ctrl Pts',(0.594850436244752,0.433333333333333,0.0628451224725438));
#1685=CARTESIAN_POINT('Ctrl Pts',(0.594850436244752,0.408333333333333,0.0628451224725438));
#1686=CARTESIAN_POINT('Ctrl Pts',(0.596611147136819,0.433333333333333,0.0609927830987149));
#1687=CARTESIAN_POINT('Ctrl Pts',(0.596611147136819,0.408333333333333,0.0609927830987149));
#1688=CARTESIAN_POINT('Ctrl Pts',(0.5975,0.433333333333333,0.06));
#1689=CARTESIAN_POINT('Ctrl Pts',(0.5975,0.408333333333333,0.06));
#1690=CARTESIAN_POINT('',(0.54,0.433333333333333,0.0925));
#1691=CARTESIAN_POINT('',(0.5975,0.433333333333333,0.06));
#1692=CARTESIAN_POINT('Ctrl Pts',(0.54,0.433333333333333,0.0925));
#1693=CARTESIAN_POINT('Ctrl Pts',(0.541857665783182,0.433333333333333,0.0923109252955635));
#1694=CARTESIAN_POINT('Ctrl Pts',(0.545355739525909,0.433333333333333,0.0919116232338317));
#1695=CARTESIAN_POINT('Ctrl Pts',(0.549950415214307,0.433333333333333,0.0912496027889368));
#1696=CARTESIAN_POINT('Ctrl Pts',(0.554768027591556,0.433333333333333,0.0902364685565659));
#1697=CARTESIAN_POINT('Ctrl Pts',(0.558650769734866,0.433333333333333,0.088734573108185));
#1698=CARTESIAN_POINT('Ctrl Pts',(0.5607290926499,0.433333333333333,0.0868892157626937));
#1699=CARTESIAN_POINT('Ctrl Pts',(0.56157286816112,0.433333333333333,0.0846013454075313));
#1700=CARTESIAN_POINT('Ctrl Pts',(0.56263630768647,0.433333333333333,0.0814712702507051));
#1701=CARTESIAN_POINT('Ctrl Pts',(0.565111389050337,0.433333333333333,0.0775530070217014));
#1702=CARTESIAN_POINT('Ctrl Pts',(0.568751874847043,0.433333333333333,0.0738208093949017));
#1703=CARTESIAN_POINT('Ctrl Pts',(0.572992835829398,0.433333333333333,0.0711564922711284));
#1704=CARTESIAN_POINT('Ctrl Pts',(0.577088391963463,0.433333333333333,0.0701647879699379));
#1705=CARTESIAN_POINT('Ctrl Pts',(0.580960043455777,0.433333333333333,0.0699629816933332));
#1706=CARTESIAN_POINT('Ctrl Pts',(0.584883345424618,0.433333333333333,0.0692676356517218));
#1707=CARTESIAN_POINT('Ctrl Pts',(0.588908327597042,0.433333333333333,0.0675934411915332));
#1708=CARTESIAN_POINT('Ctrl Pts',(0.592260653500583,0.433333333333333,0.0652232822664813));
#1709=CARTESIAN_POINT('Ctrl Pts',(0.594850436244752,0.433333333333333,0.0628451224725438));
#1710=CARTESIAN_POINT('Ctrl Pts',(0.596611147136819,0.433333333333333,0.0609927830987149));
#1711=CARTESIAN_POINT('Ctrl Pts',(0.5975,0.433333333333333,0.06));
#1712=CARTESIAN_POINT('',(0.54,0.408333333333333,0.0925));
#1713=CARTESIAN_POINT('',(0.54,0.433333333333333,0.0925));
#1714=CARTESIAN_POINT('',(0.5975,0.408333333333333,0.06));
#1715=CARTESIAN_POINT('Ctrl Pts',(0.54,0.408333333333333,0.0925));
#1716=CARTESIAN_POINT('Ctrl Pts',(0.541857665783182,0.408333333333333,0.0923109252955635));
#1717=CARTESIAN_POINT('Ctrl Pts',(0.545355739525909,0.408333333333333,0.0919116232338317));
#1718=CARTESIAN_POINT('Ctrl Pts',(0.549950415214307,0.408333333333333,0.0912496027889368));
#1719=CARTESIAN_POINT('Ctrl Pts',(0.554768027591556,0.408333333333333,0.0902364685565659));
#1720=CARTESIAN_POINT('Ctrl Pts',(0.558650769734866,0.408333333333333,0.088734573108185));
#1721=CARTESIAN_POINT('Ctrl Pts',(0.5607290926499,0.408333333333333,0.0868892157626937));
#1722=CARTESIAN_POINT('Ctrl Pts',(0.56157286816112,0.408333333333333,0.0846013454075313));
#1723=CARTESIAN_POINT('Ctrl Pts',(0.56263630768647,0.408333333333333,0.0814712702507051));
#1724=CARTESIAN_POINT('Ctrl Pts',(0.565111389050337,0.408333333333333,0.0775530070217014));
#1725=CARTESIAN_POINT('Ctrl Pts',(0.568751874847043,0.408333333333333,0.0738208093949017));
#1726=CARTESIAN_POINT('Ctrl Pts',(0.572992835829398,0.408333333333333,0.0711564922711284));
#1727=CARTESIAN_POINT('Ctrl Pts',(0.577088391963463,0.408333333333333,0.0701647879699379));
#1728=CARTESIAN_POINT('Ctrl Pts',(0.580960043455777,0.408333333333333,0.0699629816933332));
#1729=CARTESIAN_POINT('Ctrl Pts',(0.584883345424618,0.408333333333333,0.0692676356517218));
#1730=CARTESIAN_POINT('Ctrl Pts',(0.588908327597042,0.408333333333333,0.0675934411915332));
#1731=CARTESIAN_POINT('Ctrl Pts',(0.592260653500583,0.408333333333333,0.0652232822664813));
#1732=CARTESIAN_POINT('Ctrl Pts',(0.594850436244752,0.408333333333333,0.0628451224725438));
#1733=CARTESIAN_POINT('Ctrl Pts',(0.596611147136819,0.408333333333333,0.0609927830987149));
#1734=CARTESIAN_POINT('Ctrl Pts',(0.5975,0.408333333333333,0.06));
#1735=CARTESIAN_POINT('',(0.5975,0.433333333333333,0.06));
#1736=CARTESIAN_POINT('Origin',(0.56875,0.433333333333333,0.07625));
#1737=CARTESIAN_POINT('',(0.54,0.433333333333333,0.06));
#1738=CARTESIAN_POINT('',(0.54,0.433333333333333,0.068125));
#1739=CARTESIAN_POINT('',(0.514375,0.433333333333333,0.06));
#1740=CARTESIAN_POINT('Origin',(0.56875,0.408333333333333,0.07625));
#1741=CARTESIAN_POINT('',(0.54,0.408333333333333,0.06));
#1742=CARTESIAN_POINT('',(0.54,0.408333333333333,0.068125));
#1743=CARTESIAN_POINT('',(0.514375,0.408333333333333,0.06));
#1744=CARTESIAN_POINT('Ctrl Pts',(0.54,0.491666666666667,0.0925));
#1745=CARTESIAN_POINT('Ctrl Pts',(0.54,0.466666666666667,0.0925));
#1746=CARTESIAN_POINT('Ctrl Pts',(0.541857665783182,0.491666666666667,0.0923109252955635));
#1747=CARTESIAN_POINT('Ctrl Pts',(0.541857665783182,0.466666666666667,0.0923109252955635));
#1748=CARTESIAN_POINT('Ctrl Pts',(0.545355739525909,0.491666666666667,0.0919116232338317));
#1749=CARTESIAN_POINT('Ctrl Pts',(0.545355739525909,0.466666666666667,0.0919116232338317));
#1750=CARTESIAN_POINT('Ctrl Pts',(0.549950415214307,0.491666666666667,0.0912496027889368));
#1751=CARTESIAN_POINT('Ctrl Pts',(0.549950415214307,0.466666666666667,0.0912496027889368));
#1752=CARTESIAN_POINT('Ctrl Pts',(0.554768027591556,0.491666666666667,0.0902364685565659));
#1753=CARTESIAN_POINT('Ctrl Pts',(0.554768027591556,0.466666666666667,0.0902364685565659));
#1754=CARTESIAN_POINT('Ctrl Pts',(0.558650769734866,0.491666666666667,0.088734573108185));
#1755=CARTESIAN_POINT('Ctrl Pts',(0.558650769734866,0.466666666666667,0.088734573108185));
#1756=CARTESIAN_POINT('Ctrl Pts',(0.5607290926499,0.491666666666667,0.0868892157626937));
#1757=CARTESIAN_POINT('Ctrl Pts',(0.5607290926499,0.466666666666667,0.0868892157626937));
#1758=CARTESIAN_POINT('Ctrl Pts',(0.56157286816112,0.491666666666667,0.0846013454075313));
#1759=CARTESIAN_POINT('Ctrl Pts',(0.56157286816112,0.466666666666667,0.0846013454075313));
#1760=CARTESIAN_POINT('Ctrl Pts',(0.56263630768647,0.491666666666667,0.0814712702507051));
#1761=CARTESIAN_POINT('Ctrl Pts',(0.56263630768647,0.466666666666667,0.0814712702507051));
#1762=CARTESIAN_POINT('Ctrl Pts',(0.565111389050337,0.491666666666667,0.0775530070217014));
#1763=CARTESIAN_POINT('Ctrl Pts',(0.565111389050337,0.466666666666667,0.0775530070217014));
#1764=CARTESIAN_POINT('Ctrl Pts',(0.568751874847043,0.491666666666667,0.0738208093949017));
#1765=CARTESIAN_POINT('Ctrl Pts',(0.568751874847043,0.466666666666667,0.0738208093949017));
#1766=CARTESIAN_POINT('Ctrl Pts',(0.572992835829398,0.491666666666667,0.0711564922711284));
#1767=CARTESIAN_POINT('Ctrl Pts',(0.572992835829398,0.466666666666667,0.0711564922711284));
#1768=CARTESIAN_POINT('Ctrl Pts',(0.577088391963463,0.491666666666667,0.0701647879699379));
#1769=CARTESIAN_POINT('Ctrl Pts',(0.577088391963463,0.466666666666667,0.0701647879699379));
#1770=CARTESIAN_POINT('Ctrl Pts',(0.580960043455777,0.491666666666667,0.0699629816933332));
#1771=CARTESIAN_POINT('Ctrl Pts',(0.580960043455777,0.466666666666667,0.0699629816933332));
#1772=CARTESIAN_POINT('Ctrl Pts',(0.584883345424618,0.491666666666667,0.0692676356517218));
#1773=CARTESIAN_POINT('Ctrl Pts',(0.584883345424618,0.466666666666667,0.0692676356517218));
#1774=CARTESIAN_POINT('Ctrl Pts',(0.588908327597042,0.491666666666667,0.0675934411915332));
#1775=CARTESIAN_POINT('Ctrl Pts',(0.588908327597042,0.466666666666667,0.0675934411915332));
#1776=CARTESIAN_POINT('Ctrl Pts',(0.592260653500583,0.491666666666667,0.0652232822664813));
#1777=CARTESIAN_POINT('Ctrl Pts',(0.592260653500583,0.466666666666667,0.0652232822664813));
#1778=CARTESIAN_POINT('Ctrl Pts',(0.594850436244752,0.491666666666667,0.0628451224725438));
#1779=CARTESIAN_POINT('Ctrl Pts',(0.594850436244752,0.466666666666667,0.0628451224725438));
#1780=CARTESIAN_POINT('Ctrl Pts',(0.596611147136819,0.491666666666667,0.0609927830987149));
#1781=CARTESIAN_POINT('Ctrl Pts',(0.596611147136819,0.466666666666667,0.0609927830987149));
#1782=CARTESIAN_POINT('Ctrl Pts',(0.5975,0.491666666666667,0.06));
#1783=CARTESIAN_POINT('Ctrl Pts',(0.5975,0.466666666666667,0.06));
#1784=CARTESIAN_POINT('',(0.54,0.491666666666667,0.0925));
#1785=CARTESIAN_POINT('',(0.5975,0.491666666666667,0.06));
#1786=CARTESIAN_POINT('Ctrl Pts',(0.54,0.491666666666667,0.0925));
#1787=CARTESIAN_POINT('Ctrl Pts',(0.541857665783182,0.491666666666667,0.0923109252955635));
#1788=CARTESIAN_POINT('Ctrl Pts',(0.545355739525909,0.491666666666667,0.0919116232338317));
#1789=CARTESIAN_POINT('Ctrl Pts',(0.549950415214307,0.491666666666667,0.0912496027889368));
#1790=CARTESIAN_POINT('Ctrl Pts',(0.554768027591556,0.491666666666667,0.0902364685565659));
#1791=CARTESIAN_POINT('Ctrl Pts',(0.558650769734866,0.491666666666667,0.088734573108185));
#1792=CARTESIAN_POINT('Ctrl Pts',(0.5607290926499,0.491666666666667,0.0868892157626937));
#1793=CARTESIAN_POINT('Ctrl Pts',(0.56157286816112,0.491666666666667,0.0846013454075313));
#1794=CARTESIAN_POINT('Ctrl Pts',(0.56263630768647,0.491666666666667,0.0814712702507051));
#1795=CARTESIAN_POINT('Ctrl Pts',(0.565111389050337,0.491666666666667,0.0775530070217014));
#1796=CARTESIAN_POINT('Ctrl Pts',(0.568751874847043,0.491666666666667,0.0738208093949017));
#1797=CARTESIAN_POINT('Ctrl Pts',(0.572992835829398,0.491666666666667,0.0711564922711284));
#1798=CARTESIAN_POINT('Ctrl Pts',(0.577088391963463,0.491666666666667,0.0701647879699379));
#1799=CARTESIAN_POINT('Ctrl Pts',(0.580960043455777,0.491666666666667,0.0699629816933332));
#1800=CARTESIAN_POINT('Ctrl Pts',(0.584883345424618,0.491666666666667,0.0692676356517218));
#1801=CARTESIAN_POINT('Ctrl Pts',(0.588908327597042,0.491666666666667,0.0675934411915332));
#1802=CARTESIAN_POINT('Ctrl Pts',(0.592260653500583,0.491666666666667,0.0652232822664813));
#1803=CARTESIAN_POINT('Ctrl Pts',(0.594850436244752,0.491666666666667,0.0628451224725438));
#1804=CARTESIAN_POINT('Ctrl Pts',(0.596611147136819,0.491666666666667,0.0609927830987149));
#1805=CARTESIAN_POINT('Ctrl Pts',(0.5975,0.491666666666667,0.06));
#1806=CARTESIAN_POINT('',(0.54,0.466666666666667,0.0925));
#1807=CARTESIAN_POINT('',(0.54,0.491666666666667,0.0925));
#1808=CARTESIAN_POINT('',(0.5975,0.466666666666667,0.06));
#1809=CARTESIAN_POINT('Ctrl Pts',(0.54,0.466666666666667,0.0925));
#1810=CARTESIAN_POINT('Ctrl Pts',(0.541857665783182,0.466666666666667,0.0923109252955635));
#1811=CARTESIAN_POINT('Ctrl Pts',(0.545355739525909,0.466666666666667,0.0919116232338317));
#1812=CARTESIAN_POINT('Ctrl Pts',(0.549950415214307,0.466666666666667,0.0912496027889368));
#1813=CARTESIAN_POINT('Ctrl Pts',(0.554768027591556,0.466666666666667,0.0902364685565659));
#1814=CARTESIAN_POINT('Ctrl Pts',(0.558650769734866,0.466666666666667,0.088734573108185));
#1815=CARTESIAN_POINT('Ctrl Pts',(0.5607290926499,0.466666666666667,0.0868892157626937));
#1816=CARTESIAN_POINT('Ctrl Pts',(0.56157286816112,0.466666666666667,0.0846013454075313));
#1817=CARTESIAN_POINT('Ctrl Pts',(0.56263630768647,0.466666666666667,0.0814712702507051));
#1818=CARTESIAN_POINT('Ctrl Pts',(0.565111389050337,0.466666666666667,0.0775530070217014));
#1819=CARTESIAN_POINT('Ctrl Pts',(0.568751874847043,0.466666666666667,0.0738208093949017));
#1820=CARTESIAN_POINT('Ctrl Pts',(0.572992835829398,0.466666666666667,0.0711564922711284));
#1821=CARTESIAN_POINT('Ctrl Pts',(0.577088391963463,0.466666666666667,0.0701647879699379));
#1822=CARTESIAN_POINT('Ctrl Pts',(0.580960043455777,0.466666666666667,0.0699629816933332));
#1823=CARTESIAN_POINT('Ctrl Pts',(0.584883345424618,0.466666666666667,0.0692676356517218));
#1824=CARTESIAN_POINT('Ctrl Pts',(0.588908327597042,0.466666666666667,0.0675934411915332));
#1825=CARTESIAN_POINT('Ctrl Pts',(0.592260653500583,0.466666666666667,0.0652232822664813));
#1826=CARTESIAN_POINT('Ctrl Pts',(0.594850436244752,0.466666666666667,0.0628451224725438));
#1827=CARTESIAN_POINT('Ctrl Pts',(0.596611147136819,0.466666666666667,0.0609927830987149));
#1828=CARTESIAN_POINT('Ctrl Pts',(0.5975,0.466666666666667,0.06));
#1829=CARTESIAN_POINT('',(0.5975,0.491666666666667,0.06));
#1830=CARTESIAN_POINT('Origin',(0.56875,0.491666666666667,0.07625));
#1831=CARTESIAN_POINT('',(0.54,0.491666666666667,0.06));
#1832=CARTESIAN_POINT('',(0.54,0.491666666666667,0.068125));
#1833=CARTESIAN_POINT('',(0.514375,0.491666666666667,0.06));
#1834=CARTESIAN_POINT('Origin',(0.56875,0.466666666666667,0.07625));
#1835=CARTESIAN_POINT('',(0.54,0.466666666666667,0.06));
#1836=CARTESIAN_POINT('',(0.54,0.466666666666667,0.068125));
#1837=CARTESIAN_POINT('',(0.514375,0.466666666666667,0.06));
#1838=CARTESIAN_POINT('Origin',(0.54,0.35,0.06));
#1839=CARTESIAN_POINT('',(0.54,0.4,0.06));
#1840=CARTESIAN_POINT('',(0.54,0.4,0.06));
#1841=CARTESIAN_POINT('',(0.54,0.525,0.06));
#1842=CARTESIAN_POINT('',(0.54,0.4,0.06));
#1843=CARTESIAN_POINT('',(0.54,0.525,0.0925));
#1844=CARTESIAN_POINT('',(0.54,0.525,0.068125));
#1845=CARTESIAN_POINT('',(0.54,0.55,0.0925));
#1846=CARTESIAN_POINT('',(0.54,0.55,0.0925));
#1847=CARTESIAN_POINT('',(0.54,0.55,0.125));
#1848=CARTESIAN_POINT('',(0.54,0.55,0.06));
#1849=CARTESIAN_POINT('',(0.54,0.35,0.125));
#1850=CARTESIAN_POINT('',(0.54,0.35,0.125));
#1851=CARTESIAN_POINT('',(0.54,0.35,0.06));
#1852=CARTESIAN_POINT('Ctrl Pts',(0.54,0.55,0.0925));
#1853=CARTESIAN_POINT('Ctrl Pts',(0.54,0.525,0.0925));
#1854=CARTESIAN_POINT('Ctrl Pts',(0.541857665783182,0.55,0.0923109252955635));
#1855=CARTESIAN_POINT('Ctrl Pts',(0.541857665783182,0.525,0.0923109252955635));
#1856=CARTESIAN_POINT('Ctrl Pts',(0.545355739525909,0.55,0.0919116232338317));
#1857=CARTESIAN_POINT('Ctrl Pts',(0.545355739525909,0.525,0.0919116232338317));
#1858=CARTESIAN_POINT('Ctrl Pts',(0.549950415214307,0.55,0.0912496027889368));
#1859=CARTESIAN_POINT('Ctrl Pts',(0.549950415214307,0.525,0.0912496027889368));
#1860=CARTESIAN_POINT('Ctrl Pts',(0.554768027591556,0.55,0.0902364685565659));
#1861=CARTESIAN_POINT('Ctrl Pts',(0.554768027591556,0.525,0.0902364685565659));
#1862=CARTESIAN_POINT('Ctrl Pts',(0.558650769734866,0.55,0.088734573108185));
#1863=CARTESIAN_POINT('Ctrl Pts',(0.558650769734866,0.525,0.088734573108185));
#1864=CARTESIAN_POINT('Ctrl Pts',(0.5607290926499,0.55,0.0868892157626937));
#1865=CARTESIAN_POINT('Ctrl Pts',(0.5607290926499,0.525,0.0868892157626937));
#1866=CARTESIAN_POINT('Ctrl Pts',(0.56157286816112,0.55,0.0846013454075313));
#1867=CARTESIAN_POINT('Ctrl Pts',(0.56157286816112,0.525,0.0846013454075313));
#1868=CARTESIAN_POINT('Ctrl Pts',(0.56263630768647,0.55,0.0814712702507051));
#1869=CARTESIAN_POINT('Ctrl Pts',(0.56263630768647,0.525,0.0814712702507051));
#1870=CARTESIAN_POINT('Ctrl Pts',(0.565111389050337,0.55,0.0775530070217014));
#1871=CARTESIAN_POINT('Ctrl Pts',(0.565111389050337,0.525,0.0775530070217014));
#1872=CARTESIAN_POINT('Ctrl Pts',(0.568751874847043,0.55,0.0738208093949017));
#1873=CARTESIAN_POINT('Ctrl Pts',(0.568751874847043,0.525,0.0738208093949017));
#1874=CARTESIAN_POINT('Ctrl Pts',(0.572992835829398,0.55,0.0711564922711284));
#1875=CARTESIAN_POINT('Ctrl Pts',(0.572992835829398,0.525,0.0711564922711284));
#1876=CARTESIAN_POINT('Ctrl Pts',(0.577088391963463,0.55,0.0701647879699379));
#1877=CARTESIAN_POINT('Ctrl Pts',(0.577088391963463,0.525,0.0701647879699379));
#1878=CARTESIAN_POINT('Ctrl Pts',(0.580960043455777,0.55,0.0699629816933332));
#1879=CARTESIAN_POINT('Ctrl Pts',(0.580960043455777,0.525,0.0699629816933332));
#1880=CARTESIAN_POINT('Ctrl Pts',(0.584883345424618,0.55,0.0692676356517218));
#1881=CARTESIAN_POINT('Ctrl Pts',(0.584883345424618,0.525,0.0692676356517218));
#1882=CARTESIAN_POINT('Ctrl Pts',(0.588908327597042,0.55,0.0675934411915332));
#1883=CARTESIAN_POINT('Ctrl Pts',(0.588908327597042,0.525,0.0675934411915332));
#1884=CARTESIAN_POINT('Ctrl Pts',(0.592260653500583,0.55,0.0652232822664813));
#1885=CARTESIAN_POINT('Ctrl Pts',(0.592260653500583,0.525,0.0652232822664813));
#1886=CARTESIAN_POINT('Ctrl Pts',(0.594850436244752,0.55,0.0628451224725438));
#1887=CARTESIAN_POINT('Ctrl Pts',(0.594850436244752,0.525,0.0628451224725438));
#1888=CARTESIAN_POINT('Ctrl Pts',(0.596611147136819,0.55,0.0609927830987149));
#1889=CARTESIAN_POINT('Ctrl Pts',(0.596611147136819,0.525,0.0609927830987149));
#1890=CARTESIAN_POINT('Ctrl Pts',(0.5975,0.55,0.06));
#1891=CARTESIAN_POINT('Ctrl Pts',(0.5975,0.525,0.06));
#1892=CARTESIAN_POINT('',(0.5975,0.55,0.06));
#1893=CARTESIAN_POINT('Ctrl Pts',(0.54,0.55,0.0925));
#1894=CARTESIAN_POINT('Ctrl Pts',(0.541857665783182,0.55,0.0923109252955635));
#1895=CARTESIAN_POINT('Ctrl Pts',(0.545355739525909,0.55,0.0919116232338317));
#1896=CARTESIAN_POINT('Ctrl Pts',(0.549950415214307,0.55,0.0912496027889368));
#1897=CARTESIAN_POINT('Ctrl Pts',(0.554768027591556,0.55,0.0902364685565659));
#1898=CARTESIAN_POINT('Ctrl Pts',(0.558650769734866,0.55,0.088734573108185));
#1899=CARTESIAN_POINT('Ctrl Pts',(0.5607290926499,0.55,0.0868892157626937));
#1900=CARTESIAN_POINT('Ctrl Pts',(0.56157286816112,0.55,0.0846013454075313));
#1901=CARTESIAN_POINT('Ctrl Pts',(0.56263630768647,0.55,0.0814712702507051));
#1902=CARTESIAN_POINT('Ctrl Pts',(0.565111389050337,0.55,0.0775530070217014));
#1903=CARTESIAN_POINT('Ctrl Pts',(0.568751874847043,0.55,0.0738208093949017));
#1904=CARTESIAN_POINT('Ctrl Pts',(0.572992835829398,0.55,0.0711564922711284));
#1905=CARTESIAN_POINT('Ctrl Pts',(0.577088391963463,0.55,0.0701647879699379));
#1906=CARTESIAN_POINT('Ctrl Pts',(0.580960043455777,0.55,0.0699629816933332));
#1907=CARTESIAN_POINT('Ctrl Pts',(0.584883345424618,0.55,0.0692676356517218));
#1908=CARTESIAN_POINT('Ctrl Pts',(0.588908327597042,0.55,0.0675934411915332));
#1909=CARTESIAN_POINT('Ctrl Pts',(0.592260653500583,0.55,0.0652232822664813));
#1910=CARTESIAN_POINT('Ctrl Pts',(0.594850436244752,0.55,0.0628451224725438));
#1911=CARTESIAN_POINT('Ctrl Pts',(0.596611147136819,0.55,0.0609927830987149));
#1912=CARTESIAN_POINT('Ctrl Pts',(0.5975,0.55,0.06));
#1913=CARTESIAN_POINT('',(0.5975,0.525,0.06));
#1914=CARTESIAN_POINT('Ctrl Pts',(0.54,0.525,0.0925));
#1915=CARTESIAN_POINT('Ctrl Pts',(0.541857665783182,0.525,0.0923109252955635));
#1916=CARTESIAN_POINT('Ctrl Pts',(0.545355739525909,0.525,0.0919116232338317));
#1917=CARTESIAN_POINT('Ctrl Pts',(0.549950415214307,0.525,0.0912496027889368));
#1918=CARTESIAN_POINT('Ctrl Pts',(0.554768027591556,0.525,0.0902364685565659));
#1919=CARTESIAN_POINT('Ctrl Pts',(0.558650769734866,0.525,0.088734573108185));
#1920=CARTESIAN_POINT('Ctrl Pts',(0.5607290926499,0.525,0.0868892157626937));
#1921=CARTESIAN_POINT('Ctrl Pts',(0.56157286816112,0.525,0.0846013454075313));
#1922=CARTESIAN_POINT('Ctrl Pts',(0.56263630768647,0.525,0.0814712702507051));
#1923=CARTESIAN_POINT('Ctrl Pts',(0.565111389050337,0.525,0.0775530070217014));
#1924=CARTESIAN_POINT('Ctrl Pts',(0.568751874847043,0.525,0.0738208093949017));
#1925=CARTESIAN_POINT('Ctrl Pts',(0.572992835829398,0.525,0.0711564922711284));
#1926=CARTESIAN_POINT('Ctrl Pts',(0.577088391963463,0.525,0.0701647879699379));
#1927=CARTESIAN_POINT('Ctrl Pts',(0.580960043455777,0.525,0.0699629816933332));
#1928=CARTESIAN_POINT('Ctrl Pts',(0.584883345424618,0.525,0.0692676356517218));
#1929=CARTESIAN_POINT('Ctrl Pts',(0.588908327597042,0.525,0.0675934411915332));
#1930=CARTESIAN_POINT('Ctrl Pts',(0.592260653500583,0.525,0.0652232822664813));
#1931=CARTESIAN_POINT('Ctrl Pts',(0.594850436244752,0.525,0.0628451224725438));
#1932=CARTESIAN_POINT('Ctrl Pts',(0.596611147136819,0.525,0.0609927830987149));
#1933=CARTESIAN_POINT('Ctrl Pts',(0.5975,0.525,0.06));
#1934=CARTESIAN_POINT('',(0.5975,0.55,0.06));
#1935=CARTESIAN_POINT('Origin',(0.56875,0.525,0.07625));
#1936=CARTESIAN_POINT('',(0.514375,0.525,0.06));
#1937=CARTESIAN_POINT('Ctrl Pts',(0.38,0.375,0.0925));
#1938=CARTESIAN_POINT('Ctrl Pts',(0.38,0.35,0.0925));
#1939=CARTESIAN_POINT('Ctrl Pts',(0.378142334216818,0.375,0.0923109252955635));
#1940=CARTESIAN_POINT('Ctrl Pts',(0.378142334216818,0.35,0.0923109252955635));
#1941=CARTESIAN_POINT('Ctrl Pts',(0.37464426047409,0.375,0.0919116232338317));
#1942=CARTESIAN_POINT('Ctrl Pts',(0.37464426047409,0.35,0.0919116232338317));
#1943=CARTESIAN_POINT('Ctrl Pts',(0.370049584785693,0.375,0.0912496027889368));
#1944=CARTESIAN_POINT('Ctrl Pts',(0.370049584785693,0.35,0.0912496027889368));
#1945=CARTESIAN_POINT('Ctrl Pts',(0.365231972408444,0.375,0.0902364685565659));
#1946=CARTESIAN_POINT('Ctrl Pts',(0.365231972408444,0.35,0.0902364685565659));
#1947=CARTESIAN_POINT('Ctrl Pts',(0.361349230265134,0.375,0.088734573108185));
#1948=CARTESIAN_POINT('Ctrl Pts',(0.361349230265134,0.35,0.088734573108185));
#1949=CARTESIAN_POINT('Ctrl Pts',(0.3592709073501,0.375,0.0868892157626937));
#1950=CARTESIAN_POINT('Ctrl Pts',(0.3592709073501,0.35,0.0868892157626937));
#1951=CARTESIAN_POINT('Ctrl Pts',(0.35842713183888,0.375,0.0846013454075313));
#1952=CARTESIAN_POINT('Ctrl Pts',(0.35842713183888,0.35,0.0846013454075313));
#1953=CARTESIAN_POINT('Ctrl Pts',(0.35736369231353,0.375,0.0814712702507051));
#1954=CARTESIAN_POINT('Ctrl Pts',(0.35736369231353,0.35,0.0814712702507051));
#1955=CARTESIAN_POINT('Ctrl Pts',(0.354888610949663,0.375,0.0775530070217014));
#1956=CARTESIAN_POINT('Ctrl Pts',(0.354888610949663,0.35,0.0775530070217014));
#1957=CARTESIAN_POINT('Ctrl Pts',(0.351248125152957,0.375,0.0738208093949017));
#1958=CARTESIAN_POINT('Ctrl Pts',(0.351248125152957,0.35,0.0738208093949017));
#1959=CARTESIAN_POINT('Ctrl Pts',(0.347007164170603,0.375,0.0711564922711284));
#1960=CARTESIAN_POINT('Ctrl Pts',(0.347007164170603,0.35,0.0711564922711284));
#1961=CARTESIAN_POINT('Ctrl Pts',(0.342911608036537,0.375,0.0701647879699379));
#1962=CARTESIAN_POINT('Ctrl Pts',(0.342911608036537,0.35,0.0701647879699379));
#1963=CARTESIAN_POINT('Ctrl Pts',(0.339039956544223,0.375,0.0699629816933332));
#1964=CARTESIAN_POINT('Ctrl Pts',(0.339039956544223,0.35,0.0699629816933332));
#1965=CARTESIAN_POINT('Ctrl Pts',(0.335116654575382,0.375,0.0692676356517218));
#1966=CARTESIAN_POINT('Ctrl Pts',(0.335116654575382,0.35,0.0692676356517218));
#1967=CARTESIAN_POINT('Ctrl Pts',(0.331091672402958,0.375,0.0675934411915332));
#1968=CARTESIAN_POINT('Ctrl Pts',(0.331091672402958,0.35,0.0675934411915332));
#1969=CARTESIAN_POINT('Ctrl Pts',(0.327739346499417,0.375,0.0652232822664813));
#1970=CARTESIAN_POINT('Ctrl Pts',(0.327739346499417,0.35,0.0652232822664813));
#1971=CARTESIAN_POINT('Ctrl Pts',(0.325149563755248,0.375,0.0628451224725438));
#1972=CARTESIAN_POINT('Ctrl Pts',(0.325149563755248,0.35,0.0628451224725438));
#1973=CARTESIAN_POINT('Ctrl Pts',(0.323388852863181,0.375,0.0609927830987149));
#1974=CARTESIAN_POINT('Ctrl Pts',(0.323388852863181,0.35,0.0609927830987149));
#1975=CARTESIAN_POINT('Ctrl Pts',(0.3225,0.375,0.06));
#1976=CARTESIAN_POINT('Ctrl Pts',(0.3225,0.35,0.06));
#1977=CARTESIAN_POINT('',(0.38,0.375,0.0925));
#1978=CARTESIAN_POINT('',(0.3225,0.375,0.06));
#1979=CARTESIAN_POINT('Ctrl Pts',(0.38,0.375,0.0925));
#1980=CARTESIAN_POINT('Ctrl Pts',(0.378142334216818,0.375,0.0923109252955635));
#1981=CARTESIAN_POINT('Ctrl Pts',(0.37464426047409,0.375,0.0919116232338317));
#1982=CARTESIAN_POINT('Ctrl Pts',(0.370049584785693,0.375,0.0912496027889368));
#1983=CARTESIAN_POINT('Ctrl Pts',(0.365231972408444,0.375,0.0902364685565659));
#1984=CARTESIAN_POINT('Ctrl Pts',(0.361349230265134,0.375,0.088734573108185));
#1985=CARTESIAN_POINT('Ctrl Pts',(0.3592709073501,0.375,0.0868892157626937));
#1986=CARTESIAN_POINT('Ctrl Pts',(0.35842713183888,0.375,0.0846013454075313));
#1987=CARTESIAN_POINT('Ctrl Pts',(0.35736369231353,0.375,0.0814712702507051));
#1988=CARTESIAN_POINT('Ctrl Pts',(0.354888610949663,0.375,0.0775530070217014));
#1989=CARTESIAN_POINT('Ctrl Pts',(0.351248125152957,0.375,0.0738208093949017));
#1990=CARTESIAN_POINT('Ctrl Pts',(0.347007164170603,0.375,0.0711564922711284));
#1991=CARTESIAN_POINT('Ctrl Pts',(0.342911608036537,0.375,0.0701647879699379));
#1992=CARTESIAN_POINT('Ctrl Pts',(0.339039956544223,0.375,0.0699629816933332));
#1993=CARTESIAN_POINT('Ctrl Pts',(0.335116654575382,0.375,0.0692676356517218));
#1994=CARTESIAN_POINT('Ctrl Pts',(0.331091672402958,0.375,0.0675934411915332));
#1995=CARTESIAN_POINT('Ctrl Pts',(0.327739346499417,0.375,0.0652232822664813));
#1996=CARTESIAN_POINT('Ctrl Pts',(0.325149563755248,0.375,0.0628451224725438));
#1997=CARTESIAN_POINT('Ctrl Pts',(0.323388852863181,0.375,0.0609927830987149));
#1998=CARTESIAN_POINT('Ctrl Pts',(0.3225,0.375,0.06));
#1999=CARTESIAN_POINT('',(0.3225,0.35,0.06));
#2000=CARTESIAN_POINT('',(0.3225,0.375,0.06));
#2001=CARTESIAN_POINT('',(0.38,0.35,0.0925));
#2002=CARTESIAN_POINT('Ctrl Pts',(0.38,0.35,0.0925));
#2003=CARTESIAN_POINT('Ctrl Pts',(0.378142334216818,0.35,0.0923109252955635));
#2004=CARTESIAN_POINT('Ctrl Pts',(0.37464426047409,0.35,0.0919116232338317));
#2005=CARTESIAN_POINT('Ctrl Pts',(0.370049584785693,0.35,0.0912496027889368));
#2006=CARTESIAN_POINT('Ctrl Pts',(0.365231972408444,0.35,0.0902364685565659));
#2007=CARTESIAN_POINT('Ctrl Pts',(0.361349230265134,0.35,0.088734573108185));
#2008=CARTESIAN_POINT('Ctrl Pts',(0.3592709073501,0.35,0.0868892157626937));
#2009=CARTESIAN_POINT('Ctrl Pts',(0.35842713183888,0.35,0.0846013454075313));
#2010=CARTESIAN_POINT('Ctrl Pts',(0.35736369231353,0.35,0.0814712702507051));
#2011=CARTESIAN_POINT('Ctrl Pts',(0.354888610949663,0.35,0.0775530070217014));
#2012=CARTESIAN_POINT('Ctrl Pts',(0.351248125152957,0.35,0.0738208093949017));
#2013=CARTESIAN_POINT('Ctrl Pts',(0.347007164170603,0.35,0.0711564922711284));
#2014=CARTESIAN_POINT('Ctrl Pts',(0.342911608036537,0.35,0.0701647879699379));
#2015=CARTESIAN_POINT('Ctrl Pts',(0.339039956544223,0.35,0.0699629816933332));
#2016=CARTESIAN_POINT('Ctrl Pts',(0.335116654575382,0.35,0.0692676356517218));
#2017=CARTESIAN_POINT('Ctrl Pts',(0.331091672402958,0.35,0.0675934411915332));
#2018=CARTESIAN_POINT('Ctrl Pts',(0.327739346499417,0.35,0.0652232822664813));
#2019=CARTESIAN_POINT('Ctrl Pts',(0.325149563755248,0.35,0.0628451224725438));
#2020=CARTESIAN_POINT('Ctrl Pts',(0.323388852863181,0.35,0.0609927830987149));
#2021=CARTESIAN_POINT('Ctrl Pts',(0.3225,0.35,0.06));
#2022=CARTESIAN_POINT('',(0.38,0.375,0.0925));
#2023=CARTESIAN_POINT('Origin',(0.35125,0.375,0.07625));
#2024=CARTESIAN_POINT('',(0.38,0.375,0.06));
#2025=CARTESIAN_POINT('',(0.38,0.375,0.068125));
#2026=CARTESIAN_POINT('',(0.405625,0.375,0.06));
#2027=CARTESIAN_POINT('Ctrl Pts',(0.38,0.433333333333333,0.0925));
#2028=CARTESIAN_POINT('Ctrl Pts',(0.38,0.408333333333333,0.0925));
#2029=CARTESIAN_POINT('Ctrl Pts',(0.378142334216818,0.433333333333333,0.0923109252955635));
#2030=CARTESIAN_POINT('Ctrl Pts',(0.378142334216818,0.408333333333333,0.0923109252955635));
#2031=CARTESIAN_POINT('Ctrl Pts',(0.37464426047409,0.433333333333333,0.0919116232338317));
#2032=CARTESIAN_POINT('Ctrl Pts',(0.37464426047409,0.408333333333333,0.0919116232338317));
#2033=CARTESIAN_POINT('Ctrl Pts',(0.370049584785693,0.433333333333333,0.0912496027889368));
#2034=CARTESIAN_POINT('Ctrl Pts',(0.370049584785693,0.408333333333333,0.0912496027889368));
#2035=CARTESIAN_POINT('Ctrl Pts',(0.365231972408444,0.433333333333333,0.0902364685565659));
#2036=CARTESIAN_POINT('Ctrl Pts',(0.365231972408444,0.408333333333333,0.0902364685565659));
#2037=CARTESIAN_POINT('Ctrl Pts',(0.361349230265134,0.433333333333333,0.088734573108185));
#2038=CARTESIAN_POINT('Ctrl Pts',(0.361349230265134,0.408333333333333,0.088734573108185));
#2039=CARTESIAN_POINT('Ctrl Pts',(0.3592709073501,0.433333333333333,0.0868892157626937));
#2040=CARTESIAN_POINT('Ctrl Pts',(0.3592709073501,0.408333333333333,0.0868892157626937));
#2041=CARTESIAN_POINT('Ctrl Pts',(0.35842713183888,0.433333333333333,0.0846013454075313));
#2042=CARTESIAN_POINT('Ctrl Pts',(0.35842713183888,0.408333333333333,0.0846013454075313));
#2043=CARTESIAN_POINT('Ctrl Pts',(0.35736369231353,0.433333333333333,0.0814712702507051));
#2044=CARTESIAN_POINT('Ctrl Pts',(0.35736369231353,0.408333333333333,0.0814712702507051));
#2045=CARTESIAN_POINT('Ctrl Pts',(0.354888610949663,0.433333333333333,0.0775530070217014));
#2046=CARTESIAN_POINT('Ctrl Pts',(0.354888610949663,0.408333333333333,0.0775530070217014));
#2047=CARTESIAN_POINT('Ctrl Pts',(0.351248125152957,0.433333333333333,0.0738208093949017));
#2048=CARTESIAN_POINT('Ctrl Pts',(0.351248125152957,0.408333333333333,0.0738208093949017));
#2049=CARTESIAN_POINT('Ctrl Pts',(0.347007164170603,0.433333333333333,0.0711564922711284));
#2050=CARTESIAN_POINT('Ctrl Pts',(0.347007164170603,0.408333333333333,0.0711564922711284));
#2051=CARTESIAN_POINT('Ctrl Pts',(0.342911608036537,0.433333333333333,0.0701647879699379));
#2052=CARTESIAN_POINT('Ctrl Pts',(0.342911608036537,0.408333333333333,0.0701647879699379));
#2053=CARTESIAN_POINT('Ctrl Pts',(0.339039956544223,0.433333333333333,0.0699629816933332));
#2054=CARTESIAN_POINT('Ctrl Pts',(0.339039956544223,0.408333333333333,0.0699629816933332));
#2055=CARTESIAN_POINT('Ctrl Pts',(0.335116654575382,0.433333333333333,0.0692676356517218));
#2056=CARTESIAN_POINT('Ctrl Pts',(0.335116654575382,0.408333333333333,0.0692676356517218));
#2057=CARTESIAN_POINT('Ctrl Pts',(0.331091672402958,0.433333333333333,0.0675934411915332));
#2058=CARTESIAN_POINT('Ctrl Pts',(0.331091672402958,0.408333333333333,0.0675934411915332));
#2059=CARTESIAN_POINT('Ctrl Pts',(0.327739346499417,0.433333333333333,0.0652232822664813));
#2060=CARTESIAN_POINT('Ctrl Pts',(0.327739346499417,0.408333333333333,0.0652232822664813));
#2061=CARTESIAN_POINT('Ctrl Pts',(0.325149563755248,0.433333333333333,0.0628451224725438));
#2062=CARTESIAN_POINT('Ctrl Pts',(0.325149563755248,0.408333333333333,0.0628451224725438));
#2063=CARTESIAN_POINT('Ctrl Pts',(0.323388852863181,0.433333333333333,0.0609927830987149));
#2064=CARTESIAN_POINT('Ctrl Pts',(0.323388852863181,0.408333333333333,0.0609927830987149));
#2065=CARTESIAN_POINT('Ctrl Pts',(0.3225,0.433333333333333,0.06));
#2066=CARTESIAN_POINT('Ctrl Pts',(0.3225,0.408333333333333,0.06));
#2067=CARTESIAN_POINT('',(0.38,0.433333333333333,0.0925));
#2068=CARTESIAN_POINT('',(0.3225,0.433333333333333,0.06));
#2069=CARTESIAN_POINT('Ctrl Pts',(0.38,0.433333333333333,0.0925));
#2070=CARTESIAN_POINT('Ctrl Pts',(0.378142334216818,0.433333333333333,0.0923109252955635));
#2071=CARTESIAN_POINT('Ctrl Pts',(0.37464426047409,0.433333333333333,0.0919116232338317));
#2072=CARTESIAN_POINT('Ctrl Pts',(0.370049584785693,0.433333333333333,0.0912496027889368));
#2073=CARTESIAN_POINT('Ctrl Pts',(0.365231972408444,0.433333333333333,0.0902364685565659));
#2074=CARTESIAN_POINT('Ctrl Pts',(0.361349230265134,0.433333333333333,0.088734573108185));
#2075=CARTESIAN_POINT('Ctrl Pts',(0.3592709073501,0.433333333333333,0.0868892157626937));
#2076=CARTESIAN_POINT('Ctrl Pts',(0.35842713183888,0.433333333333333,0.0846013454075313));
#2077=CARTESIAN_POINT('Ctrl Pts',(0.35736369231353,0.433333333333333,0.0814712702507051));
#2078=CARTESIAN_POINT('Ctrl Pts',(0.354888610949663,0.433333333333333,0.0775530070217014));
#2079=CARTESIAN_POINT('Ctrl Pts',(0.351248125152957,0.433333333333333,0.0738208093949017));
#2080=CARTESIAN_POINT('Ctrl Pts',(0.347007164170603,0.433333333333333,0.0711564922711284));
#2081=CARTESIAN_POINT('Ctrl Pts',(0.342911608036537,0.433333333333333,0.0701647879699379));
#2082=CARTESIAN_POINT('Ctrl Pts',(0.339039956544223,0.433333333333333,0.0699629816933332));
#2083=CARTESIAN_POINT('Ctrl Pts',(0.335116654575382,0.433333333333333,0.0692676356517218));
#2084=CARTESIAN_POINT('Ctrl Pts',(0.331091672402958,0.433333333333333,0.0675934411915332));
#2085=CARTESIAN_POINT('Ctrl Pts',(0.327739346499417,0.433333333333333,0.0652232822664813));
#2086=CARTESIAN_POINT('Ctrl Pts',(0.325149563755248,0.433333333333333,0.0628451224725438));
#2087=CARTESIAN_POINT('Ctrl Pts',(0.323388852863181,0.433333333333333,0.0609927830987149));
#2088=CARTESIAN_POINT('Ctrl Pts',(0.3225,0.433333333333333,0.06));
#2089=CARTESIAN_POINT('',(0.3225,0.408333333333333,0.06));
#2090=CARTESIAN_POINT('',(0.3225,0.433333333333333,0.06));
#2091=CARTESIAN_POINT('',(0.38,0.408333333333333,0.0925));
#2092=CARTESIAN_POINT('Ctrl Pts',(0.38,0.408333333333333,0.0925));
#2093=CARTESIAN_POINT('Ctrl Pts',(0.378142334216818,0.408333333333333,0.0923109252955635));
#2094=CARTESIAN_POINT('Ctrl Pts',(0.37464426047409,0.408333333333333,0.0919116232338317));
#2095=CARTESIAN_POINT('Ctrl Pts',(0.370049584785693,0.408333333333333,0.0912496027889368));
#2096=CARTESIAN_POINT('Ctrl Pts',(0.365231972408444,0.408333333333333,0.0902364685565659));
#2097=CARTESIAN_POINT('Ctrl Pts',(0.361349230265134,0.408333333333333,0.088734573108185));
#2098=CARTESIAN_POINT('Ctrl Pts',(0.3592709073501,0.408333333333333,0.0868892157626937));
#2099=CARTESIAN_POINT('Ctrl Pts',(0.35842713183888,0.408333333333333,0.0846013454075313));
#2100=CARTESIAN_POINT('Ctrl Pts',(0.35736369231353,0.408333333333333,0.0814712702507051));
#2101=CARTESIAN_POINT('Ctrl Pts',(0.354888610949663,0.408333333333333,0.0775530070217014));
#2102=CARTESIAN_POINT('Ctrl Pts',(0.351248125152957,0.408333333333333,0.0738208093949017));
#2103=CARTESIAN_POINT('Ctrl Pts',(0.347007164170603,0.408333333333333,0.0711564922711284));
#2104=CARTESIAN_POINT('Ctrl Pts',(0.342911608036537,0.408333333333333,0.0701647879699379));
#2105=CARTESIAN_POINT('Ctrl Pts',(0.339039956544223,0.408333333333333,0.0699629816933332));
#2106=CARTESIAN_POINT('Ctrl Pts',(0.335116654575382,0.408333333333333,0.0692676356517218));
#2107=CARTESIAN_POINT('Ctrl Pts',(0.331091672402958,0.408333333333333,0.0675934411915332));
#2108=CARTESIAN_POINT('Ctrl Pts',(0.327739346499417,0.408333333333333,0.0652232822664813));
#2109=CARTESIAN_POINT('Ctrl Pts',(0.325149563755248,0.408333333333333,0.0628451224725438));
#2110=CARTESIAN_POINT('Ctrl Pts',(0.323388852863181,0.408333333333333,0.0609927830987149));
#2111=CARTESIAN_POINT('Ctrl Pts',(0.3225,0.408333333333333,0.06));
#2112=CARTESIAN_POINT('',(0.38,0.433333333333333,0.0925));
#2113=CARTESIAN_POINT('Origin',(0.35125,0.433333333333333,0.07625));
#2114=CARTESIAN_POINT('',(0.38,0.433333333333333,0.06));
#2115=CARTESIAN_POINT('',(0.38,0.433333333333333,0.068125));
#2116=CARTESIAN_POINT('',(0.405625,0.433333333333333,0.06));
#2117=CARTESIAN_POINT('Origin',(0.35125,0.408333333333333,0.07625));
#2118=CARTESIAN_POINT('',(0.38,0.408333333333333,0.06));
#2119=CARTESIAN_POINT('',(0.38,0.408333333333333,0.068125));
#2120=CARTESIAN_POINT('',(0.405625,0.408333333333333,0.06));
#2121=CARTESIAN_POINT('Ctrl Pts',(0.38,0.491666666666667,0.0925));
#2122=CARTESIAN_POINT('Ctrl Pts',(0.38,0.466666666666667,0.0925));
#2123=CARTESIAN_POINT('Ctrl Pts',(0.378142334216818,0.491666666666667,0.0923109252955635));
#2124=CARTESIAN_POINT('Ctrl Pts',(0.378142334216818,0.466666666666667,0.0923109252955635));
#2125=CARTESIAN_POINT('Ctrl Pts',(0.37464426047409,0.491666666666667,0.0919116232338317));
#2126=CARTESIAN_POINT('Ctrl Pts',(0.37464426047409,0.466666666666667,0.0919116232338317));
#2127=CARTESIAN_POINT('Ctrl Pts',(0.370049584785693,0.491666666666667,0.0912496027889368));
#2128=CARTESIAN_POINT('Ctrl Pts',(0.370049584785693,0.466666666666667,0.0912496027889368));
#2129=CARTESIAN_POINT('Ctrl Pts',(0.365231972408444,0.491666666666667,0.0902364685565659));
#2130=CARTESIAN_POINT('Ctrl Pts',(0.365231972408444,0.466666666666667,0.0902364685565659));
#2131=CARTESIAN_POINT('Ctrl Pts',(0.361349230265134,0.491666666666667,0.088734573108185));
#2132=CARTESIAN_POINT('Ctrl Pts',(0.361349230265134,0.466666666666667,0.088734573108185));
#2133=CARTESIAN_POINT('Ctrl Pts',(0.3592709073501,0.491666666666667,0.0868892157626937));
#2134=CARTESIAN_POINT('Ctrl Pts',(0.3592709073501,0.466666666666667,0.0868892157626937));
#2135=CARTESIAN_POINT('Ctrl Pts',(0.35842713183888,0.491666666666667,0.0846013454075313));
#2136=CARTESIAN_POINT('Ctrl Pts',(0.35842713183888,0.466666666666667,0.0846013454075313));
#2137=CARTESIAN_POINT('Ctrl Pts',(0.35736369231353,0.491666666666667,0.0814712702507051));
#2138=CARTESIAN_POINT('Ctrl Pts',(0.35736369231353,0.466666666666667,0.0814712702507051));
#2139=CARTESIAN_POINT('Ctrl Pts',(0.354888610949663,0.491666666666667,0.0775530070217014));
#2140=CARTESIAN_POINT('Ctrl Pts',(0.354888610949663,0.466666666666667,0.0775530070217014));
#2141=CARTESIAN_POINT('Ctrl Pts',(0.351248125152957,0.491666666666667,0.0738208093949017));
#2142=CARTESIAN_POINT('Ctrl Pts',(0.351248125152957,0.466666666666667,0.0738208093949017));
#2143=CARTESIAN_POINT('Ctrl Pts',(0.347007164170603,0.491666666666667,0.0711564922711284));
#2144=CARTESIAN_POINT('Ctrl Pts',(0.347007164170603,0.466666666666667,0.0711564922711284));
#2145=CARTESIAN_POINT('Ctrl Pts',(0.342911608036537,0.491666666666667,0.0701647879699379));
#2146=CARTESIAN_POINT('Ctrl Pts',(0.342911608036537,0.466666666666667,0.0701647879699379));
#2147=CARTESIAN_POINT('Ctrl Pts',(0.339039956544223,0.491666666666667,0.0699629816933332));
#2148=CARTESIAN_POINT('Ctrl Pts',(0.339039956544223,0.466666666666667,0.0699629816933332));
#2149=CARTESIAN_POINT('Ctrl Pts',(0.335116654575382,0.491666666666667,0.0692676356517218));
#2150=CARTESIAN_POINT('Ctrl Pts',(0.335116654575382,0.466666666666667,0.0692676356517218));
#2151=CARTESIAN_POINT('Ctrl Pts',(0.331091672402958,0.491666666666667,0.0675934411915332));
#2152=CARTESIAN_POINT('Ctrl Pts',(0.331091672402958,0.466666666666667,0.0675934411915332));
#2153=CARTESIAN_POINT('Ctrl Pts',(0.327739346499417,0.491666666666667,0.0652232822664813));
#2154=CARTESIAN_POINT('Ctrl Pts',(0.327739346499417,0.466666666666667,0.0652232822664813));
#2155=CARTESIAN_POINT('Ctrl Pts',(0.325149563755248,0.491666666666667,0.0628451224725438));
#2156=CARTESIAN_POINT('Ctrl Pts',(0.325149563755248,0.466666666666667,0.0628451224725438));
#2157=CARTESIAN_POINT('Ctrl Pts',(0.323388852863181,0.491666666666667,0.0609927830987149));
#2158=CARTESIAN_POINT('Ctrl Pts',(0.323388852863181,0.466666666666667,0.0609927830987149));
#2159=CARTESIAN_POINT('Ctrl Pts',(0.3225,0.491666666666667,0.06));
#2160=CARTESIAN_POINT('Ctrl Pts',(0.3225,0.466666666666667,0.06));
#2161=CARTESIAN_POINT('',(0.38,0.491666666666667,0.0925));
#2162=CARTESIAN_POINT('',(0.3225,0.491666666666667,0.06));
#2163=CARTESIAN_POINT('Ctrl Pts',(0.38,0.491666666666667,0.0925));
#2164=CARTESIAN_POINT('Ctrl Pts',(0.378142334216818,0.491666666666667,0.0923109252955635));
#2165=CARTESIAN_POINT('Ctrl Pts',(0.37464426047409,0.491666666666667,0.0919116232338317));
#2166=CARTESIAN_POINT('Ctrl Pts',(0.370049584785693,0.491666666666667,0.0912496027889368));
#2167=CARTESIAN_POINT('Ctrl Pts',(0.365231972408444,0.491666666666667,0.0902364685565659));
#2168=CARTESIAN_POINT('Ctrl Pts',(0.361349230265134,0.491666666666667,0.088734573108185));
#2169=CARTESIAN_POINT('Ctrl Pts',(0.3592709073501,0.491666666666667,0.0868892157626937));
#2170=CARTESIAN_POINT('Ctrl Pts',(0.35842713183888,0.491666666666667,0.0846013454075313));
#2171=CARTESIAN_POINT('Ctrl Pts',(0.35736369231353,0.491666666666667,0.0814712702507051));
#2172=CARTESIAN_POINT('Ctrl Pts',(0.354888610949663,0.491666666666667,0.0775530070217014));
#2173=CARTESIAN_POINT('Ctrl Pts',(0.351248125152957,0.491666666666667,0.0738208093949017));
#2174=CARTESIAN_POINT('Ctrl Pts',(0.347007164170603,0.491666666666667,0.0711564922711284));
#2175=CARTESIAN_POINT('Ctrl Pts',(0.342911608036537,0.491666666666667,0.0701647879699379));
#2176=CARTESIAN_POINT('Ctrl Pts',(0.339039956544223,0.491666666666667,0.0699629816933332));
#2177=CARTESIAN_POINT('Ctrl Pts',(0.335116654575382,0.491666666666667,0.0692676356517218));
#2178=CARTESIAN_POINT('Ctrl Pts',(0.331091672402958,0.491666666666667,0.0675934411915332));
#2179=CARTESIAN_POINT('Ctrl Pts',(0.327739346499417,0.491666666666667,0.0652232822664813));
#2180=CARTESIAN_POINT('Ctrl Pts',(0.325149563755248,0.491666666666667,0.0628451224725438));
#2181=CARTESIAN_POINT('Ctrl Pts',(0.323388852863181,0.491666666666667,0.0609927830987149));
#2182=CARTESIAN_POINT('Ctrl Pts',(0.3225,0.491666666666667,0.06));
#2183=CARTESIAN_POINT('',(0.3225,0.466666666666667,0.06));
#2184=CARTESIAN_POINT('',(0.3225,0.491666666666667,0.06));
#2185=CARTESIAN_POINT('',(0.38,0.466666666666667,0.0925));
#2186=CARTESIAN_POINT('Ctrl Pts',(0.38,0.466666666666667,0.0925));
#2187=CARTESIAN_POINT('Ctrl Pts',(0.378142334216818,0.466666666666667,0.0923109252955635));
#2188=CARTESIAN_POINT('Ctrl Pts',(0.37464426047409,0.466666666666667,0.0919116232338317));
#2189=CARTESIAN_POINT('Ctrl Pts',(0.370049584785693,0.466666666666667,0.0912496027889368));
#2190=CARTESIAN_POINT('Ctrl Pts',(0.365231972408444,0.466666666666667,0.0902364685565659));
#2191=CARTESIAN_POINT('Ctrl Pts',(0.361349230265134,0.466666666666667,0.088734573108185));
#2192=CARTESIAN_POINT('Ctrl Pts',(0.3592709073501,0.466666666666667,0.0868892157626937));
#2193=CARTESIAN_POINT('Ctrl Pts',(0.35842713183888,0.466666666666667,0.0846013454075313));
#2194=CARTESIAN_POINT('Ctrl Pts',(0.35736369231353,0.466666666666667,0.0814712702507051));
#2195=CARTESIAN_POINT('Ctrl Pts',(0.354888610949663,0.466666666666667,0.0775530070217014));
#2196=CARTESIAN_POINT('Ctrl Pts',(0.351248125152957,0.466666666666667,0.0738208093949017));
#2197=CARTESIAN_POINT('Ctrl Pts',(0.347007164170603,0.466666666666667,0.0711564922711284));
#2198=CARTESIAN_POINT('Ctrl Pts',(0.342911608036537,0.466666666666667,0.0701647879699379));
#2199=CARTESIAN_POINT('Ctrl Pts',(0.339039956544223,0.466666666666667,0.0699629816933332));
#2200=CARTESIAN_POINT('Ctrl Pts',(0.335116654575382,0.466666666666667,0.0692676356517218));
#2201=CARTESIAN_POINT('Ctrl Pts',(0.331091672402958,0.466666666666667,0.0675934411915332));
#2202=CARTESIAN_POINT('Ctrl Pts',(0.327739346499417,0.466666666666667,0.0652232822664813));
#2203=CARTESIAN_POINT('Ctrl Pts',(0.325149563755248,0.466666666666667,0.0628451224725438));
#2204=CARTESIAN_POINT('Ctrl Pts',(0.323388852863181,0.466666666666667,0.0609927830987149));
#2205=CARTESIAN_POINT('Ctrl Pts',(0.3225,0.466666666666667,0.06));
#2206=CARTESIAN_POINT('',(0.38,0.491666666666667,0.0925));
#2207=CARTESIAN_POINT('Origin',(0.35125,0.491666666666667,0.07625));
#2208=CARTESIAN_POINT('',(0.38,0.491666666666667,0.06));
#2209=CARTESIAN_POINT('',(0.38,0.491666666666667,0.068125));
#2210=CARTESIAN_POINT('',(0.405625,0.491666666666667,0.06));
#2211=CARTESIAN_POINT('Origin',(0.35125,0.466666666666667,0.07625));
#2212=CARTESIAN_POINT('',(0.38,0.466666666666667,0.06));
#2213=CARTESIAN_POINT('',(0.38,0.466666666666667,0.068125));
#2214=CARTESIAN_POINT('',(0.405625,0.466666666666667,0.06));
#2215=CARTESIAN_POINT('Ctrl Pts',(0.38,0.55,0.0925));
#2216=CARTESIAN_POINT('Ctrl Pts',(0.38,0.525,0.0925));
#2217=CARTESIAN_POINT('Ctrl Pts',(0.378142334216818,0.55,0.0923109252955635));
#2218=CARTESIAN_POINT('Ctrl Pts',(0.378142334216818,0.525,0.0923109252955635));
#2219=CARTESIAN_POINT('Ctrl Pts',(0.37464426047409,0.55,0.0919116232338317));
#2220=CARTESIAN_POINT('Ctrl Pts',(0.37464426047409,0.525,0.0919116232338317));
#2221=CARTESIAN_POINT('Ctrl Pts',(0.370049584785693,0.55,0.0912496027889368));
#2222=CARTESIAN_POINT('Ctrl Pts',(0.370049584785693,0.525,0.0912496027889368));
#2223=CARTESIAN_POINT('Ctrl Pts',(0.365231972408444,0.55,0.0902364685565659));
#2224=CARTESIAN_POINT('Ctrl Pts',(0.365231972408444,0.525,0.0902364685565659));
#2225=CARTESIAN_POINT('Ctrl Pts',(0.361349230265134,0.55,0.088734573108185));
#2226=CARTESIAN_POINT('Ctrl Pts',(0.361349230265134,0.525,0.088734573108185));
#2227=CARTESIAN_POINT('Ctrl Pts',(0.3592709073501,0.55,0.0868892157626937));
#2228=CARTESIAN_POINT('Ctrl Pts',(0.3592709073501,0.525,0.0868892157626937));
#2229=CARTESIAN_POINT('Ctrl Pts',(0.35842713183888,0.55,0.0846013454075313));
#2230=CARTESIAN_POINT('Ctrl Pts',(0.35842713183888,0.525,0.0846013454075313));
#2231=CARTESIAN_POINT('Ctrl Pts',(0.35736369231353,0.55,0.0814712702507051));
#2232=CARTESIAN_POINT('Ctrl Pts',(0.35736369231353,0.525,0.0814712702507051));
#2233=CARTESIAN_POINT('Ctrl Pts',(0.354888610949663,0.55,0.0775530070217014));
#2234=CARTESIAN_POINT('Ctrl Pts',(0.354888610949663,0.525,0.0775530070217014));
#2235=CARTESIAN_POINT('Ctrl Pts',(0.351248125152957,0.55,0.0738208093949017));
#2236=CARTESIAN_POINT('Ctrl Pts',(0.351248125152957,0.525,0.0738208093949017));
#2237=CARTESIAN_POINT('Ctrl Pts',(0.347007164170603,0.55,0.0711564922711284));
#2238=CARTESIAN_POINT('Ctrl Pts',(0.347007164170603,0.525,0.0711564922711284));
#2239=CARTESIAN_POINT('Ctrl Pts',(0.342911608036537,0.55,0.0701647879699379));
#2240=CARTESIAN_POINT('Ctrl Pts',(0.342911608036537,0.525,0.0701647879699379));
#2241=CARTESIAN_POINT('Ctrl Pts',(0.339039956544223,0.55,0.0699629816933332));
#2242=CARTESIAN_POINT('Ctrl Pts',(0.339039956544223,0.525,0.0699629816933332));
#2243=CARTESIAN_POINT('Ctrl Pts',(0.335116654575382,0.55,0.0692676356517218));
#2244=CARTESIAN_POINT('Ctrl Pts',(0.335116654575382,0.525,0.0692676356517218));
#2245=CARTESIAN_POINT('Ctrl Pts',(0.331091672402958,0.55,0.0675934411915332));
#2246=CARTESIAN_POINT('Ctrl Pts',(0.331091672402958,0.525,0.0675934411915332));
#2247=CARTESIAN_POINT('Ctrl Pts',(0.327739346499417,0.55,0.0652232822664813));
#2248=CARTESIAN_POINT('Ctrl Pts',(0.327739346499417,0.525,0.0652232822664813));
#2249=CARTESIAN_POINT('Ctrl Pts',(0.325149563755248,0.55,0.0628451224725438));
#2250=CARTESIAN_POINT('Ctrl Pts',(0.325149563755248,0.525,0.0628451224725438));
#2251=CARTESIAN_POINT('Ctrl Pts',(0.323388852863181,0.55,0.0609927830987149));
#2252=CARTESIAN_POINT('Ctrl Pts',(0.323388852863181,0.525,0.0609927830987149));
#2253=CARTESIAN_POINT('Ctrl Pts',(0.3225,0.55,0.06));
#2254=CARTESIAN_POINT('Ctrl Pts',(0.3225,0.525,0.06));
#2255=CARTESIAN_POINT('',(0.38,0.55,0.0925));
#2256=CARTESIAN_POINT('',(0.3225,0.55,0.06));
#2257=CARTESIAN_POINT('Ctrl Pts',(0.38,0.55,0.0925));
#2258=CARTESIAN_POINT('Ctrl Pts',(0.378142334216818,0.55,0.0923109252955635));
#2259=CARTESIAN_POINT('Ctrl Pts',(0.37464426047409,0.55,0.0919116232338317));
#2260=CARTESIAN_POINT('Ctrl Pts',(0.370049584785693,0.55,0.0912496027889368));
#2261=CARTESIAN_POINT('Ctrl Pts',(0.365231972408444,0.55,0.0902364685565659));
#2262=CARTESIAN_POINT('Ctrl Pts',(0.361349230265134,0.55,0.088734573108185));
#2263=CARTESIAN_POINT('Ctrl Pts',(0.3592709073501,0.55,0.0868892157626937));
#2264=CARTESIAN_POINT('Ctrl Pts',(0.35842713183888,0.55,0.0846013454075313));
#2265=CARTESIAN_POINT('Ctrl Pts',(0.35736369231353,0.55,0.0814712702507051));
#2266=CARTESIAN_POINT('Ctrl Pts',(0.354888610949663,0.55,0.0775530070217014));
#2267=CARTESIAN_POINT('Ctrl Pts',(0.351248125152957,0.55,0.0738208093949017));
#2268=CARTESIAN_POINT('Ctrl Pts',(0.347007164170603,0.55,0.0711564922711284));
#2269=CARTESIAN_POINT('Ctrl Pts',(0.342911608036537,0.55,0.0701647879699379));
#2270=CARTESIAN_POINT('Ctrl Pts',(0.339039956544223,0.55,0.0699629816933332));
#2271=CARTESIAN_POINT('Ctrl Pts',(0.335116654575382,0.55,0.0692676356517218));
#2272=CARTESIAN_POINT('Ctrl Pts',(0.331091672402958,0.55,0.0675934411915332));
#2273=CARTESIAN_POINT('Ctrl Pts',(0.327739346499417,0.55,0.0652232822664813));
#2274=CARTESIAN_POINT('Ctrl Pts',(0.325149563755248,0.55,0.0628451224725438));
#2275=CARTESIAN_POINT('Ctrl Pts',(0.323388852863181,0.55,0.0609927830987149));
#2276=CARTESIAN_POINT('Ctrl Pts',(0.3225,0.55,0.06));
#2277=CARTESIAN_POINT('',(0.3225,0.525,0.06));
#2278=CARTESIAN_POINT('',(0.3225,0.55,0.06));
#2279=CARTESIAN_POINT('',(0.38,0.525,0.0925));
#2280=CARTESIAN_POINT('Ctrl Pts',(0.38,0.525,0.0925));
#2281=CARTESIAN_POINT('Ctrl Pts',(0.378142334216818,0.525,0.0923109252955635));
#2282=CARTESIAN_POINT('Ctrl Pts',(0.37464426047409,0.525,0.0919116232338317));
#2283=CARTESIAN_POINT('Ctrl Pts',(0.370049584785693,0.525,0.0912496027889368));
#2284=CARTESIAN_POINT('Ctrl Pts',(0.365231972408444,0.525,0.0902364685565659));
#2285=CARTESIAN_POINT('Ctrl Pts',(0.361349230265134,0.525,0.088734573108185));
#2286=CARTESIAN_POINT('Ctrl Pts',(0.3592709073501,0.525,0.0868892157626937));
#2287=CARTESIAN_POINT('Ctrl Pts',(0.35842713183888,0.525,0.0846013454075313));
#2288=CARTESIAN_POINT('Ctrl Pts',(0.35736369231353,0.525,0.0814712702507051));
#2289=CARTESIAN_POINT('Ctrl Pts',(0.354888610949663,0.525,0.0775530070217014));
#2290=CARTESIAN_POINT('Ctrl Pts',(0.351248125152957,0.525,0.0738208093949017));
#2291=CARTESIAN_POINT('Ctrl Pts',(0.347007164170603,0.525,0.0711564922711284));
#2292=CARTESIAN_POINT('Ctrl Pts',(0.342911608036537,0.525,0.0701647879699379));
#2293=CARTESIAN_POINT('Ctrl Pts',(0.339039956544223,0.525,0.0699629816933332));
#2294=CARTESIAN_POINT('Ctrl Pts',(0.335116654575382,0.525,0.0692676356517218));
#2295=CARTESIAN_POINT('Ctrl Pts',(0.331091672402958,0.525,0.0675934411915332));
#2296=CARTESIAN_POINT('Ctrl Pts',(0.327739346499417,0.525,0.0652232822664813));
#2297=CARTESIAN_POINT('Ctrl Pts',(0.325149563755248,0.525,0.0628451224725438));
#2298=CARTESIAN_POINT('Ctrl Pts',(0.323388852863181,0.525,0.0609927830987149));
#2299=CARTESIAN_POINT('Ctrl Pts',(0.3225,0.525,0.06));
#2300=CARTESIAN_POINT('',(0.38,0.55,0.0925));
#2301=CARTESIAN_POINT('Origin',(0.35125,0.525,0.07625));
#2302=CARTESIAN_POINT('',(0.38,0.525,0.06));
#2303=CARTESIAN_POINT('',(0.38,0.525,0.068125));
#2304=CARTESIAN_POINT('',(0.405625,0.525,0.06));
#2305=CARTESIAN_POINT('Origin',(0.38,0.55,0.06));
#2306=CARTESIAN_POINT('',(0.38,0.35,0.125));
#2307=CARTESIAN_POINT('',(0.38,0.35,0.06));
#2308=CARTESIAN_POINT('',(0.38,0.55,0.125));
#2309=CARTESIAN_POINT('',(0.38,0.55,0.125));
#2310=CARTESIAN_POINT('',(0.38,0.55,0.06));
#2311=CARTESIAN_POINT('',(0.38,0.5,0.06));
#2312=CARTESIAN_POINT('',(0.38,0.5,0.06));
#2313=CARTESIAN_POINT('',(0.38,0.5,0.06));
#2314=CARTESIAN_POINT('Origin',(0.38,0.35,0.06));
#2315=CARTESIAN_POINT('',(0.42,0.35,0.06));
#2316=CARTESIAN_POINT('',(0.38,0.35,0.125));
#2317=CARTESIAN_POINT('Origin',(0.54,0.55,0.06));
#2318=CARTESIAN_POINT('',(0.405625,0.55,0.06));
#2319=CARTESIAN_POINT('',(0.54,0.55,0.125));
#2320=CARTESIAN_POINT('Origin',(0.46,0.45,0.125));
#2321=CARTESIAN_POINT('Origin',(0.82,0.8,0.));
#2322=CARTESIAN_POINT('',(0.82,0.9,0.06));
#2323=CARTESIAN_POINT('',(0.92,0.8,0.06));
#2324=CARTESIAN_POINT('Origin',(0.82,0.8,0.06));
#2325=CARTESIAN_POINT('',(0.92,0.8,0.));
#2326=CARTESIAN_POINT('',(0.92,0.8,0.));
#2327=CARTESIAN_POINT('',(0.82,0.9,0.));
#2328=CARTESIAN_POINT('Origin',(0.82,0.8,0.));
#2329=CARTESIAN_POINT('',(0.82,0.9,0.));
#2330=CARTESIAN_POINT('Origin',(0.92,0.9,0.));
#2331=CARTESIAN_POINT('',(0.1,0.9,0.));
#2332=CARTESIAN_POINT('',(0.92,0.9,0.));
#2333=CARTESIAN_POINT('',(0.1,0.9,0.06));
#2334=CARTESIAN_POINT('',(0.1,0.9,0.));
#2335=CARTESIAN_POINT('',(0.92,0.9,0.06));
#2336=CARTESIAN_POINT('Origin',(0.46,0.45,0.));
#2337=CARTESIAN_POINT('',(0.92,0.1,0.));
#2338=CARTESIAN_POINT('',(0.92,0.,0.));
#2339=CARTESIAN_POINT('',(0.82,0.,0.));
#2340=CARTESIAN_POINT('Origin',(0.82,0.1,0.));
#2341=CARTESIAN_POINT('',(0.1,0.,0.));
#2342=CARTESIAN_POINT('',(0.,0.,0.));
#2343=CARTESIAN_POINT('',(0.,0.1,0.));
#2344=CARTESIAN_POINT('Origin',(0.1,0.1,0.));
#2345=CARTESIAN_POINT('',(0.,0.8,0.));
#2346=CARTESIAN_POINT('',(0.,0.9,0.));
#2347=CARTESIAN_POINT('Origin',(0.1,0.8,0.));
#2348=CARTESIAN_POINT('',(0.07,0.76,0.));
#2349=CARTESIAN_POINT('Origin',(0.14,0.76,0.));
#2350=CARTESIAN_POINT('',(0.07,0.14,0.));
#2351=CARTESIAN_POINT('Origin',(0.14,0.14,0.));
#2352=CARTESIAN_POINT('',(0.71,0.76,0.));
#2353=CARTESIAN_POINT('Origin',(0.78,0.76,0.));
#2354=CARTESIAN_POINT('',(0.71,0.14,0.));
#2355=CARTESIAN_POINT('Origin',(0.78,0.14,0.));
#2356=CARTESIAN_POINT('Origin',(0.1,0.8,0.));
#2357=CARTESIAN_POINT('',(0.,0.8,0.06));
#2358=CARTESIAN_POINT('Origin',(0.1,0.8,0.06));
#2359=CARTESIAN_POINT('',(0.,0.8,0.));
#2360=CARTESIAN_POINT('Origin',(0.,0.9,0.));
#2361=CARTESIAN_POINT('',(0.,0.1,0.06));
#2362=CARTESIAN_POINT('',(0.,0.1,0.));
#2363=CARTESIAN_POINT('',(0.,0.9,0.06));
#2364=CARTESIAN_POINT('Origin',(0.1,0.1,0.));
#2365=CARTESIAN_POINT('',(0.1,0.,0.06));
#2366=CARTESIAN_POINT('Origin',(0.1,0.1,0.06));
#2367=CARTESIAN_POINT('',(0.1,0.,0.));
#2368=CARTESIAN_POINT('Origin',(0.,0.,0.));
#2369=CARTESIAN_POINT('',(0.82,0.,0.06));
#2370=CARTESIAN_POINT('',(0.82,0.,0.));
#2371=CARTESIAN_POINT('',(0.,0.,0.06));
#2372=CARTESIAN_POINT('Origin',(0.82,0.1,0.));
#2373=CARTESIAN_POINT('',(0.92,0.1,0.06));
#2374=CARTESIAN_POINT('Origin',(0.82,0.1,0.06));
#2375=CARTESIAN_POINT('',(0.92,0.1,0.));
#2376=CARTESIAN_POINT('Origin',(0.14,0.76,0.));
#2377=CARTESIAN_POINT('',(0.07,0.76,0.06));
#2378=CARTESIAN_POINT('Origin',(0.14,0.76,0.06));
#2379=CARTESIAN_POINT('',(0.07,0.76,0.));
#2380=CARTESIAN_POINT('Origin',(0.14,0.14,0.));
#2381=CARTESIAN_POINT('',(0.07,0.14,0.06));
#2382=CARTESIAN_POINT('Origin',(0.14,0.14,0.06));
#2383=CARTESIAN_POINT('',(0.07,0.14,0.));
#2384=CARTESIAN_POINT('Origin',(0.78,0.76,0.));
#2385=CARTESIAN_POINT('',(0.71,0.76,0.06));
#2386=CARTESIAN_POINT('Origin',(0.78,0.76,0.06));
#2387=CARTESIAN_POINT('',(0.71,0.76,0.));
#2388=CARTESIAN_POINT('Origin',(0.78,0.14,0.));
#2389=CARTESIAN_POINT('',(0.71,0.14,0.06));
#2390=CARTESIAN_POINT('Origin',(0.78,0.14,0.06));
#2391=CARTESIAN_POINT('',(0.71,0.14,0.));
#2392=CARTESIAN_POINT('Origin',(0.92,0.,0.));
#2393=CARTESIAN_POINT('',(0.92,0.,0.06));
#2394=CARTESIAN_POINT('Origin',(0.46,0.45,0.06));
#2395=UNCERTAINTY_MEASURE_WITH_UNIT(LENGTH_MEASURE(0.000393700787401575),
#2400,'DISTANCE_ACCURACY_VALUE',
'Maximum model space distance between geometric entities at asserted c
onnectivities');
#2396=UNCERTAINTY_MEASURE_WITH_UNIT(LENGTH_MEASURE(0.000393700787401575),
#2400,'DISTANCE_ACCURACY_VALUE',
'Maximum model space distance between geometric entities at asserted c
onnectivities');
#2397=(
GEOMETRIC_REPRESENTATION_CONTEXT(3)
GLOBAL_UNCERTAINTY_ASSIGNED_CONTEXT((#2395))
GLOBAL_UNIT_ASSIGNED_CONTEXT((#2400,#2404,#2405))
REPRESENTATION_CONTEXT('','3D')
);
#2398=(
GEOMETRIC_REPRESENTATION_CONTEXT(3)
GLOBAL_UNCERTAINTY_ASSIGNED_CONTEXT((#2396))
GLOBAL_UNIT_ASSIGNED_CONTEXT((#2400,#2404,#2405))
REPRESENTATION_CONTEXT('','3D')
);
#2399=DIMENSIONAL_EXPONENTS(1.,0.,0.,0.,0.,0.,0.);
#2400=(
CONVERSION_BASED_UNIT('inch',#2403)
LENGTH_UNIT()
NAMED_UNIT(#2399)
);
#2401=(
LENGTH_UNIT()
NAMED_UNIT(*)
SI_UNIT(.MILLI.,.METRE.)
);
#2402=(
LENGTH_UNIT()
NAMED_UNIT(*)
SI_UNIT($,.METRE.)
);
#2403=LENGTH_MEASURE_WITH_UNIT(LENGTH_MEASURE(25.4),#2401);
#2404=(
NAMED_UNIT(*)
PLANE_ANGLE_UNIT()
SI_UNIT($,.RADIAN.)
);
#2405=(
NAMED_UNIT(*)
SI_UNIT($,.STERADIAN.)
SOLID_ANGLE_UNIT()
);
#2406=SHAPE_DEFINITION_REPRESENTATION(#2407,#2408);
#2407=PRODUCT_DEFINITION_SHAPE('',$,#2410);
#2408=SHAPE_REPRESENTATION('',(#1123),#2397);
#2409=PRODUCT_DEFINITION_CONTEXT('part definition',#2414,'design');
#2410=PRODUCT_DEFINITION('AS5600 magnetic encoder',
'AS5600 magnetic encoder v4',#2411,#2409);
#2411=PRODUCT_DEFINITION_FORMATION('',$,#2416);
#2412=PRODUCT_RELATED_PRODUCT_CATEGORY('AS5600 magnetic encoder v4',
'AS5600 magnetic encoder v4',(#2416));
#2413=APPLICATION_PROTOCOL_DEFINITION('international standard',
'automotive_design',2009,#2414);
#2414=APPLICATION_CONTEXT(
'Core Data for Automotive Mechanical Design Process');
#2415=PRODUCT_CONTEXT('part definition',#2414,'mechanical');
#2416=PRODUCT('AS5600 magnetic encoder','AS5600 magnetic encoder v4',$,
(#2415));
#2417=PRESENTATION_STYLE_ASSIGNMENT((#2418));
#2418=SURFACE_STYLE_USAGE(.BOTH.,#2419);
#2419=SURFACE_SIDE_STYLE('',(#2420));
#2420=SURFACE_STYLE_FILL_AREA(#2421);
#2421=FILL_AREA_STYLE('Aluminum - Satin',(#2422));
#2422=FILL_AREA_STYLE_COLOUR('Aluminum - Satin',#2423);
#2423=COLOUR_RGB('Aluminum - Satin',0.96078431372549,0.96078431372549,0.964705882352941);
ENDSEC;
END-ISO-10303-21;
