ISO-10303-21;
HEADER;
/* Generated by software containing ST-Developer
 * from STEP Tools, Inc. (www.steptools.com) 
 */

FILE_DESCRIPTION(
/* description */ (''),
/* implementation_level */ '2;1');

FILE_NAME(
/* name */ 'Force Sensor.step',
/* time_stamp */ '2026-05-28T09:48:30-05:00',
/* author */ (''),
/* organization */ (''),
/* preprocessor_version */ 'ST-DEVELOPER v20.1',
/* originating_system */ 'Autodesk Translation Framework v15.8.0.0',
/* authorisation */ '');

FILE_SCHEMA (('AUTOMOTIVE_DESIGN { 1 0 10303 214 3 1 1 }'));
ENDSEC;

DATA;
#10=MECHANICAL_DESIGN_GEOMETRIC_PRESENTATION_REPRESENTATION('',(#13,#14,
#15,#16),#2607);
#11=SHAPE_REPRESENTATION_RELATIONSHIP('SRR','None',#2617,#12);
#12=ADVANCED_BREP_SHAPE_REPRESENTATION('',(#17,#18,#19,#20),#2606);
#13=STYLED_ITEM('',(#2626),#17);
#14=STYLED_ITEM('',(#2626),#18);
#15=STYLED_ITEM('',(#2626),#19);
#16=STYLED_ITEM('',(#2626),#20);
#17=MANIFOLD_SOLID_BREP('Body1',#1513);
#18=MANIFOLD_SOLID_BREP('Body2',#1514);
#19=MANIFOLD_SOLID_BREP('Body3',#1515);
#20=MANIFOLD_SOLID_BREP('Body4',#1516);
#21=FACE_BOUND('',#217,.T.);
#22=FACE_BOUND('',#220,.T.);
#23=FACE_BOUND('',#225,.T.);
#24=FACE_BOUND('',#227,.T.);
#25=FACE_BOUND('',#228,.T.);
#26=FACE_BOUND('',#235,.T.);
#27=(
BOUNDED_SURFACE()
B_SPLINE_SURFACE(2,2,((#2178,#2179,#2180,#2181,#2182),(#2183,#2184,#2185,
#2186,#2187),(#2188,#2189,#2190,#2191,#2192)),.UNSPECIFIED.,.F.,.F.,.F.)
B_SPLINE_SURFACE_WITH_KNOTS((3,3),(3,2,3),(0.,1.5707963267949),(0.,1.5707963267949,
3.14159265358979),.UNSPECIFIED.)
GEOMETRIC_REPRESENTATION_ITEM()
RATIONAL_B_SPLINE_SURFACE(((1.,0.707106781186548,1.,0.707106781186548,1.),
(0.707106781186549,0.500000000000001,0.707106781186549,0.500000000000001,
0.707106781186549),(1.,0.707106781186548,1.,0.707106781186548,1.)))
REPRESENTATION_ITEM('')
SURFACE()
);
#28=PLANE('',#1535);
#29=PLANE('',#1539);
#30=PLANE('',#1548);
#31=PLANE('',#1549);
#32=PLANE('',#1564);
#33=PLANE('',#1565);
#34=PLANE('',#1568);
#35=PLANE('',#1569);
#36=PLANE('',#1572);
#37=PLANE('',#1573);
#38=PLANE('',#1574);
#39=PLANE('',#1575);
#40=PLANE('',#1576);
#41=PLANE('',#1577);
#42=PLANE('',#1578);
#43=PLANE('',#1579);
#44=PLANE('',#1580);
#45=PLANE('',#1581);
#46=PLANE('',#1596);
#47=PLANE('',#1597);
#48=PLANE('',#1599);
#49=PLANE('',#1606);
#50=PLANE('',#1607);
#51=PLANE('',#1623);
#52=PLANE('',#1626);
#53=PLANE('',#1628);
#54=PLANE('',#1634);
#55=PLANE('',#1635);
#56=PLANE('',#1639);
#57=PLANE('',#1641);
#58=PLANE('',#1643);
#59=PLANE('',#1645);
#60=PLANE('',#1647);
#61=PLANE('',#1649);
#62=PLANE('',#1651);
#63=PLANE('',#1654);
#64=PLANE('',#1657);
#65=PLANE('',#1659);
#66=PLANE('',#1660);
#67=PLANE('',#1662);
#68=PLANE('',#1664);
#69=PLANE('',#1665);
#70=PLANE('',#1667);
#71=PLANE('',#1670);
#72=PLANE('',#1672);
#73=PLANE('',#1673);
#74=PLANE('',#1677);
#75=PLANE('',#1678);
#76=PLANE('',#1682);
#77=PLANE('',#1683);
#78=PLANE('',#1687);
#79=PLANE('',#1688);
#80=CYLINDRICAL_SURFACE('',#1532,0.085);
#81=CYLINDRICAL_SURFACE('',#1536,0.085);
#82=CYLINDRICAL_SURFACE('',#1540,0.05);
#83=CYLINDRICAL_SURFACE('',#1546,0.05);
#84=CYLINDRICAL_SURFACE('',#1550,0.375);
#85=CYLINDRICAL_SURFACE('',#1553,0.374999999999999);
#86=CYLINDRICAL_SURFACE('',#1556,0.375);
#87=CYLINDRICAL_SURFACE('',#1560,0.374999999999999);
#88=CYLINDRICAL_SURFACE('',#1602,0.1);
#89=CYLINDRICAL_SURFACE('',#1631,0.1);
#90=CYLINDRICAL_SURFACE('',#1638,0.175);
#91=CYLINDRICAL_SURFACE('',#1640,0.175);
#92=CYLINDRICAL_SURFACE('',#1642,0.03);
#93=CYLINDRICAL_SURFACE('',#1644,0.03);
#94=CYLINDRICAL_SURFACE('',#1646,0.055);
#95=CYLINDRICAL_SURFACE('',#1648,0.055);
#96=CYLINDRICAL_SURFACE('',#1650,0.05);
#97=CYLINDRICAL_SURFACE('',#1652,0.05);
#98=CYLINDRICAL_SURFACE('',#1653,0.05);
#99=CYLINDRICAL_SURFACE('',#1655,0.05);
#100=CYLINDRICAL_SURFACE('',#1656,0.255);
#101=CYLINDRICAL_SURFACE('',#1658,0.255);
#102=CYLINDRICAL_SURFACE('',#1661,0.135);
#103=CYLINDRICAL_SURFACE('',#1663,0.135);
#104=CYLINDRICAL_SURFACE('',#1666,0.375);
#105=CYLINDRICAL_SURFACE('',#1668,0.375);
#106=CYLINDRICAL_SURFACE('',#1669,0.375);
#107=CYLINDRICAL_SURFACE('',#1671,0.375);
#108=CYLINDRICAL_SURFACE('',#1674,0.012366534769252);
#109=CYLINDRICAL_SURFACE('',#1679,0.012366534769252);
#110=CYLINDRICAL_SURFACE('',#1684,0.012366534769252);
#111=FACE_OUTER_BOUND('',#196,.T.);
#112=FACE_OUTER_BOUND('',#197,.T.);
#113=FACE_OUTER_BOUND('',#198,.T.);
#114=FACE_OUTER_BOUND('',#199,.T.);
#115=FACE_OUTER_BOUND('',#200,.T.);
#116=FACE_OUTER_BOUND('',#201,.T.);
#117=FACE_OUTER_BOUND('',#202,.T.);
#118=FACE_OUTER_BOUND('',#203,.T.);
#119=FACE_OUTER_BOUND('',#204,.T.);
#120=FACE_OUTER_BOUND('',#205,.T.);
#121=FACE_OUTER_BOUND('',#206,.T.);
#122=FACE_OUTER_BOUND('',#207,.T.);
#123=FACE_OUTER_BOUND('',#208,.T.);
#124=FACE_OUTER_BOUND('',#209,.T.);
#125=FACE_OUTER_BOUND('',#210,.T.);
#126=FACE_OUTER_BOUND('',#211,.T.);
#127=FACE_OUTER_BOUND('',#212,.T.);
#128=FACE_OUTER_BOUND('',#213,.T.);
#129=FACE_OUTER_BOUND('',#214,.T.);
#130=FACE_OUTER_BOUND('',#215,.T.);
#131=FACE_OUTER_BOUND('',#216,.T.);
#132=FACE_OUTER_BOUND('',#218,.T.);
#133=FACE_OUTER_BOUND('',#219,.T.);
#134=FACE_OUTER_BOUND('',#221,.T.);
#135=FACE_OUTER_BOUND('',#222,.T.);
#136=FACE_OUTER_BOUND('',#223,.T.);
#137=FACE_OUTER_BOUND('',#224,.T.);
#138=FACE_OUTER_BOUND('',#226,.T.);
#139=FACE_OUTER_BOUND('',#229,.T.);
#140=FACE_OUTER_BOUND('',#230,.T.);
#141=FACE_OUTER_BOUND('',#231,.T.);
#142=FACE_OUTER_BOUND('',#232,.T.);
#143=FACE_OUTER_BOUND('',#233,.T.);
#144=FACE_OUTER_BOUND('',#234,.T.);
#145=FACE_OUTER_BOUND('',#236,.T.);
#146=FACE_OUTER_BOUND('',#237,.T.);
#147=FACE_OUTER_BOUND('',#238,.T.);
#148=FACE_OUTER_BOUND('',#239,.T.);
#149=FACE_OUTER_BOUND('',#240,.T.);
#150=FACE_OUTER_BOUND('',#241,.T.);
#151=FACE_OUTER_BOUND('',#242,.T.);
#152=FACE_OUTER_BOUND('',#243,.T.);
#153=FACE_OUTER_BOUND('',#244,.T.);
#154=FACE_OUTER_BOUND('',#245,.T.);
#155=FACE_OUTER_BOUND('',#246,.T.);
#156=FACE_OUTER_BOUND('',#247,.T.);
#157=FACE_OUTER_BOUND('',#248,.T.);
#158=FACE_OUTER_BOUND('',#249,.T.);
#159=FACE_OUTER_BOUND('',#250,.T.);
#160=FACE_OUTER_BOUND('',#251,.T.);
#161=FACE_OUTER_BOUND('',#252,.T.);
#162=FACE_OUTER_BOUND('',#253,.T.);
#163=FACE_OUTER_BOUND('',#254,.T.);
#164=FACE_OUTER_BOUND('',#255,.T.);
#165=FACE_OUTER_BOUND('',#256,.T.);
#166=FACE_OUTER_BOUND('',#257,.T.);
#167=FACE_OUTER_BOUND('',#258,.T.);
#168=FACE_OUTER_BOUND('',#259,.T.);
#169=FACE_OUTER_BOUND('',#260,.T.);
#170=FACE_OUTER_BOUND('',#261,.T.);
#171=FACE_OUTER_BOUND('',#262,.T.);
#172=FACE_OUTER_BOUND('',#263,.T.);
#173=FACE_OUTER_BOUND('',#264,.T.);
#174=FACE_OUTER_BOUND('',#265,.T.);
#175=FACE_OUTER_BOUND('',#266,.T.);
#176=FACE_OUTER_BOUND('',#267,.T.);
#177=FACE_OUTER_BOUND('',#268,.T.);
#178=FACE_OUTER_BOUND('',#269,.T.);
#179=FACE_OUTER_BOUND('',#270,.T.);
#180=FACE_OUTER_BOUND('',#271,.T.);
#181=FACE_OUTER_BOUND('',#272,.T.);
#182=FACE_OUTER_BOUND('',#273,.T.);
#183=FACE_OUTER_BOUND('',#274,.T.);
#184=FACE_OUTER_BOUND('',#275,.T.);
#185=FACE_OUTER_BOUND('',#276,.T.);
#186=FACE_OUTER_BOUND('',#277,.T.);
#187=FACE_OUTER_BOUND('',#278,.T.);
#188=FACE_OUTER_BOUND('',#279,.T.);
#189=FACE_OUTER_BOUND('',#280,.T.);
#190=FACE_OUTER_BOUND('',#281,.T.);
#191=FACE_OUTER_BOUND('',#282,.T.);
#192=FACE_OUTER_BOUND('',#283,.T.);
#193=FACE_OUTER_BOUND('',#284,.T.);
#194=FACE_OUTER_BOUND('',#285,.T.);
#195=FACE_OUTER_BOUND('',#286,.T.);
#196=EDGE_LOOP('',(#997,#998,#999));
#197=EDGE_LOOP('',(#1000,#1001,#1002,#1003));
#198=EDGE_LOOP('',(#1004));
#199=EDGE_LOOP('',(#1005,#1006,#1007,#1008));
#200=EDGE_LOOP('',(#1009));
#201=EDGE_LOOP('',(#1010,#1011,#1012,#1013));
#202=EDGE_LOOP('',(#1014,#1015,#1016,#1017));
#203=EDGE_LOOP('',(#1018,#1019,#1020,#1021));
#204=EDGE_LOOP('',(#1022,#1023,#1024,#1025));
#205=EDGE_LOOP('',(#1026,#1027,#1028,#1029));
#206=EDGE_LOOP('',(#1030,#1031,#1032,#1033));
#207=EDGE_LOOP('',(#1034,#1035,#1036,#1037));
#208=EDGE_LOOP('',(#1038,#1039,#1040,#1041,#1042));
#209=EDGE_LOOP('',(#1043,#1044,#1045,#1046,#1047));
#210=EDGE_LOOP('',(#1048,#1049,#1050,#1051));
#211=EDGE_LOOP('',(#1052,#1053,#1054,#1055,#1056,#1057,#1058,#1059,#1060,
#1061,#1062));
#212=EDGE_LOOP('',(#1063,#1064,#1065,#1066,#1067,#1068,#1069,#1070,#1071,
#1072,#1073,#1074,#1075,#1076));
#213=EDGE_LOOP('',(#1077,#1078,#1079,#1080,#1081,#1082,#1083,#1084,#1085,
#1086,#1087));
#214=EDGE_LOOP('',(#1088,#1089,#1090,#1091));
#215=EDGE_LOOP('',(#1092,#1093,#1094,#1095));
#216=EDGE_LOOP('',(#1096,#1097,#1098,#1099,#1100,#1101));
#217=EDGE_LOOP('',(#1102));
#218=EDGE_LOOP('',(#1103,#1104,#1105,#1106));
#219=EDGE_LOOP('',(#1107,#1108,#1109,#1110,#1111,#1112));
#220=EDGE_LOOP('',(#1113));
#221=EDGE_LOOP('',(#1114,#1115,#1116,#1117));
#222=EDGE_LOOP('',(#1118,#1119,#1120,#1121));
#223=EDGE_LOOP('',(#1122,#1123,#1124,#1125));
#224=EDGE_LOOP('',(#1126,#1127,#1128,#1129));
#225=EDGE_LOOP('',(#1130));
#226=EDGE_LOOP('',(#1131,#1132,#1133,#1134,#1135,#1136,#1137,#1138));
#227=EDGE_LOOP('',(#1139,#1140,#1141,#1142));
#228=EDGE_LOOP('',(#1143,#1144,#1145,#1146,#1147,#1148,#1149,#1150,#1151,
#1152,#1153,#1154,#1155,#1156,#1157,#1158,#1159,#1160,#1161,#1162,#1163,
#1164,#1165,#1166,#1167,#1168));
#229=EDGE_LOOP('',(#1169,#1170,#1171,#1172,#1173,#1174,#1175,#1176,#1177,
#1178,#1179,#1180));
#230=EDGE_LOOP('',(#1181,#1182));
#231=EDGE_LOOP('',(#1183,#1184,#1185));
#232=EDGE_LOOP('',(#1186,#1187,#1188,#1189,#1190,#1191,#1192,#1193));
#233=EDGE_LOOP('',(#1194));
#234=EDGE_LOOP('',(#1195,#1196,#1197,#1198,#1199,#1200,#1201,#1202));
#235=EDGE_LOOP('',(#1203,#1204,#1205,#1206,#1207,#1208,#1209,#1210,#1211,
#1212,#1213,#1214,#1215,#1216,#1217,#1218,#1219,#1220,#1221,#1222,#1223,
#1224,#1225,#1226));
#236=EDGE_LOOP('',(#1227,#1228,#1229,#1230,#1231,#1232));
#237=EDGE_LOOP('',(#1233,#1234));
#238=EDGE_LOOP('',(#1235,#1236,#1237));
#239=EDGE_LOOP('',(#1238,#1239,#1240,#1241,#1242,#1243,#1244,#1245));
#240=EDGE_LOOP('',(#1246));
#241=EDGE_LOOP('',(#1247,#1248,#1249,#1250,#1251,#1252));
#242=EDGE_LOOP('',(#1253,#1254,#1255,#1256));
#243=EDGE_LOOP('',(#1257,#1258,#1259,#1260));
#244=EDGE_LOOP('',(#1261,#1262,#1263,#1264));
#245=EDGE_LOOP('',(#1265,#1266,#1267,#1268));
#246=EDGE_LOOP('',(#1269,#1270,#1271,#1272));
#247=EDGE_LOOP('',(#1273,#1274,#1275,#1276));
#248=EDGE_LOOP('',(#1277,#1278,#1279,#1280));
#249=EDGE_LOOP('',(#1281,#1282,#1283,#1284));
#250=EDGE_LOOP('',(#1285,#1286,#1287,#1288));
#251=EDGE_LOOP('',(#1289,#1290,#1291,#1292));
#252=EDGE_LOOP('',(#1293,#1294,#1295,#1296));
#253=EDGE_LOOP('',(#1297,#1298,#1299,#1300,#1301,#1302,#1303));
#254=EDGE_LOOP('',(#1304,#1305,#1306,#1307));
#255=EDGE_LOOP('',(#1308,#1309,#1310,#1311));
#256=EDGE_LOOP('',(#1312,#1313,#1314,#1315));
#257=EDGE_LOOP('',(#1316,#1317,#1318,#1319));
#258=EDGE_LOOP('',(#1320,#1321,#1322,#1323));
#259=EDGE_LOOP('',(#1324,#1325,#1326,#1327));
#260=EDGE_LOOP('',(#1328,#1329,#1330,#1331));
#261=EDGE_LOOP('',(#1332,#1333,#1334,#1335));
#262=EDGE_LOOP('',(#1336,#1337,#1338,#1339));
#263=EDGE_LOOP('',(#1340,#1341,#1342,#1343));
#264=EDGE_LOOP('',(#1344,#1345,#1346,#1347,#1348,#1349,#1350));
#265=EDGE_LOOP('',(#1351,#1352,#1353,#1354));
#266=EDGE_LOOP('',(#1355,#1356,#1357,#1358));
#267=EDGE_LOOP('',(#1359,#1360,#1361,#1362));
#268=EDGE_LOOP('',(#1363,#1364,#1365,#1366,#1367,#1368,#1369));
#269=EDGE_LOOP('',(#1370,#1371,#1372,#1373,#1374,#1375,#1376));
#270=EDGE_LOOP('',(#1377,#1378,#1379,#1380));
#271=EDGE_LOOP('',(#1381,#1382,#1383,#1384));
#272=EDGE_LOOP('',(#1385,#1386,#1387,#1388));
#273=EDGE_LOOP('',(#1389,#1390,#1391,#1392));
#274=EDGE_LOOP('',(#1393,#1394,#1395,#1396));
#275=EDGE_LOOP('',(#1397,#1398,#1399,#1400));
#276=EDGE_LOOP('',(#1401,#1402,#1403,#1404));
#277=EDGE_LOOP('',(#1405,#1406,#1407,#1408));
#278=EDGE_LOOP('',(#1409,#1410,#1411,#1412));
#279=EDGE_LOOP('',(#1413));
#280=EDGE_LOOP('',(#1414));
#281=EDGE_LOOP('',(#1415,#1416,#1417,#1418));
#282=EDGE_LOOP('',(#1419));
#283=EDGE_LOOP('',(#1420));
#284=EDGE_LOOP('',(#1421,#1422,#1423,#1424));
#285=EDGE_LOOP('',(#1425));
#286=EDGE_LOOP('',(#1426));
#287=CIRCLE('',#1531,0.1);
#288=CIRCLE('',#1533,0.085);
#289=CIRCLE('',#1534,0.085);
#290=CIRCLE('',#1537,0.085);
#291=CIRCLE('',#1538,0.085);
#292=CIRCLE('',#1541,0.05);
#293=CIRCLE('',#1542,0.05);
#294=CIRCLE('',#1543,0.0950626443045326);
#295=CIRCLE('',#1544,0.05);
#296=CIRCLE('',#1545,0.0450626443045326);
#297=CIRCLE('',#1547,0.05);
#298=CIRCLE('',#1551,0.375);
#299=CIRCLE('',#1552,0.375);
#300=CIRCLE('',#1554,0.374999999999999);
#301=CIRCLE('',#1555,0.374999999999999);
#302=CIRCLE('',#1557,0.375);
#303=CIRCLE('',#1558,0.375);
#304=CIRCLE('',#1559,0.375);
#305=CIRCLE('',#1561,0.374999999999999);
#306=CIRCLE('',#1562,0.374999999999999);
#307=CIRCLE('',#1563,0.374999999999999);
#308=CIRCLE('',#1566,0.05);
#309=CIRCLE('',#1567,0.05);
#310=CIRCLE('',#1570,0.05);
#311=CIRCLE('',#1571,0.05);
#312=CIRCLE('',#1582,0.375);
#313=CIRCLE('',#1583,0.375);
#314=CIRCLE('',#1584,0.375);
#315=CIRCLE('',#1585,0.375);
#316=CIRCLE('',#1586,0.255);
#317=CIRCLE('',#1587,0.175);
#318=CIRCLE('',#1588,0.03);
#319=CIRCLE('',#1589,0.055);
#320=CIRCLE('',#1590,0.135);
#321=CIRCLE('',#1591,0.135);
#322=CIRCLE('',#1592,0.055);
#323=CIRCLE('',#1593,0.03);
#324=CIRCLE('',#1594,0.175);
#325=CIRCLE('',#1595,0.255);
#326=CIRCLE('',#1598,0.1);
#327=CIRCLE('',#1600,0.1);
#328=CIRCLE('',#1601,0.1);
#329=CIRCLE('',#1603,0.1);
#330=CIRCLE('',#1604,0.1);
#331=CIRCLE('',#1605,0.1);
#332=CIRCLE('',#1608,0.375);
#333=CIRCLE('',#1609,0.375);
#334=CIRCLE('',#1610,0.375);
#335=CIRCLE('',#1611,0.375);
#336=CIRCLE('',#1612,0.135);
#337=CIRCLE('',#1613,0.135);
#338=CIRCLE('',#1614,0.1);
#339=CIRCLE('',#1615,0.055);
#340=CIRCLE('',#1616,0.03);
#341=CIRCLE('',#1617,0.175);
#342=CIRCLE('',#1618,0.255);
#343=CIRCLE('',#1619,0.255);
#344=CIRCLE('',#1620,0.175);
#345=CIRCLE('',#1621,0.03);
#346=CIRCLE('',#1622,0.055);
#347=CIRCLE('',#1624,0.05);
#348=CIRCLE('',#1625,0.05);
#349=CIRCLE('',#1627,0.1);
#350=CIRCLE('',#1629,0.1);
#351=CIRCLE('',#1630,0.1);
#352=CIRCLE('',#1632,0.1);
#353=CIRCLE('',#1633,0.1);
#354=CIRCLE('',#1636,0.05);
#355=CIRCLE('',#1637,0.05);
#356=CIRCLE('',#1675,0.012366534769252);
#357=CIRCLE('',#1676,0.012366534769252);
#358=CIRCLE('',#1680,0.012366534769252);
#359=CIRCLE('',#1681,0.012366534769252);
#360=CIRCLE('',#1685,0.012366534769252);
#361=CIRCLE('',#1686,0.012366534769252);
#362=LINE('',#2153,#502);
#363=LINE('',#2159,#503);
#364=LINE('',#2166,#504);
#365=LINE('',#2174,#505);
#366=LINE('',#2177,#506);
#367=LINE('',#2202,#507);
#368=LINE('',#2203,#508);
#369=LINE('',#2205,#509);
#370=LINE('',#2206,#510);
#371=LINE('',#2213,#511);
#372=LINE('',#2216,#512);
#373=LINE('',#2222,#513);
#374=LINE('',#2225,#514);
#375=LINE('',#2233,#515);
#376=LINE('',#2236,#516);
#377=LINE('',#2244,#517);
#378=LINE('',#2247,#518);
#379=LINE('',#2249,#519);
#380=LINE('',#2250,#520);
#381=LINE('',#2253,#521);
#382=LINE('',#2255,#522);
#383=LINE('',#2257,#523);
#384=LINE('',#2259,#524);
#385=LINE('',#2263,#525);
#386=LINE('',#2266,#526);
#387=LINE('',#2268,#527);
#388=LINE('',#2270,#528);
#389=LINE('',#2272,#529);
#390=LINE('',#2274,#530);
#391=LINE('',#2276,#531);
#392=LINE('',#2277,#532);
#393=LINE('',#2279,#533);
#394=LINE('',#2281,#534);
#395=LINE('',#2283,#535);
#396=LINE('',#2285,#536);
#397=LINE('',#2286,#537);
#398=LINE('',#2288,#538);
#399=LINE('',#2290,#539);
#400=LINE('',#2294,#540);
#401=LINE('',#2297,#541);
#402=LINE('',#2299,#542);
#403=LINE('',#2300,#543);
#404=LINE('',#2302,#544);
#405=LINE('',#2305,#545);
#406=LINE('',#2307,#546);
#407=LINE('',#2308,#547);
#408=LINE('',#2310,#548);
#409=LINE('',#2313,#549);
#410=LINE('',#2315,#550);
#411=LINE('',#2316,#551);
#412=LINE('',#2318,#552);
#413=LINE('',#2321,#553);
#414=LINE('',#2322,#554);
#415=LINE('',#2325,#555);
#416=LINE('',#2326,#556);
#417=LINE('',#2328,#557);
#418=LINE('',#2330,#558);
#419=LINE('',#2336,#559);
#420=LINE('',#2340,#560);
#421=LINE('',#2344,#561);
#422=LINE('',#2347,#562);
#423=LINE('',#2350,#563);
#424=LINE('',#2354,#564);
#425=LINE('',#2358,#565);
#426=LINE('',#2362,#566);
#427=LINE('',#2365,#567);
#428=LINE('',#2367,#568);
#429=LINE('',#2371,#569);
#430=LINE('',#2374,#570);
#431=LINE('',#2376,#571);
#432=LINE('',#2380,#572);
#433=LINE('',#2384,#573);
#434=LINE('',#2388,#574);
#435=LINE('',#2394,#575);
#436=LINE('',#2399,#576);
#437=LINE('',#2406,#577);
#438=LINE('',#2415,#578);
#439=LINE('',#2419,#579);
#440=LINE('',#2423,#580);
#441=LINE('',#2426,#581);
#442=LINE('',#2428,#582);
#443=LINE('',#2432,#583);
#444=LINE('',#2436,#584);
#445=LINE('',#2440,#585);
#446=LINE('',#2444,#586);
#447=LINE('',#2448,#587);
#448=LINE('',#2452,#588);
#449=LINE('',#2456,#589);
#450=LINE('',#2460,#590);
#451=LINE('',#2464,#591);
#452=LINE('',#2468,#592);
#453=LINE('',#2471,#593);
#454=LINE('',#2474,#594);
#455=LINE('',#2478,#595);
#456=LINE('',#2481,#596);
#457=LINE('',#2484,#597);
#458=LINE('',#2488,#598);
#459=LINE('',#2495,#599);
#460=LINE('',#2500,#600);
#461=LINE('',#2504,#601);
#462=LINE('',#2507,#602);
#463=LINE('',#2509,#603);
#464=LINE('',#2510,#604);
#465=LINE('',#2512,#605);
#466=LINE('',#2514,#606);
#467=LINE('',#2515,#607);
#468=LINE('',#2517,#608);
#469=LINE('',#2519,#609);
#470=LINE('',#2521,#610);
#471=LINE('',#2523,#611);
#472=LINE('',#2524,#612);
#473=LINE('',#2527,#613);
#474=LINE('',#2528,#614);
#475=LINE('',#2531,#615);
#476=LINE('',#2533,#616);
#477=LINE('',#2535,#617);
#478=LINE('',#2536,#618);
#479=LINE('',#2538,#619);
#480=LINE('',#2541,#620);
#481=LINE('',#2542,#621);
#482=LINE('',#2544,#622);
#483=LINE('',#2546,#623);
#484=LINE('',#2548,#624);
#485=LINE('',#2550,#625);
#486=LINE('',#2552,#626);
#487=LINE('',#2555,#627);
#488=LINE('',#2557,#628);
#489=LINE('',#2559,#629);
#490=LINE('',#2561,#630);
#491=LINE('',#2565,#631);
#492=LINE('',#2566,#632);
#493=LINE('',#2568,#633);
#494=LINE('',#2570,#634);
#495=LINE('',#2572,#635);
#496=LINE('',#2573,#636);
#497=LINE('',#2575,#637);
#498=LINE('',#2577,#638);
#499=LINE('',#2584,#639);
#500=LINE('',#2592,#640);
#501=LINE('',#2600,#641);
#502=VECTOR('',#1693,0.05);
#503=VECTOR('',#1700,0.085);
#504=VECTOR('',#1709,0.085);
#505=VECTOR('',#1718,0.393700787401575);
#506=VECTOR('',#1721,0.393700787401575);
#507=VECTOR('',#1732,0.393700787401575);
#508=VECTOR('',#1733,0.393700787401575);
#509=VECTOR('',#1736,0.393700787401575);
#510=VECTOR('',#1737,0.393700787401575);
#511=VECTOR('',#1744,0.393700787401575);
#512=VECTOR('',#1747,0.393700787401575);
#513=VECTOR('',#1752,0.393700787401575);
#514=VECTOR('',#1755,0.393700787401575);
#515=VECTOR('',#1762,0.393700787401575);
#516=VECTOR('',#1765,0.393700787401575);
#517=VECTOR('',#1772,0.393700787401575);
#518=VECTOR('',#1775,0.393700787401575);
#519=VECTOR('',#1778,0.393700787401575);
#520=VECTOR('',#1779,0.393700787401575);
#521=VECTOR('',#1782,0.393700787401575);
#522=VECTOR('',#1783,0.393700787401575);
#523=VECTOR('',#1784,0.393700787401575);
#524=VECTOR('',#1785,0.393700787401575);
#525=VECTOR('',#1788,0.393700787401575);
#526=VECTOR('',#1791,0.393700787401575);
#527=VECTOR('',#1794,0.393700787401575);
#528=VECTOR('',#1795,0.393700787401575);
#529=VECTOR('',#1796,0.393700787401575);
#530=VECTOR('',#1797,0.393700787401575);
#531=VECTOR('',#1798,0.393700787401575);
#532=VECTOR('',#1799,0.393700787401575);
#533=VECTOR('',#1800,0.393700787401575);
#534=VECTOR('',#1801,0.393700787401575);
#535=VECTOR('',#1802,0.393700787401575);
#536=VECTOR('',#1803,0.393700787401575);
#537=VECTOR('',#1804,0.393700787401575);
#538=VECTOR('',#1807,0.393700787401575);
#539=VECTOR('',#1808,0.393700787401575);
#540=VECTOR('',#1811,0.393700787401575);
#541=VECTOR('',#1814,0.393700787401575);
#542=VECTOR('',#1815,0.393700787401575);
#543=VECTOR('',#1816,0.393700787401575);
#544=VECTOR('',#1819,0.393700787401575);
#545=VECTOR('',#1822,0.393700787401575);
#546=VECTOR('',#1823,0.393700787401575);
#547=VECTOR('',#1824,0.393700787401575);
#548=VECTOR('',#1827,0.393700787401575);
#549=VECTOR('',#1830,0.393700787401575);
#550=VECTOR('',#1831,0.393700787401575);
#551=VECTOR('',#1832,0.393700787401575);
#552=VECTOR('',#1835,0.393700787401575);
#553=VECTOR('',#1838,0.393700787401575);
#554=VECTOR('',#1839,0.393700787401575);
#555=VECTOR('',#1842,0.393700787401575);
#556=VECTOR('',#1843,0.393700787401575);
#557=VECTOR('',#1846,0.393700787401575);
#558=VECTOR('',#1849,0.393700787401575);
#559=VECTOR('',#1854,0.393700787401575);
#560=VECTOR('',#1857,0.393700787401575);
#561=VECTOR('',#1860,0.393700787401575);
#562=VECTOR('',#1863,0.393700787401575);
#563=VECTOR('',#1864,0.393700787401575);
#564=VECTOR('',#1867,0.393700787401575);
#565=VECTOR('',#1870,0.393700787401575);
#566=VECTOR('',#1873,0.393700787401575);
#567=VECTOR('',#1876,0.393700787401575);
#568=VECTOR('',#1877,0.393700787401575);
#569=VECTOR('',#1880,0.393700787401575);
#570=VECTOR('',#1883,0.393700787401575);
#571=VECTOR('',#1884,0.393700787401575);
#572=VECTOR('',#1887,0.393700787401575);
#573=VECTOR('',#1890,0.393700787401575);
#574=VECTOR('',#1893,0.393700787401575);
#575=VECTOR('',#1900,0.393700787401575);
#576=VECTOR('',#1905,0.393700787401575);
#577=VECTOR('',#1914,0.1);
#578=VECTOR('',#1925,0.393700787401575);
#579=VECTOR('',#1928,0.393700787401575);
#580=VECTOR('',#1931,0.393700787401575);
#581=VECTOR('',#1934,0.393700787401575);
#582=VECTOR('',#1935,0.393700787401575);
#583=VECTOR('',#1938,0.393700787401575);
#584=VECTOR('',#1941,0.393700787401575);
#585=VECTOR('',#1944,0.393700787401575);
#586=VECTOR('',#1947,0.393700787401575);
#587=VECTOR('',#1950,0.393700787401575);
#588=VECTOR('',#1953,0.393700787401575);
#589=VECTOR('',#1956,0.393700787401575);
#590=VECTOR('',#1959,0.393700787401575);
#591=VECTOR('',#1962,0.393700787401575);
#592=VECTOR('',#1965,0.393700787401575);
#593=VECTOR('',#1968,0.393700787401575);
#594=VECTOR('',#1971,0.393700787401575);
#595=VECTOR('',#1974,0.393700787401575);
#596=VECTOR('',#1977,0.393700787401575);
#597=VECTOR('',#1980,0.393700787401575);
#598=VECTOR('',#1985,0.393700787401575);
#599=VECTOR('',#1994,0.1);
#600=VECTOR('',#2001,0.393700787401575);
#601=VECTOR('',#2004,0.393700787401575);
#602=VECTOR('',#2007,0.393700787401575);
#603=VECTOR('',#2010,0.393700787401575);
#604=VECTOR('',#2011,0.393700787401575);
#605=VECTOR('',#2014,0.393700787401575);
#606=VECTOR('',#2017,0.393700787401575);
#607=VECTOR('',#2018,0.393700787401575);
#608=VECTOR('',#2021,0.393700787401575);
#609=VECTOR('',#2024,0.393700787401575);
#610=VECTOR('',#2027,0.393700787401575);
#611=VECTOR('',#2030,0.393700787401575);
#612=VECTOR('',#2031,0.393700787401575);
#613=VECTOR('',#2036,0.393700787401575);
#614=VECTOR('',#2037,0.393700787401575);
#615=VECTOR('',#2042,0.393700787401575);
#616=VECTOR('',#2045,0.393700787401575);
#617=VECTOR('',#2048,0.393700787401575);
#618=VECTOR('',#2049,0.393700787401575);
#619=VECTOR('',#2052,0.393700787401575);
#620=VECTOR('',#2057,0.393700787401575);
#621=VECTOR('',#2058,0.393700787401575);
#622=VECTOR('',#2061,0.393700787401575);
#623=VECTOR('',#2064,0.393700787401575);
#624=VECTOR('',#2067,0.393700787401575);
#625=VECTOR('',#2070,0.393700787401575);
#626=VECTOR('',#2073,0.393700787401575);
#627=VECTOR('',#2078,0.393700787401575);
#628=VECTOR('',#2081,0.393700787401575);
#629=VECTOR('',#2084,0.393700787401575);
#630=VECTOR('',#2087,0.393700787401575);
#631=VECTOR('',#2094,0.393700787401575);
#632=VECTOR('',#2095,0.393700787401575);
#633=VECTOR('',#2098,0.393700787401575);
#634=VECTOR('',#2101,0.393700787401575);
#635=VECTOR('',#2104,0.393700787401575);
#636=VECTOR('',#2105,0.393700787401575);
#637=VECTOR('',#2108,0.393700787401575);
#638=VECTOR('',#2111,0.393700787401575);
#639=VECTOR('',#2120,0.012366534769252);
#640=VECTOR('',#2131,0.012366534769252);
#641=VECTOR('',#2142,0.012366534769252);
#642=VERTEX_POINT('',#2151);
#643=VERTEX_POINT('',#2152);
#644=VERTEX_POINT('',#2156);
#645=VERTEX_POINT('',#2158);
#646=VERTEX_POINT('',#2163);
#647=VERTEX_POINT('',#2165);
#648=VERTEX_POINT('',#2170);
#649=VERTEX_POINT('',#2171);
#650=VERTEX_POINT('',#2173);
#651=VERTEX_POINT('',#2175);
#652=VERTEX_POINT('',#2193);
#653=VERTEX_POINT('',#2195);
#654=VERTEX_POINT('',#2199);
#655=VERTEX_POINT('',#2200);
#656=VERTEX_POINT('',#2209);
#657=VERTEX_POINT('',#2210);
#658=VERTEX_POINT('',#2212);
#659=VERTEX_POINT('',#2214);
#660=VERTEX_POINT('',#2218);
#661=VERTEX_POINT('',#2219);
#662=VERTEX_POINT('',#2221);
#663=VERTEX_POINT('',#2223);
#664=VERTEX_POINT('',#2227);
#665=VERTEX_POINT('',#2228);
#666=VERTEX_POINT('',#2230);
#667=VERTEX_POINT('',#2232);
#668=VERTEX_POINT('',#2234);
#669=VERTEX_POINT('',#2238);
#670=VERTEX_POINT('',#2239);
#671=VERTEX_POINT('',#2241);
#672=VERTEX_POINT('',#2243);
#673=VERTEX_POINT('',#2245);
#674=VERTEX_POINT('',#2252);
#675=VERTEX_POINT('',#2254);
#676=VERTEX_POINT('',#2256);
#677=VERTEX_POINT('',#2258);
#678=VERTEX_POINT('',#2260);
#679=VERTEX_POINT('',#2262);
#680=VERTEX_POINT('',#2264);
#681=VERTEX_POINT('',#2269);
#682=VERTEX_POINT('',#2271);
#683=VERTEX_POINT('',#2273);
#684=VERTEX_POINT('',#2275);
#685=VERTEX_POINT('',#2278);
#686=VERTEX_POINT('',#2280);
#687=VERTEX_POINT('',#2282);
#688=VERTEX_POINT('',#2284);
#689=VERTEX_POINT('',#2289);
#690=VERTEX_POINT('',#2291);
#691=VERTEX_POINT('',#2293);
#692=VERTEX_POINT('',#2295);
#693=VERTEX_POINT('',#2298);
#694=VERTEX_POINT('',#2304);
#695=VERTEX_POINT('',#2306);
#696=VERTEX_POINT('',#2312);
#697=VERTEX_POINT('',#2314);
#698=VERTEX_POINT('',#2320);
#699=VERTEX_POINT('',#2324);
#700=VERTEX_POINT('',#2332);
#701=VERTEX_POINT('',#2333);
#702=VERTEX_POINT('',#2335);
#703=VERTEX_POINT('',#2337);
#704=VERTEX_POINT('',#2339);
#705=VERTEX_POINT('',#2341);
#706=VERTEX_POINT('',#2343);
#707=VERTEX_POINT('',#2345);
#708=VERTEX_POINT('',#2348);
#709=VERTEX_POINT('',#2349);
#710=VERTEX_POINT('',#2351);
#711=VERTEX_POINT('',#2353);
#712=VERTEX_POINT('',#2355);
#713=VERTEX_POINT('',#2357);
#714=VERTEX_POINT('',#2359);
#715=VERTEX_POINT('',#2361);
#716=VERTEX_POINT('',#2363);
#717=VERTEX_POINT('',#2366);
#718=VERTEX_POINT('',#2368);
#719=VERTEX_POINT('',#2370);
#720=VERTEX_POINT('',#2372);
#721=VERTEX_POINT('',#2375);
#722=VERTEX_POINT('',#2377);
#723=VERTEX_POINT('',#2379);
#724=VERTEX_POINT('',#2381);
#725=VERTEX_POINT('',#2383);
#726=VERTEX_POINT('',#2385);
#727=VERTEX_POINT('',#2387);
#728=VERTEX_POINT('',#2392);
#729=VERTEX_POINT('',#2393);
#730=VERTEX_POINT('',#2397);
#731=VERTEX_POINT('',#2398);
#732=VERTEX_POINT('',#2400);
#733=VERTEX_POINT('',#2404);
#734=VERTEX_POINT('',#2411);
#735=VERTEX_POINT('',#2412);
#736=VERTEX_POINT('',#2414);
#737=VERTEX_POINT('',#2416);
#738=VERTEX_POINT('',#2418);
#739=VERTEX_POINT('',#2420);
#740=VERTEX_POINT('',#2422);
#741=VERTEX_POINT('',#2424);
#742=VERTEX_POINT('',#2427);
#743=VERTEX_POINT('',#2429);
#744=VERTEX_POINT('',#2431);
#745=VERTEX_POINT('',#2433);
#746=VERTEX_POINT('',#2435);
#747=VERTEX_POINT('',#2437);
#748=VERTEX_POINT('',#2439);
#749=VERTEX_POINT('',#2441);
#750=VERTEX_POINT('',#2443);
#751=VERTEX_POINT('',#2445);
#752=VERTEX_POINT('',#2447);
#753=VERTEX_POINT('',#2449);
#754=VERTEX_POINT('',#2451);
#755=VERTEX_POINT('',#2453);
#756=VERTEX_POINT('',#2455);
#757=VERTEX_POINT('',#2457);
#758=VERTEX_POINT('',#2459);
#759=VERTEX_POINT('',#2461);
#760=VERTEX_POINT('',#2463);
#761=VERTEX_POINT('',#2465);
#762=VERTEX_POINT('',#2467);
#763=VERTEX_POINT('',#2469);
#764=VERTEX_POINT('',#2473);
#765=VERTEX_POINT('',#2475);
#766=VERTEX_POINT('',#2477);
#767=VERTEX_POINT('',#2479);
#768=VERTEX_POINT('',#2483);
#769=VERTEX_POINT('',#2487);
#770=VERTEX_POINT('',#2489);
#771=VERTEX_POINT('',#2493);
#772=VERTEX_POINT('',#2499);
#773=VERTEX_POINT('',#2501);
#774=VERTEX_POINT('',#2503);
#775=VERTEX_POINT('',#2505);
#776=VERTEX_POINT('',#2581);
#777=VERTEX_POINT('',#2583);
#778=VERTEX_POINT('',#2589);
#779=VERTEX_POINT('',#2591);
#780=VERTEX_POINT('',#2597);
#781=VERTEX_POINT('',#2599);
#782=EDGE_CURVE('',#642,#643,#362,.T.);
#783=EDGE_CURVE('',#643,#643,#287,.T.);
#784=EDGE_CURVE('',#644,#644,#288,.T.);
#785=EDGE_CURVE('',#644,#645,#363,.T.);
#786=EDGE_CURVE('',#645,#645,#289,.T.);
#787=EDGE_CURVE('',#646,#646,#290,.T.);
#788=EDGE_CURVE('',#646,#647,#364,.T.);
#789=EDGE_CURVE('',#647,#647,#291,.T.);
#790=EDGE_CURVE('',#648,#649,#292,.T.);
#791=EDGE_CURVE('',#650,#649,#365,.T.);
#792=EDGE_CURVE('',#650,#651,#293,.T.);
#793=EDGE_CURVE('',#651,#648,#366,.T.);
#794=EDGE_CURVE('',#652,#650,#294,.T.);
#795=EDGE_CURVE('',#652,#653,#295,.T.);
#796=EDGE_CURVE('',#653,#651,#296,.T.);
#797=EDGE_CURVE('',#654,#655,#297,.T.);
#798=EDGE_CURVE('',#655,#653,#367,.T.);
#799=EDGE_CURVE('',#654,#652,#368,.T.);
#800=EDGE_CURVE('',#649,#654,#369,.T.);
#801=EDGE_CURVE('',#655,#648,#370,.T.);
#802=EDGE_CURVE('',#656,#657,#298,.T.);
#803=EDGE_CURVE('',#658,#656,#371,.T.);
#804=EDGE_CURVE('',#659,#658,#299,.T.);
#805=EDGE_CURVE('',#657,#659,#372,.T.);
#806=EDGE_CURVE('',#660,#661,#300,.T.);
#807=EDGE_CURVE('',#662,#660,#373,.T.);
#808=EDGE_CURVE('',#663,#662,#301,.T.);
#809=EDGE_CURVE('',#661,#663,#374,.T.);
#810=EDGE_CURVE('',#664,#665,#302,.T.);
#811=EDGE_CURVE('',#664,#666,#303,.T.);
#812=EDGE_CURVE('',#667,#666,#375,.T.);
#813=EDGE_CURVE('',#668,#667,#304,.T.);
#814=EDGE_CURVE('',#665,#668,#376,.T.);
#815=EDGE_CURVE('',#669,#670,#305,.T.);
#816=EDGE_CURVE('',#671,#670,#306,.T.);
#817=EDGE_CURVE('',#672,#671,#377,.T.);
#818=EDGE_CURVE('',#673,#672,#307,.T.);
#819=EDGE_CURVE('',#669,#673,#378,.T.);
#820=EDGE_CURVE('',#656,#665,#379,.T.);
#821=EDGE_CURVE('',#668,#658,#380,.T.);
#822=EDGE_CURVE('',#674,#657,#381,.T.);
#823=EDGE_CURVE('',#674,#675,#382,.T.);
#824=EDGE_CURVE('',#676,#675,#383,.T.);
#825=EDGE_CURVE('',#676,#677,#384,.T.);
#826=EDGE_CURVE('',#678,#677,#308,.T.);
#827=EDGE_CURVE('',#678,#679,#385,.T.);
#828=EDGE_CURVE('',#680,#679,#309,.T.);
#829=EDGE_CURVE('',#680,#664,#386,.T.);
#830=EDGE_CURVE('',#676,#666,#387,.T.);
#831=EDGE_CURVE('',#675,#681,#388,.T.);
#832=EDGE_CURVE('',#681,#682,#389,.T.);
#833=EDGE_CURVE('',#682,#683,#390,.T.);
#834=EDGE_CURVE('',#683,#684,#391,.T.);
#835=EDGE_CURVE('',#669,#684,#392,.T.);
#836=EDGE_CURVE('',#673,#685,#393,.T.);
#837=EDGE_CURVE('',#685,#686,#394,.T.);
#838=EDGE_CURVE('',#687,#686,#395,.T.);
#839=EDGE_CURVE('',#687,#688,#396,.T.);
#840=EDGE_CURVE('',#688,#667,#397,.T.);
#841=EDGE_CURVE('',#671,#661,#398,.T.);
#842=EDGE_CURVE('',#670,#689,#399,.T.);
#843=EDGE_CURVE('',#690,#689,#310,.T.);
#844=EDGE_CURVE('',#690,#691,#400,.T.);
#845=EDGE_CURVE('',#692,#691,#311,.T.);
#846=EDGE_CURVE('',#692,#684,#401,.T.);
#847=EDGE_CURVE('',#683,#693,#402,.T.);
#848=EDGE_CURVE('',#660,#693,#403,.T.);
#849=EDGE_CURVE('',#663,#672,#404,.T.);
#850=EDGE_CURVE('',#694,#687,#405,.T.);
#851=EDGE_CURVE('',#695,#694,#406,.T.);
#852=EDGE_CURVE('',#695,#688,#407,.T.);
#853=EDGE_CURVE('',#659,#695,#408,.T.);
#854=EDGE_CURVE('',#696,#685,#409,.T.);
#855=EDGE_CURVE('',#697,#696,#410,.T.);
#856=EDGE_CURVE('',#686,#697,#411,.T.);
#857=EDGE_CURVE('',#696,#662,#412,.T.);
#858=EDGE_CURVE('',#698,#682,#413,.T.);
#859=EDGE_CURVE('',#693,#698,#414,.T.);
#860=EDGE_CURVE('',#699,#674,#415,.T.);
#861=EDGE_CURVE('',#699,#681,#416,.T.);
#862=EDGE_CURVE('',#698,#699,#417,.T.);
#863=EDGE_CURVE('',#697,#694,#418,.T.);
#864=EDGE_CURVE('',#700,#701,#312,.T.);
#865=EDGE_CURVE('',#700,#702,#419,.T.);
#866=EDGE_CURVE('',#703,#702,#313,.T.);
#867=EDGE_CURVE('',#703,#704,#420,.T.);
#868=EDGE_CURVE('',#705,#704,#314,.T.);
#869=EDGE_CURVE('',#705,#706,#421,.T.);
#870=EDGE_CURVE('',#707,#706,#315,.T.);
#871=EDGE_CURVE('',#707,#701,#422,.T.);
#872=EDGE_CURVE('',#708,#709,#423,.T.);
#873=EDGE_CURVE('',#709,#710,#316,.T.);
#874=EDGE_CURVE('',#710,#711,#424,.T.);
#875=EDGE_CURVE('',#712,#711,#317,.T.);
#876=EDGE_CURVE('',#712,#713,#425,.T.);
#877=EDGE_CURVE('',#714,#713,#318,.T.);
#878=EDGE_CURVE('',#714,#715,#426,.T.);
#879=EDGE_CURVE('',#716,#715,#319,.T.);
#880=EDGE_CURVE('',#716,#676,#427,.T.);
#881=EDGE_CURVE('',#664,#717,#428,.T.);
#882=EDGE_CURVE('',#717,#718,#320,.T.);
#883=EDGE_CURVE('',#718,#719,#429,.T.);
#884=EDGE_CURVE('',#719,#720,#321,.T.);
#885=EDGE_CURVE('',#720,#670,#430,.T.);
#886=EDGE_CURVE('',#684,#721,#431,.T.);
#887=EDGE_CURVE('',#722,#721,#322,.T.);
#888=EDGE_CURVE('',#722,#723,#432,.T.);
#889=EDGE_CURVE('',#724,#723,#323,.T.);
#890=EDGE_CURVE('',#724,#725,#433,.T.);
#891=EDGE_CURVE('',#726,#725,#324,.T.);
#892=EDGE_CURVE('',#726,#727,#434,.T.);
#893=EDGE_CURVE('',#727,#708,#325,.T.);
#894=EDGE_CURVE('',#728,#729,#435,.T.);
#895=EDGE_CURVE('',#728,#729,#326,.T.);
#896=EDGE_CURVE('',#730,#731,#436,.T.);
#897=EDGE_CURVE('',#732,#731,#327,.T.);
#898=EDGE_CURVE('',#730,#732,#328,.T.);
#899=EDGE_CURVE('',#733,#733,#329,.T.);
#900=EDGE_CURVE('',#733,#732,#437,.T.);
#901=EDGE_CURVE('',#728,#731,#330,.T.);
#902=EDGE_CURVE('',#730,#729,#331,.T.);
#903=EDGE_CURVE('',#734,#735,#332,.T.);
#904=EDGE_CURVE('',#736,#734,#438,.T.);
#905=EDGE_CURVE('',#737,#736,#333,.T.);
#906=EDGE_CURVE('',#738,#737,#439,.T.);
#907=EDGE_CURVE('',#739,#738,#334,.T.);
#908=EDGE_CURVE('',#740,#739,#440,.T.);
#909=EDGE_CURVE('',#741,#740,#335,.T.);
#910=EDGE_CURVE('',#735,#741,#441,.T.);
#911=EDGE_CURVE('',#731,#742,#442,.T.);
#912=EDGE_CURVE('',#742,#743,#336,.T.);
#913=EDGE_CURVE('',#743,#744,#443,.T.);
#914=EDGE_CURVE('',#744,#745,#337,.T.);
#915=EDGE_CURVE('',#745,#746,#444,.T.);
#916=EDGE_CURVE('',#746,#747,#338,.T.);
#917=EDGE_CURVE('',#747,#748,#445,.T.);
#918=EDGE_CURVE('',#749,#748,#339,.T.);
#919=EDGE_CURVE('',#749,#750,#446,.T.);
#920=EDGE_CURVE('',#751,#750,#340,.T.);
#921=EDGE_CURVE('',#751,#752,#447,.T.);
#922=EDGE_CURVE('',#753,#752,#341,.T.);
#923=EDGE_CURVE('',#753,#754,#448,.T.);
#924=EDGE_CURVE('',#754,#755,#342,.T.);
#925=EDGE_CURVE('',#755,#756,#449,.T.);
#926=EDGE_CURVE('',#756,#757,#343,.T.);
#927=EDGE_CURVE('',#757,#758,#450,.T.);
#928=EDGE_CURVE('',#759,#758,#344,.T.);
#929=EDGE_CURVE('',#759,#760,#451,.T.);
#930=EDGE_CURVE('',#761,#760,#345,.T.);
#931=EDGE_CURVE('',#761,#762,#452,.T.);
#932=EDGE_CURVE('',#763,#762,#346,.T.);
#933=EDGE_CURVE('',#763,#728,#453,.T.);
#934=EDGE_CURVE('',#729,#764,#454,.T.);
#935=EDGE_CURVE('',#765,#764,#347,.T.);
#936=EDGE_CURVE('',#765,#766,#455,.T.);
#937=EDGE_CURVE('',#767,#766,#348,.T.);
#938=EDGE_CURVE('',#767,#730,#456,.T.);
#939=EDGE_CURVE('',#746,#768,#457,.T.);
#940=EDGE_CURVE('',#746,#768,#349,.T.);
#941=EDGE_CURVE('',#769,#747,#458,.T.);
#942=EDGE_CURVE('',#770,#747,#350,.T.);
#943=EDGE_CURVE('',#769,#770,#351,.T.);
#944=EDGE_CURVE('',#771,#771,#352,.T.);
#945=EDGE_CURVE('',#771,#770,#459,.T.);
#946=EDGE_CURVE('',#769,#768,#353,.T.);
#947=EDGE_CURVE('',#768,#772,#460,.T.);
#948=EDGE_CURVE('',#773,#772,#354,.T.);
#949=EDGE_CURVE('',#773,#774,#461,.T.);
#950=EDGE_CURVE('',#775,#774,#355,.T.);
#951=EDGE_CURVE('',#775,#769,#462,.T.);
#952=EDGE_CURVE('',#711,#753,#463,.T.);
#953=EDGE_CURVE('',#752,#712,#464,.T.);
#954=EDGE_CURVE('',#710,#754,#465,.T.);
#955=EDGE_CURVE('',#725,#759,#466,.T.);
#956=EDGE_CURVE('',#758,#726,#467,.T.);
#957=EDGE_CURVE('',#760,#724,#468,.T.);
#958=EDGE_CURVE('',#723,#761,#469,.T.);
#959=EDGE_CURVE('',#762,#722,#470,.T.);
#960=EDGE_CURVE('',#713,#751,#471,.T.);
#961=EDGE_CURVE('',#750,#714,#472,.T.);
#962=EDGE_CURVE('',#715,#749,#473,.T.);
#963=EDGE_CURVE('',#748,#716,#474,.T.);
#964=EDGE_CURVE('',#721,#763,#475,.T.);
#965=EDGE_CURVE('',#764,#692,#476,.T.);
#966=EDGE_CURVE('',#766,#690,#477,.T.);
#967=EDGE_CURVE('',#689,#767,#478,.T.);
#968=EDGE_CURVE('',#691,#765,#479,.T.);
#969=EDGE_CURVE('',#774,#678,#480,.T.);
#970=EDGE_CURVE('',#677,#775,#481,.T.);
#971=EDGE_CURVE('',#679,#773,#482,.T.);
#972=EDGE_CURVE('',#772,#680,#483,.T.);
#973=EDGE_CURVE('',#709,#755,#484,.T.);
#974=EDGE_CURVE('',#708,#756,#485,.T.);
#975=EDGE_CURVE('',#727,#757,#486,.T.);
#976=EDGE_CURVE('',#720,#742,#487,.T.);
#977=EDGE_CURVE('',#719,#743,#488,.T.);
#978=EDGE_CURVE('',#718,#744,#489,.T.);
#979=EDGE_CURVE('',#717,#745,#490,.T.);
#980=EDGE_CURVE('',#701,#734,#491,.T.);
#981=EDGE_CURVE('',#735,#700,#492,.T.);
#982=EDGE_CURVE('',#736,#707,#493,.T.);
#983=EDGE_CURVE('',#706,#737,#494,.T.);
#984=EDGE_CURVE('',#702,#741,#495,.T.);
#985=EDGE_CURVE('',#740,#703,#496,.T.);
#986=EDGE_CURVE('',#704,#739,#497,.T.);
#987=EDGE_CURVE('',#738,#705,#498,.T.);
#988=EDGE_CURVE('',#776,#776,#356,.T.);
#989=EDGE_CURVE('',#776,#777,#499,.T.);
#990=EDGE_CURVE('',#777,#777,#357,.T.);
#991=EDGE_CURVE('',#778,#778,#358,.T.);
#992=EDGE_CURVE('',#778,#779,#500,.T.);
#993=EDGE_CURVE('',#779,#779,#359,.T.);
#994=EDGE_CURVE('',#780,#780,#360,.T.);
#995=EDGE_CURVE('',#780,#781,#501,.T.);
#996=EDGE_CURVE('',#781,#781,#361,.T.);
#997=ORIENTED_EDGE('',*,*,#782,.T.);
#998=ORIENTED_EDGE('',*,*,#783,.F.);
#999=ORIENTED_EDGE('',*,*,#782,.F.);
#1000=ORIENTED_EDGE('',*,*,#784,.F.);
#1001=ORIENTED_EDGE('',*,*,#785,.T.);
#1002=ORIENTED_EDGE('',*,*,#786,.F.);
#1003=ORIENTED_EDGE('',*,*,#785,.F.);
#1004=ORIENTED_EDGE('',*,*,#784,.T.);
#1005=ORIENTED_EDGE('',*,*,#787,.F.);
#1006=ORIENTED_EDGE('',*,*,#788,.T.);
#1007=ORIENTED_EDGE('',*,*,#789,.F.);
#1008=ORIENTED_EDGE('',*,*,#788,.F.);
#1009=ORIENTED_EDGE('',*,*,#787,.T.);
#1010=ORIENTED_EDGE('',*,*,#790,.T.);
#1011=ORIENTED_EDGE('',*,*,#791,.F.);
#1012=ORIENTED_EDGE('',*,*,#792,.T.);
#1013=ORIENTED_EDGE('',*,*,#793,.T.);
#1014=ORIENTED_EDGE('',*,*,#792,.F.);
#1015=ORIENTED_EDGE('',*,*,#794,.F.);
#1016=ORIENTED_EDGE('',*,*,#795,.T.);
#1017=ORIENTED_EDGE('',*,*,#796,.T.);
#1018=ORIENTED_EDGE('',*,*,#797,.T.);
#1019=ORIENTED_EDGE('',*,*,#798,.T.);
#1020=ORIENTED_EDGE('',*,*,#795,.F.);
#1021=ORIENTED_EDGE('',*,*,#799,.F.);
#1022=ORIENTED_EDGE('',*,*,#797,.F.);
#1023=ORIENTED_EDGE('',*,*,#800,.F.);
#1024=ORIENTED_EDGE('',*,*,#790,.F.);
#1025=ORIENTED_EDGE('',*,*,#801,.F.);
#1026=ORIENTED_EDGE('',*,*,#798,.F.);
#1027=ORIENTED_EDGE('',*,*,#801,.T.);
#1028=ORIENTED_EDGE('',*,*,#793,.F.);
#1029=ORIENTED_EDGE('',*,*,#796,.F.);
#1030=ORIENTED_EDGE('',*,*,#802,.F.);
#1031=ORIENTED_EDGE('',*,*,#803,.F.);
#1032=ORIENTED_EDGE('',*,*,#804,.F.);
#1033=ORIENTED_EDGE('',*,*,#805,.F.);
#1034=ORIENTED_EDGE('',*,*,#806,.F.);
#1035=ORIENTED_EDGE('',*,*,#807,.F.);
#1036=ORIENTED_EDGE('',*,*,#808,.F.);
#1037=ORIENTED_EDGE('',*,*,#809,.F.);
#1038=ORIENTED_EDGE('',*,*,#810,.F.);
#1039=ORIENTED_EDGE('',*,*,#811,.T.);
#1040=ORIENTED_EDGE('',*,*,#812,.F.);
#1041=ORIENTED_EDGE('',*,*,#813,.F.);
#1042=ORIENTED_EDGE('',*,*,#814,.F.);
#1043=ORIENTED_EDGE('',*,*,#815,.T.);
#1044=ORIENTED_EDGE('',*,*,#816,.F.);
#1045=ORIENTED_EDGE('',*,*,#817,.F.);
#1046=ORIENTED_EDGE('',*,*,#818,.F.);
#1047=ORIENTED_EDGE('',*,*,#819,.F.);
#1048=ORIENTED_EDGE('',*,*,#803,.T.);
#1049=ORIENTED_EDGE('',*,*,#820,.T.);
#1050=ORIENTED_EDGE('',*,*,#814,.T.);
#1051=ORIENTED_EDGE('',*,*,#821,.T.);
#1052=ORIENTED_EDGE('',*,*,#802,.T.);
#1053=ORIENTED_EDGE('',*,*,#822,.F.);
#1054=ORIENTED_EDGE('',*,*,#823,.T.);
#1055=ORIENTED_EDGE('',*,*,#824,.F.);
#1056=ORIENTED_EDGE('',*,*,#825,.T.);
#1057=ORIENTED_EDGE('',*,*,#826,.F.);
#1058=ORIENTED_EDGE('',*,*,#827,.T.);
#1059=ORIENTED_EDGE('',*,*,#828,.F.);
#1060=ORIENTED_EDGE('',*,*,#829,.T.);
#1061=ORIENTED_EDGE('',*,*,#810,.T.);
#1062=ORIENTED_EDGE('',*,*,#820,.F.);
#1063=ORIENTED_EDGE('',*,*,#812,.T.);
#1064=ORIENTED_EDGE('',*,*,#830,.F.);
#1065=ORIENTED_EDGE('',*,*,#824,.T.);
#1066=ORIENTED_EDGE('',*,*,#831,.T.);
#1067=ORIENTED_EDGE('',*,*,#832,.T.);
#1068=ORIENTED_EDGE('',*,*,#833,.T.);
#1069=ORIENTED_EDGE('',*,*,#834,.T.);
#1070=ORIENTED_EDGE('',*,*,#835,.F.);
#1071=ORIENTED_EDGE('',*,*,#819,.T.);
#1072=ORIENTED_EDGE('',*,*,#836,.T.);
#1073=ORIENTED_EDGE('',*,*,#837,.T.);
#1074=ORIENTED_EDGE('',*,*,#838,.F.);
#1075=ORIENTED_EDGE('',*,*,#839,.T.);
#1076=ORIENTED_EDGE('',*,*,#840,.T.);
#1077=ORIENTED_EDGE('',*,*,#806,.T.);
#1078=ORIENTED_EDGE('',*,*,#841,.F.);
#1079=ORIENTED_EDGE('',*,*,#816,.T.);
#1080=ORIENTED_EDGE('',*,*,#842,.T.);
#1081=ORIENTED_EDGE('',*,*,#843,.F.);
#1082=ORIENTED_EDGE('',*,*,#844,.T.);
#1083=ORIENTED_EDGE('',*,*,#845,.F.);
#1084=ORIENTED_EDGE('',*,*,#846,.T.);
#1085=ORIENTED_EDGE('',*,*,#834,.F.);
#1086=ORIENTED_EDGE('',*,*,#847,.T.);
#1087=ORIENTED_EDGE('',*,*,#848,.F.);
#1088=ORIENTED_EDGE('',*,*,#809,.T.);
#1089=ORIENTED_EDGE('',*,*,#849,.T.);
#1090=ORIENTED_EDGE('',*,*,#817,.T.);
#1091=ORIENTED_EDGE('',*,*,#841,.T.);
#1092=ORIENTED_EDGE('',*,*,#839,.F.);
#1093=ORIENTED_EDGE('',*,*,#850,.F.);
#1094=ORIENTED_EDGE('',*,*,#851,.F.);
#1095=ORIENTED_EDGE('',*,*,#852,.T.);
#1096=ORIENTED_EDGE('',*,*,#804,.T.);
#1097=ORIENTED_EDGE('',*,*,#821,.F.);
#1098=ORIENTED_EDGE('',*,*,#813,.T.);
#1099=ORIENTED_EDGE('',*,*,#840,.F.);
#1100=ORIENTED_EDGE('',*,*,#852,.F.);
#1101=ORIENTED_EDGE('',*,*,#853,.F.);
#1102=ORIENTED_EDGE('',*,*,#789,.T.);
#1103=ORIENTED_EDGE('',*,*,#837,.F.);
#1104=ORIENTED_EDGE('',*,*,#854,.F.);
#1105=ORIENTED_EDGE('',*,*,#855,.F.);
#1106=ORIENTED_EDGE('',*,*,#856,.F.);
#1107=ORIENTED_EDGE('',*,*,#808,.T.);
#1108=ORIENTED_EDGE('',*,*,#857,.F.);
#1109=ORIENTED_EDGE('',*,*,#854,.T.);
#1110=ORIENTED_EDGE('',*,*,#836,.F.);
#1111=ORIENTED_EDGE('',*,*,#818,.T.);
#1112=ORIENTED_EDGE('',*,*,#849,.F.);
#1113=ORIENTED_EDGE('',*,*,#786,.T.);
#1114=ORIENTED_EDGE('',*,*,#833,.F.);
#1115=ORIENTED_EDGE('',*,*,#858,.F.);
#1116=ORIENTED_EDGE('',*,*,#859,.F.);
#1117=ORIENTED_EDGE('',*,*,#847,.F.);
#1118=ORIENTED_EDGE('',*,*,#831,.F.);
#1119=ORIENTED_EDGE('',*,*,#823,.F.);
#1120=ORIENTED_EDGE('',*,*,#860,.F.);
#1121=ORIENTED_EDGE('',*,*,#861,.T.);
#1122=ORIENTED_EDGE('',*,*,#832,.F.);
#1123=ORIENTED_EDGE('',*,*,#861,.F.);
#1124=ORIENTED_EDGE('',*,*,#862,.F.);
#1125=ORIENTED_EDGE('',*,*,#858,.T.);
#1126=ORIENTED_EDGE('',*,*,#850,.T.);
#1127=ORIENTED_EDGE('',*,*,#838,.T.);
#1128=ORIENTED_EDGE('',*,*,#856,.T.);
#1129=ORIENTED_EDGE('',*,*,#863,.T.);
#1130=ORIENTED_EDGE('',*,*,#783,.T.);
#1131=ORIENTED_EDGE('',*,*,#864,.F.);
#1132=ORIENTED_EDGE('',*,*,#865,.T.);
#1133=ORIENTED_EDGE('',*,*,#866,.F.);
#1134=ORIENTED_EDGE('',*,*,#867,.T.);
#1135=ORIENTED_EDGE('',*,*,#868,.F.);
#1136=ORIENTED_EDGE('',*,*,#869,.T.);
#1137=ORIENTED_EDGE('',*,*,#870,.F.);
#1138=ORIENTED_EDGE('',*,*,#871,.T.);
#1139=ORIENTED_EDGE('',*,*,#799,.T.);
#1140=ORIENTED_EDGE('',*,*,#794,.T.);
#1141=ORIENTED_EDGE('',*,*,#791,.T.);
#1142=ORIENTED_EDGE('',*,*,#800,.T.);
#1143=ORIENTED_EDGE('',*,*,#872,.T.);
#1144=ORIENTED_EDGE('',*,*,#873,.T.);
#1145=ORIENTED_EDGE('',*,*,#874,.T.);
#1146=ORIENTED_EDGE('',*,*,#875,.F.);
#1147=ORIENTED_EDGE('',*,*,#876,.T.);
#1148=ORIENTED_EDGE('',*,*,#877,.F.);
#1149=ORIENTED_EDGE('',*,*,#878,.T.);
#1150=ORIENTED_EDGE('',*,*,#879,.F.);
#1151=ORIENTED_EDGE('',*,*,#880,.T.);
#1152=ORIENTED_EDGE('',*,*,#830,.T.);
#1153=ORIENTED_EDGE('',*,*,#811,.F.);
#1154=ORIENTED_EDGE('',*,*,#881,.T.);
#1155=ORIENTED_EDGE('',*,*,#882,.T.);
#1156=ORIENTED_EDGE('',*,*,#883,.T.);
#1157=ORIENTED_EDGE('',*,*,#884,.T.);
#1158=ORIENTED_EDGE('',*,*,#885,.T.);
#1159=ORIENTED_EDGE('',*,*,#815,.F.);
#1160=ORIENTED_EDGE('',*,*,#835,.T.);
#1161=ORIENTED_EDGE('',*,*,#886,.T.);
#1162=ORIENTED_EDGE('',*,*,#887,.F.);
#1163=ORIENTED_EDGE('',*,*,#888,.T.);
#1164=ORIENTED_EDGE('',*,*,#889,.F.);
#1165=ORIENTED_EDGE('',*,*,#890,.T.);
#1166=ORIENTED_EDGE('',*,*,#891,.F.);
#1167=ORIENTED_EDGE('',*,*,#892,.T.);
#1168=ORIENTED_EDGE('',*,*,#893,.T.);
#1169=ORIENTED_EDGE('',*,*,#805,.T.);
#1170=ORIENTED_EDGE('',*,*,#853,.T.);
#1171=ORIENTED_EDGE('',*,*,#851,.T.);
#1172=ORIENTED_EDGE('',*,*,#863,.F.);
#1173=ORIENTED_EDGE('',*,*,#855,.T.);
#1174=ORIENTED_EDGE('',*,*,#857,.T.);
#1175=ORIENTED_EDGE('',*,*,#807,.T.);
#1176=ORIENTED_EDGE('',*,*,#848,.T.);
#1177=ORIENTED_EDGE('',*,*,#859,.T.);
#1178=ORIENTED_EDGE('',*,*,#862,.T.);
#1179=ORIENTED_EDGE('',*,*,#860,.T.);
#1180=ORIENTED_EDGE('',*,*,#822,.T.);
#1181=ORIENTED_EDGE('',*,*,#894,.T.);
#1182=ORIENTED_EDGE('',*,*,#895,.F.);
#1183=ORIENTED_EDGE('',*,*,#896,.T.);
#1184=ORIENTED_EDGE('',*,*,#897,.F.);
#1185=ORIENTED_EDGE('',*,*,#898,.F.);
#1186=ORIENTED_EDGE('',*,*,#899,.F.);
#1187=ORIENTED_EDGE('',*,*,#900,.T.);
#1188=ORIENTED_EDGE('',*,*,#897,.T.);
#1189=ORIENTED_EDGE('',*,*,#901,.F.);
#1190=ORIENTED_EDGE('',*,*,#895,.T.);
#1191=ORIENTED_EDGE('',*,*,#902,.F.);
#1192=ORIENTED_EDGE('',*,*,#898,.T.);
#1193=ORIENTED_EDGE('',*,*,#900,.F.);
#1194=ORIENTED_EDGE('',*,*,#899,.T.);
#1195=ORIENTED_EDGE('',*,*,#903,.F.);
#1196=ORIENTED_EDGE('',*,*,#904,.F.);
#1197=ORIENTED_EDGE('',*,*,#905,.F.);
#1198=ORIENTED_EDGE('',*,*,#906,.F.);
#1199=ORIENTED_EDGE('',*,*,#907,.F.);
#1200=ORIENTED_EDGE('',*,*,#908,.F.);
#1201=ORIENTED_EDGE('',*,*,#909,.F.);
#1202=ORIENTED_EDGE('',*,*,#910,.F.);
#1203=ORIENTED_EDGE('',*,*,#901,.T.);
#1204=ORIENTED_EDGE('',*,*,#911,.T.);
#1205=ORIENTED_EDGE('',*,*,#912,.T.);
#1206=ORIENTED_EDGE('',*,*,#913,.T.);
#1207=ORIENTED_EDGE('',*,*,#914,.T.);
#1208=ORIENTED_EDGE('',*,*,#915,.T.);
#1209=ORIENTED_EDGE('',*,*,#916,.T.);
#1210=ORIENTED_EDGE('',*,*,#917,.T.);
#1211=ORIENTED_EDGE('',*,*,#918,.F.);
#1212=ORIENTED_EDGE('',*,*,#919,.T.);
#1213=ORIENTED_EDGE('',*,*,#920,.F.);
#1214=ORIENTED_EDGE('',*,*,#921,.T.);
#1215=ORIENTED_EDGE('',*,*,#922,.F.);
#1216=ORIENTED_EDGE('',*,*,#923,.T.);
#1217=ORIENTED_EDGE('',*,*,#924,.T.);
#1218=ORIENTED_EDGE('',*,*,#925,.T.);
#1219=ORIENTED_EDGE('',*,*,#926,.T.);
#1220=ORIENTED_EDGE('',*,*,#927,.T.);
#1221=ORIENTED_EDGE('',*,*,#928,.F.);
#1222=ORIENTED_EDGE('',*,*,#929,.T.);
#1223=ORIENTED_EDGE('',*,*,#930,.F.);
#1224=ORIENTED_EDGE('',*,*,#931,.T.);
#1225=ORIENTED_EDGE('',*,*,#932,.F.);
#1226=ORIENTED_EDGE('',*,*,#933,.T.);
#1227=ORIENTED_EDGE('',*,*,#902,.T.);
#1228=ORIENTED_EDGE('',*,*,#934,.T.);
#1229=ORIENTED_EDGE('',*,*,#935,.F.);
#1230=ORIENTED_EDGE('',*,*,#936,.T.);
#1231=ORIENTED_EDGE('',*,*,#937,.F.);
#1232=ORIENTED_EDGE('',*,*,#938,.T.);
#1233=ORIENTED_EDGE('',*,*,#939,.T.);
#1234=ORIENTED_EDGE('',*,*,#940,.F.);
#1235=ORIENTED_EDGE('',*,*,#941,.T.);
#1236=ORIENTED_EDGE('',*,*,#942,.F.);
#1237=ORIENTED_EDGE('',*,*,#943,.F.);
#1238=ORIENTED_EDGE('',*,*,#944,.F.);
#1239=ORIENTED_EDGE('',*,*,#945,.T.);
#1240=ORIENTED_EDGE('',*,*,#942,.T.);
#1241=ORIENTED_EDGE('',*,*,#916,.F.);
#1242=ORIENTED_EDGE('',*,*,#940,.T.);
#1243=ORIENTED_EDGE('',*,*,#946,.F.);
#1244=ORIENTED_EDGE('',*,*,#943,.T.);
#1245=ORIENTED_EDGE('',*,*,#945,.F.);
#1246=ORIENTED_EDGE('',*,*,#944,.T.);
#1247=ORIENTED_EDGE('',*,*,#946,.T.);
#1248=ORIENTED_EDGE('',*,*,#947,.T.);
#1249=ORIENTED_EDGE('',*,*,#948,.F.);
#1250=ORIENTED_EDGE('',*,*,#949,.T.);
#1251=ORIENTED_EDGE('',*,*,#950,.F.);
#1252=ORIENTED_EDGE('',*,*,#951,.T.);
#1253=ORIENTED_EDGE('',*,*,#875,.T.);
#1254=ORIENTED_EDGE('',*,*,#952,.T.);
#1255=ORIENTED_EDGE('',*,*,#922,.T.);
#1256=ORIENTED_EDGE('',*,*,#953,.T.);
#1257=ORIENTED_EDGE('',*,*,#952,.F.);
#1258=ORIENTED_EDGE('',*,*,#874,.F.);
#1259=ORIENTED_EDGE('',*,*,#954,.T.);
#1260=ORIENTED_EDGE('',*,*,#923,.F.);
#1261=ORIENTED_EDGE('',*,*,#891,.T.);
#1262=ORIENTED_EDGE('',*,*,#955,.T.);
#1263=ORIENTED_EDGE('',*,*,#928,.T.);
#1264=ORIENTED_EDGE('',*,*,#956,.T.);
#1265=ORIENTED_EDGE('',*,*,#955,.F.);
#1266=ORIENTED_EDGE('',*,*,#890,.F.);
#1267=ORIENTED_EDGE('',*,*,#957,.F.);
#1268=ORIENTED_EDGE('',*,*,#929,.F.);
#1269=ORIENTED_EDGE('',*,*,#889,.T.);
#1270=ORIENTED_EDGE('',*,*,#958,.T.);
#1271=ORIENTED_EDGE('',*,*,#930,.T.);
#1272=ORIENTED_EDGE('',*,*,#957,.T.);
#1273=ORIENTED_EDGE('',*,*,#958,.F.);
#1274=ORIENTED_EDGE('',*,*,#888,.F.);
#1275=ORIENTED_EDGE('',*,*,#959,.F.);
#1276=ORIENTED_EDGE('',*,*,#931,.F.);
#1277=ORIENTED_EDGE('',*,*,#877,.T.);
#1278=ORIENTED_EDGE('',*,*,#960,.T.);
#1279=ORIENTED_EDGE('',*,*,#920,.T.);
#1280=ORIENTED_EDGE('',*,*,#961,.T.);
#1281=ORIENTED_EDGE('',*,*,#953,.F.);
#1282=ORIENTED_EDGE('',*,*,#921,.F.);
#1283=ORIENTED_EDGE('',*,*,#960,.F.);
#1284=ORIENTED_EDGE('',*,*,#876,.F.);
#1285=ORIENTED_EDGE('',*,*,#879,.T.);
#1286=ORIENTED_EDGE('',*,*,#962,.T.);
#1287=ORIENTED_EDGE('',*,*,#918,.T.);
#1288=ORIENTED_EDGE('',*,*,#963,.T.);
#1289=ORIENTED_EDGE('',*,*,#961,.F.);
#1290=ORIENTED_EDGE('',*,*,#919,.F.);
#1291=ORIENTED_EDGE('',*,*,#962,.F.);
#1292=ORIENTED_EDGE('',*,*,#878,.F.);
#1293=ORIENTED_EDGE('',*,*,#887,.T.);
#1294=ORIENTED_EDGE('',*,*,#964,.T.);
#1295=ORIENTED_EDGE('',*,*,#932,.T.);
#1296=ORIENTED_EDGE('',*,*,#959,.T.);
#1297=ORIENTED_EDGE('',*,*,#964,.F.);
#1298=ORIENTED_EDGE('',*,*,#886,.F.);
#1299=ORIENTED_EDGE('',*,*,#846,.F.);
#1300=ORIENTED_EDGE('',*,*,#965,.F.);
#1301=ORIENTED_EDGE('',*,*,#934,.F.);
#1302=ORIENTED_EDGE('',*,*,#894,.F.);
#1303=ORIENTED_EDGE('',*,*,#933,.F.);
#1304=ORIENTED_EDGE('',*,*,#937,.T.);
#1305=ORIENTED_EDGE('',*,*,#966,.T.);
#1306=ORIENTED_EDGE('',*,*,#843,.T.);
#1307=ORIENTED_EDGE('',*,*,#967,.T.);
#1308=ORIENTED_EDGE('',*,*,#966,.F.);
#1309=ORIENTED_EDGE('',*,*,#936,.F.);
#1310=ORIENTED_EDGE('',*,*,#968,.F.);
#1311=ORIENTED_EDGE('',*,*,#844,.F.);
#1312=ORIENTED_EDGE('',*,*,#935,.T.);
#1313=ORIENTED_EDGE('',*,*,#965,.T.);
#1314=ORIENTED_EDGE('',*,*,#845,.T.);
#1315=ORIENTED_EDGE('',*,*,#968,.T.);
#1316=ORIENTED_EDGE('',*,*,#950,.T.);
#1317=ORIENTED_EDGE('',*,*,#969,.T.);
#1318=ORIENTED_EDGE('',*,*,#826,.T.);
#1319=ORIENTED_EDGE('',*,*,#970,.T.);
#1320=ORIENTED_EDGE('',*,*,#969,.F.);
#1321=ORIENTED_EDGE('',*,*,#949,.F.);
#1322=ORIENTED_EDGE('',*,*,#971,.F.);
#1323=ORIENTED_EDGE('',*,*,#827,.F.);
#1324=ORIENTED_EDGE('',*,*,#948,.T.);
#1325=ORIENTED_EDGE('',*,*,#972,.T.);
#1326=ORIENTED_EDGE('',*,*,#828,.T.);
#1327=ORIENTED_EDGE('',*,*,#971,.T.);
#1328=ORIENTED_EDGE('',*,*,#924,.F.);
#1329=ORIENTED_EDGE('',*,*,#954,.F.);
#1330=ORIENTED_EDGE('',*,*,#873,.F.);
#1331=ORIENTED_EDGE('',*,*,#973,.T.);
#1332=ORIENTED_EDGE('',*,*,#925,.F.);
#1333=ORIENTED_EDGE('',*,*,#973,.F.);
#1334=ORIENTED_EDGE('',*,*,#872,.F.);
#1335=ORIENTED_EDGE('',*,*,#974,.T.);
#1336=ORIENTED_EDGE('',*,*,#926,.F.);
#1337=ORIENTED_EDGE('',*,*,#974,.F.);
#1338=ORIENTED_EDGE('',*,*,#893,.F.);
#1339=ORIENTED_EDGE('',*,*,#975,.T.);
#1340=ORIENTED_EDGE('',*,*,#956,.F.);
#1341=ORIENTED_EDGE('',*,*,#927,.F.);
#1342=ORIENTED_EDGE('',*,*,#975,.F.);
#1343=ORIENTED_EDGE('',*,*,#892,.F.);
#1344=ORIENTED_EDGE('',*,*,#967,.F.);
#1345=ORIENTED_EDGE('',*,*,#842,.F.);
#1346=ORIENTED_EDGE('',*,*,#885,.F.);
#1347=ORIENTED_EDGE('',*,*,#976,.T.);
#1348=ORIENTED_EDGE('',*,*,#911,.F.);
#1349=ORIENTED_EDGE('',*,*,#896,.F.);
#1350=ORIENTED_EDGE('',*,*,#938,.F.);
#1351=ORIENTED_EDGE('',*,*,#912,.F.);
#1352=ORIENTED_EDGE('',*,*,#976,.F.);
#1353=ORIENTED_EDGE('',*,*,#884,.F.);
#1354=ORIENTED_EDGE('',*,*,#977,.T.);
#1355=ORIENTED_EDGE('',*,*,#913,.F.);
#1356=ORIENTED_EDGE('',*,*,#977,.F.);
#1357=ORIENTED_EDGE('',*,*,#883,.F.);
#1358=ORIENTED_EDGE('',*,*,#978,.T.);
#1359=ORIENTED_EDGE('',*,*,#914,.F.);
#1360=ORIENTED_EDGE('',*,*,#978,.F.);
#1361=ORIENTED_EDGE('',*,*,#882,.F.);
#1362=ORIENTED_EDGE('',*,*,#979,.T.);
#1363=ORIENTED_EDGE('',*,*,#972,.F.);
#1364=ORIENTED_EDGE('',*,*,#947,.F.);
#1365=ORIENTED_EDGE('',*,*,#939,.F.);
#1366=ORIENTED_EDGE('',*,*,#915,.F.);
#1367=ORIENTED_EDGE('',*,*,#979,.F.);
#1368=ORIENTED_EDGE('',*,*,#881,.F.);
#1369=ORIENTED_EDGE('',*,*,#829,.F.);
#1370=ORIENTED_EDGE('',*,*,#963,.F.);
#1371=ORIENTED_EDGE('',*,*,#917,.F.);
#1372=ORIENTED_EDGE('',*,*,#941,.F.);
#1373=ORIENTED_EDGE('',*,*,#951,.F.);
#1374=ORIENTED_EDGE('',*,*,#970,.F.);
#1375=ORIENTED_EDGE('',*,*,#825,.F.);
#1376=ORIENTED_EDGE('',*,*,#880,.F.);
#1377=ORIENTED_EDGE('',*,*,#864,.T.);
#1378=ORIENTED_EDGE('',*,*,#980,.T.);
#1379=ORIENTED_EDGE('',*,*,#903,.T.);
#1380=ORIENTED_EDGE('',*,*,#981,.T.);
#1381=ORIENTED_EDGE('',*,*,#980,.F.);
#1382=ORIENTED_EDGE('',*,*,#871,.F.);
#1383=ORIENTED_EDGE('',*,*,#982,.F.);
#1384=ORIENTED_EDGE('',*,*,#904,.T.);
#1385=ORIENTED_EDGE('',*,*,#870,.T.);
#1386=ORIENTED_EDGE('',*,*,#983,.T.);
#1387=ORIENTED_EDGE('',*,*,#905,.T.);
#1388=ORIENTED_EDGE('',*,*,#982,.T.);
#1389=ORIENTED_EDGE('',*,*,#866,.T.);
#1390=ORIENTED_EDGE('',*,*,#984,.T.);
#1391=ORIENTED_EDGE('',*,*,#909,.T.);
#1392=ORIENTED_EDGE('',*,*,#985,.T.);
#1393=ORIENTED_EDGE('',*,*,#985,.F.);
#1394=ORIENTED_EDGE('',*,*,#908,.T.);
#1395=ORIENTED_EDGE('',*,*,#986,.F.);
#1396=ORIENTED_EDGE('',*,*,#867,.F.);
#1397=ORIENTED_EDGE('',*,*,#868,.T.);
#1398=ORIENTED_EDGE('',*,*,#986,.T.);
#1399=ORIENTED_EDGE('',*,*,#907,.T.);
#1400=ORIENTED_EDGE('',*,*,#987,.T.);
#1401=ORIENTED_EDGE('',*,*,#983,.F.);
#1402=ORIENTED_EDGE('',*,*,#869,.F.);
#1403=ORIENTED_EDGE('',*,*,#987,.F.);
#1404=ORIENTED_EDGE('',*,*,#906,.T.);
#1405=ORIENTED_EDGE('',*,*,#981,.F.);
#1406=ORIENTED_EDGE('',*,*,#910,.T.);
#1407=ORIENTED_EDGE('',*,*,#984,.F.);
#1408=ORIENTED_EDGE('',*,*,#865,.F.);
#1409=ORIENTED_EDGE('',*,*,#988,.F.);
#1410=ORIENTED_EDGE('',*,*,#989,.T.);
#1411=ORIENTED_EDGE('',*,*,#990,.T.);
#1412=ORIENTED_EDGE('',*,*,#989,.F.);
#1413=ORIENTED_EDGE('',*,*,#988,.T.);
#1414=ORIENTED_EDGE('',*,*,#990,.F.);
#1415=ORIENTED_EDGE('',*,*,#991,.F.);
#1416=ORIENTED_EDGE('',*,*,#992,.T.);
#1417=ORIENTED_EDGE('',*,*,#993,.T.);
#1418=ORIENTED_EDGE('',*,*,#992,.F.);
#1419=ORIENTED_EDGE('',*,*,#991,.T.);
#1420=ORIENTED_EDGE('',*,*,#993,.F.);
#1421=ORIENTED_EDGE('',*,*,#994,.F.);
#1422=ORIENTED_EDGE('',*,*,#995,.T.);
#1423=ORIENTED_EDGE('',*,*,#996,.T.);
#1424=ORIENTED_EDGE('',*,*,#995,.F.);
#1425=ORIENTED_EDGE('',*,*,#994,.T.);
#1426=ORIENTED_EDGE('',*,*,#996,.F.);
#1427=CONICAL_SURFACE('',#1530,0.05,1.47112767430374);
#1428=ADVANCED_FACE('',(#111),#1427,.T.);
#1429=ADVANCED_FACE('',(#112),#80,.T.);
#1430=ADVANCED_FACE('',(#113),#28,.T.);
#1431=ADVANCED_FACE('',(#114),#81,.T.);
#1432=ADVANCED_FACE('',(#115),#29,.T.);
#1433=ADVANCED_FACE('',(#116),#82,.T.);
#1434=ADVANCED_FACE('',(#117),#27,.F.);
#1435=ADVANCED_FACE('',(#118),#83,.T.);
#1436=ADVANCED_FACE('',(#119),#30,.T.);
#1437=ADVANCED_FACE('',(#120),#31,.T.);
#1438=ADVANCED_FACE('',(#121),#84,.T.);
#1439=ADVANCED_FACE('',(#122),#85,.T.);
#1440=ADVANCED_FACE('',(#123),#86,.T.);
#1441=ADVANCED_FACE('',(#124),#87,.T.);
#1442=ADVANCED_FACE('',(#125),#32,.T.);
#1443=ADVANCED_FACE('',(#126),#33,.F.);
#1444=ADVANCED_FACE('',(#127),#34,.T.);
#1445=ADVANCED_FACE('',(#128),#35,.F.);
#1446=ADVANCED_FACE('',(#129),#36,.T.);
#1447=ADVANCED_FACE('',(#130),#37,.F.);
#1448=ADVANCED_FACE('',(#131,#21),#38,.F.);
#1449=ADVANCED_FACE('',(#132),#39,.F.);
#1450=ADVANCED_FACE('',(#133,#22),#40,.F.);
#1451=ADVANCED_FACE('',(#134),#41,.F.);
#1452=ADVANCED_FACE('',(#135),#42,.F.);
#1453=ADVANCED_FACE('',(#136),#43,.F.);
#1454=ADVANCED_FACE('',(#137,#23),#44,.T.);
#1455=ADVANCED_FACE('',(#138,#24,#25),#45,.T.);
#1456=ADVANCED_FACE('',(#139),#46,.T.);
#1457=ADVANCED_FACE('',(#140),#47,.F.);
#1458=ADVANCED_FACE('',(#141),#48,.F.);
#1459=ADVANCED_FACE('',(#142),#88,.T.);
#1460=ADVANCED_FACE('',(#143),#49,.T.);
#1461=ADVANCED_FACE('',(#144,#26),#50,.F.);
#1462=ADVANCED_FACE('',(#145),#51,.F.);
#1463=ADVANCED_FACE('',(#146),#52,.F.);
#1464=ADVANCED_FACE('',(#147),#53,.F.);
#1465=ADVANCED_FACE('',(#148),#89,.T.);
#1466=ADVANCED_FACE('',(#149),#54,.T.);
#1467=ADVANCED_FACE('',(#150),#55,.F.);
#1468=ADVANCED_FACE('',(#151),#90,.F.);
#1469=ADVANCED_FACE('',(#152),#56,.F.);
#1470=ADVANCED_FACE('',(#153),#91,.F.);
#1471=ADVANCED_FACE('',(#154),#57,.F.);
#1472=ADVANCED_FACE('',(#155),#92,.F.);
#1473=ADVANCED_FACE('',(#156),#58,.F.);
#1474=ADVANCED_FACE('',(#157),#93,.F.);
#1475=ADVANCED_FACE('',(#158),#59,.F.);
#1476=ADVANCED_FACE('',(#159),#94,.F.);
#1477=ADVANCED_FACE('',(#160),#60,.F.);
#1478=ADVANCED_FACE('',(#161),#95,.F.);
#1479=ADVANCED_FACE('',(#162),#61,.F.);
#1480=ADVANCED_FACE('',(#163),#96,.T.);
#1481=ADVANCED_FACE('',(#164),#62,.F.);
#1482=ADVANCED_FACE('',(#165),#97,.T.);
#1483=ADVANCED_FACE('',(#166),#98,.T.);
#1484=ADVANCED_FACE('',(#167),#63,.F.);
#1485=ADVANCED_FACE('',(#168),#99,.T.);
#1486=ADVANCED_FACE('',(#169),#100,.F.);
#1487=ADVANCED_FACE('',(#170),#64,.F.);
#1488=ADVANCED_FACE('',(#171),#101,.F.);
#1489=ADVANCED_FACE('',(#172),#65,.F.);
#1490=ADVANCED_FACE('',(#173),#66,.F.);
#1491=ADVANCED_FACE('',(#174),#102,.T.);
#1492=ADVANCED_FACE('',(#175),#67,.F.);
#1493=ADVANCED_FACE('',(#176),#103,.T.);
#1494=ADVANCED_FACE('',(#177),#68,.F.);
#1495=ADVANCED_FACE('',(#178),#69,.F.);
#1496=ADVANCED_FACE('',(#179),#104,.T.);
#1497=ADVANCED_FACE('',(#180),#70,.T.);
#1498=ADVANCED_FACE('',(#181),#105,.T.);
#1499=ADVANCED_FACE('',(#182),#106,.T.);
#1500=ADVANCED_FACE('',(#183),#71,.T.);
#1501=ADVANCED_FACE('',(#184),#107,.T.);
#1502=ADVANCED_FACE('',(#185),#72,.T.);
#1503=ADVANCED_FACE('',(#186),#73,.T.);
#1504=ADVANCED_FACE('',(#187),#108,.T.);
#1505=ADVANCED_FACE('',(#188),#74,.T.);
#1506=ADVANCED_FACE('',(#189),#75,.F.);
#1507=ADVANCED_FACE('',(#190),#109,.T.);
#1508=ADVANCED_FACE('',(#191),#76,.T.);
#1509=ADVANCED_FACE('',(#192),#77,.F.);
#1510=ADVANCED_FACE('',(#193),#110,.T.);
#1511=ADVANCED_FACE('',(#194),#78,.T.);
#1512=ADVANCED_FACE('',(#195),#79,.F.);
#1513=CLOSED_SHELL('',(#1428,#1429,#1430,#1431,#1432,#1433,#1434,#1435,
#1436,#1437,#1438,#1439,#1440,#1441,#1442,#1443,#1444,#1445,#1446,#1447,
#1448,#1449,#1450,#1451,#1452,#1453,#1454,#1455,#1456,#1457,#1458,#1459,
#1460,#1461,#1462,#1463,#1464,#1465,#1466,#1467,#1468,#1469,#1470,#1471,
#1472,#1473,#1474,#1475,#1476,#1477,#1478,#1479,#1480,#1481,#1482,#1483,
#1484,#1485,#1486,#1487,#1488,#1489,#1490,#1491,#1492,#1493,#1494,#1495,
#1496,#1497,#1498,#1499,#1500,#1501,#1502,#1503));
#1514=CLOSED_SHELL('',(#1504,#1505,#1506));
#1515=CLOSED_SHELL('',(#1507,#1508,#1509));
#1516=CLOSED_SHELL('',(#1510,#1511,#1512));
#1517=DERIVED_UNIT_ELEMENT(#1519,1.);
#1518=DERIVED_UNIT_ELEMENT(#2611,-3.);
#1519=(
MASS_UNIT()
NAMED_UNIT(*)
SI_UNIT(.KILO.,.GRAM.)
);
#1520=DERIVED_UNIT((#1517,#1518));
#1521=MEASURE_REPRESENTATION_ITEM('density measure',
POSITIVE_RATIO_MEASURE(2700.),#1520);
#1522=PROPERTY_DEFINITION_REPRESENTATION(#1527,#1524);
#1523=PROPERTY_DEFINITION_REPRESENTATION(#1528,#1525);
#1524=REPRESENTATION('material name',(#1526),#2606);
#1525=REPRESENTATION('density',(#1521),#2606);
#1526=DESCRIPTIVE_REPRESENTATION_ITEM('Aluminum 6061','Aluminum 6061');
#1527=PROPERTY_DEFINITION('material property','material name',#2619);
#1528=PROPERTY_DEFINITION('material property','density of part',#2619);
#1529=AXIS2_PLACEMENT_3D('',#2149,#1689,#1690);
#1530=AXIS2_PLACEMENT_3D('',#2150,#1691,#1692);
#1531=AXIS2_PLACEMENT_3D('',#2154,#1694,#1695);
#1532=AXIS2_PLACEMENT_3D('',#2155,#1696,#1697);
#1533=AXIS2_PLACEMENT_3D('',#2157,#1698,#1699);
#1534=AXIS2_PLACEMENT_3D('',#2160,#1701,#1702);
#1535=AXIS2_PLACEMENT_3D('',#2161,#1703,#1704);
#1536=AXIS2_PLACEMENT_3D('',#2162,#1705,#1706);
#1537=AXIS2_PLACEMENT_3D('',#2164,#1707,#1708);
#1538=AXIS2_PLACEMENT_3D('',#2167,#1710,#1711);
#1539=AXIS2_PLACEMENT_3D('',#2168,#1712,#1713);
#1540=AXIS2_PLACEMENT_3D('',#2169,#1714,#1715);
#1541=AXIS2_PLACEMENT_3D('',#2172,#1716,#1717);
#1542=AXIS2_PLACEMENT_3D('',#2176,#1719,#1720);
#1543=AXIS2_PLACEMENT_3D('',#2194,#1722,#1723);
#1544=AXIS2_PLACEMENT_3D('',#2196,#1724,#1725);
#1545=AXIS2_PLACEMENT_3D('',#2197,#1726,#1727);
#1546=AXIS2_PLACEMENT_3D('',#2198,#1728,#1729);
#1547=AXIS2_PLACEMENT_3D('',#2201,#1730,#1731);
#1548=AXIS2_PLACEMENT_3D('',#2204,#1734,#1735);
#1549=AXIS2_PLACEMENT_3D('',#2207,#1738,#1739);
#1550=AXIS2_PLACEMENT_3D('',#2208,#1740,#1741);
#1551=AXIS2_PLACEMENT_3D('',#2211,#1742,#1743);
#1552=AXIS2_PLACEMENT_3D('',#2215,#1745,#1746);
#1553=AXIS2_PLACEMENT_3D('',#2217,#1748,#1749);
#1554=AXIS2_PLACEMENT_3D('',#2220,#1750,#1751);
#1555=AXIS2_PLACEMENT_3D('',#2224,#1753,#1754);
#1556=AXIS2_PLACEMENT_3D('',#2226,#1756,#1757);
#1557=AXIS2_PLACEMENT_3D('',#2229,#1758,#1759);
#1558=AXIS2_PLACEMENT_3D('',#2231,#1760,#1761);
#1559=AXIS2_PLACEMENT_3D('',#2235,#1763,#1764);
#1560=AXIS2_PLACEMENT_3D('',#2237,#1766,#1767);
#1561=AXIS2_PLACEMENT_3D('',#2240,#1768,#1769);
#1562=AXIS2_PLACEMENT_3D('',#2242,#1770,#1771);
#1563=AXIS2_PLACEMENT_3D('',#2246,#1773,#1774);
#1564=AXIS2_PLACEMENT_3D('',#2248,#1776,#1777);
#1565=AXIS2_PLACEMENT_3D('',#2251,#1780,#1781);
#1566=AXIS2_PLACEMENT_3D('',#2261,#1786,#1787);
#1567=AXIS2_PLACEMENT_3D('',#2265,#1789,#1790);
#1568=AXIS2_PLACEMENT_3D('',#2267,#1792,#1793);
#1569=AXIS2_PLACEMENT_3D('',#2287,#1805,#1806);
#1570=AXIS2_PLACEMENT_3D('',#2292,#1809,#1810);
#1571=AXIS2_PLACEMENT_3D('',#2296,#1812,#1813);
#1572=AXIS2_PLACEMENT_3D('',#2301,#1817,#1818);
#1573=AXIS2_PLACEMENT_3D('',#2303,#1820,#1821);
#1574=AXIS2_PLACEMENT_3D('',#2309,#1825,#1826);
#1575=AXIS2_PLACEMENT_3D('',#2311,#1828,#1829);
#1576=AXIS2_PLACEMENT_3D('',#2317,#1833,#1834);
#1577=AXIS2_PLACEMENT_3D('',#2319,#1836,#1837);
#1578=AXIS2_PLACEMENT_3D('',#2323,#1840,#1841);
#1579=AXIS2_PLACEMENT_3D('',#2327,#1844,#1845);
#1580=AXIS2_PLACEMENT_3D('',#2329,#1847,#1848);
#1581=AXIS2_PLACEMENT_3D('',#2331,#1850,#1851);
#1582=AXIS2_PLACEMENT_3D('',#2334,#1852,#1853);
#1583=AXIS2_PLACEMENT_3D('',#2338,#1855,#1856);
#1584=AXIS2_PLACEMENT_3D('',#2342,#1858,#1859);
#1585=AXIS2_PLACEMENT_3D('',#2346,#1861,#1862);
#1586=AXIS2_PLACEMENT_3D('',#2352,#1865,#1866);
#1587=AXIS2_PLACEMENT_3D('',#2356,#1868,#1869);
#1588=AXIS2_PLACEMENT_3D('',#2360,#1871,#1872);
#1589=AXIS2_PLACEMENT_3D('',#2364,#1874,#1875);
#1590=AXIS2_PLACEMENT_3D('',#2369,#1878,#1879);
#1591=AXIS2_PLACEMENT_3D('',#2373,#1881,#1882);
#1592=AXIS2_PLACEMENT_3D('',#2378,#1885,#1886);
#1593=AXIS2_PLACEMENT_3D('',#2382,#1888,#1889);
#1594=AXIS2_PLACEMENT_3D('',#2386,#1891,#1892);
#1595=AXIS2_PLACEMENT_3D('',#2389,#1894,#1895);
#1596=AXIS2_PLACEMENT_3D('',#2390,#1896,#1897);
#1597=AXIS2_PLACEMENT_3D('',#2391,#1898,#1899);
#1598=AXIS2_PLACEMENT_3D('',#2395,#1901,#1902);
#1599=AXIS2_PLACEMENT_3D('',#2396,#1903,#1904);
#1600=AXIS2_PLACEMENT_3D('',#2401,#1906,#1907);
#1601=AXIS2_PLACEMENT_3D('',#2402,#1908,#1909);
#1602=AXIS2_PLACEMENT_3D('',#2403,#1910,#1911);
#1603=AXIS2_PLACEMENT_3D('',#2405,#1912,#1913);
#1604=AXIS2_PLACEMENT_3D('',#2407,#1915,#1916);
#1605=AXIS2_PLACEMENT_3D('',#2408,#1917,#1918);
#1606=AXIS2_PLACEMENT_3D('',#2409,#1919,#1920);
#1607=AXIS2_PLACEMENT_3D('',#2410,#1921,#1922);
#1608=AXIS2_PLACEMENT_3D('',#2413,#1923,#1924);
#1609=AXIS2_PLACEMENT_3D('',#2417,#1926,#1927);
#1610=AXIS2_PLACEMENT_3D('',#2421,#1929,#1930);
#1611=AXIS2_PLACEMENT_3D('',#2425,#1932,#1933);
#1612=AXIS2_PLACEMENT_3D('',#2430,#1936,#1937);
#1613=AXIS2_PLACEMENT_3D('',#2434,#1939,#1940);
#1614=AXIS2_PLACEMENT_3D('',#2438,#1942,#1943);
#1615=AXIS2_PLACEMENT_3D('',#2442,#1945,#1946);
#1616=AXIS2_PLACEMENT_3D('',#2446,#1948,#1949);
#1617=AXIS2_PLACEMENT_3D('',#2450,#1951,#1952);
#1618=AXIS2_PLACEMENT_3D('',#2454,#1954,#1955);
#1619=AXIS2_PLACEMENT_3D('',#2458,#1957,#1958);
#1620=AXIS2_PLACEMENT_3D('',#2462,#1960,#1961);
#1621=AXIS2_PLACEMENT_3D('',#2466,#1963,#1964);
#1622=AXIS2_PLACEMENT_3D('',#2470,#1966,#1967);
#1623=AXIS2_PLACEMENT_3D('',#2472,#1969,#1970);
#1624=AXIS2_PLACEMENT_3D('',#2476,#1972,#1973);
#1625=AXIS2_PLACEMENT_3D('',#2480,#1975,#1976);
#1626=AXIS2_PLACEMENT_3D('',#2482,#1978,#1979);
#1627=AXIS2_PLACEMENT_3D('',#2485,#1981,#1982);
#1628=AXIS2_PLACEMENT_3D('',#2486,#1983,#1984);
#1629=AXIS2_PLACEMENT_3D('',#2490,#1986,#1987);
#1630=AXIS2_PLACEMENT_3D('',#2491,#1988,#1989);
#1631=AXIS2_PLACEMENT_3D('',#2492,#1990,#1991);
#1632=AXIS2_PLACEMENT_3D('',#2494,#1992,#1993);
#1633=AXIS2_PLACEMENT_3D('',#2496,#1995,#1996);
#1634=AXIS2_PLACEMENT_3D('',#2497,#1997,#1998);
#1635=AXIS2_PLACEMENT_3D('',#2498,#1999,#2000);
#1636=AXIS2_PLACEMENT_3D('',#2502,#2002,#2003);
#1637=AXIS2_PLACEMENT_3D('',#2506,#2005,#2006);
#1638=AXIS2_PLACEMENT_3D('',#2508,#2008,#2009);
#1639=AXIS2_PLACEMENT_3D('',#2511,#2012,#2013);
#1640=AXIS2_PLACEMENT_3D('',#2513,#2015,#2016);
#1641=AXIS2_PLACEMENT_3D('',#2516,#2019,#2020);
#1642=AXIS2_PLACEMENT_3D('',#2518,#2022,#2023);
#1643=AXIS2_PLACEMENT_3D('',#2520,#2025,#2026);
#1644=AXIS2_PLACEMENT_3D('',#2522,#2028,#2029);
#1645=AXIS2_PLACEMENT_3D('',#2525,#2032,#2033);
#1646=AXIS2_PLACEMENT_3D('',#2526,#2034,#2035);
#1647=AXIS2_PLACEMENT_3D('',#2529,#2038,#2039);
#1648=AXIS2_PLACEMENT_3D('',#2530,#2040,#2041);
#1649=AXIS2_PLACEMENT_3D('',#2532,#2043,#2044);
#1650=AXIS2_PLACEMENT_3D('',#2534,#2046,#2047);
#1651=AXIS2_PLACEMENT_3D('',#2537,#2050,#2051);
#1652=AXIS2_PLACEMENT_3D('',#2539,#2053,#2054);
#1653=AXIS2_PLACEMENT_3D('',#2540,#2055,#2056);
#1654=AXIS2_PLACEMENT_3D('',#2543,#2059,#2060);
#1655=AXIS2_PLACEMENT_3D('',#2545,#2062,#2063);
#1656=AXIS2_PLACEMENT_3D('',#2547,#2065,#2066);
#1657=AXIS2_PLACEMENT_3D('',#2549,#2068,#2069);
#1658=AXIS2_PLACEMENT_3D('',#2551,#2071,#2072);
#1659=AXIS2_PLACEMENT_3D('',#2553,#2074,#2075);
#1660=AXIS2_PLACEMENT_3D('',#2554,#2076,#2077);
#1661=AXIS2_PLACEMENT_3D('',#2556,#2079,#2080);
#1662=AXIS2_PLACEMENT_3D('',#2558,#2082,#2083);
#1663=AXIS2_PLACEMENT_3D('',#2560,#2085,#2086);
#1664=AXIS2_PLACEMENT_3D('',#2562,#2088,#2089);
#1665=AXIS2_PLACEMENT_3D('',#2563,#2090,#2091);
#1666=AXIS2_PLACEMENT_3D('',#2564,#2092,#2093);
#1667=AXIS2_PLACEMENT_3D('',#2567,#2096,#2097);
#1668=AXIS2_PLACEMENT_3D('',#2569,#2099,#2100);
#1669=AXIS2_PLACEMENT_3D('',#2571,#2102,#2103);
#1670=AXIS2_PLACEMENT_3D('',#2574,#2106,#2107);
#1671=AXIS2_PLACEMENT_3D('',#2576,#2109,#2110);
#1672=AXIS2_PLACEMENT_3D('',#2578,#2112,#2113);
#1673=AXIS2_PLACEMENT_3D('',#2579,#2114,#2115);
#1674=AXIS2_PLACEMENT_3D('',#2580,#2116,#2117);
#1675=AXIS2_PLACEMENT_3D('',#2582,#2118,#2119);
#1676=AXIS2_PLACEMENT_3D('',#2585,#2121,#2122);
#1677=AXIS2_PLACEMENT_3D('',#2586,#2123,#2124);
#1678=AXIS2_PLACEMENT_3D('',#2587,#2125,#2126);
#1679=AXIS2_PLACEMENT_3D('',#2588,#2127,#2128);
#1680=AXIS2_PLACEMENT_3D('',#2590,#2129,#2130);
#1681=AXIS2_PLACEMENT_3D('',#2593,#2132,#2133);
#1682=AXIS2_PLACEMENT_3D('',#2594,#2134,#2135);
#1683=AXIS2_PLACEMENT_3D('',#2595,#2136,#2137);
#1684=AXIS2_PLACEMENT_3D('',#2596,#2138,#2139);
#1685=AXIS2_PLACEMENT_3D('',#2598,#2140,#2141);
#1686=AXIS2_PLACEMENT_3D('',#2601,#2143,#2144);
#1687=AXIS2_PLACEMENT_3D('',#2602,#2145,#2146);
#1688=AXIS2_PLACEMENT_3D('',#2603,#2147,#2148);
#1689=DIRECTION('axis',(0.,0.,1.));
#1690=DIRECTION('refdir',(1.,0.,0.));
#1691=DIRECTION('center_axis',(0.,0.,-1.));
#1692=DIRECTION('ref_axis',(1.,0.,0.));
#1693=DIRECTION('',(-0.995037190209989,1.21856911002324E-16,-0.0995037190209984));
#1694=DIRECTION('center_axis',(0.,0.,-1.));
#1695=DIRECTION('ref_axis',(-1.,0.,0.));
#1696=DIRECTION('center_axis',(0.,0.,1.));
#1697=DIRECTION('ref_axis',(-1.,0.,0.));
#1698=DIRECTION('center_axis',(0.,0.,1.));
#1699=DIRECTION('ref_axis',(-1.,0.,0.));
#1700=DIRECTION('',(0.,0.,-1.));
#1701=DIRECTION('center_axis',(0.,0.,-1.));
#1702=DIRECTION('ref_axis',(-1.,0.,0.));
#1703=DIRECTION('center_axis',(0.,0.,1.));
#1704=DIRECTION('ref_axis',(-1.,0.,0.));
#1705=DIRECTION('center_axis',(0.,0.,1.));
#1706=DIRECTION('ref_axis',(-1.,0.,0.));
#1707=DIRECTION('center_axis',(0.,0.,1.));
#1708=DIRECTION('ref_axis',(-1.,0.,0.));
#1709=DIRECTION('',(0.,0.,-1.));
#1710=DIRECTION('center_axis',(0.,0.,-1.));
#1711=DIRECTION('ref_axis',(-1.,0.,0.));
#1712=DIRECTION('center_axis',(0.,0.,1.));
#1713=DIRECTION('ref_axis',(-1.,0.,0.));
#1714=DIRECTION('center_axis',(0.,1.,0.));
#1715=DIRECTION('ref_axis',(0.707106781186548,0.,0.707106781186547));
#1716=DIRECTION('center_axis',(0.,1.,0.));
#1717=DIRECTION('ref_axis',(0.707106781186548,0.,0.707106781186547));
#1718=DIRECTION('',(0.,-1.,0.));
#1719=DIRECTION('center_axis',(0.,-1.,0.));
#1720=DIRECTION('ref_axis',(1.,0.,0.));
#1721=DIRECTION('',(0.,-1.,0.));
#1722=DIRECTION('center_axis',(0.,0.,-1.));
#1723=DIRECTION('ref_axis',(1.,0.,0.));
#1724=DIRECTION('center_axis',(0.,1.,0.));
#1725=DIRECTION('ref_axis',(-1.,0.,0.));
#1726=DIRECTION('center_axis',(0.,0.,-1.));
#1727=DIRECTION('ref_axis',(0.,1.,0.));
#1728=DIRECTION('center_axis',(0.,-1.,0.));
#1729=DIRECTION('ref_axis',(-0.707106781186548,0.,0.707106781186547));
#1730=DIRECTION('center_axis',(0.,1.,0.));
#1731=DIRECTION('ref_axis',(-0.707106781186548,0.,0.707106781186547));
#1732=DIRECTION('',(0.,1.,0.));
#1733=DIRECTION('',(0.,1.,0.));
#1734=DIRECTION('center_axis',(0.,-1.,0.));
#1735=DIRECTION('ref_axis',(1.,0.,0.));
#1736=DIRECTION('',(-1.,0.,0.));
#1737=DIRECTION('',(1.,0.,0.));
#1738=DIRECTION('center_axis',(0.,0.,1.));
#1739=DIRECTION('ref_axis',(-1.,0.,0.));
#1740=DIRECTION('center_axis',(0.,0.,-1.));
#1741=DIRECTION('ref_axis',(0.871210525116039,-0.490909585287388,0.));
#1742=DIRECTION('center_axis',(0.,0.,-1.));
#1743=DIRECTION('ref_axis',(0.871210525116039,-0.490909585287388,0.));
#1744=DIRECTION('',(0.,0.,-1.));
#1745=DIRECTION('center_axis',(0.,0.,1.));
#1746=DIRECTION('ref_axis',(0.871210525116039,-0.490909585287388,0.));
#1747=DIRECTION('',(0.,0.,1.));
#1748=DIRECTION('center_axis',(0.,0.,-1.));
#1749=DIRECTION('ref_axis',(-0.85268600755355,0.522423748045959,0.));
#1750=DIRECTION('center_axis',(0.,0.,-1.));
#1751=DIRECTION('ref_axis',(-0.85268600755355,0.522423748045959,0.));
#1752=DIRECTION('',(0.,0.,-1.));
#1753=DIRECTION('center_axis',(0.,0.,1.));
#1754=DIRECTION('ref_axis',(-0.85268600755355,0.522423748045959,0.));
#1755=DIRECTION('',(0.,0.,1.));
#1756=DIRECTION('center_axis',(0.,0.,-1.));
#1757=DIRECTION('ref_axis',(0.871210525116039,-0.490909585287388,0.));
#1758=DIRECTION('center_axis',(0.,0.,-1.));
#1759=DIRECTION('ref_axis',(0.871210525116039,-0.490909585287388,0.));
#1760=DIRECTION('center_axis',(0.,0.,1.));
#1761=DIRECTION('ref_axis',(0.871210525116039,-0.490909585287388,0.));
#1762=DIRECTION('',(0.,0.,-1.));
#1763=DIRECTION('center_axis',(0.,0.,1.));
#1764=DIRECTION('ref_axis',(0.871210525116039,-0.490909585287388,0.));
#1765=DIRECTION('',(0.,0.,1.));
#1766=DIRECTION('center_axis',(0.,0.,-1.));
#1767=DIRECTION('ref_axis',(-0.85268600755355,0.522423748045959,0.));
#1768=DIRECTION('center_axis',(0.,0.,1.));
#1769=DIRECTION('ref_axis',(-0.85268600755355,0.522423748045959,0.));
#1770=DIRECTION('center_axis',(0.,0.,-1.));
#1771=DIRECTION('ref_axis',(-0.85268600755355,0.522423748045959,0.));
#1772=DIRECTION('',(0.,0.,-1.));
#1773=DIRECTION('center_axis',(0.,0.,1.));
#1774=DIRECTION('ref_axis',(-0.85268600755355,0.522423748045959,0.));
#1775=DIRECTION('',(0.,0.,1.));
#1776=DIRECTION('center_axis',(1.,-4.60100714722402E-16,0.));
#1777=DIRECTION('ref_axis',(4.60100714722402E-16,1.,0.));
#1778=DIRECTION('',(4.60100714722402E-16,1.,0.));
#1779=DIRECTION('',(-4.60100714722402E-16,-1.,0.));
#1780=DIRECTION('center_axis',(0.,0.,1.));
#1781=DIRECTION('ref_axis',(-1.,0.,0.));
#1782=DIRECTION('',(1.,0.,0.));
#1783=DIRECTION('',(0.,1.,0.));
#1784=DIRECTION('',(-1.,0.,0.));
#1785=DIRECTION('',(0.,-1.,0.));
#1786=DIRECTION('center_axis',(0.,0.,-1.));
#1787=DIRECTION('ref_axis',(-0.70710678118655,-0.707106781186545,0.));
#1788=DIRECTION('',(1.,-4.06600631615146E-16,0.));
#1789=DIRECTION('center_axis',(0.,0.,-1.));
#1790=DIRECTION('ref_axis',(0.707106781186546,-0.707106781186549,0.));
#1791=DIRECTION('',(-2.96336053550022E-16,1.,0.));
#1792=DIRECTION('center_axis',(0.,1.,0.));
#1793=DIRECTION('ref_axis',(-1.,0.,0.));
#1794=DIRECTION('',(1.,0.,0.));
#1795=DIRECTION('',(-0.652440334190334,0.,0.757840095482949));
#1796=DIRECTION('',(-1.,0.,0.));
#1797=DIRECTION('',(-0.652440334190332,0.,-0.75784009548295));
#1798=DIRECTION('',(-1.,0.,0.));
#1799=DIRECTION('',(1.,0.,0.));
#1800=DIRECTION('',(1.,0.,0.));
#1801=DIRECTION('',(0.652440334190332,0.,0.757840095482951));
#1802=DIRECTION('',(-1.,0.,0.));
#1803=DIRECTION('',(0.652440334190333,0.,-0.75784009548295));
#1804=DIRECTION('',(1.,0.,0.));
#1805=DIRECTION('center_axis',(0.,0.,1.));
#1806=DIRECTION('ref_axis',(-1.,0.,0.));
#1807=DIRECTION('',(0.,-1.,0.));
#1808=DIRECTION('',(-3.70420066937527E-16,-1.,0.));
#1809=DIRECTION('center_axis',(0.,0.,-1.));
#1810=DIRECTION('ref_axis',(-0.707106781186548,-0.707106781186547,0.));
#1811=DIRECTION('',(1.,-4.06600631615146E-16,0.));
#1812=DIRECTION('center_axis',(0.,0.,-1.));
#1813=DIRECTION('ref_axis',(0.707106781186548,-0.707106781186547,0.));
#1814=DIRECTION('',(0.,1.,0.));
#1815=DIRECTION('',(0.,-1.,0.));
#1816=DIRECTION('',(1.,0.,0.));
#1817=DIRECTION('center_axis',(-1.,0.,0.));
#1818=DIRECTION('ref_axis',(0.,-1.,0.));
#1819=DIRECTION('',(0.,1.,0.));
#1820=DIRECTION('center_axis',(-0.75784009548295,0.,-0.652440334190333));
#1821=DIRECTION('ref_axis',(-0.652440334190333,0.,0.75784009548295));
#1822=DIRECTION('',(0.,1.,0.));
#1823=DIRECTION('',(-0.652440334190333,0.,0.75784009548295));
#1824=DIRECTION('',(0.,1.,0.));
#1825=DIRECTION('center_axis',(0.,0.,-1.));
#1826=DIRECTION('ref_axis',(-1.,0.,0.));
#1827=DIRECTION('',(-1.,0.,0.));
#1828=DIRECTION('center_axis',(0.757840095482951,0.,-0.652440334190332));
#1829=DIRECTION('ref_axis',(-0.652440334190332,0.,-0.757840095482951));
#1830=DIRECTION('',(0.,1.,0.));
#1831=DIRECTION('',(-0.652440334190332,0.,-0.757840095482951));
#1832=DIRECTION('',(0.,-1.,0.));
#1833=DIRECTION('center_axis',(0.,0.,-1.));
#1834=DIRECTION('ref_axis',(-1.,0.,0.));
#1835=DIRECTION('',(-1.,0.,0.));
#1836=DIRECTION('center_axis',(-0.757840095482951,0.,0.652440334190332));
#1837=DIRECTION('ref_axis',(0.652440334190332,0.,0.75784009548295));
#1838=DIRECTION('',(0.,1.,0.));
#1839=DIRECTION('',(0.652440334190332,0.,0.75784009548295));
#1840=DIRECTION('center_axis',(0.757840095482949,0.,0.652440334190334));
#1841=DIRECTION('ref_axis',(0.652440334190334,0.,-0.757840095482949));
#1842=DIRECTION('',(0.652440334190334,0.,-0.757840095482949));
#1843=DIRECTION('',(0.,1.,0.));
#1844=DIRECTION('center_axis',(0.,0.,1.));
#1845=DIRECTION('ref_axis',(1.,0.,0.));
#1846=DIRECTION('',(1.,0.,0.));
#1847=DIRECTION('center_axis',(0.,0.,1.));
#1848=DIRECTION('ref_axis',(1.,0.,0.));
#1849=DIRECTION('',(1.,0.,0.));
#1850=DIRECTION('center_axis',(0.,0.,1.));
#1851=DIRECTION('ref_axis',(1.,0.,0.));
#1852=DIRECTION('center_axis',(0.,0.,-1.));
#1853=DIRECTION('ref_axis',(-0.707106781186547,0.707106781186548,0.));
#1854=DIRECTION('',(0.,-1.,0.));
#1855=DIRECTION('center_axis',(0.,0.,-1.));
#1856=DIRECTION('ref_axis',(-0.707106781186547,-0.707106781186548,0.));
#1857=DIRECTION('',(1.,0.,0.));
#1858=DIRECTION('center_axis',(0.,0.,-1.));
#1859=DIRECTION('ref_axis',(0.707106781186548,-0.707106781186547,0.));
#1860=DIRECTION('',(0.,1.,0.));
#1861=DIRECTION('center_axis',(0.,0.,-1.));
#1862=DIRECTION('ref_axis',(0.707106781186548,0.707106781186547,0.));
#1863=DIRECTION('',(-1.,0.,0.));
#1864=DIRECTION('',(1.,2.96336053550022E-16,0.));
#1865=DIRECTION('center_axis',(0.,0.,-1.));
#1866=DIRECTION('ref_axis',(1.,-1.37128056152559E-15,0.));
#1867=DIRECTION('',(0.,-1.,0.));
#1868=DIRECTION('center_axis',(0.,0.,1.));
#1869=DIRECTION('ref_axis',(0.707106781186548,-0.707106781186547,0.));
#1870=DIRECTION('',(-1.,0.,0.));
#1871=DIRECTION('center_axis',(0.,0.,1.));
#1872=DIRECTION('ref_axis',(-0.707106781186548,-0.707106781186548,0.));
#1873=DIRECTION('',(0.,1.,0.));
#1874=DIRECTION('center_axis',(0.,0.,1.));
#1875=DIRECTION('ref_axis',(0.707106781186546,0.707106781186549,0.));
#1876=DIRECTION('',(0.,-1.,0.));
#1877=DIRECTION('',(-2.96336053550022E-16,1.,0.));
#1878=DIRECTION('center_axis',(0.,0.,1.));
#1879=DIRECTION('ref_axis',(1.,-2.59019661621501E-15,0.));
#1880=DIRECTION('',(-1.,-2.96336053550022E-16,0.));
#1881=DIRECTION('center_axis',(0.,0.,1.));
#1882=DIRECTION('ref_axis',(9.71323731080629E-16,1.,0.));
#1883=DIRECTION('',(-3.70420066937527E-16,-1.,0.));
#1884=DIRECTION('',(0.,1.,0.));
#1885=DIRECTION('center_axis',(0.,0.,1.));
#1886=DIRECTION('ref_axis',(0.707106781186547,0.707106781186547,0.));
#1887=DIRECTION('',(0.,-1.,0.));
#1888=DIRECTION('center_axis',(0.,0.,1.));
#1889=DIRECTION('ref_axis',(0.707106781186546,-0.707106781186549,0.));
#1890=DIRECTION('',(-1.,0.,0.));
#1891=DIRECTION('center_axis',(0.,0.,1.));
#1892=DIRECTION('ref_axis',(-0.707106781186547,-0.707106781186548,0.));
#1893=DIRECTION('',(2.22252040162516E-16,1.,0.));
#1894=DIRECTION('center_axis',(0.,0.,-1.));
#1895=DIRECTION('ref_axis',(5.14230210572097E-16,1.,0.));
#1896=DIRECTION('center_axis',(0.,-1.,0.));
#1897=DIRECTION('ref_axis',(1.,0.,0.));
#1898=DIRECTION('center_axis',(0.,0.,-1.));
#1899=DIRECTION('ref_axis',(1.,0.,0.));
#1900=DIRECTION('',(0.,-1.,0.));
#1901=DIRECTION('center_axis',(0.,0.,-1.));
#1902=DIRECTION('ref_axis',(1.,0.,0.));
#1903=DIRECTION('center_axis',(0.,0.,-1.));
#1904=DIRECTION('ref_axis',(1.,0.,0.));
#1905=DIRECTION('',(3.70420066937527E-16,1.,0.));
#1906=DIRECTION('center_axis',(0.,0.,-1.));
#1907=DIRECTION('ref_axis',(1.,0.,0.));
#1908=DIRECTION('center_axis',(0.,0.,-1.));
#1909=DIRECTION('ref_axis',(1.,0.,0.));
#1910=DIRECTION('center_axis',(0.,0.,-1.));
#1911=DIRECTION('ref_axis',(1.,0.,0.));
#1912=DIRECTION('center_axis',(0.,0.,-1.));
#1913=DIRECTION('ref_axis',(1.,0.,0.));
#1914=DIRECTION('',(0.,0.,1.));
#1915=DIRECTION('center_axis',(0.,0.,1.));
#1916=DIRECTION('ref_axis',(1.,0.,0.));
#1917=DIRECTION('center_axis',(0.,0.,1.));
#1918=DIRECTION('ref_axis',(1.,0.,0.));
#1919=DIRECTION('center_axis',(0.,0.,-1.));
#1920=DIRECTION('ref_axis',(1.,0.,0.));
#1921=DIRECTION('center_axis',(0.,0.,1.));
#1922=DIRECTION('ref_axis',(1.,0.,0.));
#1923=DIRECTION('center_axis',(0.,0.,1.));
#1924=DIRECTION('ref_axis',(-0.707106781186547,0.707106781186548,0.));
#1925=DIRECTION('',(-1.,0.,0.));
#1926=DIRECTION('center_axis',(0.,0.,1.));
#1927=DIRECTION('ref_axis',(0.707106781186548,0.707106781186547,0.));
#1928=DIRECTION('',(0.,1.,0.));
#1929=DIRECTION('center_axis',(0.,0.,1.));
#1930=DIRECTION('ref_axis',(0.707106781186548,-0.707106781186547,0.));
#1931=DIRECTION('',(1.,0.,0.));
#1932=DIRECTION('center_axis',(0.,0.,1.));
#1933=DIRECTION('ref_axis',(-0.707106781186547,-0.707106781186548,0.));
#1934=DIRECTION('',(0.,-1.,0.));
#1935=DIRECTION('',(3.70420066937527E-16,1.,0.));
#1936=DIRECTION('center_axis',(0.,0.,-1.));
#1937=DIRECTION('ref_axis',(9.71323731080629E-16,1.,0.));
#1938=DIRECTION('',(1.,2.96336053550022E-16,0.));
#1939=DIRECTION('center_axis',(0.,0.,-1.));
#1940=DIRECTION('ref_axis',(1.,-2.59019661621501E-15,0.));
#1941=DIRECTION('',(2.96336053550022E-16,-1.,0.));
#1942=DIRECTION('center_axis',(0.,0.,1.));
#1943=DIRECTION('ref_axis',(1.,0.,0.));
#1944=DIRECTION('',(0.,1.,0.));
#1945=DIRECTION('center_axis',(0.,0.,-1.));
#1946=DIRECTION('ref_axis',(-0.707106781186546,0.707106781186549,0.));
#1947=DIRECTION('',(0.,-1.,0.));
#1948=DIRECTION('center_axis',(0.,0.,-1.));
#1949=DIRECTION('ref_axis',(-0.707106781186548,-0.707106781186548,0.));
#1950=DIRECTION('',(1.,0.,0.));
#1951=DIRECTION('center_axis',(0.,0.,-1.));
#1952=DIRECTION('ref_axis',(0.707106781186548,-0.707106781186547,0.));
#1953=DIRECTION('',(0.,1.,0.));
#1954=DIRECTION('center_axis',(0.,0.,1.));
#1955=DIRECTION('ref_axis',(1.,-1.37128056152559E-15,0.));
#1956=DIRECTION('',(-1.,-2.96336053550022E-16,0.));
#1957=DIRECTION('center_axis',(0.,0.,1.));
#1958=DIRECTION('ref_axis',(5.14230210572097E-16,1.,0.));
#1959=DIRECTION('',(-2.22252040162516E-16,-1.,0.));
#1960=DIRECTION('center_axis',(0.,0.,-1.));
#1961=DIRECTION('ref_axis',(-0.707106781186547,-0.707106781186548,0.));
#1962=DIRECTION('',(1.,0.,0.));
#1963=DIRECTION('center_axis',(0.,0.,-1.));
#1964=DIRECTION('ref_axis',(0.707106781186546,-0.707106781186549,0.));
#1965=DIRECTION('',(0.,1.,0.));
#1966=DIRECTION('center_axis',(0.,0.,-1.));
#1967=DIRECTION('ref_axis',(-0.707106781186547,0.707106781186547,0.));
#1968=DIRECTION('',(0.,-1.,0.));
#1969=DIRECTION('center_axis',(0.,0.,1.));
#1970=DIRECTION('ref_axis',(1.,0.,0.));
#1971=DIRECTION('',(0.,-1.,0.));
#1972=DIRECTION('center_axis',(0.,0.,1.));
#1973=DIRECTION('ref_axis',(0.707106781186548,-0.707106781186547,0.));
#1974=DIRECTION('',(-1.,4.06600631615146E-16,0.));
#1975=DIRECTION('center_axis',(0.,0.,1.));
#1976=DIRECTION('ref_axis',(-0.707106781186548,-0.707106781186547,0.));
#1977=DIRECTION('',(3.70420066937527E-16,1.,0.));
#1978=DIRECTION('center_axis',(0.,0.,-1.));
#1979=DIRECTION('ref_axis',(1.,0.,0.));
#1980=DIRECTION('',(2.96336053550022E-16,-1.,0.));
#1981=DIRECTION('center_axis',(0.,0.,-1.));
#1982=DIRECTION('ref_axis',(1.,0.,0.));
#1983=DIRECTION('center_axis',(0.,0.,-1.));
#1984=DIRECTION('ref_axis',(1.,0.,0.));
#1985=DIRECTION('',(0.,1.,0.));
#1986=DIRECTION('center_axis',(0.,0.,-1.));
#1987=DIRECTION('ref_axis',(1.,0.,0.));
#1988=DIRECTION('center_axis',(0.,0.,-1.));
#1989=DIRECTION('ref_axis',(1.,0.,0.));
#1990=DIRECTION('center_axis',(0.,0.,-1.));
#1991=DIRECTION('ref_axis',(1.,0.,0.));
#1992=DIRECTION('center_axis',(0.,0.,-1.));
#1993=DIRECTION('ref_axis',(1.,0.,0.));
#1994=DIRECTION('',(0.,0.,1.));
#1995=DIRECTION('center_axis',(0.,0.,1.));
#1996=DIRECTION('ref_axis',(1.,0.,0.));
#1997=DIRECTION('center_axis',(0.,0.,-1.));
#1998=DIRECTION('ref_axis',(1.,0.,0.));
#1999=DIRECTION('center_axis',(0.,0.,1.));
#2000=DIRECTION('ref_axis',(1.,0.,0.));
#2001=DIRECTION('',(2.96336053550022E-16,-1.,0.));
#2002=DIRECTION('center_axis',(0.,0.,1.));
#2003=DIRECTION('ref_axis',(0.707106781186546,-0.707106781186549,0.));
#2004=DIRECTION('',(-1.,4.06600631615146E-16,0.));
#2005=DIRECTION('center_axis',(0.,0.,1.));
#2006=DIRECTION('ref_axis',(-0.70710678118655,-0.707106781186545,0.));
#2007=DIRECTION('',(0.,1.,0.));
#2008=DIRECTION('center_axis',(0.,0.,-1.));
#2009=DIRECTION('ref_axis',(0.707106781186548,-0.707106781186547,0.));
#2010=DIRECTION('',(0.,0.,-1.));
#2011=DIRECTION('',(0.,0.,1.));
#2012=DIRECTION('center_axis',(1.,0.,0.));
#2013=DIRECTION('ref_axis',(0.,-1.,0.));
#2014=DIRECTION('',(0.,0.,-1.));
#2015=DIRECTION('center_axis',(0.,0.,-1.));
#2016=DIRECTION('ref_axis',(-0.707106781186547,-0.707106781186548,0.));
#2017=DIRECTION('',(0.,0.,-1.));
#2018=DIRECTION('',(0.,0.,1.));
#2019=DIRECTION('center_axis',(0.,-1.,0.));
#2020=DIRECTION('ref_axis',(-1.,0.,0.));
#2021=DIRECTION('',(0.,0.,1.));
#2022=DIRECTION('center_axis',(0.,0.,-1.));
#2023=DIRECTION('ref_axis',(0.707106781186546,-0.707106781186549,0.));
#2024=DIRECTION('',(0.,0.,-1.));
#2025=DIRECTION('center_axis',(1.,0.,0.));
#2026=DIRECTION('ref_axis',(0.,-1.,0.));
#2027=DIRECTION('',(0.,0.,1.));
#2028=DIRECTION('center_axis',(0.,0.,-1.));
#2029=DIRECTION('ref_axis',(-0.707106781186548,-0.707106781186548,0.));
#2030=DIRECTION('',(0.,0.,-1.));
#2031=DIRECTION('',(0.,0.,1.));
#2032=DIRECTION('center_axis',(0.,-1.,0.));
#2033=DIRECTION('ref_axis',(-1.,0.,0.));
#2034=DIRECTION('center_axis',(0.,0.,-1.));
#2035=DIRECTION('ref_axis',(-0.707106781186546,0.707106781186549,0.));
#2036=DIRECTION('',(0.,0.,-1.));
#2037=DIRECTION('',(0.,0.,1.));
#2038=DIRECTION('center_axis',(-1.,0.,0.));
#2039=DIRECTION('ref_axis',(0.,1.,0.));
#2040=DIRECTION('center_axis',(0.,0.,-1.));
#2041=DIRECTION('ref_axis',(-0.707106781186547,0.707106781186547,0.));
#2042=DIRECTION('',(0.,0.,-1.));
#2043=DIRECTION('center_axis',(-1.,0.,0.));
#2044=DIRECTION('ref_axis',(0.,1.,0.));
#2045=DIRECTION('',(0.,0.,1.));
#2046=DIRECTION('center_axis',(0.,0.,-1.));
#2047=DIRECTION('ref_axis',(-0.707106781186548,-0.707106781186547,0.));
#2048=DIRECTION('',(0.,0.,1.));
#2049=DIRECTION('',(0.,0.,-1.));
#2050=DIRECTION('center_axis',(4.06600631615146E-16,1.,0.));
#2051=DIRECTION('ref_axis',(1.,-4.06600631615146E-16,0.));
#2052=DIRECTION('',(0.,0.,-1.));
#2053=DIRECTION('center_axis',(0.,0.,-1.));
#2054=DIRECTION('ref_axis',(0.707106781186548,-0.707106781186547,0.));
#2055=DIRECTION('center_axis',(0.,0.,-1.));
#2056=DIRECTION('ref_axis',(-0.70710678118655,-0.707106781186545,0.));
#2057=DIRECTION('',(0.,0.,1.));
#2058=DIRECTION('',(0.,0.,-1.));
#2059=DIRECTION('center_axis',(4.06600631615146E-16,1.,0.));
#2060=DIRECTION('ref_axis',(1.,-4.06600631615146E-16,0.));
#2061=DIRECTION('',(0.,0.,-1.));
#2062=DIRECTION('center_axis',(0.,0.,-1.));
#2063=DIRECTION('ref_axis',(0.707106781186546,-0.707106781186549,0.));
#2064=DIRECTION('',(0.,0.,1.));
#2065=DIRECTION('center_axis',(0.,0.,-1.));
#2066=DIRECTION('ref_axis',(1.,-1.37128056152559E-15,0.));
#2067=DIRECTION('',(0.,0.,-1.));
#2068=DIRECTION('center_axis',(-2.96336053550022E-16,1.,0.));
#2069=DIRECTION('ref_axis',(1.,2.96336053550022E-16,0.));
#2070=DIRECTION('',(0.,0.,-1.));
#2071=DIRECTION('center_axis',(0.,0.,-1.));
#2072=DIRECTION('ref_axis',(5.14230210572097E-16,1.,0.));
#2073=DIRECTION('',(0.,0.,-1.));
#2074=DIRECTION('center_axis',(-1.,2.22252040162516E-16,0.));
#2075=DIRECTION('ref_axis',(2.22252040162516E-16,1.,0.));
#2076=DIRECTION('center_axis',(1.,-3.70420066937527E-16,0.));
#2077=DIRECTION('ref_axis',(-3.70420066937527E-16,-1.,0.));
#2078=DIRECTION('',(0.,0.,-1.));
#2079=DIRECTION('center_axis',(0.,0.,-1.));
#2080=DIRECTION('ref_axis',(9.71323731080629E-16,1.,0.));
#2081=DIRECTION('',(0.,0.,-1.));
#2082=DIRECTION('center_axis',(2.96336053550022E-16,-1.,0.));
#2083=DIRECTION('ref_axis',(-1.,-2.96336053550022E-16,0.));
#2084=DIRECTION('',(0.,0.,-1.));
#2085=DIRECTION('center_axis',(0.,0.,-1.));
#2086=DIRECTION('ref_axis',(1.,-2.59019661621501E-15,0.));
#2087=DIRECTION('',(0.,0.,-1.));
#2088=DIRECTION('center_axis',(-1.,-2.96336053550022E-16,0.));
#2089=DIRECTION('ref_axis',(-2.96336053550022E-16,1.,0.));
#2090=DIRECTION('center_axis',(1.,0.,0.));
#2091=DIRECTION('ref_axis',(0.,-1.,0.));
#2092=DIRECTION('center_axis',(0.,0.,1.));
#2093=DIRECTION('ref_axis',(-0.707106781186547,0.707106781186548,0.));
#2094=DIRECTION('',(0.,0.,-1.));
#2095=DIRECTION('',(0.,0.,1.));
#2096=DIRECTION('center_axis',(0.,1.,0.));
#2097=DIRECTION('ref_axis',(-1.,0.,0.));
#2098=DIRECTION('',(0.,0.,1.));
#2099=DIRECTION('center_axis',(0.,0.,1.));
#2100=DIRECTION('ref_axis',(0.707106781186548,0.707106781186547,0.));
#2101=DIRECTION('',(0.,0.,-1.));
#2102=DIRECTION('center_axis',(0.,0.,1.));
#2103=DIRECTION('ref_axis',(-0.707106781186547,-0.707106781186548,0.));
#2104=DIRECTION('',(0.,0.,-1.));
#2105=DIRECTION('',(0.,0.,1.));
#2106=DIRECTION('center_axis',(0.,-1.,0.));
#2107=DIRECTION('ref_axis',(1.,0.,0.));
#2108=DIRECTION('',(0.,0.,-1.));
#2109=DIRECTION('center_axis',(0.,0.,1.));
#2110=DIRECTION('ref_axis',(0.707106781186548,-0.707106781186547,0.));
#2111=DIRECTION('',(0.,0.,1.));
#2112=DIRECTION('center_axis',(1.,0.,0.));
#2113=DIRECTION('ref_axis',(0.,1.,0.));
#2114=DIRECTION('center_axis',(-1.,0.,0.));
#2115=DIRECTION('ref_axis',(0.,-1.,0.));
#2116=DIRECTION('center_axis',(0.,-1.,0.));
#2117=DIRECTION('ref_axis',(1.,0.,0.));
#2118=DIRECTION('center_axis',(0.,-1.,0.));
#2119=DIRECTION('ref_axis',(1.,0.,0.));
#2120=DIRECTION('',(0.,1.,0.));
#2121=DIRECTION('center_axis',(0.,-1.,0.));
#2122=DIRECTION('ref_axis',(1.,0.,0.));
#2123=DIRECTION('center_axis',(0.,-1.,0.));
#2124=DIRECTION('ref_axis',(1.,0.,0.));
#2125=DIRECTION('center_axis',(0.,-1.,0.));
#2126=DIRECTION('ref_axis',(1.,0.,0.));
#2127=DIRECTION('center_axis',(0.,-1.,0.));
#2128=DIRECTION('ref_axis',(1.,0.,0.));
#2129=DIRECTION('center_axis',(0.,-1.,0.));
#2130=DIRECTION('ref_axis',(1.,0.,0.));
#2131=DIRECTION('',(0.,1.,0.));
#2132=DIRECTION('center_axis',(0.,-1.,0.));
#2133=DIRECTION('ref_axis',(1.,0.,0.));
#2134=DIRECTION('center_axis',(0.,-1.,0.));
#2135=DIRECTION('ref_axis',(1.,0.,0.));
#2136=DIRECTION('center_axis',(0.,-1.,0.));
#2137=DIRECTION('ref_axis',(1.,0.,0.));
#2138=DIRECTION('center_axis',(0.,-1.,0.));
#2139=DIRECTION('ref_axis',(1.,0.,0.));
#2140=DIRECTION('center_axis',(0.,-1.,0.));
#2141=DIRECTION('ref_axis',(1.,0.,0.));
#2142=DIRECTION('',(0.,1.,0.));
#2143=DIRECTION('center_axis',(0.,-1.,0.));
#2144=DIRECTION('ref_axis',(1.,0.,0.));
#2145=DIRECTION('center_axis',(0.,-1.,0.));
#2146=DIRECTION('ref_axis',(1.,0.,0.));
#2147=DIRECTION('center_axis',(0.,-1.,0.));
#2148=DIRECTION('ref_axis',(1.,0.,0.));
#2149=CARTESIAN_POINT('',(0.,0.,0.));
#2150=CARTESIAN_POINT('Origin',(0.67,0.549999999999999,0.28));
#2151=CARTESIAN_POINT('',(0.67,0.549999999999999,0.285));
#2152=CARTESIAN_POINT('',(0.57,0.549999999999999,0.275));
#2153=CARTESIAN_POINT('',(0.62,0.549999999999999,0.28));
#2154=CARTESIAN_POINT('Origin',(0.67,0.549999999999999,0.275));
#2155=CARTESIAN_POINT('Origin',(0.325,0.55,0.17));
#2156=CARTESIAN_POINT('',(0.41,0.55,0.19));
#2157=CARTESIAN_POINT('Origin',(0.325,0.55,0.19));
#2158=CARTESIAN_POINT('',(0.41,0.55,0.17));
#2159=CARTESIAN_POINT('',(0.41,0.55,0.17));
#2160=CARTESIAN_POINT('Origin',(0.325,0.55,0.17));
#2161=CARTESIAN_POINT('Origin',(0.325,0.55,0.19));
#2162=CARTESIAN_POINT('Origin',(1.015,0.549999999999999,0.17));
#2163=CARTESIAN_POINT('',(1.1,0.549999999999999,0.19));
#2164=CARTESIAN_POINT('Origin',(1.015,0.549999999999999,0.19));
#2165=CARTESIAN_POINT('',(1.1,0.549999999999999,0.17));
#2166=CARTESIAN_POINT('',(1.1,0.549999999999999,0.17));
#2167=CARTESIAN_POINT('Origin',(1.015,0.549999999999999,0.17));
#2168=CARTESIAN_POINT('Origin',(1.015,0.549999999999999,0.19));
#2169=CARTESIAN_POINT('Origin',(0.715062644304533,0.393560653491406,0.1));
#2170=CARTESIAN_POINT('',(0.715062644304533,0.262924846823996,0.15));
#2171=CARTESIAN_POINT('',(0.765062644304533,0.262924846823996,0.1));
#2172=CARTESIAN_POINT('Origin',(0.715062644304533,0.262924846823996,0.1));
#2173=CARTESIAN_POINT('',(0.765062644304533,0.690405429189106,0.1));
#2174=CARTESIAN_POINT('',(0.765062644304533,0.466462423411998,0.1));
#2175=CARTESIAN_POINT('',(0.715062644304533,0.690405429189106,0.15));
#2176=CARTESIAN_POINT('Origin',(0.715062644304533,0.690405429189106,0.1));
#2177=CARTESIAN_POINT('',(0.715062644304533,0.393560653491406,0.15));
#2178=CARTESIAN_POINT('Ctrl Pts',(0.765062644304533,0.690405429189106,0.1));
#2179=CARTESIAN_POINT('Ctrl Pts',(0.765062644304533,0.785468073493639,0.1));
#2180=CARTESIAN_POINT('Ctrl Pts',(0.67,0.785468073493639,0.1));
#2181=CARTESIAN_POINT('Ctrl Pts',(0.574937355695467,0.785468073493639,0.1));
#2182=CARTESIAN_POINT('Ctrl Pts',(0.574937355695467,0.690405429189106,0.1));
#2183=CARTESIAN_POINT('Ctrl Pts',(0.765062644304533,0.690405429189106,0.15));
#2184=CARTESIAN_POINT('Ctrl Pts',(0.765062644304533,0.785468073493639,0.15));
#2185=CARTESIAN_POINT('Ctrl Pts',(0.67,0.785468073493639,0.15));
#2186=CARTESIAN_POINT('Ctrl Pts',(0.574937355695467,0.785468073493639,0.15));
#2187=CARTESIAN_POINT('Ctrl Pts',(0.574937355695467,0.690405429189106,0.15));
#2188=CARTESIAN_POINT('Ctrl Pts',(0.715062644304533,0.690405429189106,0.15));
#2189=CARTESIAN_POINT('Ctrl Pts',(0.715062644304533,0.735468073493639,0.15));
#2190=CARTESIAN_POINT('Ctrl Pts',(0.67,0.735468073493639,0.15));
#2191=CARTESIAN_POINT('Ctrl Pts',(0.624937355695467,0.735468073493639,0.15));
#2192=CARTESIAN_POINT('Ctrl Pts',(0.624937355695467,0.690405429189106,0.15));
#2193=CARTESIAN_POINT('',(0.574937355695467,0.690405429189106,0.1));
#2194=CARTESIAN_POINT('Origin',(0.67,0.690405429189106,0.1));
#2195=CARTESIAN_POINT('',(0.624937355695467,0.690405429189106,0.15));
#2196=CARTESIAN_POINT('Origin',(0.624937355695467,0.690405429189106,0.1));
#2197=CARTESIAN_POINT('Origin',(0.67,0.690405429189106,0.15));
#2198=CARTESIAN_POINT('Origin',(0.624937355695467,0.607300944673962,0.1));
#2199=CARTESIAN_POINT('',(0.574937355695467,0.262924846823996,0.1));
#2200=CARTESIAN_POINT('',(0.624937355695467,0.262924846823996,0.15));
#2201=CARTESIAN_POINT('Origin',(0.624937355695467,0.262924846823996,0.1));
#2202=CARTESIAN_POINT('',(0.624937355695467,0.607300944673962,0.15));
#2203=CARTESIAN_POINT('',(0.574937355695467,0.680202714594553,0.1));
#2204=CARTESIAN_POINT('Origin',(0.574937355695467,0.262924846823996,0.1));
#2205=CARTESIAN_POINT('',(0.622468677847734,0.262924846823996,0.1));
#2206=CARTESIAN_POINT('',(0.574937355695467,0.262924846823996,0.15));
#2207=CARTESIAN_POINT('Origin',(0.67,0.524196460158817,0.15));
#2208=CARTESIAN_POINT('Origin',(0.765062644304533,0.54409109448277,0.17));
#2209=CARTESIAN_POINT('',(1.14,0.537236949452916,0.1));
#2210=CARTESIAN_POINT('',(1.09176659122305,0.359999999999999,0.1));
#2211=CARTESIAN_POINT('Origin',(0.765062644304533,0.54409109448277,0.1));
#2212=CARTESIAN_POINT('',(1.14,0.537236949452916,0.17));
#2213=CARTESIAN_POINT('',(1.14,0.537236949452897,0.17));
#2214=CARTESIAN_POINT('',(1.09176659122305,0.359999999999999,0.17));
#2215=CARTESIAN_POINT('Origin',(0.765062644304533,0.54409109448277,0.17));
#2216=CARTESIAN_POINT('',(1.09176659122305,0.359999999999999,0.17));
#2217=CARTESIAN_POINT('Origin',(0.574937355695463,0.544091094482765,0.17));
#2218=CARTESIAN_POINT('',(0.248233408776948,0.359999999999997,0.1));
#2219=CARTESIAN_POINT('',(0.2,0.537236949452712,0.1));
#2220=CARTESIAN_POINT('Origin',(0.574937355695463,0.544091094482765,0.1));
#2221=CARTESIAN_POINT('',(0.248233408776948,0.359999999999997,0.17));
#2222=CARTESIAN_POINT('',(0.248233408776947,0.359999999999999,0.17));
#2223=CARTESIAN_POINT('',(0.2,0.537236949452712,0.17));
#2224=CARTESIAN_POINT('Origin',(0.574937355695463,0.544091094482765,0.17));
#2225=CARTESIAN_POINT('',(0.2,0.537236949452727,0.17));
#2226=CARTESIAN_POINT('Origin',(0.765062644304533,0.54409109448277,0.17));
#2227=CARTESIAN_POINT('',(1.1,0.712738560398293,0.1));
#2228=CARTESIAN_POINT('',(1.14,0.550945239512628,0.1));
#2229=CARTESIAN_POINT('Origin',(0.765062644304533,0.54409109448277,0.1));
#2230=CARTESIAN_POINT('',(1.08481989713712,0.739999999999999,0.1));
#2231=CARTESIAN_POINT('Origin',(0.765062644304533,0.54409109448277,0.1));
#2232=CARTESIAN_POINT('',(1.08481989713712,0.739999999999999,0.17));
#2233=CARTESIAN_POINT('',(1.08481989713712,0.739999999999999,0.17));
#2234=CARTESIAN_POINT('',(1.14,0.550945239512628,0.17));
#2235=CARTESIAN_POINT('Origin',(0.765062644304533,0.54409109448277,0.17));
#2236=CARTESIAN_POINT('',(1.14,0.550945239512643,0.17));
#2237=CARTESIAN_POINT('Origin',(0.574937355695463,0.544091094482765,0.17));
#2238=CARTESIAN_POINT('',(0.255180102862883,0.739999999999999,0.1));
#2239=CARTESIAN_POINT('',(0.24,0.712738560398296,0.1));
#2240=CARTESIAN_POINT('Origin',(0.574937355695463,0.544091094482765,0.1));
#2241=CARTESIAN_POINT('',(0.2,0.550945239512821,0.1));
#2242=CARTESIAN_POINT('Origin',(0.574937355695463,0.544091094482765,0.1));
#2243=CARTESIAN_POINT('',(0.2,0.550945239512821,0.17));
#2244=CARTESIAN_POINT('',(0.2,0.550945239512804,0.17));
#2245=CARTESIAN_POINT('',(0.255180102862883,0.739999999999999,0.17));
#2246=CARTESIAN_POINT('Origin',(0.574937355695463,0.544091094482765,0.17));
#2247=CARTESIAN_POINT('',(0.255180102862883,0.739999999999999,0.17));
#2248=CARTESIAN_POINT('Origin',(1.14,0.359999999999999,0.1));
#2249=CARTESIAN_POINT('',(1.14,0.359999999999999,0.1));
#2250=CARTESIAN_POINT('',(1.14,0.359999999999999,0.17));
#2251=CARTESIAN_POINT('Origin',(0.67,0.549999999999999,0.1));
#2252=CARTESIAN_POINT('',(0.892896688560438,0.359999999999999,0.0999999999999998));
#2253=CARTESIAN_POINT('',(0.2,0.359999999999999,0.1));
#2254=CARTESIAN_POINT('',(0.892896688560438,0.739999999999999,0.0999999999999998));
#2255=CARTESIAN_POINT('',(0.892896688560438,0.454999999999999,0.1));
#2256=CARTESIAN_POINT('',(0.93,0.739999999999999,0.1));
#2257=CARTESIAN_POINT('',(1.14,0.739999999999999,0.1));
#2258=CARTESIAN_POINT('',(0.93,0.474999999999999,0.1));
#2259=CARTESIAN_POINT('',(0.93,0.735,0.1));
#2260=CARTESIAN_POINT('',(0.98,0.424999999999999,0.1));
#2261=CARTESIAN_POINT('Origin',(0.98,0.474999999999999,0.1));
#2262=CARTESIAN_POINT('',(1.05,0.424999999999999,0.1));
#2263=CARTESIAN_POINT('',(0.8,0.425,0.1));
#2264=CARTESIAN_POINT('',(1.1,0.474999999999999,0.1));
#2265=CARTESIAN_POINT('Origin',(1.05,0.474999999999999,0.1));
#2266=CARTESIAN_POINT('',(1.1,0.5475,0.1));
#2267=CARTESIAN_POINT('Origin',(1.14,0.739999999999999,0.1));
#2268=CARTESIAN_POINT('',(0.905,0.739999999999999,0.1));
#2269=CARTESIAN_POINT('',(0.8025,0.739999999999999,0.205));
#2270=CARTESIAN_POINT('',(0.900291614129115,0.739999999999999,0.0914104465874113));
#2271=CARTESIAN_POINT('',(0.5375,0.739999999999999,0.205));
#2272=CARTESIAN_POINT('',(0.83875,0.739999999999999,0.205));
#2273=CARTESIAN_POINT('',(0.447103311439562,0.739999999999999,0.1));
#2274=CARTESIAN_POINT('',(0.594578884739511,0.74,0.271299805812484));
#2275=CARTESIAN_POINT('',(0.41,0.739999999999999,0.1));
#2276=CARTESIAN_POINT('',(1.14,0.739999999999999,0.1));
#2277=CARTESIAN_POINT('',(0.905,0.739999999999999,0.1));
#2278=CARTESIAN_POINT('',(0.415,0.739999999999999,0.17));
#2279=CARTESIAN_POINT('',(0.7775,0.739999999999999,0.17));
#2280=CARTESIAN_POINT('',(0.505396688560438,0.739999999999999,0.275));
#2281=CARTESIAN_POINT('',(0.597201169958045,0.739999999999999,0.381635217509146));
#2282=CARTESIAN_POINT('',(0.834603311439562,0.739999999999999,0.275));
#2283=CARTESIAN_POINT('',(1.14,0.739999999999999,0.275));
#2284=CARTESIAN_POINT('',(0.925,0.739999999999999,0.17));
#2285=CARTESIAN_POINT('',(0.988066017471018,0.74,0.0967458582840728));
#2286=CARTESIAN_POINT('',(1.14,0.739999999999999,0.17));
#2287=CARTESIAN_POINT('Origin',(0.67,0.549999999999999,0.1));
#2288=CARTESIAN_POINT('',(0.2,0.739999999999999,0.1));
#2289=CARTESIAN_POINT('',(0.24,0.475,0.1));
#2290=CARTESIAN_POINT('',(0.24,0.8175,0.1));
#2291=CARTESIAN_POINT('',(0.29,0.425,0.1));
#2292=CARTESIAN_POINT('Origin',(0.29,0.475,0.1));
#2293=CARTESIAN_POINT('',(0.36,0.425,0.1));
#2294=CARTESIAN_POINT('',(0.455,0.425,0.1));
#2295=CARTESIAN_POINT('',(0.41,0.475,0.1));
#2296=CARTESIAN_POINT('Origin',(0.36,0.475,0.1));
#2297=CARTESIAN_POINT('',(0.41,0.5475,0.1));
#2298=CARTESIAN_POINT('',(0.447103311439562,0.359999999999999,0.1));
#2299=CARTESIAN_POINT('',(0.447103311439562,0.454999999999999,0.1));
#2300=CARTESIAN_POINT('',(0.2,0.359999999999999,0.1));
#2301=CARTESIAN_POINT('Origin',(0.2,0.739999999999999,0.1));
#2302=CARTESIAN_POINT('',(0.2,0.549999999999999,0.17));
#2303=CARTESIAN_POINT('Origin',(0.925,0.359999999999999,0.17));
#2304=CARTESIAN_POINT('',(0.834603311439562,0.359999999999999,0.275));
#2305=CARTESIAN_POINT('',(0.834603311439562,0.454999999999999,0.275));
#2306=CARTESIAN_POINT('',(0.925,0.359999999999999,0.17));
#2307=CARTESIAN_POINT('',(0.787997174322173,0.359999999999999,0.329135217509146));
#2308=CARTESIAN_POINT('',(0.925,0.359999999999999,0.17));
#2309=CARTESIAN_POINT('Origin',(1.14,0.359999999999999,0.17));
#2310=CARTESIAN_POINT('',(0.67,0.359999999999999,0.17));
#2311=CARTESIAN_POINT('Origin',(0.505396688560438,0.359999999999999,0.275));
#2312=CARTESIAN_POINT('',(0.415,0.359999999999999,0.17));
#2313=CARTESIAN_POINT('',(0.415,0.359999999999999,0.17));
#2314=CARTESIAN_POINT('',(0.505396688560438,0.359999999999999,0.275));
#2315=CARTESIAN_POINT('',(0.397132326809201,0.359999999999999,0.149245858284073));
#2316=CARTESIAN_POINT('',(0.505396688560438,0.454999999999999,0.275));
#2317=CARTESIAN_POINT('Origin',(0.415,0.359999999999999,0.17));
#2318=CARTESIAN_POINT('',(0.3075,0.359999999999999,0.17));
#2319=CARTESIAN_POINT('Origin',(0.447103311439562,0.359999999999999,0.1));
#2320=CARTESIAN_POINT('',(0.5375,0.359999999999999,0.205));
#2321=CARTESIAN_POINT('',(0.5375,0.359999999999999,0.205));
#2322=CARTESIAN_POINT('',(0.394510041590666,0.359999999999999,0.0389104465874112));
#2323=CARTESIAN_POINT('Origin',(0.8025,0.359999999999999,0.205));
#2324=CARTESIAN_POINT('',(0.8025,0.359999999999999,0.205));
#2325=CARTESIAN_POINT('',(0.700222770980269,0.359999999999999,0.323799805812484));
#2326=CARTESIAN_POINT('',(0.8025,0.359999999999999,0.205));
#2327=CARTESIAN_POINT('Origin',(0.5375,0.359999999999999,0.205));
#2328=CARTESIAN_POINT('',(0.36875,0.359999999999999,0.205));
#2329=CARTESIAN_POINT('Origin',(0.67,0.549999999999999,0.275));
#2330=CARTESIAN_POINT('',(0.2,0.359999999999999,0.275));
#2331=CARTESIAN_POINT('Origin',(0.67,0.67,0.1));
#2332=CARTESIAN_POINT('',(0.,0.965,0.1));
#2333=CARTESIAN_POINT('',(0.375,1.34,0.1));
#2334=CARTESIAN_POINT('Origin',(0.375,0.965,0.1));
#2335=CARTESIAN_POINT('',(0.,0.375,0.1));
#2336=CARTESIAN_POINT('',(0.,1.34,0.1));
#2337=CARTESIAN_POINT('',(0.375,0.,0.1));
#2338=CARTESIAN_POINT('Origin',(0.375,0.375,0.1));
#2339=CARTESIAN_POINT('',(0.965,0.,0.1));
#2340=CARTESIAN_POINT('',(0.,0.,0.1));
#2341=CARTESIAN_POINT('',(1.34,0.375,0.1));
#2342=CARTESIAN_POINT('Origin',(0.965,0.375,0.1));
#2343=CARTESIAN_POINT('',(1.34,0.965,0.1));
#2344=CARTESIAN_POINT('',(1.34,0.,0.1));
#2345=CARTESIAN_POINT('',(0.965,1.34,0.1));
#2346=CARTESIAN_POINT('Origin',(0.965,0.965,0.1));
#2347=CARTESIAN_POINT('',(1.34,1.34,0.1));
#2348=CARTESIAN_POINT('',(0.375,1.22,0.1));
#2349=CARTESIAN_POINT('',(0.965,1.22,0.1));
#2350=CARTESIAN_POINT('',(0.5225,1.22,0.1));
#2351=CARTESIAN_POINT('',(1.22,0.965,0.1));
#2352=CARTESIAN_POINT('Origin',(0.965,0.965,0.1));
#2353=CARTESIAN_POINT('',(1.22,0.415,0.1));
#2354=CARTESIAN_POINT('',(1.22,0.8175,0.1));
#2355=CARTESIAN_POINT('',(1.045,0.24,0.1));
#2356=CARTESIAN_POINT('Origin',(1.045,0.415,0.1));
#2357=CARTESIAN_POINT('',(0.85,0.24,0.1));
#2358=CARTESIAN_POINT('',(0.945,0.24,0.1));
#2359=CARTESIAN_POINT('',(0.82,0.27,0.1));
#2360=CARTESIAN_POINT('Origin',(0.85,0.27,0.1));
#2361=CARTESIAN_POINT('',(0.82,0.745,0.1));
#2362=CARTESIAN_POINT('',(0.82,0.455,0.1));
#2363=CARTESIAN_POINT('',(0.93,0.745,0.1));
#2364=CARTESIAN_POINT('Origin',(0.875,0.745,0.1));
#2365=CARTESIAN_POINT('',(0.93,0.735,0.1));
#2366=CARTESIAN_POINT('',(1.1,0.965,0.1));
#2367=CARTESIAN_POINT('',(1.1,0.5475,0.1));
#2368=CARTESIAN_POINT('',(0.965,1.1,0.1));
#2369=CARTESIAN_POINT('Origin',(0.965,0.965,0.1));
#2370=CARTESIAN_POINT('',(0.375,1.1,0.1));
#2371=CARTESIAN_POINT('',(0.8175,1.1,0.1));
#2372=CARTESIAN_POINT('',(0.24,0.965,0.1));
#2373=CARTESIAN_POINT('Origin',(0.375,0.965,0.1));
#2374=CARTESIAN_POINT('',(0.24,0.8175,0.1));
#2375=CARTESIAN_POINT('',(0.41,0.745,0.1));
#2376=CARTESIAN_POINT('',(0.41,0.5475,0.1));
#2377=CARTESIAN_POINT('',(0.52,0.745,0.1));
#2378=CARTESIAN_POINT('Origin',(0.465,0.745,0.1));
#2379=CARTESIAN_POINT('',(0.52,0.27,0.1));
#2380=CARTESIAN_POINT('',(0.52,0.735,0.1));
#2381=CARTESIAN_POINT('',(0.49,0.24,0.1));
#2382=CARTESIAN_POINT('Origin',(0.49,0.27,0.1));
#2383=CARTESIAN_POINT('',(0.295,0.24,0.1));
#2384=CARTESIAN_POINT('',(0.595,0.24,0.1));
#2385=CARTESIAN_POINT('',(0.12,0.415,0.1));
#2386=CARTESIAN_POINT('Origin',(0.295,0.415,0.1));
#2387=CARTESIAN_POINT('',(0.12,0.965,0.1));
#2388=CARTESIAN_POINT('',(0.12,0.455,0.1));
#2389=CARTESIAN_POINT('Origin',(0.375,0.965,0.1));
#2390=CARTESIAN_POINT('Origin',(0.2,0.359999999999999,0.1));
#2391=CARTESIAN_POINT('Origin',(0.325,0.55,0.));
#2392=CARTESIAN_POINT('',(0.41,0.602678268764263,0.));
#2393=CARTESIAN_POINT('',(0.41,0.497321731235736,0.));
#2394=CARTESIAN_POINT('',(0.41,0.5475,0.));
#2395=CARTESIAN_POINT('Origin',(0.325,0.55,0.));
#2396=CARTESIAN_POINT('Origin',(0.325,0.55,0.));
#2397=CARTESIAN_POINT('',(0.24,0.497321731235736,0.));
#2398=CARTESIAN_POINT('',(0.24,0.602678268764264,0.));
#2399=CARTESIAN_POINT('',(0.24,0.8175,0.));
#2400=CARTESIAN_POINT('',(0.225,0.55,0.));
#2401=CARTESIAN_POINT('Origin',(0.325,0.55,0.));
#2402=CARTESIAN_POINT('Origin',(0.325,0.55,0.));
#2403=CARTESIAN_POINT('Origin',(0.325,0.55,0.));
#2404=CARTESIAN_POINT('',(0.225,0.55,-0.04));
#2405=CARTESIAN_POINT('Origin',(0.325,0.55,-0.04));
#2406=CARTESIAN_POINT('',(0.225,0.55,0.));
#2407=CARTESIAN_POINT('Origin',(0.325,0.55,0.));
#2408=CARTESIAN_POINT('Origin',(0.325,0.55,0.));
#2409=CARTESIAN_POINT('Origin',(0.325,0.55,-0.04));
#2410=CARTESIAN_POINT('Origin',(0.67,0.67,0.));
#2411=CARTESIAN_POINT('',(0.375,1.34,0.));
#2412=CARTESIAN_POINT('',(0.,0.965,0.));
#2413=CARTESIAN_POINT('Origin',(0.375,0.965,0.));
#2414=CARTESIAN_POINT('',(0.965,1.34,0.));
#2415=CARTESIAN_POINT('',(1.34,1.34,0.));
#2416=CARTESIAN_POINT('',(1.34,0.965,0.));
#2417=CARTESIAN_POINT('Origin',(0.965,0.965,0.));
#2418=CARTESIAN_POINT('',(1.34,0.375,0.));
#2419=CARTESIAN_POINT('',(1.34,0.,0.));
#2420=CARTESIAN_POINT('',(0.965,0.,0.));
#2421=CARTESIAN_POINT('Origin',(0.965,0.375,0.));
#2422=CARTESIAN_POINT('',(0.375,0.,0.));
#2423=CARTESIAN_POINT('',(0.,0.,0.));
#2424=CARTESIAN_POINT('',(0.,0.375,0.));
#2425=CARTESIAN_POINT('Origin',(0.375,0.375,0.));
#2426=CARTESIAN_POINT('',(0.,1.34,0.));
#2427=CARTESIAN_POINT('',(0.24,0.965,0.));
#2428=CARTESIAN_POINT('',(0.24,0.8175,0.));
#2429=CARTESIAN_POINT('',(0.375,1.1,0.));
#2430=CARTESIAN_POINT('Origin',(0.375,0.965,0.));
#2431=CARTESIAN_POINT('',(0.965,1.1,0.));
#2432=CARTESIAN_POINT('',(0.8175,1.1,0.));
#2433=CARTESIAN_POINT('',(1.1,0.965,0.));
#2434=CARTESIAN_POINT('Origin',(0.965,0.965,0.));
#2435=CARTESIAN_POINT('',(1.1,0.602678268764263,0.));
#2436=CARTESIAN_POINT('',(1.1,0.5475,0.));
#2437=CARTESIAN_POINT('',(0.93,0.602678268764263,0.));
#2438=CARTESIAN_POINT('Origin',(1.015,0.549999999999999,0.));
#2439=CARTESIAN_POINT('',(0.93,0.745,0.));
#2440=CARTESIAN_POINT('',(0.93,0.735,0.));
#2441=CARTESIAN_POINT('',(0.82,0.745,0.));
#2442=CARTESIAN_POINT('Origin',(0.875,0.745,0.));
#2443=CARTESIAN_POINT('',(0.82,0.27,0.));
#2444=CARTESIAN_POINT('',(0.82,0.455,0.));
#2445=CARTESIAN_POINT('',(0.85,0.24,0.));
#2446=CARTESIAN_POINT('Origin',(0.85,0.27,0.));
#2447=CARTESIAN_POINT('',(1.045,0.24,0.));
#2448=CARTESIAN_POINT('',(0.945,0.24,0.));
#2449=CARTESIAN_POINT('',(1.22,0.415,0.));
#2450=CARTESIAN_POINT('Origin',(1.045,0.415,0.));
#2451=CARTESIAN_POINT('',(1.22,0.965,0.));
#2452=CARTESIAN_POINT('',(1.22,0.8175,0.));
#2453=CARTESIAN_POINT('',(0.965,1.22,0.));
#2454=CARTESIAN_POINT('Origin',(0.965,0.965,0.));
#2455=CARTESIAN_POINT('',(0.375,1.22,0.));
#2456=CARTESIAN_POINT('',(0.5225,1.22,0.));
#2457=CARTESIAN_POINT('',(0.12,0.965,0.));
#2458=CARTESIAN_POINT('Origin',(0.375,0.965,0.));
#2459=CARTESIAN_POINT('',(0.12,0.415,0.));
#2460=CARTESIAN_POINT('',(0.12,0.455,0.));
#2461=CARTESIAN_POINT('',(0.295,0.24,0.));
#2462=CARTESIAN_POINT('Origin',(0.295,0.415,0.));
#2463=CARTESIAN_POINT('',(0.49,0.24,0.));
#2464=CARTESIAN_POINT('',(0.595,0.24,0.));
#2465=CARTESIAN_POINT('',(0.52,0.27,0.));
#2466=CARTESIAN_POINT('Origin',(0.49,0.27,0.));
#2467=CARTESIAN_POINT('',(0.52,0.745,0.));
#2468=CARTESIAN_POINT('',(0.52,0.735,0.));
#2469=CARTESIAN_POINT('',(0.41,0.745,0.));
#2470=CARTESIAN_POINT('Origin',(0.465,0.745,0.));
#2471=CARTESIAN_POINT('',(0.41,0.5475,0.));
#2472=CARTESIAN_POINT('Origin',(0.67,0.67,0.));
#2473=CARTESIAN_POINT('',(0.41,0.475,0.));
#2474=CARTESIAN_POINT('',(0.41,0.5475,0.));
#2475=CARTESIAN_POINT('',(0.36,0.425,0.));
#2476=CARTESIAN_POINT('Origin',(0.36,0.475,0.));
#2477=CARTESIAN_POINT('',(0.29,0.425,0.));
#2478=CARTESIAN_POINT('',(0.455,0.425,0.));
#2479=CARTESIAN_POINT('',(0.24,0.475,0.));
#2480=CARTESIAN_POINT('Origin',(0.29,0.475,0.));
#2481=CARTESIAN_POINT('',(0.24,0.8175,0.));
#2482=CARTESIAN_POINT('Origin',(1.015,0.549999999999999,0.));
#2483=CARTESIAN_POINT('',(1.1,0.497321731235736,0.));
#2484=CARTESIAN_POINT('',(1.1,0.5475,0.));
#2485=CARTESIAN_POINT('Origin',(1.015,0.549999999999999,0.));
#2486=CARTESIAN_POINT('Origin',(1.015,0.549999999999999,0.));
#2487=CARTESIAN_POINT('',(0.93,0.497321731235736,0.));
#2488=CARTESIAN_POINT('',(0.93,0.735,0.));
#2489=CARTESIAN_POINT('',(0.915,0.549999999999999,0.));
#2490=CARTESIAN_POINT('Origin',(1.015,0.549999999999999,0.));
#2491=CARTESIAN_POINT('Origin',(1.015,0.549999999999999,0.));
#2492=CARTESIAN_POINT('Origin',(1.015,0.549999999999999,0.));
#2493=CARTESIAN_POINT('',(0.915,0.549999999999999,-0.04));
#2494=CARTESIAN_POINT('Origin',(1.015,0.549999999999999,-0.04));
#2495=CARTESIAN_POINT('',(0.915,0.549999999999999,0.));
#2496=CARTESIAN_POINT('Origin',(1.015,0.549999999999999,0.));
#2497=CARTESIAN_POINT('Origin',(1.015,0.549999999999999,-0.04));
#2498=CARTESIAN_POINT('Origin',(0.67,0.67,0.));
#2499=CARTESIAN_POINT('',(1.1,0.474999999999999,0.));
#2500=CARTESIAN_POINT('',(1.1,0.5475,0.));
#2501=CARTESIAN_POINT('',(1.05,0.424999999999999,0.));
#2502=CARTESIAN_POINT('Origin',(1.05,0.474999999999999,0.));
#2503=CARTESIAN_POINT('',(0.98,0.424999999999999,0.));
#2504=CARTESIAN_POINT('',(0.8,0.425,0.));
#2505=CARTESIAN_POINT('',(0.93,0.474999999999999,0.));
#2506=CARTESIAN_POINT('Origin',(0.98,0.474999999999999,0.));
#2507=CARTESIAN_POINT('',(0.93,0.735,0.));
#2508=CARTESIAN_POINT('Origin',(1.045,0.415,0.1));
#2509=CARTESIAN_POINT('',(1.22,0.415,0.1));
#2510=CARTESIAN_POINT('',(1.045,0.24,0.1));
#2511=CARTESIAN_POINT('Origin',(1.22,0.965,0.1));
#2512=CARTESIAN_POINT('',(1.22,0.965,0.1));
#2513=CARTESIAN_POINT('Origin',(0.295,0.415,0.1));
#2514=CARTESIAN_POINT('',(0.295,0.24,0.1));
#2515=CARTESIAN_POINT('',(0.12,0.415,0.1));
#2516=CARTESIAN_POINT('Origin',(0.52,0.24,0.1));
#2517=CARTESIAN_POINT('',(0.49,0.24,0.1));
#2518=CARTESIAN_POINT('Origin',(0.49,0.27,0.1));
#2519=CARTESIAN_POINT('',(0.52,0.27,0.1));
#2520=CARTESIAN_POINT('Origin',(0.52,0.8,0.1));
#2521=CARTESIAN_POINT('',(0.52,0.745,0.1));
#2522=CARTESIAN_POINT('Origin',(0.85,0.27,0.1));
#2523=CARTESIAN_POINT('',(0.85,0.24,0.1));
#2524=CARTESIAN_POINT('',(0.82,0.27,0.1));
#2525=CARTESIAN_POINT('Origin',(1.22,0.24,0.1));
#2526=CARTESIAN_POINT('Origin',(0.875,0.745,0.1));
#2527=CARTESIAN_POINT('',(0.82,0.745,0.1));
#2528=CARTESIAN_POINT('',(0.93,0.745,0.1));
#2529=CARTESIAN_POINT('Origin',(0.82,0.24,0.1));
#2530=CARTESIAN_POINT('Origin',(0.465,0.745,0.1));
#2531=CARTESIAN_POINT('',(0.41,0.745,0.1));
#2532=CARTESIAN_POINT('Origin',(0.41,0.425,0.1));
#2533=CARTESIAN_POINT('',(0.41,0.475,0.1));
#2534=CARTESIAN_POINT('Origin',(0.29,0.475,0.1));
#2535=CARTESIAN_POINT('',(0.29,0.425,0.1));
#2536=CARTESIAN_POINT('',(0.24,0.475,0.1));
#2537=CARTESIAN_POINT('Origin',(0.24,0.425,0.1));
#2538=CARTESIAN_POINT('',(0.36,0.425,0.1));
#2539=CARTESIAN_POINT('Origin',(0.36,0.475,0.1));
#2540=CARTESIAN_POINT('Origin',(0.98,0.474999999999999,0.1));
#2541=CARTESIAN_POINT('',(0.98,0.424999999999999,0.1));
#2542=CARTESIAN_POINT('',(0.93,0.474999999999999,0.1));
#2543=CARTESIAN_POINT('Origin',(0.93,0.424999999999999,0.1));
#2544=CARTESIAN_POINT('',(1.05,0.424999999999999,0.1));
#2545=CARTESIAN_POINT('Origin',(1.05,0.474999999999999,0.1));
#2546=CARTESIAN_POINT('',(1.1,0.474999999999999,0.1));
#2547=CARTESIAN_POINT('Origin',(0.965,0.965,0.1));
#2548=CARTESIAN_POINT('',(0.965,1.22,0.1));
#2549=CARTESIAN_POINT('Origin',(0.375,1.22,0.1));
#2550=CARTESIAN_POINT('',(0.375,1.22,0.1));
#2551=CARTESIAN_POINT('Origin',(0.375,0.965,0.1));
#2552=CARTESIAN_POINT('',(0.12,0.965,0.1));
#2553=CARTESIAN_POINT('Origin',(0.12,0.24,0.1));
#2554=CARTESIAN_POINT('Origin',(0.24,0.965,0.1));
#2555=CARTESIAN_POINT('',(0.24,0.965,0.1));
#2556=CARTESIAN_POINT('Origin',(0.375,0.965,0.1));
#2557=CARTESIAN_POINT('',(0.375,1.1,0.1));
#2558=CARTESIAN_POINT('Origin',(0.965,1.1,0.1));
#2559=CARTESIAN_POINT('',(0.965,1.1,0.1));
#2560=CARTESIAN_POINT('Origin',(0.965,0.965,0.1));
#2561=CARTESIAN_POINT('',(1.1,0.965,0.1));
#2562=CARTESIAN_POINT('Origin',(1.1,0.424999999999999,0.1));
#2563=CARTESIAN_POINT('Origin',(0.93,0.8,0.1));
#2564=CARTESIAN_POINT('Origin',(0.375,0.965,0.));
#2565=CARTESIAN_POINT('',(0.375,1.34,0.));
#2566=CARTESIAN_POINT('',(0.,0.965,0.));
#2567=CARTESIAN_POINT('Origin',(1.34,1.34,0.));
#2568=CARTESIAN_POINT('',(0.965,1.34,0.));
#2569=CARTESIAN_POINT('Origin',(0.965,0.965,0.));
#2570=CARTESIAN_POINT('',(1.34,0.965,0.));
#2571=CARTESIAN_POINT('Origin',(0.375,0.375,0.));
#2572=CARTESIAN_POINT('',(0.,0.375,0.));
#2573=CARTESIAN_POINT('',(0.375,0.,0.));
#2574=CARTESIAN_POINT('Origin',(0.,0.,0.));
#2575=CARTESIAN_POINT('',(0.965,0.,0.));
#2576=CARTESIAN_POINT('Origin',(0.965,0.375,0.));
#2577=CARTESIAN_POINT('',(1.34,0.375,0.));
#2578=CARTESIAN_POINT('Origin',(1.34,0.,0.));
#2579=CARTESIAN_POINT('Origin',(0.,1.34,0.));
#2580=CARTESIAN_POINT('Origin',(0.7,0.262924846823996,0.112366534769252));
#2581=CARTESIAN_POINT('',(0.687633465230748,-0.0670751531760043,0.112366534769252));
#2582=CARTESIAN_POINT('Origin',(0.7,-0.0670751531760043,0.112366534769252));
#2583=CARTESIAN_POINT('',(0.687633465230748,0.262924846823996,0.112366534769252));
#2584=CARTESIAN_POINT('',(0.687633465230748,0.262924846823996,0.112366534769252));
#2585=CARTESIAN_POINT('Origin',(0.7,0.262924846823996,0.112366534769252));
#2586=CARTESIAN_POINT('Origin',(0.7,-0.0670751531760043,0.112366534769252));
#2587=CARTESIAN_POINT('Origin',(0.7,0.262924846823996,0.112366534769252));
#2588=CARTESIAN_POINT('Origin',(0.67,0.262924846823996,0.112366534769252));
#2589=CARTESIAN_POINT('',(0.657633465230748,-0.0670751531760043,0.112366534769252));
#2590=CARTESIAN_POINT('Origin',(0.67,-0.0670751531760043,0.112366534769252));
#2591=CARTESIAN_POINT('',(0.657633465230748,0.262924846823996,0.112366534769252));
#2592=CARTESIAN_POINT('',(0.657633465230748,0.262924846823996,0.112366534769252));
#2593=CARTESIAN_POINT('Origin',(0.67,0.262924846823996,0.112366534769252));
#2594=CARTESIAN_POINT('Origin',(0.67,-0.0670751531760043,0.112366534769252));
#2595=CARTESIAN_POINT('Origin',(0.67,0.262924846823996,0.112366534769252));
#2596=CARTESIAN_POINT('Origin',(0.64,0.262924846823996,0.112366534769252));
#2597=CARTESIAN_POINT('',(0.627633465230748,-0.0670751531760043,0.112366534769252));
#2598=CARTESIAN_POINT('Origin',(0.64,-0.0670751531760043,0.112366534769252));
#2599=CARTESIAN_POINT('',(0.627633465230748,0.262924846823996,0.112366534769252));
#2600=CARTESIAN_POINT('',(0.627633465230748,0.262924846823996,0.112366534769252));
#2601=CARTESIAN_POINT('Origin',(0.64,0.262924846823996,0.112366534769252));
#2602=CARTESIAN_POINT('Origin',(0.64,-0.0670751531760043,0.112366534769252));
#2603=CARTESIAN_POINT('Origin',(0.64,0.262924846823996,0.112366534769252));
#2604=UNCERTAINTY_MEASURE_WITH_UNIT(LENGTH_MEASURE(0.000393700787401575),
#2609,'DISTANCE_ACCURACY_VALUE',
'Maximum model space distance between geometric entities at asserted c
onnectivities');
#2605=UNCERTAINTY_MEASURE_WITH_UNIT(LENGTH_MEASURE(0.000393700787401575),
#2609,'DISTANCE_ACCURACY_VALUE',
'Maximum model space distance between geometric entities at asserted c
onnectivities');
#2606=(
GEOMETRIC_REPRESENTATION_CONTEXT(3)
GLOBAL_UNCERTAINTY_ASSIGNED_CONTEXT((#2604))
GLOBAL_UNIT_ASSIGNED_CONTEXT((#2609,#2613,#2614))
REPRESENTATION_CONTEXT('','3D')
);
#2607=(
GEOMETRIC_REPRESENTATION_CONTEXT(3)
GLOBAL_UNCERTAINTY_ASSIGNED_CONTEXT((#2605))
GLOBAL_UNIT_ASSIGNED_CONTEXT((#2609,#2613,#2614))
REPRESENTATION_CONTEXT('','3D')
);
#2608=DIMENSIONAL_EXPONENTS(1.,0.,0.,0.,0.,0.,0.);
#2609=(
CONVERSION_BASED_UNIT('inch',#2612)
LENGTH_UNIT()
NAMED_UNIT(#2608)
);
#2610=(
LENGTH_UNIT()
NAMED_UNIT(*)
SI_UNIT(.MILLI.,.METRE.)
);
#2611=(
LENGTH_UNIT()
NAMED_UNIT(*)
SI_UNIT($,.METRE.)
);
#2612=LENGTH_MEASURE_WITH_UNIT(LENGTH_MEASURE(25.4),#2610);
#2613=(
NAMED_UNIT(*)
PLANE_ANGLE_UNIT()
SI_UNIT($,.RADIAN.)
);
#2614=(
NAMED_UNIT(*)
SI_UNIT($,.STERADIAN.)
SOLID_ANGLE_UNIT()
);
#2615=SHAPE_DEFINITION_REPRESENTATION(#2616,#2617);
#2616=PRODUCT_DEFINITION_SHAPE('',$,#2619);
#2617=SHAPE_REPRESENTATION('',(#1529),#2606);
#2618=PRODUCT_DEFINITION_CONTEXT('part definition',#2623,'design');
#2619=PRODUCT_DEFINITION('Force Sensor','Force Sensor v3',#2620,#2618);
#2620=PRODUCT_DEFINITION_FORMATION('',$,#2625);
#2621=PRODUCT_RELATED_PRODUCT_CATEGORY('Force Sensor v3',
'Force Sensor v3',(#2625));
#2622=APPLICATION_PROTOCOL_DEFINITION('international standard',
'automotive_design',2009,#2623);
#2623=APPLICATION_CONTEXT(
'Core Data for Automotive Mechanical Design Process');
#2624=PRODUCT_CONTEXT('part definition',#2623,'mechanical');
#2625=PRODUCT('Force Sensor','Force Sensor v3',$,(#2624));
#2626=PRESENTATION_STYLE_ASSIGNMENT((#2627));
#2627=SURFACE_STYLE_USAGE(.BOTH.,#2628);
#2628=SURFACE_SIDE_STYLE('',(#2629));
#2629=SURFACE_STYLE_FILL_AREA(#2630);
#2630=FILL_AREA_STYLE('Aluminum - Satin',(#2631));
#2631=FILL_AREA_STYLE_COLOUR('Aluminum - Satin',#2632);
#2632=COLOUR_RGB('Aluminum - Satin',0.96078431372549,0.96078431372549,0.964705882352941);
ENDSEC;
END-ISO-10303-21;
