solid ASCII
  facet normal -9.921147e-01 1.253332e-01 -4.336490e-17
    outer loop
      vertex   1.537626e+00 5.040520e+01 0.000000e+00
      vertex   1.537626e+00 5.040520e+01 5.080000e+00
      vertex   1.587500e+00 5.080000e+01 0.000000e+00
    endloop
  endfacet
  facet normal -9.921147e-01 1.253332e-01 0.000000e+00
    outer loop
      vertex   1.587500e+00 5.080000e+01 0.000000e+00
      vertex   1.537626e+00 5.040520e+01 5.080000e+00
      vertex   1.587500e+00 5.080000e+01 5.080000e+00
    endloop
  endfacet
  facet normal -9.921147e-01 -1.253332e-01 0.000000e+00
    outer loop
      vertex   1.587500e+00 5.080000e+01 0.000000e+00
      vertex   1.587500e+00 5.080000e+01 5.080000e+00
      vertex   1.537626e+00 5.119480e+01 0.000000e+00
    endloop
  endfacet
  facet normal -9.921147e-01 -1.253332e-01 4.336490e-17
    outer loop
      vertex   1.537626e+00 5.119480e+01 0.000000e+00
      vertex   1.587500e+00 5.080000e+01 5.080000e+00
      vertex   1.537626e+00 5.119480e+01 5.080000e+00
    endloop
  endfacet
  facet normal -9.297765e-01 -3.681246e-01 4.064013e-17
    outer loop
      vertex   1.537626e+00 5.119480e+01 0.000000e+00
      vertex   1.537626e+00 5.119480e+01 5.080000e+00
      vertex   1.391137e+00 5.156478e+01 5.080000e+00
    endloop
  endfacet
  facet normal -9.297765e-01 3.681246e-01 -4.064013e-17
    outer loop
      vertex   1.537626e+00 5.040520e+01 0.000000e+00
      vertex   1.391137e+00 5.003522e+01 0.000000e+00
      vertex   1.537626e+00 5.040520e+01 5.080000e+00
    endloop
  endfacet
  facet normal -9.297765e-01 3.681246e-01 0.000000e+00
    outer loop
      vertex   1.537626e+00 5.040520e+01 5.080000e+00
      vertex   1.391137e+00 5.003522e+01 0.000000e+00
      vertex   1.391137e+00 5.003522e+01 5.080000e+00
    endloop
  endfacet
  facet normal -8.090170e-01 5.877853e-01 0.000000e+00
    outer loop
      vertex   1.391137e+00 5.003522e+01 5.080000e+00
      vertex   1.391137e+00 5.003522e+01 0.000000e+00
      vertex   1.157238e+00 4.971328e+01 0.000000e+00
    endloop
  endfacet
  facet normal -8.090170e-01 5.877853e-01 6.796444e-16
    outer loop
      vertex   1.391137e+00 5.003522e+01 5.080000e+00
      vertex   1.157238e+00 4.971328e+01 0.000000e+00
      vertex   1.157238e+00 4.971328e+01 5.080000e+00
    endloop
  endfacet
  facet normal -6.374240e-01 7.705132e-01 9.662755e-16
    outer loop
      vertex   1.157238e+00 4.971328e+01 5.080000e+00
      vertex   1.157238e+00 4.971328e+01 0.000000e+00
      vertex   8.506250e-01 4.945963e+01 0.000000e+00
    endloop
  endfacet
  facet normal -6.374240e-01 7.705132e-01 -9.611133e-17
    outer loop
      vertex   1.157238e+00 4.971328e+01 5.080000e+00
      vertex   8.506250e-01 4.945963e+01 0.000000e+00
      vertex   8.506250e-01 4.945963e+01 5.080000e+00
    endloop
  endfacet
  facet normal -4.257793e-01 9.048271e-01 -6.513720e-17
    outer loop
      vertex   8.506250e-01 4.945963e+01 5.080000e+00
      vertex   8.506250e-01 4.945963e+01 0.000000e+00
      vertex   4.905645e-01 4.929020e+01 0.000000e+00
    endloop
  endfacet
  facet normal -4.257793e-01 9.048271e-01 0.000000e+00
    outer loop
      vertex   8.506250e-01 4.945963e+01 5.080000e+00
      vertex   4.905645e-01 4.929020e+01 0.000000e+00
      vertex   4.905645e-01 4.929020e+01 5.080000e+00
    endloop
  endfacet
  facet normal -1.873813e-01 9.822873e-01 0.000000e+00
    outer loop
      vertex   4.905645e-01 4.929020e+01 5.080000e+00
      vertex   4.905645e-01 4.929020e+01 0.000000e+00
      vertex   9.967995e-02 4.921563e+01 0.000000e+00
    endloop
  endfacet
  facet normal -1.873813e-01 9.822873e-01 -3.775802e-17
    outer loop
      vertex   4.905645e-01 4.929020e+01 5.080000e+00
      vertex   9.967995e-02 4.921563e+01 0.000000e+00
      vertex   9.967995e-02 4.921563e+01 5.080000e+00
    endloop
  endfacet
  facet normal 6.279052e-02 9.980267e-01 1.269353e-17
    outer loop
      vertex   9.967995e-02 4.921563e+01 5.080000e+00
      vertex   9.967995e-02 4.921563e+01 0.000000e+00
      vertex   -2.974678e-01 4.924062e+01 0.000000e+00
    endloop
  endfacet
  facet normal 6.279052e-02 9.980267e-01 8.581369e-18
    outer loop
      vertex   9.967995e-02 4.921563e+01 5.080000e+00
      vertex   -2.974678e-01 4.924062e+01 0.000000e+00
      vertex   -2.974678e-01 4.924062e+01 5.080000e+00
    endloop
  endfacet
  facet normal 3.090170e-01 9.510565e-01 4.052100e-17
    outer loop
      vertex   -2.974678e-01 4.924062e+01 5.080000e+00
      vertex   -2.974678e-01 4.924062e+01 0.000000e+00
      vertex   -6.759246e-01 4.936359e+01 0.000000e+00
    endloop
  endfacet
  facet normal 3.090170e-01 9.510565e-01 7.894859e-17
    outer loop
      vertex   -2.974678e-01 4.924062e+01 5.080000e+00
      vertex   -6.759246e-01 4.936359e+01 0.000000e+00
      vertex   -6.759246e-01 4.936359e+01 5.080000e+00
    endloop
  endfacet
  facet normal 5.358268e-01 8.443279e-01 1.405245e-16
    outer loop
      vertex   -6.759246e-01 4.936359e+01 5.080000e+00
      vertex   -6.759246e-01 4.936359e+01 0.000000e+00
      vertex   -1.011911e+00 4.957681e+01 0.000000e+00
    endloop
  endfacet
  facet normal 5.358268e-01 8.443279e-01 4.805567e-17
    outer loop
      vertex   -6.759246e-01 4.936359e+01 5.080000e+00
      vertex   -1.011911e+00 4.957681e+01 0.000000e+00
      vertex   -1.011911e+00 4.957681e+01 5.080000e+00
    endloop
  endfacet
  facet normal 7.289686e-01 6.845471e-01 6.372581e-17
    outer loop
      vertex   -1.011911e+00 4.957681e+01 5.080000e+00
      vertex   -1.011911e+00 4.957681e+01 0.000000e+00
      vertex   -1.284314e+00 4.986689e+01 0.000000e+00
    endloop
  endfacet
  facet normal 7.289686e-01 6.845471e-01 6.178586e-17
    outer loop
      vertex   -1.011911e+00 4.957681e+01 5.080000e+00
      vertex   -1.284314e+00 4.986689e+01 0.000000e+00
      vertex   -1.284314e+00 4.986689e+01 5.080000e+00
    endloop
  endfacet
  facet normal 8.763067e-01 4.817537e-01 7.660597e-17
    outer loop
      vertex   -1.284314e+00 4.986689e+01 5.080000e+00
      vertex   -1.284314e+00 4.986689e+01 0.000000e+00
      vertex   -1.476020e+00 5.021560e+01 0.000000e+00
    endloop
  endfacet
  facet normal 8.763067e-01 4.817537e-01 1.167066e-16
    outer loop
      vertex   -1.284314e+00 4.986689e+01 5.080000e+00
      vertex   -1.476020e+00 5.021560e+01 0.000000e+00
      vertex   -1.476020e+00 5.021560e+01 5.080000e+00
    endloop
  endfacet
  facet normal 9.685832e-01 2.486899e-01 1.270091e-16
    outer loop
      vertex   -1.476020e+00 5.021560e+01 5.080000e+00
      vertex   -1.476020e+00 5.021560e+01 0.000000e+00
      vertex   -1.574982e+00 5.060103e+01 0.000000e+00
    endloop
  endfacet
  facet normal 9.685832e-01 2.486899e-01 0.000000e+00
    outer loop
      vertex   -1.476020e+00 5.021560e+01 5.080000e+00
      vertex   -1.574982e+00 5.060103e+01 0.000000e+00
      vertex   -1.574982e+00 5.060103e+01 5.080000e+00
    endloop
  endfacet
  facet normal 1.000000e+00 0.000000e+00 0.000000e+00
    outer loop
      vertex   -1.574982e+00 5.060103e+01 5.080000e+00
      vertex   -1.574982e+00 5.060103e+01 0.000000e+00
      vertex   -1.574982e+00 5.099897e+01 0.000000e+00
    endloop
  endfacet
  facet normal 1.000000e+00 -0.000000e+00 0.000000e+00
    outer loop
      vertex   -1.574982e+00 5.060103e+01 5.080000e+00
      vertex   -1.574982e+00 5.099897e+01 0.000000e+00
      vertex   -1.574982e+00 5.099897e+01 5.080000e+00
    endloop
  endfacet
  facet normal 9.685832e-01 -2.486899e-01 0.000000e+00
    outer loop
      vertex   -1.574982e+00 5.099897e+01 5.080000e+00
      vertex   -1.574982e+00 5.099897e+01 0.000000e+00
      vertex   -1.476020e+00 5.138440e+01 0.000000e+00
    endloop
  endfacet
  facet normal 9.685832e-01 -2.486899e-01 -1.270043e-16
    outer loop
      vertex   -1.574982e+00 5.099897e+01 5.080000e+00
      vertex   -1.476020e+00 5.138440e+01 0.000000e+00
      vertex   -1.476020e+00 5.138440e+01 5.080000e+00
    endloop
  endfacet
  facet normal 8.763067e-01 -4.817537e-01 -1.149090e-16
    outer loop
      vertex   -1.476020e+00 5.138440e+01 5.080000e+00
      vertex   -1.476020e+00 5.138440e+01 0.000000e+00
      vertex   -1.284314e+00 5.173311e+01 0.000000e+00
    endloop
  endfacet
  facet normal 8.763067e-01 -4.817537e-01 -7.551605e-17
    outer loop
      vertex   -1.476020e+00 5.138440e+01 5.080000e+00
      vertex   -1.284314e+00 5.173311e+01 0.000000e+00
      vertex   -1.284314e+00 5.173311e+01 5.080000e+00
    endloop
  endfacet
  facet normal 7.289686e-01 -6.845471e-01 -6.372581e-17
    outer loop
      vertex   -1.284314e+00 5.173311e+01 5.080000e+00
      vertex   -1.284314e+00 5.173311e+01 0.000000e+00
      vertex   -1.011911e+00 5.202319e+01 0.000000e+00
    endloop
  endfacet
  facet normal 7.289686e-01 -6.845471e-01 -6.178586e-17
    outer loop
      vertex   -1.284314e+00 5.173311e+01 5.080000e+00
      vertex   -1.011911e+00 5.202319e+01 0.000000e+00
      vertex   -1.011911e+00 5.202319e+01 5.080000e+00
    endloop
  endfacet
  facet normal 5.358268e-01 -8.443279e-01 -4.684152e-17
    outer loop
      vertex   -1.011911e+00 5.202319e+01 5.080000e+00
      vertex   -1.011911e+00 5.202319e+01 0.000000e+00
      vertex   -6.759246e-01 5.223641e+01 0.000000e+00
    endloop
  endfacet
  facet normal 5.358268e-01 -8.443279e-01 -1.373019e-16
    outer loop
      vertex   -1.011911e+00 5.202319e+01 5.080000e+00
      vertex   -6.759246e-01 5.223641e+01 0.000000e+00
      vertex   -6.759246e-01 5.223641e+01 5.080000e+00
    endloop
  endfacet
  facet normal 3.090170e-01 -9.510565e-01 -8.104200e-17
    outer loop
      vertex   -6.759246e-01 5.223641e+01 5.080000e+00
      vertex   -6.759246e-01 5.223641e+01 0.000000e+00
      vertex   -2.974678e-01 5.235938e+01 0.000000e+00
    endloop
  endfacet
  facet normal 3.090170e-01 -9.510565e-01 -4.119057e-17
    outer loop
      vertex   -6.759246e-01 5.223641e+01 5.080000e+00
      vertex   -2.974678e-01 5.235938e+01 0.000000e+00
      vertex   -2.974678e-01 5.235938e+01 5.080000e+00
    endloop
  endfacet
  facet normal 6.279052e-02 -9.980267e-01 -8.233639e-18
    outer loop
      vertex   -2.974678e-01 5.235938e+01 5.080000e+00
      vertex   -2.974678e-01 5.235938e+01 0.000000e+00
      vertex   9.967995e-02 5.238437e+01 0.000000e+00
    endloop
  endfacet
  facet normal 6.279052e-02 -9.980267e-01 -1.287205e-17
    outer loop
      vertex   -2.974678e-01 5.235938e+01 5.080000e+00
      vertex   9.967995e-02 5.238437e+01 0.000000e+00
      vertex   9.967995e-02 5.238437e+01 5.080000e+00
    endloop
  endfacet
  facet normal -1.873813e-01 -9.822873e-01 3.788040e-17
    outer loop
      vertex   9.967995e-02 5.238437e+01 5.080000e+00
      vertex   9.967995e-02 5.238437e+01 0.000000e+00
      vertex   4.905645e-01 5.230980e+01 0.000000e+00
    endloop
  endfacet
  facet normal -1.873813e-01 -9.822873e-01 0.000000e+00
    outer loop
      vertex   9.967995e-02 5.238437e+01 5.080000e+00
      vertex   4.905645e-01 5.230980e+01 0.000000e+00
      vertex   4.905645e-01 5.230980e+01 5.080000e+00
    endloop
  endfacet
  facet normal -4.257793e-01 -9.048271e-01 -0.000000e+00
    outer loop
      vertex   4.905645e-01 5.230980e+01 5.080000e+00
      vertex   4.905645e-01 5.230980e+01 0.000000e+00
      vertex   8.506250e-01 5.214037e+01 0.000000e+00
    endloop
  endfacet
  facet normal -4.257793e-01 -9.048271e-01 6.521840e-17
    outer loop
      vertex   4.905645e-01 5.230980e+01 5.080000e+00
      vertex   8.506250e-01 5.214037e+01 0.000000e+00
      vertex   8.506250e-01 5.214037e+01 5.080000e+00
    endloop
  endfacet
  facet normal -6.374240e-01 -7.705132e-01 9.751535e-17
    outer loop
      vertex   8.506250e-01 5.214037e+01 5.080000e+00
      vertex   8.506250e-01 5.214037e+01 0.000000e+00
      vertex   1.157238e+00 5.188672e+01 0.000000e+00
    endloop
  endfacet
  facet normal -6.374240e-01 -7.705132e-01 -9.679784e-16
    outer loop
      vertex   8.506250e-01 5.214037e+01 5.080000e+00
      vertex   1.157238e+00 5.188672e+01 0.000000e+00
      vertex   1.157238e+00 5.188672e+01 5.080000e+00
    endloop
  endfacet
  facet normal -8.090170e-01 -5.877853e-01 -6.806917e-16
    outer loop
      vertex   1.157238e+00 5.188672e+01 5.080000e+00
      vertex   1.157238e+00 5.188672e+01 0.000000e+00
      vertex   1.391137e+00 5.156478e+01 0.000000e+00
    endloop
  endfacet
  facet normal -8.090170e-01 -5.877853e-01 0.000000e+00
    outer loop
      vertex   1.157238e+00 5.188672e+01 5.080000e+00
      vertex   1.391137e+00 5.156478e+01 0.000000e+00
      vertex   1.391137e+00 5.156478e+01 5.080000e+00
    endloop
  endfacet
  facet normal -9.297765e-01 -3.681246e-01 -0.000000e+00
    outer loop
      vertex   1.391137e+00 5.156478e+01 5.080000e+00
      vertex   1.391137e+00 5.156478e+01 0.000000e+00
      vertex   1.537626e+00 5.119480e+01 0.000000e+00
    endloop
  endfacet
  facet normal -9.921147e-01 1.253332e-01 0.000000e+00
    outer loop
      vertex   1.537626e+00 3.770520e+01 0.000000e+00
      vertex   1.537626e+00 3.770520e+01 5.080000e+00
      vertex   1.587500e+00 3.810000e+01 0.000000e+00
    endloop
  endfacet
  facet normal -9.921147e-01 1.253332e-01 0.000000e+00
    outer loop
      vertex   1.587500e+00 3.810000e+01 0.000000e+00
      vertex   1.537626e+00 3.770520e+01 5.080000e+00
      vertex   1.587500e+00 3.810000e+01 5.080000e+00
    endloop
  endfacet
  facet normal -9.921147e-01 -1.253332e-01 0.000000e+00
    outer loop
      vertex   1.587500e+00 3.810000e+01 0.000000e+00
      vertex   1.587500e+00 3.810000e+01 5.080000e+00
      vertex   1.537626e+00 3.849480e+01 0.000000e+00
    endloop
  endfacet
  facet normal -9.921147e-01 -1.253332e-01 0.000000e+00
    outer loop
      vertex   1.537626e+00 3.849480e+01 0.000000e+00
      vertex   1.587500e+00 3.810000e+01 5.080000e+00
      vertex   1.537626e+00 3.849480e+01 5.080000e+00
    endloop
  endfacet
  facet normal -9.297765e-01 -3.681246e-01 0.000000e+00
    outer loop
      vertex   1.537626e+00 3.849480e+01 0.000000e+00
      vertex   1.537626e+00 3.849480e+01 5.080000e+00
      vertex   1.391137e+00 3.886478e+01 5.080000e+00
    endloop
  endfacet
  facet normal -9.297765e-01 3.681246e-01 0.000000e+00
    outer loop
      vertex   1.537626e+00 3.770520e+01 0.000000e+00
      vertex   1.391137e+00 3.733522e+01 0.000000e+00
      vertex   1.537626e+00 3.770520e+01 5.080000e+00
    endloop
  endfacet
  facet normal -9.297765e-01 3.681246e-01 0.000000e+00
    outer loop
      vertex   1.537626e+00 3.770520e+01 5.080000e+00
      vertex   1.391137e+00 3.733522e+01 0.000000e+00
      vertex   1.391137e+00 3.733522e+01 5.080000e+00
    endloop
  endfacet
  facet normal -8.090170e-01 5.877853e-01 0.000000e+00
    outer loop
      vertex   1.391137e+00 3.733522e+01 5.080000e+00
      vertex   1.391137e+00 3.733522e+01 0.000000e+00
      vertex   1.157238e+00 3.701328e+01 0.000000e+00
    endloop
  endfacet
  facet normal -8.090170e-01 5.877853e-01 -1.784925e-16
    outer loop
      vertex   1.391137e+00 3.733522e+01 5.080000e+00
      vertex   1.157238e+00 3.701328e+01 0.000000e+00
      vertex   1.157238e+00 3.701328e+01 5.080000e+00
    endloop
  endfacet
  facet normal -6.374240e-01 7.705132e-01 -1.393076e-16
    outer loop
      vertex   1.157238e+00 3.701328e+01 5.080000e+00
      vertex   1.157238e+00 3.701328e+01 0.000000e+00
      vertex   8.506250e-01 3.675963e+01 0.000000e+00
    endloop
  endfacet
  facet normal -6.374240e-01 7.705132e-01 -8.238114e-17
    outer loop
      vertex   1.157238e+00 3.701328e+01 5.080000e+00
      vertex   8.506250e-01 3.675963e+01 0.000000e+00
      vertex   8.506250e-01 3.675963e+01 5.080000e+00
    endloop
  endfacet
  facet normal -4.257793e-01 9.048271e-01 -5.583189e-17
    outer loop
      vertex   8.506250e-01 3.675963e+01 5.080000e+00
      vertex   8.506250e-01 3.675963e+01 0.000000e+00
      vertex   4.905645e-01 3.659020e+01 0.000000e+00
    endloop
  endfacet
  facet normal -4.257793e-01 9.048271e-01 0.000000e+00
    outer loop
      vertex   8.506250e-01 3.675963e+01 5.080000e+00
      vertex   4.905645e-01 3.659020e+01 0.000000e+00
      vertex   4.905645e-01 3.659020e+01 5.080000e+00
    endloop
  endfacet
  facet normal -1.873813e-01 9.822873e-01 0.000000e+00
    outer loop
      vertex   4.905645e-01 3.659020e+01 5.080000e+00
      vertex   4.905645e-01 3.659020e+01 0.000000e+00
      vertex   9.967995e-02 3.651563e+01 0.000000e+00
    endloop
  endfacet
  facet normal -1.873813e-01 9.822873e-01 -3.947430e-17
    outer loop
      vertex   4.905645e-01 3.659020e+01 5.080000e+00
      vertex   9.967995e-02 3.651563e+01 0.000000e+00
      vertex   9.967995e-02 3.651563e+01 5.080000e+00
    endloop
  endfacet
  facet normal 6.279052e-02 9.980267e-01 1.286506e-17
    outer loop
      vertex   9.967995e-02 3.651563e+01 5.080000e+00
      vertex   9.967995e-02 3.651563e+01 0.000000e+00
      vertex   -2.974678e-01 3.654062e+01 0.000000e+00
    endloop
  endfacet
  facet normal 6.279052e-02 9.980267e-01 8.581369e-18
    outer loop
      vertex   9.967995e-02 3.651563e+01 5.080000e+00
      vertex   -2.974678e-01 3.654062e+01 0.000000e+00
      vertex   -2.974678e-01 3.654062e+01 5.080000e+00
    endloop
  endfacet
  facet normal 3.090170e-01 9.510565e-01 4.052100e-17
    outer loop
      vertex   -2.974678e-01 3.654062e+01 5.080000e+00
      vertex   -2.974678e-01 3.654062e+01 0.000000e+00
      vertex   -6.759246e-01 3.666359e+01 0.000000e+00
    endloop
  endfacet
  facet normal 3.090170e-01 9.510565e-01 -1.256312e-15
    outer loop
      vertex   -2.974678e-01 3.654062e+01 5.080000e+00
      vertex   -6.759246e-01 3.666359e+01 0.000000e+00
      vertex   -6.759246e-01 3.666359e+01 5.080000e+00
    endloop
  endfacet
  facet normal 5.358268e-01 8.443279e-01 -1.052153e-15
    outer loop
      vertex   -6.759246e-01 3.666359e+01 5.080000e+00
      vertex   -6.759246e-01 3.666359e+01 0.000000e+00
      vertex   -1.011911e+00 3.687681e+01 0.000000e+00
    endloop
  endfacet
  facet normal 5.358268e-01 8.443279e-01 7.551605e-17
    outer loop
      vertex   -6.759246e-01 3.666359e+01 5.080000e+00
      vertex   -1.011911e+00 3.687681e+01 0.000000e+00
      vertex   -1.011911e+00 3.687681e+01 5.080000e+00
    endloop
  endfacet
  facet normal 7.289686e-01 6.845471e-01 9.558871e-17
    outer loop
      vertex   -1.011911e+00 3.687681e+01 5.080000e+00
      vertex   -1.011911e+00 3.687681e+01 0.000000e+00
      vertex   -1.284314e+00 3.716689e+01 0.000000e+00
    endloop
  endfacet
  facet normal 7.289686e-01 6.845471e-01 3.432548e-17
    outer loop
      vertex   -1.011911e+00 3.687681e+01 5.080000e+00
      vertex   -1.284314e+00 3.716689e+01 0.000000e+00
      vertex   -1.284314e+00 3.716689e+01 5.080000e+00
    endloop
  endfacet
  facet normal 8.763067e-01 4.817537e-01 3.830299e-17
    outer loop
      vertex   -1.284314e+00 3.716689e+01 5.080000e+00
      vertex   -1.284314e+00 3.716689e+01 0.000000e+00
      vertex   -1.476020e+00 3.751560e+01 0.000000e+00
    endloop
  endfacet
  facet normal 8.763067e-01 4.817537e-01 7.551605e-17
    outer loop
      vertex   -1.284314e+00 3.716689e+01 5.080000e+00
      vertex   -1.476020e+00 3.751560e+01 0.000000e+00
      vertex   -1.476020e+00 3.751560e+01 5.080000e+00
    endloop
  endfacet
  facet normal 9.685832e-01 2.486899e-01 8.467270e-17
    outer loop
      vertex   -1.476020e+00 3.751560e+01 5.080000e+00
      vertex   -1.476020e+00 3.751560e+01 0.000000e+00
      vertex   -1.574982e+00 3.790103e+01 0.000000e+00
    endloop
  endfacet
  facet normal 9.685832e-01 2.486899e-01 0.000000e+00
    outer loop
      vertex   -1.476020e+00 3.751560e+01 5.080000e+00
      vertex   -1.574982e+00 3.790103e+01 0.000000e+00
      vertex   -1.574982e+00 3.790103e+01 5.080000e+00
    endloop
  endfacet
  facet normal 1.000000e+00 0.000000e+00 0.000000e+00
    outer loop
      vertex   -1.574982e+00 3.790103e+01 5.080000e+00
      vertex   -1.574982e+00 3.790103e+01 0.000000e+00
      vertex   -1.574982e+00 3.829897e+01 0.000000e+00
    endloop
  endfacet
  facet normal 1.000000e+00 -0.000000e+00 0.000000e+00
    outer loop
      vertex   -1.574982e+00 3.790103e+01 5.080000e+00
      vertex   -1.574982e+00 3.829897e+01 0.000000e+00
      vertex   -1.574982e+00 3.829897e+01 5.080000e+00
    endloop
  endfacet
  facet normal 9.685832e-01 -2.486899e-01 0.000000e+00
    outer loop
      vertex   -1.574982e+00 3.829897e+01 5.080000e+00
      vertex   -1.574982e+00 3.829897e+01 0.000000e+00
      vertex   -1.476020e+00 3.868440e+01 0.000000e+00
    endloop
  endfacet
  facet normal 9.685832e-01 -2.486899e-01 -8.581369e-17
    outer loop
      vertex   -1.574982e+00 3.829897e+01 5.080000e+00
      vertex   -1.476020e+00 3.868440e+01 0.000000e+00
      vertex   -1.476020e+00 3.868440e+01 5.080000e+00
    endloop
  endfacet
  facet normal 8.763067e-01 -4.817537e-01 -7.660597e-17
    outer loop
      vertex   -1.476020e+00 3.868440e+01 5.080000e+00
      vertex   -1.476020e+00 3.868440e+01 0.000000e+00
      vertex   -1.284314e+00 3.903311e+01 0.000000e+00
    endloop
  endfacet
  facet normal 8.763067e-01 -4.817537e-01 -3.432548e-17
    outer loop
      vertex   -1.476020e+00 3.868440e+01 5.080000e+00
      vertex   -1.284314e+00 3.903311e+01 0.000000e+00
      vertex   -1.284314e+00 3.903311e+01 5.080000e+00
    endloop
  endfacet
  facet normal 7.289686e-01 -6.845471e-01 -3.186290e-17
    outer loop
      vertex   -1.284314e+00 3.903311e+01 5.080000e+00
      vertex   -1.284314e+00 3.903311e+01 0.000000e+00
      vertex   -1.011911e+00 3.932319e+01 0.000000e+00
    endloop
  endfacet
  facet normal 7.289686e-01 -6.845471e-01 -9.611133e-17
    outer loop
      vertex   -1.284314e+00 3.903311e+01 5.080000e+00
      vertex   -1.011911e+00 3.932319e+01 0.000000e+00
      vertex   -1.011911e+00 3.932319e+01 5.080000e+00
    endloop
  endfacet
  facet normal 5.358268e-01 -8.443279e-01 -7.026227e-17
    outer loop
      vertex   -1.011911e+00 3.932319e+01 5.080000e+00
      vertex   -1.011911e+00 3.932319e+01 0.000000e+00
      vertex   -6.759246e-01 3.953641e+01 0.000000e+00
    endloop
  endfacet
  facet normal 5.358268e-01 -8.443279e-01 -1.304368e-16
    outer loop
      vertex   -1.011911e+00 3.932319e+01 5.080000e+00
      vertex   -6.759246e-01 3.953641e+01 0.000000e+00
      vertex   -6.759246e-01 3.953641e+01 5.080000e+00
    endloop
  endfacet
  facet normal 3.090170e-01 -9.510565e-01 -7.428850e-17
    outer loop
      vertex   -6.759246e-01 3.953641e+01 5.080000e+00
      vertex   -6.759246e-01 3.953641e+01 0.000000e+00
      vertex   -2.974678e-01 3.965938e+01 0.000000e+00
    endloop
  endfacet
  facet normal 3.090170e-01 -9.510565e-01 -4.119057e-17
    outer loop
      vertex   -6.759246e-01 3.953641e+01 5.080000e+00
      vertex   -2.974678e-01 3.965938e+01 0.000000e+00
      vertex   -2.974678e-01 3.965938e+01 5.080000e+00
    endloop
  endfacet
  facet normal 6.279052e-02 -9.980267e-01 -8.233639e-18
    outer loop
      vertex   -2.974678e-01 3.965938e+01 5.080000e+00
      vertex   -2.974678e-01 3.965938e+01 0.000000e+00
      vertex   9.967995e-02 3.968437e+01 0.000000e+00
    endloop
  endfacet
  facet normal 6.279052e-02 -9.980267e-01 -1.373019e-17
    outer loop
      vertex   -2.974678e-01 3.965938e+01 5.080000e+00
      vertex   9.967995e-02 3.968437e+01 0.000000e+00
      vertex   9.967995e-02 3.968437e+01 5.080000e+00
    endloop
  endfacet
  facet normal -1.873813e-01 -9.822873e-01 3.839230e-17
    outer loop
      vertex   9.967995e-02 3.968437e+01 5.080000e+00
      vertex   9.967995e-02 3.968437e+01 0.000000e+00
      vertex   4.905645e-01 3.960980e+01 0.000000e+00
    endloop
  endfacet
  facet normal -1.873813e-01 -9.822873e-01 0.000000e+00
    outer loop
      vertex   9.967995e-02 3.968437e+01 5.080000e+00
      vertex   4.905645e-01 3.960980e+01 0.000000e+00
      vertex   4.905645e-01 3.960980e+01 5.080000e+00
    endloop
  endfacet
  facet normal -4.257793e-01 -9.048271e-01 -0.000000e+00
    outer loop
      vertex   4.905645e-01 3.960980e+01 5.080000e+00
      vertex   4.905645e-01 3.960980e+01 0.000000e+00
      vertex   8.506250e-01 3.944037e+01 0.000000e+00
    endloop
  endfacet
  facet normal -4.257793e-01 -9.048271e-01 5.492076e-17
    outer loop
      vertex   4.905645e-01 3.960980e+01 5.080000e+00
      vertex   8.506250e-01 3.944037e+01 0.000000e+00
      vertex   8.506250e-01 3.944037e+01 5.080000e+00
    endloop
  endfacet
  facet normal -6.374240e-01 -7.705132e-01 8.358458e-17
    outer loop
      vertex   8.506250e-01 3.944037e+01 5.080000e+00
      vertex   8.506250e-01 3.944037e+01 0.000000e+00
      vertex   1.157238e+00 3.918672e+01 0.000000e+00
    endloop
  endfacet
  facet normal -6.374240e-01 -7.705132e-01 1.373019e-16
    outer loop
      vertex   8.506250e-01 3.944037e+01 5.080000e+00
      vertex   1.157238e+00 3.918672e+01 0.000000e+00
      vertex   1.157238e+00 3.918672e+01 5.080000e+00
    endloop
  endfacet
  facet normal -8.090170e-01 -5.877853e-01 1.768089e-16
    outer loop
      vertex   1.157238e+00 3.918672e+01 5.080000e+00
      vertex   1.157238e+00 3.918672e+01 0.000000e+00
      vertex   1.391137e+00 3.886478e+01 0.000000e+00
    endloop
  endfacet
  facet normal -8.090170e-01 -5.877853e-01 0.000000e+00
    outer loop
      vertex   1.157238e+00 3.918672e+01 5.080000e+00
      vertex   1.391137e+00 3.886478e+01 0.000000e+00
      vertex   1.391137e+00 3.886478e+01 5.080000e+00
    endloop
  endfacet
  facet normal -9.297765e-01 -3.681246e-01 -0.000000e+00
    outer loop
      vertex   1.391137e+00 3.886478e+01 5.080000e+00
      vertex   1.391137e+00 3.886478e+01 0.000000e+00
      vertex   1.537626e+00 3.849480e+01 0.000000e+00
    endloop
  endfacet
  facet normal 8.684443e-01 4.957867e-01 -0.000000e+00
    outer loop
      vertex   1.654386e+01 9.444736e+00 0.000000e+00
      vertex   3.810000e+00 3.175000e+01 0.000000e+00
      vertex   1.654386e+01 9.444736e+00 5.080000e+00
    endloop
  endfacet
  facet normal 8.684443e-01 4.957867e-01 0.000000e+00
    outer loop
      vertex   1.654386e+01 9.444736e+00 5.080000e+00
      vertex   3.810000e+00 3.175000e+01 0.000000e+00
      vertex   3.810000e+00 3.175000e+01 5.080000e+00
    endloop
  endfacet
  facet normal 1.000000e+00 1.748383e-17 -0.000000e+00
    outer loop
      vertex   3.810000e+00 3.175000e+01 0.000000e+00
      vertex   3.810000e+00 5.715000e+01 0.000000e+00
      vertex   3.810000e+00 3.175000e+01 5.080000e+00
    endloop
  endfacet
  facet normal 1.000000e+00 1.748383e-17 0.000000e+00
    outer loop
      vertex   3.810000e+00 3.175000e+01 5.080000e+00
      vertex   3.810000e+00 5.715000e+01 0.000000e+00
      vertex   3.810000e+00 5.715000e+01 5.080000e+00
    endloop
  endfacet
  facet normal 0.000000e+00 1.000000e+00 -0.000000e+00
    outer loop
      vertex   3.810000e+00 5.715000e+01 0.000000e+00
      vertex   -3.810000e+00 5.715000e+01 0.000000e+00
      vertex   3.810000e+00 5.715000e+01 5.080000e+00
    endloop
  endfacet
  facet normal 0.000000e+00 1.000000e+00 0.000000e+00
    outer loop
      vertex   3.810000e+00 5.715000e+01 5.080000e+00
      vertex   -3.810000e+00 5.715000e+01 0.000000e+00
      vertex   -3.810000e+00 5.715000e+01 5.080000e+00
    endloop
  endfacet
  facet normal -1.000000e+00 0.000000e+00 0.000000e+00
    outer loop
      vertex   -3.810000e+00 5.715000e+01 0.000000e+00
      vertex   -3.810000e+00 3.175000e+01 0.000000e+00
      vertex   -3.810000e+00 5.715000e+01 5.080000e+00
    endloop
  endfacet
  facet normal -1.000000e+00 -0.000000e+00 0.000000e+00
    outer loop
      vertex   -3.810000e+00 5.715000e+01 5.080000e+00
      vertex   -3.810000e+00 3.175000e+01 0.000000e+00
      vertex   -3.810000e+00 3.175000e+01 5.080000e+00
    endloop
  endfacet
  facet normal -8.684443e-01 4.957867e-01 0.000000e+00
    outer loop
      vertex   -3.810000e+00 3.175000e+01 0.000000e+00
      vertex   -1.654386e+01 9.444736e+00 0.000000e+00
      vertex   -3.810000e+00 3.175000e+01 5.080000e+00
    endloop
  endfacet
  facet normal -8.684443e-01 4.957867e-01 0.000000e+00
    outer loop
      vertex   -3.810000e+00 3.175000e+01 5.080000e+00
      vertex   -1.654386e+01 9.444736e+00 0.000000e+00
      vertex   -1.654386e+01 9.444736e+00 5.080000e+00
    endloop
  endfacet
  facet normal -1.321924e-01 -9.454586e-03 9.911790e-01
    outer loop
      vertex   5.091147e+00 7.319964e-01 2.540000e+00
      vertex   4.932774e+00 6.779942e-01 2.518363e+00
      vertex   5.143500e+00 6.298971e-16 2.540000e+00
    endloop
  endfacet
  facet normal -1.305210e-01 -8.927880e-03 9.914053e-01
    outer loop
      vertex   5.143500e+00 6.298971e-16 2.540000e+00
      vertex   4.932774e+00 6.779942e-01 2.518363e+00
      vertex   4.979150e+00 4.065133e-16 2.518363e+00
    endloop
  endfacet
  facet normal -1.305210e-01 8.927880e-03 9.914053e-01
    outer loop
      vertex   5.143500e+00 6.298971e-16 2.540000e+00
      vertex   4.979150e+00 4.065133e-16 2.518363e+00
      vertex   4.932774e+00 -6.779942e-01 2.518363e+00
    endloop
  endfacet
  facet normal -3.825524e-01 2.616730e-02 9.235632e-01
    outer loop
      vertex   4.932774e+00 -6.779942e-01 2.518363e+00
      vertex   4.979150e+00 4.065133e-16 2.518363e+00
      vertex   4.826000e+00 1.970048e-16 2.454926e+00
    endloop
  endfacet
  facet normal -3.825524e-01 2.616730e-02 9.235632e-01
    outer loop
      vertex   4.932774e+00 -6.779942e-01 2.518363e+00
      vertex   4.826000e+00 1.970048e-16 2.454926e+00
      vertex   4.781050e+00 -6.571402e-01 2.454926e+00
    endloop
  endfacet
  facet normal -6.082343e-01 4.160437e-02 7.926664e-01
    outer loop
      vertex   4.781050e+00 -6.571402e-01 2.454926e+00
      vertex   4.826000e+00 1.970048e-16 2.454926e+00
      vertex   4.694487e+00 6.654363e-31 2.354013e+00
    endloop
  endfacet
  facet normal -6.082343e-01 4.160437e-02 7.926664e-01
    outer loop
      vertex   4.781050e+00 -6.571402e-01 2.454926e+00
      vertex   4.694487e+00 6.654363e-31 2.354013e+00
      vertex   4.650762e+00 -6.392326e-01 2.354013e+00
    endloop
  endfacet
  facet normal -7.921877e-01 5.418713e-02 6.078670e-01
    outer loop
      vertex   4.650762e+00 -6.392326e-01 2.354013e+00
      vertex   4.694487e+00 6.654363e-31 2.354013e+00
      vertex   4.593574e+00 -1.875169e-16 2.222500e+00
    endloop
  endfacet
  facet normal -7.921877e-01 5.418713e-02 6.078670e-01
    outer loop
      vertex   4.650762e+00 -6.392326e-01 2.354013e+00
      vertex   4.593574e+00 -1.875169e-16 2.222500e+00
      vertex   4.550789e+00 -6.254916e-01 2.222500e+00
    endloop
  endfacet
  facet normal -9.220402e-01 6.306928e-02 3.819216e-01
    outer loop
      vertex   4.550789e+00 -6.254916e-01 2.222500e+00
      vertex   4.593574e+00 -1.875169e-16 2.222500e+00
      vertex   4.530137e+00 -3.698545e-16 2.069350e+00
    endloop
  endfacet
  facet normal -9.220402e-01 6.306928e-02 3.819216e-01
    outer loop
      vertex   4.550789e+00 -6.254916e-01 2.222500e+00
      vertex   4.530137e+00 -3.698545e-16 2.069350e+00
      vertex   4.487943e+00 -6.168536e-01 2.069350e+00
    endloop
  endfacet
  facet normal -9.891728e-01 6.766127e-02 1.302271e-01
    outer loop
      vertex   4.487943e+00 -6.168536e-01 2.069350e+00
      vertex   4.530137e+00 -3.698545e-16 2.069350e+00
      vertex   4.508500e+00 -5.521320e-16 1.905000e+00
    endloop
  endfacet
  facet normal -9.841411e-01 7.555696e-02 1.604913e-01
    outer loop
      vertex   4.487943e+00 -6.168536e-01 2.069350e+00
      vertex   4.508500e+00 -5.521320e-16 1.905000e+00
      vertex   4.455662e+00 -6.882193e-01 1.905000e+00
    endloop
  endfacet
  facet normal -1.265118e-01 -2.628945e-02 9.916167e-01
    outer loop
      vertex   4.932774e+00 6.779942e-01 2.518363e+00
      vertex   5.091147e+00 7.319964e-01 2.540000e+00
      vertex   4.794510e+00 1.343359e+00 2.518363e+00
    endloop
  endfacet
  facet normal -1.310270e-01 -2.850317e-02 9.909690e-01
    outer loop
      vertex   4.794510e+00 1.343359e+00 2.518363e+00
      vertex   5.091147e+00 7.319964e-01 2.540000e+00
      vertex   4.935152e+00 1.449091e+00 2.540000e+00
    endloop
  endfacet
  facet normal -1.204113e-01 -4.279418e-02 9.918013e-01
    outer loop
      vertex   4.794510e+00 1.343359e+00 2.518363e+00
      vertex   4.935152e+00 1.449091e+00 2.540000e+00
      vertex   4.566933e+00 1.983699e+00 2.518363e+00
    endloop
  endfacet
  facet normal -1.269832e-01 -4.736227e-02 9.907735e-01
    outer loop
      vertex   4.566933e+00 1.983699e+00 2.518363e+00
      vertex   4.935152e+00 1.449091e+00 2.540000e+00
      vertex   4.678692e+00 2.136687e+00 2.540000e+00
    endloop
  endfacet
  facet normal -1.123539e-01 -5.821710e-02 9.919614e-01
    outer loop
      vertex   4.566933e+00 1.983699e+00 2.518363e+00
      vertex   4.678692e+00 2.136687e+00 2.540000e+00
      vertex   4.254282e+00 2.587086e+00 2.518363e+00
    endloop
  endfacet
  facet normal -1.200941e-01 -6.557635e-02 9.905943e-01
    outer loop
      vertex   4.254282e+00 2.587086e+00 2.518363e+00
      vertex   4.678692e+00 2.136687e+00 2.540000e+00
      vertex   4.326988e+00 2.780786e+00 2.540000e+00
    endloop
  endfacet
  facet normal -1.024963e-01 -7.234976e-02 9.920988e-01
    outer loop
      vertex   4.254282e+00 2.587086e+00 2.518363e+00
      vertex   4.326988e+00 2.780786e+00 2.540000e+00
      vertex   3.862383e+00 3.142281e+00 2.518363e+00
    endloop
  endfacet
  facet normal -1.104686e-01 -8.269579e-02 9.904333e-01
    outer loop
      vertex   3.862383e+00 3.142281e+00 2.518363e+00
      vertex   4.326988e+00 2.780786e+00 2.540000e+00
      vertex   3.887198e+00 3.368276e+00 2.540000e+00
    endloop
  endfacet
  facet normal -9.101538e-02 -8.500243e-02 9.922151e-01
    outer loop
      vertex   3.862383e+00 3.142281e+00 2.518363e+00
      vertex   3.887198e+00 3.368276e+00 2.540000e+00
      vertex   3.398534e+00 3.638942e+00 2.518363e+00
    endloop
  endfacet
  facet normal -9.829016e-02 -9.829016e-02 9.902919e-01
    outer loop
      vertex   3.398534e+00 3.638942e+00 2.518363e+00
      vertex   3.887198e+00 3.368276e+00 2.540000e+00
      vertex   3.368276e+00 3.887198e+00 2.540000e+00
    endloop
  endfacet
  facet normal -7.810681e-02 -9.600617e-02 9.923115e-01
    outer loop
      vertex   3.398534e+00 3.638942e+00 2.518363e+00
      vertex   3.368276e+00 3.887198e+00 2.540000e+00
      vertex   2.871378e+00 4.067816e+00 2.518363e+00
    endloop
  endfacet
  facet normal -8.381315e-02 -1.119613e-01 9.901717e-01
    outer loop
      vertex   2.871378e+00 4.067816e+00 2.518363e+00
      vertex   3.368276e+00 3.887198e+00 2.540000e+00
      vertex   2.780786e+00 4.326988e+00 2.540000e+00
    endloop
  endfacet
  facet normal -6.398249e-02 -1.052147e-01 9.923891e-01
    outer loop
      vertex   2.871378e+00 4.067816e+00 2.518363e+00
      vertex   2.780786e+00 4.326988e+00 2.540000e+00
      vertex   2.290733e+00 4.420914e+00 2.518363e+00
    endloop
  endfacet
  facet normal -6.735723e-02 -1.233556e-01 9.900739e-01
    outer loop
      vertex   2.290733e+00 4.420914e+00 2.518363e+00
      vertex   2.780786e+00 4.326988e+00 2.540000e+00
      vertex   2.136687e+00 4.678692e+00 2.540000e+00
    endloop
  endfacet
  facet normal -4.886829e-02 -1.125061e-01 9.924486e-01
    outer loop
      vertex   2.290733e+00 4.420914e+00 2.518363e+00
      vertex   2.136687e+00 4.678692e+00 2.540000e+00
      vertex   1.667416e+00 4.691658e+00 2.518363e+00
    endloop
  endfacet
  facet normal -4.929885e-02 -1.321753e-01 9.899997e-01
    outer loop
      vertex   1.667416e+00 4.691658e+00 2.518363e+00
      vertex   2.136687e+00 4.678692e+00 2.540000e+00
      vertex   1.449091e+00 4.935152e+00 2.540000e+00
    endloop
  endfacet
  facet normal -3.300152e-02 -1.177840e-01 9.924907e-01
    outer loop
      vertex   1.667416e+00 4.691658e+00 2.518363e+00
      vertex   1.449091e+00 4.935152e+00 2.540000e+00
      vertex   1.013038e+00 4.875006e+00 2.518363e+00
    endloop
  endfacet
  facet normal -3.006102e-02 -1.381883e-01 9.899497e-01
    outer loop
      vertex   1.013038e+00 4.875006e+00 2.518363e+00
      vertex   1.449091e+00 4.935152e+00 2.540000e+00
      vertex   7.319964e-01 5.091147e+00 2.540000e+00
    endloop
  endfacet
  facet normal -1.662815e-02 -1.209788e-01 9.925158e-01
    outer loop
      vertex   1.013038e+00 4.875006e+00 2.518363e+00
      vertex   7.319964e-01 5.091147e+00 2.540000e+00
      vertex   3.397892e-01 4.967542e+00 2.518363e+00
    endloop
  endfacet
  facet normal -1.010135e-02 -1.412353e-01 9.899245e-01
    outer loop
      vertex   3.397892e-01 4.967542e+00 2.518363e+00
      vertex   7.319964e-01 5.091147e+00 2.540000e+00
      vertex   -3.149485e-16 5.143500e+00 2.540000e+00
    endloop
  endfacet
  facet normal 0.000000e+00 -1.220484e-01 9.925242e-01
    outer loop
      vertex   3.397892e-01 4.967542e+00 2.518363e+00
      vertex   -3.149485e-16 5.143500e+00 2.540000e+00
      vertex   -3.397892e-01 4.967542e+00 2.518363e+00
    endloop
  endfacet
  facet normal 1.010135e-02 -1.412353e-01 9.899245e-01
    outer loop
      vertex   -3.397892e-01 4.967542e+00 2.518363e+00
      vertex   -3.149485e-16 5.143500e+00 2.540000e+00
      vertex   -7.319964e-01 5.091147e+00 2.540000e+00
    endloop
  endfacet
  facet normal 1.662815e-02 -1.209788e-01 9.925158e-01
    outer loop
      vertex   -3.397892e-01 4.967542e+00 2.518363e+00
      vertex   -7.319964e-01 5.091147e+00 2.540000e+00
      vertex   -1.013038e+00 4.875006e+00 2.518363e+00
    endloop
  endfacet
  facet normal 3.006102e-02 -1.381883e-01 9.899497e-01
    outer loop
      vertex   -1.013038e+00 4.875006e+00 2.518363e+00
      vertex   -7.319964e-01 5.091147e+00 2.540000e+00
      vertex   -1.449091e+00 4.935152e+00 2.540000e+00
    endloop
  endfacet
  facet normal 3.300152e-02 -1.177840e-01 9.924907e-01
    outer loop
      vertex   -1.013038e+00 4.875006e+00 2.518363e+00
      vertex   -1.449091e+00 4.935152e+00 2.540000e+00
      vertex   -1.667416e+00 4.691658e+00 2.518363e+00
    endloop
  endfacet
  facet normal 4.929885e-02 -1.321753e-01 9.899997e-01
    outer loop
      vertex   -1.667416e+00 4.691658e+00 2.518363e+00
      vertex   -1.449091e+00 4.935152e+00 2.540000e+00
      vertex   -2.136687e+00 4.678692e+00 2.540000e+00
    endloop
  endfacet
  facet normal 4.886829e-02 -1.125061e-01 9.924486e-01
    outer loop
      vertex   -1.667416e+00 4.691658e+00 2.518363e+00
      vertex   -2.136687e+00 4.678692e+00 2.540000e+00
      vertex   -2.290733e+00 4.420914e+00 2.518363e+00
    endloop
  endfacet
  facet normal 6.735723e-02 -1.233556e-01 9.900739e-01
    outer loop
      vertex   -2.290733e+00 4.420914e+00 2.518363e+00
      vertex   -2.136687e+00 4.678692e+00 2.540000e+00
      vertex   -2.780786e+00 4.326988e+00 2.540000e+00
    endloop
  endfacet
  facet normal 6.398249e-02 -1.052147e-01 9.923891e-01
    outer loop
      vertex   -2.290733e+00 4.420914e+00 2.518363e+00
      vertex   -2.780786e+00 4.326988e+00 2.540000e+00
      vertex   -2.871378e+00 4.067816e+00 2.518363e+00
    endloop
  endfacet
  facet normal 8.381315e-02 -1.119613e-01 9.901717e-01
    outer loop
      vertex   -2.871378e+00 4.067816e+00 2.518363e+00
      vertex   -2.780786e+00 4.326988e+00 2.540000e+00
      vertex   -3.368276e+00 3.887198e+00 2.540000e+00
    endloop
  endfacet
  facet normal 7.810681e-02 -9.600617e-02 9.923115e-01
    outer loop
      vertex   -2.871378e+00 4.067816e+00 2.518363e+00
      vertex   -3.368276e+00 3.887198e+00 2.540000e+00
      vertex   -3.398534e+00 3.638942e+00 2.518363e+00
    endloop
  endfacet
  facet normal 9.829016e-02 -9.829016e-02 9.902919e-01
    outer loop
      vertex   -3.398534e+00 3.638942e+00 2.518363e+00
      vertex   -3.368276e+00 3.887198e+00 2.540000e+00
      vertex   -3.887198e+00 3.368276e+00 2.540000e+00
    endloop
  endfacet
  facet normal 9.101538e-02 -8.500243e-02 9.922151e-01
    outer loop
      vertex   -3.398534e+00 3.638942e+00 2.518363e+00
      vertex   -3.887198e+00 3.368276e+00 2.540000e+00
      vertex   -3.862383e+00 3.142281e+00 2.518363e+00
    endloop
  endfacet
  facet normal 1.104686e-01 -8.269579e-02 9.904333e-01
    outer loop
      vertex   -3.862383e+00 3.142281e+00 2.518363e+00
      vertex   -3.887198e+00 3.368276e+00 2.540000e+00
      vertex   -4.326988e+00 2.780786e+00 2.540000e+00
    endloop
  endfacet
  facet normal 1.024963e-01 -7.234976e-02 9.920988e-01
    outer loop
      vertex   -3.862383e+00 3.142281e+00 2.518363e+00
      vertex   -4.326988e+00 2.780786e+00 2.540000e+00
      vertex   -4.254282e+00 2.587086e+00 2.518363e+00
    endloop
  endfacet
  facet normal 1.200941e-01 -6.557635e-02 9.905943e-01
    outer loop
      vertex   -4.254282e+00 2.587086e+00 2.518363e+00
      vertex   -4.326988e+00 2.780786e+00 2.540000e+00
      vertex   -4.678692e+00 2.136687e+00 2.540000e+00
    endloop
  endfacet
  facet normal 1.123539e-01 -5.821710e-02 9.919614e-01
    outer loop
      vertex   -4.254282e+00 2.587086e+00 2.518363e+00
      vertex   -4.678692e+00 2.136687e+00 2.540000e+00
      vertex   -4.566933e+00 1.983699e+00 2.518363e+00
    endloop
  endfacet
  facet normal 1.269832e-01 -4.736227e-02 9.907735e-01
    outer loop
      vertex   -4.566933e+00 1.983699e+00 2.518363e+00
      vertex   -4.678692e+00 2.136687e+00 2.540000e+00
      vertex   -4.935152e+00 1.449091e+00 2.540000e+00
    endloop
  endfacet
  facet normal 1.204113e-01 -4.279418e-02 9.918013e-01
    outer loop
      vertex   -4.566933e+00 1.983699e+00 2.518363e+00
      vertex   -4.935152e+00 1.449091e+00 2.540000e+00
      vertex   -4.794510e+00 1.343359e+00 2.518363e+00
    endloop
  endfacet
  facet normal 1.310270e-01 -2.850317e-02 9.909690e-01
    outer loop
      vertex   -4.794510e+00 1.343359e+00 2.518363e+00
      vertex   -4.935152e+00 1.449091e+00 2.540000e+00
      vertex   -5.091147e+00 7.319964e-01 2.540000e+00
    endloop
  endfacet
  facet normal 1.265118e-01 -2.628945e-02 9.916167e-01
    outer loop
      vertex   -4.794510e+00 1.343359e+00 2.518363e+00
      vertex   -5.091147e+00 7.319964e-01 2.540000e+00
      vertex   -4.932774e+00 6.779942e-01 2.518363e+00
    endloop
  endfacet
  facet normal 1.321924e-01 -9.454586e-03 9.911790e-01
    outer loop
      vertex   -4.932774e+00 6.779942e-01 2.518363e+00
      vertex   -5.091147e+00 7.319964e-01 2.540000e+00
      vertex   -5.143500e+00 0.000000e+00 2.540000e+00
    endloop
  endfacet
  facet normal 1.305210e-01 -8.927880e-03 9.914053e-01
    outer loop
      vertex   -4.932774e+00 6.779942e-01 2.518363e+00
      vertex   -5.143500e+00 0.000000e+00 2.540000e+00
      vertex   -4.979150e+00 6.097700e-16 2.518363e+00
    endloop
  endfacet
  facet normal 1.305210e-01 8.927880e-03 9.914053e-01
    outer loop
      vertex   -4.979150e+00 6.097700e-16 2.518363e+00
      vertex   -5.143500e+00 0.000000e+00 2.540000e+00
      vertex   -4.932774e+00 -6.779942e-01 2.518363e+00
    endloop
  endfacet
  facet normal 3.825524e-01 2.616730e-02 9.235632e-01
    outer loop
      vertex   -4.979150e+00 6.097700e-16 2.518363e+00
      vertex   -4.932774e+00 -6.779942e-01 2.518363e+00
      vertex   -4.781050e+00 -6.571402e-01 2.454926e+00
    endloop
  endfacet
  facet normal 3.754262e-01 7.801445e-02 9.235632e-01
    outer loop
      vertex   -4.781050e+00 -6.571402e-01 2.454926e+00
      vertex   -4.932774e+00 -6.779942e-01 2.518363e+00
      vertex   -4.647039e+00 -1.302039e+00 2.454926e+00
    endloop
  endfacet
  facet normal 5.969041e-01 1.240381e-01 7.926664e-01
    outer loop
      vertex   -4.781050e+00 -6.571402e-01 2.454926e+00
      vertex   -4.647039e+00 -1.302039e+00 2.454926e+00
      vertex   -4.520403e+00 -1.266557e+00 2.354013e+00
    endloop
  endfacet
  facet normal 5.744546e-01 2.041612e-01 7.926664e-01
    outer loop
      vertex   -4.520403e+00 -1.266557e+00 2.354013e+00
      vertex   -4.647039e+00 -1.302039e+00 2.454926e+00
      vertex   -4.305837e+00 -1.870289e+00 2.354013e+00
    endloop
  endfacet
  facet normal 7.481918e-01 2.659074e-01 6.078670e-01
    outer loop
      vertex   -4.520403e+00 -1.266557e+00 2.354013e+00
      vertex   -4.305837e+00 -1.870289e+00 2.354013e+00
      vertex   -4.213278e+00 -1.830085e+00 2.222500e+00
    endloop
  endfacet
  facet normal 7.050153e-01 3.653095e-01 6.078670e-01
    outer loop
      vertex   -4.213278e+00 -1.830085e+00 2.222500e+00
      vertex   -4.305837e+00 -1.870289e+00 2.354013e+00
      vertex   -3.924839e+00 -2.386747e+00 2.222500e+00
    endloop
  endfacet
  facet normal 8.205788e-01 4.251897e-01 3.819216e-01
    outer loop
      vertex   -4.213278e+00 -1.830085e+00 2.222500e+00
      vertex   -3.924839e+00 -2.386747e+00 2.222500e+00
      vertex   -3.870637e+00 -2.353787e+00 2.069350e+00
    endloop
  endfacet
  facet normal 7.550393e-01 5.329649e-01 3.819216e-01
    outer loop
      vertex   -3.870637e+00 -2.353787e+00 2.069350e+00
      vertex   -3.924839e+00 -2.386747e+00 2.222500e+00
      vertex   -3.514078e+00 -2.858915e+00 2.069350e+00
    endloop
  endfacet
  facet normal 8.085803e-01 5.707583e-01 1.429433e-01
    outer loop
      vertex   -3.870637e+00 -2.353787e+00 2.069350e+00
      vertex   -3.514078e+00 -2.858915e+00 2.069350e+00
      vertex   -3.478259e+00 -2.868499e+00 1.905000e+00
    endloop
  endfacet
  facet normal 7.256747e-01 6.777328e-01 1.186360e-01
    outer loop
      vertex   -3.478259e+00 -2.868499e+00 1.905000e+00
      vertex   -3.514078e+00 -2.858915e+00 2.069350e+00
      vertex   -3.092059e+00 -3.310787e+00 2.069350e+00
    endloop
  endfacet
  facet normal 7.099761e-01 6.832835e-01 1.704630e-01
    outer loop
      vertex   -3.478259e+00 -2.868499e+00 1.905000e+00
      vertex   -3.092059e+00 -3.310787e+00 2.069350e+00
      vertex   -2.999621e+00 -3.365835e+00 1.905000e+00
    endloop
  endfacet
  facet normal 6.282513e-01 7.722246e-01 9.470674e-02
    outer loop
      vertex   -2.999621e+00 -3.365835e+00 1.905000e+00
      vertex   -3.092059e+00 -3.310787e+00 2.069350e+00
      vertex   -2.612441e+00 -3.700986e+00 2.069350e+00
    endloop
  endfacet
  facet normal 5.951700e-01 7.807895e-01 1.901065e-01
    outer loop
      vertex   -2.999621e+00 -3.365835e+00 1.905000e+00
      vertex   -2.612441e+00 -3.700986e+00 2.069350e+00
      vertex   -2.450674e+00 -3.784279e+00 1.905000e+00
    endloop
  endfacet
  facet normal 5.179947e-01 8.518061e-01 7.815290e-02
    outer loop
      vertex   -2.450674e+00 -3.784279e+00 1.905000e+00
      vertex   -2.612441e+00 -3.700986e+00 2.069350e+00
      vertex   -2.084158e+00 -4.022242e+00 2.069350e+00
    endloop
  endfacet
  facet normal 4.678361e-01 8.603364e-01 2.023626e-01
    outer loop
      vertex   -2.450674e+00 -3.784279e+00 1.905000e+00
      vertex   -2.084158e+00 -4.022242e+00 2.069350e+00
      vertex   -1.844286e+00 -4.114023e+00 1.905000e+00
    endloop
  endfacet
  facet normal 3.974490e-01 9.150193e-01 6.909389e-02
    outer loop
      vertex   -1.844286e+00 -4.114023e+00 1.905000e+00
      vertex   -2.084158e+00 -4.022242e+00 2.069350e+00
      vertex   -1.517051e+00 -4.268571e+00 2.069350e+00
    endloop
  endfacet
  facet normal 3.306684e-01 9.206796e-01 2.073826e-01
    outer loop
      vertex   -1.844286e+00 -4.114023e+00 1.905000e+00
      vertex   -1.517051e+00 -4.268571e+00 2.069350e+00
      vertex   -1.194669e+00 -4.347337e+00 1.905000e+00
    endloop
  endfacet
  facet normal 2.691799e-01 9.607158e-01 6.758223e-02
    outer loop
      vertex   -1.194669e+00 -4.347337e+00 1.905000e+00
      vertex   -1.517051e+00 -4.268571e+00 2.069350e+00
      vertex   -9.216836e-01 -4.435385e+00 2.069350e+00
    endloop
  endfacet
  facet normal 1.863383e-01 9.608108e-01 2.052331e-01
    outer loop
      vertex   -1.194669e+00 -4.347337e+00 1.905000e+00
      vertex   -9.216836e-01 -4.435385e+00 2.069350e+00
      vertex   -5.170502e-01 -4.478753e+00 1.905000e+00
    endloop
  endfacet
  facet normal 1.357971e-01 9.879972e-01 7.362580e-02
    outer loop
      vertex   -5.170502e-01 -4.478753e+00 1.905000e+00
      vertex   -9.216836e-01 -4.435385e+00 2.069350e+00
      vertex   -3.091475e-01 -4.519576e+00 2.069350e+00
    endloop
  endfacet
  facet normal 3.756069e-02 9.799072e-01 1.958853e-01
    outer loop
      vertex   -5.170502e-01 -4.478753e+00 1.905000e+00
      vertex   -3.091475e-01 -4.519576e+00 2.069350e+00
      vertex   1.726879e-01 -4.505192e+00 1.905000e+00
    endloop
  endfacet
  facet normal 0.000000e+00 9.961916e-01 8.719158e-02
    outer loop
      vertex   1.726879e-01 -4.505192e+00 1.905000e+00
      vertex   -3.091475e-01 -4.519576e+00 2.069350e+00
      vertex   3.091475e-01 -4.519576e+00 2.069350e+00
    endloop
  endfacet
  facet normal -1.128266e-01 9.773180e-01 1.792194e-01
    outer loop
      vertex   1.726879e-01 -4.505192e+00 1.905000e+00
      vertex   3.091475e-01 -4.519576e+00 2.069350e+00
      vertex   8.583783e-01 -4.426032e+00 1.905000e+00
    endloop
  endfacet
  facet normal -1.353674e-01 9.848708e-01 1.081907e-01
    outer loop
      vertex   8.583783e-01 -4.426032e+00 1.905000e+00
      vertex   3.091475e-01 -4.519576e+00 2.069350e+00
      vertex   9.216836e-01 -4.435385e+00 2.069350e+00
    endloop
  endfacet
  facet normal -2.617772e-01 9.525932e-01 1.550451e-01
    outer loop
      vertex   8.583783e-01 -4.426032e+00 1.905000e+00
      vertex   9.216836e-01 -4.435385e+00 2.069350e+00
      vertex   1.523949e+00 -4.243130e+00 1.905000e+00
    endloop
  endfacet
  facet normal -2.672735e-01 9.539116e-01 1.364460e-01
    outer loop
      vertex   1.523949e+00 -4.243130e+00 1.905000e+00
      vertex   9.216836e-01 -4.435385e+00 2.069350e+00
      vertex   1.517051e+00 -4.268571e+00 2.069350e+00
    endloop
  endfacet
  facet normal -3.953119e-01 9.100992e-01 1.242895e-01
    outer loop
      vertex   1.523949e+00 -4.243130e+00 1.905000e+00
      vertex   1.517051e+00 -4.268571e+00 2.069350e+00
      vertex   2.084158e+00 -4.022242e+00 2.069350e+00
    endloop
  endfacet
  facet normal -3.682002e-01 8.476819e-01 3.819216e-01
    outer loop
      vertex   2.084158e+00 -4.022242e+00 2.069350e+00
      vertex   1.517051e+00 -4.268571e+00 2.069350e+00
      vertex   1.538294e+00 -4.328345e+00 2.222500e+00
    endloop
  endfacet
  facet normal -3.682002e-01 8.476819e-01 3.819216e-01
    outer loop
      vertex   2.084158e+00 -4.022242e+00 2.069350e+00
      vertex   1.538294e+00 -4.328345e+00 2.222500e+00
      vertex   2.113343e+00 -4.078566e+00 2.222500e+00
    endloop
  endfacet
  facet normal -3.163459e-01 7.283014e-01 6.078670e-01
    outer loop
      vertex   2.113343e+00 -4.078566e+00 2.222500e+00
      vertex   1.538294e+00 -4.328345e+00 2.222500e+00
      vertex   1.572088e+00 -4.423432e+00 2.354013e+00
    endloop
  endfacet
  facet normal -3.163459e-01 7.283014e-01 6.078670e-01
    outer loop
      vertex   2.113343e+00 -4.078566e+00 2.222500e+00
      vertex   1.572088e+00 -4.423432e+00 2.354013e+00
      vertex   2.159769e+00 -4.168166e+00 2.354013e+00
    endloop
  endfacet
  facet normal -2.428875e-01 5.591830e-01 7.926664e-01
    outer loop
      vertex   2.159769e+00 -4.168166e+00 2.354013e+00
      vertex   1.572088e+00 -4.423432e+00 2.354013e+00
      vertex   1.616129e+00 -4.547351e+00 2.454926e+00
    endloop
  endfacet
  facet normal -2.428875e-01 5.591830e-01 7.926664e-01
    outer loop
      vertex   2.159769e+00 -4.168166e+00 2.354013e+00
      vertex   1.616129e+00 -4.547351e+00 2.454926e+00
      vertex   2.220274e+00 -4.284934e+00 2.454926e+00
    endloop
  endfacet
  facet normal -1.527654e-01 3.517013e-01 9.235632e-01
    outer loop
      vertex   2.220274e+00 -4.284934e+00 2.454926e+00
      vertex   1.616129e+00 -4.547351e+00 2.454926e+00
      vertex   1.667416e+00 -4.691658e+00 2.518363e+00
    endloop
  endfacet
  facet normal -1.527654e-01 3.517013e-01 9.235632e-01
    outer loop
      vertex   2.220274e+00 -4.284934e+00 2.454926e+00
      vertex   1.667416e+00 -4.691658e+00 2.518363e+00
      vertex   2.290733e+00 -4.420914e+00 2.518363e+00
    endloop
  endfacet
  facet normal -4.886829e-02 1.125061e-01 9.924486e-01
    outer loop
      vertex   2.290733e+00 -4.420914e+00 2.518363e+00
      vertex   1.667416e+00 -4.691658e+00 2.518363e+00
      vertex   2.136687e+00 -4.678692e+00 2.540000e+00
    endloop
  endfacet
  facet normal -6.735723e-02 1.233556e-01 9.900739e-01
    outer loop
      vertex   2.290733e+00 -4.420914e+00 2.518363e+00
      vertex   2.136687e+00 -4.678692e+00 2.540000e+00
      vertex   2.780786e+00 -4.326988e+00 2.540000e+00
    endloop
  endfacet
  facet normal 1.321924e-01 9.454586e-03 9.911790e-01
    outer loop
      vertex   -5.143500e+00 0.000000e+00 2.540000e+00
      vertex   -5.091147e+00 -7.319964e-01 2.540000e+00
      vertex   -4.932774e+00 -6.779942e-01 2.518363e+00
    endloop
  endfacet
  facet normal 1.265118e-01 2.628945e-02 9.916167e-01
    outer loop
      vertex   -4.932774e+00 -6.779942e-01 2.518363e+00
      vertex   -5.091147e+00 -7.319964e-01 2.540000e+00
      vertex   -4.794510e+00 -1.343359e+00 2.518363e+00
    endloop
  endfacet
  facet normal 3.754262e-01 7.801445e-02 9.235632e-01
    outer loop
      vertex   -4.932774e+00 -6.779942e-01 2.518363e+00
      vertex   -4.794510e+00 -1.343359e+00 2.518363e+00
      vertex   -4.647039e+00 -1.302039e+00 2.454926e+00
    endloop
  endfacet
  facet normal 3.613065e-01 1.284083e-01 9.235632e-01
    outer loop
      vertex   -4.647039e+00 -1.302039e+00 2.454926e+00
      vertex   -4.794510e+00 -1.343359e+00 2.518363e+00
      vertex   -4.426462e+00 -1.922684e+00 2.454926e+00
    endloop
  endfacet
  facet normal 5.744546e-01 2.041612e-01 7.926664e-01
    outer loop
      vertex   -4.647039e+00 -1.302039e+00 2.454926e+00
      vertex   -4.426462e+00 -1.922684e+00 2.454926e+00
      vertex   -4.305837e+00 -1.870289e+00 2.354013e+00
    endloop
  endfacet
  facet normal 5.413042e-01 2.804812e-01 7.926664e-01
    outer loop
      vertex   -4.305837e+00 -1.870289e+00 2.354013e+00
      vertex   -4.426462e+00 -1.922684e+00 2.454926e+00
      vertex   -4.011061e+00 -2.439180e+00 2.354013e+00
    endloop
  endfacet
  facet normal 7.050153e-01 3.653095e-01 6.078670e-01
    outer loop
      vertex   -4.305837e+00 -1.870289e+00 2.354013e+00
      vertex   -4.011061e+00 -2.439180e+00 2.354013e+00
      vertex   -3.924839e+00 -2.386747e+00 2.222500e+00
    endloop
  endfacet
  facet normal 6.487058e-01 4.579066e-01 6.078670e-01
    outer loop
      vertex   -3.924839e+00 -2.386747e+00 2.222500e+00
      vertex   -4.011061e+00 -2.439180e+00 2.354013e+00
      vertex   -3.563287e+00 -2.898949e+00 2.222500e+00
    endloop
  endfacet
  facet normal 7.550393e-01 5.329649e-01 3.819216e-01
    outer loop
      vertex   -3.924839e+00 -2.386747e+00 2.222500e+00
      vertex   -3.563287e+00 -2.898949e+00 2.222500e+00
      vertex   -3.514078e+00 -2.858915e+00 2.069350e+00
    endloop
  endfacet
  facet normal 6.754348e-01 6.308120e-01 3.819216e-01
    outer loop
      vertex   -3.514078e+00 -2.858915e+00 2.069350e+00
      vertex   -3.563287e+00 -2.898949e+00 2.222500e+00
      vertex   -3.092059e+00 -3.310787e+00 2.069350e+00
    endloop
  endfacet
  facet normal 1.310270e-01 2.850317e-02 9.909690e-01
    outer loop
      vertex   -5.091147e+00 -7.319964e-01 2.540000e+00
      vertex   -4.935152e+00 -1.449091e+00 2.540000e+00
      vertex   -4.794510e+00 -1.343359e+00 2.518363e+00
    endloop
  endfacet
  facet normal 1.204113e-01 4.279418e-02 9.918013e-01
    outer loop
      vertex   -4.794510e+00 -1.343359e+00 2.518363e+00
      vertex   -4.935152e+00 -1.449091e+00 2.540000e+00
      vertex   -4.566933e+00 -1.983699e+00 2.518363e+00
    endloop
  endfacet
  facet normal 3.613065e-01 1.284083e-01 9.235632e-01
    outer loop
      vertex   -4.794510e+00 -1.343359e+00 2.518363e+00
      vertex   -4.566933e+00 -1.983699e+00 2.518363e+00
      vertex   -4.426462e+00 -1.922684e+00 2.454926e+00
    endloop
  endfacet
  facet normal 3.404563e-01 1.764102e-01 9.235632e-01
    outer loop
      vertex   -4.426462e+00 -1.922684e+00 2.454926e+00
      vertex   -4.566933e+00 -1.983699e+00 2.518363e+00
      vertex   -4.123428e+00 -2.507512e+00 2.454926e+00
    endloop
  endfacet
  facet normal 5.413042e-01 2.804812e-01 7.926664e-01
    outer loop
      vertex   -4.426462e+00 -1.922684e+00 2.454926e+00
      vertex   -4.123428e+00 -2.507512e+00 2.454926e+00
      vertex   -4.011061e+00 -2.439180e+00 2.354013e+00
    endloop
  endfacet
  facet normal 4.980703e-01 3.515764e-01 7.926664e-01
    outer loop
      vertex   -4.011061e+00 -2.439180e+00 2.354013e+00
      vertex   -4.123428e+00 -2.507512e+00 2.454926e+00
      vertex   -3.641567e+00 -2.962634e+00 2.354013e+00
    endloop
  endfacet
  facet normal 6.487058e-01 4.579066e-01 6.078670e-01
    outer loop
      vertex   -4.011061e+00 -2.439180e+00 2.354013e+00
      vertex   -3.641567e+00 -2.962634e+00 2.354013e+00
      vertex   -3.563287e+00 -2.898949e+00 2.222500e+00
    endloop
  endfacet
  facet normal 5.803121e-01 5.419737e-01 6.078670e-01
    outer loop
      vertex   -3.563287e+00 -2.898949e+00 2.222500e+00
      vertex   -3.641567e+00 -2.962634e+00 2.354013e+00
      vertex   -3.135358e+00 -3.357149e+00 2.222500e+00
    endloop
  endfacet
  facet normal 6.754348e-01 6.308120e-01 3.819216e-01
    outer loop
      vertex   -3.563287e+00 -2.898949e+00 2.222500e+00
      vertex   -3.135358e+00 -3.357149e+00 2.222500e+00
      vertex   -3.092059e+00 -3.310787e+00 2.069350e+00
    endloop
  endfacet
  facet normal 5.832482e-01 7.169083e-01 3.819216e-01
    outer loop
      vertex   -3.092059e+00 -3.310787e+00 2.069350e+00
      vertex   -3.135358e+00 -3.357149e+00 2.222500e+00
      vertex   -2.612441e+00 -3.700986e+00 2.069350e+00
    endloop
  endfacet
  facet normal 1.269832e-01 4.736227e-02 9.907735e-01
    outer loop
      vertex   -4.935152e+00 -1.449091e+00 2.540000e+00
      vertex   -4.678692e+00 -2.136687e+00 2.540000e+00
      vertex   -4.566933e+00 -1.983699e+00 2.518363e+00
    endloop
  endfacet
  facet normal 1.123539e-01 5.821710e-02 9.919614e-01
    outer loop
      vertex   -4.566933e+00 -1.983699e+00 2.518363e+00
      vertex   -4.678692e+00 -2.136687e+00 2.540000e+00
      vertex   -4.254282e+00 -2.587086e+00 2.518363e+00
    endloop
  endfacet
  facet normal 3.404563e-01 1.764102e-01 9.235632e-01
    outer loop
      vertex   -4.566933e+00 -1.983699e+00 2.518363e+00
      vertex   -4.254282e+00 -2.587086e+00 2.518363e+00
      vertex   -4.123428e+00 -2.507512e+00 2.454926e+00
    endloop
  endfacet
  facet normal 3.132641e-01 2.211259e-01 9.235632e-01
    outer loop
      vertex   -4.123428e+00 -2.507512e+00 2.454926e+00
      vertex   -4.254282e+00 -2.587086e+00 2.518363e+00
      vertex   -3.743583e+00 -3.045630e+00 2.454926e+00
    endloop
  endfacet
  facet normal 4.980703e-01 3.515764e-01 7.926664e-01
    outer loop
      vertex   -4.123428e+00 -2.507512e+00 2.454926e+00
      vertex   -3.743583e+00 -3.045630e+00 2.454926e+00
      vertex   -3.641567e+00 -2.962634e+00 2.354013e+00
    endloop
  endfacet
  facet normal 4.455582e-01 4.161223e-01 7.926664e-01
    outer loop
      vertex   -3.641567e+00 -2.962634e+00 2.354013e+00
      vertex   -3.743583e+00 -3.045630e+00 2.454926e+00
      vertex   -3.204237e+00 -3.430900e+00 2.354013e+00
    endloop
  endfacet
  facet normal 5.803121e-01 5.419737e-01 6.078670e-01
    outer loop
      vertex   -3.641567e+00 -2.962634e+00 2.354013e+00
      vertex   -3.204237e+00 -3.430900e+00 2.354013e+00
      vertex   -3.135358e+00 -3.357149e+00 2.222500e+00
    endloop
  endfacet
  facet normal 5.011083e-01 6.159449e-01 6.078670e-01
    outer loop
      vertex   -3.135358e+00 -3.357149e+00 2.222500e+00
      vertex   -3.204237e+00 -3.430900e+00 2.354013e+00
      vertex   -2.649024e+00 -3.752812e+00 2.222500e+00
    endloop
  endfacet
  facet normal 5.832482e-01 7.169083e-01 3.819216e-01
    outer loop
      vertex   -3.135358e+00 -3.357149e+00 2.222500e+00
      vertex   -2.649024e+00 -3.752812e+00 2.222500e+00
      vertex   -2.612441e+00 -3.700986e+00 2.069350e+00
    endloop
  endfacet
  facet normal 4.801968e-01 7.896499e-01 3.819216e-01
    outer loop
      vertex   -2.612441e+00 -3.700986e+00 2.069350e+00
      vertex   -2.649024e+00 -3.752812e+00 2.222500e+00
      vertex   -2.084158e+00 -4.022242e+00 2.069350e+00
    endloop
  endfacet
  facet normal 1.200941e-01 6.557635e-02 9.905943e-01
    outer loop
      vertex   -4.678692e+00 -2.136687e+00 2.540000e+00
      vertex   -4.326988e+00 -2.780786e+00 2.540000e+00
      vertex   -4.254282e+00 -2.587086e+00 2.518363e+00
    endloop
  endfacet
  facet normal 1.024963e-01 7.234976e-02 9.920988e-01
    outer loop
      vertex   -4.254282e+00 -2.587086e+00 2.518363e+00
      vertex   -4.326988e+00 -2.780786e+00 2.540000e+00
      vertex   -3.862383e+00 -3.142281e+00 2.518363e+00
    endloop
  endfacet
  facet normal 3.132641e-01 2.211259e-01 9.235632e-01
    outer loop
      vertex   -4.254282e+00 -2.587086e+00 2.518363e+00
      vertex   -3.862383e+00 -3.142281e+00 2.518363e+00
      vertex   -3.743583e+00 -3.045630e+00 2.454926e+00
    endloop
  endfacet
  facet normal 2.802363e-01 2.617225e-01 9.235632e-01
    outer loop
      vertex   -3.743583e+00 -3.045630e+00 2.454926e+00
      vertex   -3.862383e+00 -3.142281e+00 2.518363e+00
      vertex   -3.294001e+00 -3.527014e+00 2.454926e+00
    endloop
  endfacet
  facet normal 4.455582e-01 4.161223e-01 7.926664e-01
    outer loop
      vertex   -3.743583e+00 -3.045630e+00 2.454926e+00
      vertex   -3.294001e+00 -3.527014e+00 2.454926e+00
      vertex   -3.204237e+00 -3.430900e+00 2.354013e+00
    endloop
  endfacet
  facet normal 3.847463e-01 4.729167e-01 7.926664e-01
    outer loop
      vertex   -3.204237e+00 -3.430900e+00 2.354013e+00
      vertex   -3.294001e+00 -3.527014e+00 2.454926e+00
      vertex   -2.707218e+00 -3.835255e+00 2.354013e+00
    endloop
  endfacet
  facet normal 5.011083e-01 6.159449e-01 6.078670e-01
    outer loop
      vertex   -3.204237e+00 -3.430900e+00 2.354013e+00
      vertex   -2.707218e+00 -3.835255e+00 2.354013e+00
      vertex   -2.649024e+00 -3.752812e+00 2.222500e+00
    endloop
  endfacet
  facet normal 4.125698e-01 6.784422e-01 6.078670e-01
    outer loop
      vertex   -2.649024e+00 -3.752812e+00 2.222500e+00
      vertex   -2.707218e+00 -3.835255e+00 2.354013e+00
      vertex   -2.113343e+00 -4.078566e+00 2.222500e+00
    endloop
  endfacet
  facet normal 4.801968e-01 7.896499e-01 3.819216e-01
    outer loop
      vertex   -2.649024e+00 -3.752812e+00 2.222500e+00
      vertex   -2.113343e+00 -4.078566e+00 2.222500e+00
      vertex   -2.084158e+00 -4.022242e+00 2.069350e+00
    endloop
  endfacet
  facet normal 3.682002e-01 8.476819e-01 3.819216e-01
    outer loop
      vertex   -2.084158e+00 -4.022242e+00 2.069350e+00
      vertex   -2.113343e+00 -4.078566e+00 2.222500e+00
      vertex   -1.517051e+00 -4.268571e+00 2.069350e+00
    endloop
  endfacet
  facet normal 1.104686e-01 8.269579e-02 9.904333e-01
    outer loop
      vertex   -4.326988e+00 -2.780786e+00 2.540000e+00
      vertex   -3.887198e+00 -3.368276e+00 2.540000e+00
      vertex   -3.862383e+00 -3.142281e+00 2.518363e+00
    endloop
  endfacet
  facet normal 9.101538e-02 8.500243e-02 9.922151e-01
    outer loop
      vertex   -3.862383e+00 -3.142281e+00 2.518363e+00
      vertex   -3.887198e+00 -3.368276e+00 2.540000e+00
      vertex   -3.398534e+00 -3.638942e+00 2.518363e+00
    endloop
  endfacet
  facet normal 2.802363e-01 2.617225e-01 9.235632e-01
    outer loop
      vertex   -3.862383e+00 -3.142281e+00 2.518363e+00
      vertex   -3.398534e+00 -3.638942e+00 2.518363e+00
      vertex   -3.294001e+00 -3.527014e+00 2.454926e+00
    endloop
  endfacet
  facet normal 2.419883e-01 2.974436e-01 9.235632e-01
    outer loop
      vertex   -3.294001e+00 -3.527014e+00 2.454926e+00
      vertex   -3.398534e+00 -3.638942e+00 2.518363e+00
      vertex   -2.783059e+00 -3.942697e+00 2.454926e+00
    endloop
  endfacet
  facet normal 3.847463e-01 4.729167e-01 7.926664e-01
    outer loop
      vertex   -3.294001e+00 -3.527014e+00 2.454926e+00
      vertex   -2.783059e+00 -3.942697e+00 2.454926e+00
      vertex   -2.707218e+00 -3.835255e+00 2.354013e+00
    endloop
  endfacet
  facet normal 3.167673e-01 5.209016e-01 7.926664e-01
    outer loop
      vertex   -2.707218e+00 -3.835255e+00 2.354013e+00
      vertex   -2.783059e+00 -3.942697e+00 2.454926e+00
      vertex   -2.159769e+00 -4.168166e+00 2.354013e+00
    endloop
  endfacet
  facet normal 4.125698e-01 6.784422e-01 6.078670e-01
    outer loop
      vertex   -2.707218e+00 -3.835255e+00 2.354013e+00
      vertex   -2.159769e+00 -4.168166e+00 2.354013e+00
      vertex   -2.113343e+00 -4.078566e+00 2.222500e+00
    endloop
  endfacet
  facet normal 3.163459e-01 7.283014e-01 6.078670e-01
    outer loop
      vertex   -2.113343e+00 -4.078566e+00 2.222500e+00
      vertex   -2.159769e+00 -4.168166e+00 2.354013e+00
      vertex   -1.538294e+00 -4.328345e+00 2.222500e+00
    endloop
  endfacet
  facet normal 3.682002e-01 8.476819e-01 3.819216e-01
    outer loop
      vertex   -2.113343e+00 -4.078566e+00 2.222500e+00
      vertex   -1.538294e+00 -4.328345e+00 2.222500e+00
      vertex   -1.517051e+00 -4.268571e+00 2.069350e+00
    endloop
  endfacet
  facet normal 2.493448e-01 8.899231e-01 3.819216e-01
    outer loop
      vertex   -1.517051e+00 -4.268571e+00 2.069350e+00
      vertex   -1.538294e+00 -4.328345e+00 2.222500e+00
      vertex   -9.216836e-01 -4.435385e+00 2.069350e+00
    endloop
  endfacet
  facet normal 9.829016e-02 9.829016e-02 9.902919e-01
    outer loop
      vertex   -3.887198e+00 -3.368276e+00 2.540000e+00
      vertex   -3.368276e+00 -3.887198e+00 2.540000e+00
      vertex   -3.398534e+00 -3.638942e+00 2.518363e+00
    endloop
  endfacet
  facet normal 7.810681e-02 9.600617e-02 9.923115e-01
    outer loop
      vertex   -3.398534e+00 -3.638942e+00 2.518363e+00
      vertex   -3.368276e+00 -3.887198e+00 2.540000e+00
      vertex   -2.871378e+00 -4.067816e+00 2.518363e+00
    endloop
  endfacet
  facet normal 2.419883e-01 2.974436e-01 9.235632e-01
    outer loop
      vertex   -3.398534e+00 -3.638942e+00 2.518363e+00
      vertex   -2.871378e+00 -4.067816e+00 2.518363e+00
      vertex   -2.783059e+00 -3.942697e+00 2.454926e+00
    endloop
  endfacet
  facet normal 1.992325e-01 3.276240e-01 9.235632e-01
    outer loop
      vertex   -2.783059e+00 -3.942697e+00 2.454926e+00
      vertex   -2.871378e+00 -4.067816e+00 2.518363e+00
      vertex   -2.220274e+00 -4.284934e+00 2.454926e+00
    endloop
  endfacet
  facet normal 3.167673e-01 5.209016e-01 7.926664e-01
    outer loop
      vertex   -2.783059e+00 -3.942697e+00 2.454926e+00
      vertex   -2.220274e+00 -4.284934e+00 2.454926e+00
      vertex   -2.159769e+00 -4.168166e+00 2.354013e+00
    endloop
  endfacet
  facet normal 2.428875e-01 5.591830e-01 7.926664e-01
    outer loop
      vertex   -2.159769e+00 -4.168166e+00 2.354013e+00
      vertex   -2.220274e+00 -4.284934e+00 2.454926e+00
      vertex   -1.572088e+00 -4.423432e+00 2.354013e+00
    endloop
  endfacet
  facet normal 3.163459e-01 7.283014e-01 6.078670e-01
    outer loop
      vertex   -2.159769e+00 -4.168166e+00 2.354013e+00
      vertex   -1.572088e+00 -4.423432e+00 2.354013e+00
      vertex   -1.538294e+00 -4.328345e+00 2.222500e+00
    endloop
  endfacet
  facet normal 2.142291e-01 7.645937e-01 6.078670e-01
    outer loop
      vertex   -1.538294e+00 -4.328345e+00 2.222500e+00
      vertex   -1.572088e+00 -4.423432e+00 2.354013e+00
      vertex   -9.345902e-01 -4.497495e+00 2.222500e+00
    endloop
  endfacet
  facet normal 2.493448e-01 8.899231e-01 3.819216e-01
    outer loop
      vertex   -1.538294e+00 -4.328345e+00 2.222500e+00
      vertex   -9.345902e-01 -4.497495e+00 2.222500e+00
      vertex   -9.216836e-01 -4.435385e+00 2.069350e+00
    endloop
  endfacet
  facet normal 1.258445e-01 9.155867e-01 3.819216e-01
    outer loop
      vertex   -9.216836e-01 -4.435385e+00 2.069350e+00
      vertex   -9.345902e-01 -4.497495e+00 2.222500e+00
      vertex   -3.091475e-01 -4.519576e+00 2.069350e+00
    endloop
  endfacet
  facet normal 8.381315e-02 1.119613e-01 9.901717e-01
    outer loop
      vertex   -3.368276e+00 -3.887198e+00 2.540000e+00
      vertex   -2.780786e+00 -4.326988e+00 2.540000e+00
      vertex   -2.871378e+00 -4.067816e+00 2.518363e+00
    endloop
  endfacet
  facet normal 6.398249e-02 1.052147e-01 9.923891e-01
    outer loop
      vertex   -2.871378e+00 -4.067816e+00 2.518363e+00
      vertex   -2.780786e+00 -4.326988e+00 2.540000e+00
      vertex   -2.290733e+00 -4.420914e+00 2.518363e+00
    endloop
  endfacet
  facet normal 1.992325e-01 3.276240e-01 9.235632e-01
    outer loop
      vertex   -2.871378e+00 -4.067816e+00 2.518363e+00
      vertex   -2.290733e+00 -4.420914e+00 2.518363e+00
      vertex   -2.220274e+00 -4.284934e+00 2.454926e+00
    endloop
  endfacet
  facet normal 1.527654e-01 3.517013e-01 9.235632e-01
    outer loop
      vertex   -2.220274e+00 -4.284934e+00 2.454926e+00
      vertex   -2.290733e+00 -4.420914e+00 2.518363e+00
      vertex   -1.616129e+00 -4.547351e+00 2.454926e+00
    endloop
  endfacet
  facet normal 2.428875e-01 5.591830e-01 7.926664e-01
    outer loop
      vertex   -2.220274e+00 -4.284934e+00 2.454926e+00
      vertex   -1.616129e+00 -4.547351e+00 2.454926e+00
      vertex   -1.572088e+00 -4.423432e+00 2.354013e+00
    endloop
  endfacet
  facet normal 1.644831e-01 5.870479e-01 7.926664e-01
    outer loop
      vertex   -1.572088e+00 -4.423432e+00 2.354013e+00
      vertex   -1.616129e+00 -4.547351e+00 2.454926e+00
      vertex   -9.551216e-01 -4.596298e+00 2.354013e+00
    endloop
  endfacet
  facet normal 2.142291e-01 7.645937e-01 6.078670e-01
    outer loop
      vertex   -1.572088e+00 -4.423432e+00 2.354013e+00
      vertex   -9.551216e-01 -4.596298e+00 2.354013e+00
      vertex   -9.345902e-01 -4.497495e+00 2.222500e+00
    endloop
  endfacet
  facet normal 1.081216e-01 7.866431e-01 6.078670e-01
    outer loop
      vertex   -9.345902e-01 -4.497495e+00 2.222500e+00
      vertex   -9.551216e-01 -4.596298e+00 2.354013e+00
      vertex   -3.134766e-01 -4.582865e+00 2.222500e+00
    endloop
  endfacet
  facet normal 1.258445e-01 9.155867e-01 3.819216e-01
    outer loop
      vertex   -9.345902e-01 -4.497495e+00 2.222500e+00
      vertex   -3.134766e-01 -4.582865e+00 2.222500e+00
      vertex   -3.091475e-01 -4.519576e+00 2.069350e+00
    endloop
  endfacet
  facet normal -0.000000e+00 9.241947e-01 3.819216e-01
    outer loop
      vertex   -3.091475e-01 -4.519576e+00 2.069350e+00
      vertex   -3.134766e-01 -4.582865e+00 2.222500e+00
      vertex   3.091475e-01 -4.519576e+00 2.069350e+00
    endloop
  endfacet
  facet normal 6.735723e-02 1.233556e-01 9.900739e-01
    outer loop
      vertex   -2.780786e+00 -4.326988e+00 2.540000e+00
      vertex   -2.136687e+00 -4.678692e+00 2.540000e+00
      vertex   -2.290733e+00 -4.420914e+00 2.518363e+00
    endloop
  endfacet
  facet normal 4.886829e-02 1.125061e-01 9.924486e-01
    outer loop
      vertex   -2.290733e+00 -4.420914e+00 2.518363e+00
      vertex   -2.136687e+00 -4.678692e+00 2.540000e+00
      vertex   -1.667416e+00 -4.691658e+00 2.518363e+00
    endloop
  endfacet
  facet normal 1.527654e-01 3.517013e-01 9.235632e-01
    outer loop
      vertex   -2.290733e+00 -4.420914e+00 2.518363e+00
      vertex   -1.667416e+00 -4.691658e+00 2.518363e+00
      vertex   -1.616129e+00 -4.547351e+00 2.454926e+00
    endloop
  endfacet
  facet normal 1.034526e-01 3.692271e-01 9.235632e-01
    outer loop
      vertex   -1.616129e+00 -4.547351e+00 2.454926e+00
      vertex   -1.667416e+00 -4.691658e+00 2.518363e+00
      vertex   -9.818787e-01 -4.725060e+00 2.454926e+00
    endloop
  endfacet
  facet normal 1.644831e-01 5.870479e-01 7.926664e-01
    outer loop
      vertex   -1.616129e+00 -4.547351e+00 2.454926e+00
      vertex   -9.818787e-01 -4.725060e+00 2.454926e+00
      vertex   -9.551216e-01 -4.596298e+00 2.354013e+00
    endloop
  endfacet
  facet normal 8.301476e-02 6.039772e-01 7.926664e-01
    outer loop
      vertex   -9.551216e-01 -4.596298e+00 2.354013e+00
      vertex   -9.818787e-01 -4.725060e+00 2.454926e+00
      vertex   -3.203631e-01 -4.683543e+00 2.354013e+00
    endloop
  endfacet
  facet normal 1.081216e-01 7.866431e-01 6.078670e-01
    outer loop
      vertex   -9.551216e-01 -4.596298e+00 2.354013e+00
      vertex   -3.203631e-01 -4.683543e+00 2.354013e+00
      vertex   -3.134766e-01 -4.582865e+00 2.222500e+00
    endloop
  endfacet
  facet normal -0.000000e+00 7.940388e-01 6.078670e-01
    outer loop
      vertex   -3.134766e-01 -4.582865e+00 2.222500e+00
      vertex   -3.203631e-01 -4.683543e+00 2.354013e+00
      vertex   3.134766e-01 -4.582865e+00 2.222500e+00
    endloop
  endfacet
  facet normal -0.000000e+00 9.241947e-01 3.819216e-01
    outer loop
      vertex   -3.134766e-01 -4.582865e+00 2.222500e+00
      vertex   3.134766e-01 -4.582865e+00 2.222500e+00
      vertex   3.091475e-01 -4.519576e+00 2.069350e+00
    endloop
  endfacet
  facet normal -1.258445e-01 9.155867e-01 3.819216e-01
    outer loop
      vertex   3.091475e-01 -4.519576e+00 2.069350e+00
      vertex   3.134766e-01 -4.582865e+00 2.222500e+00
      vertex   9.216836e-01 -4.435385e+00 2.069350e+00
    endloop
  endfacet
  facet normal 4.929885e-02 1.321753e-01 9.899997e-01
    outer loop
      vertex   -2.136687e+00 -4.678692e+00 2.540000e+00
      vertex   -1.449091e+00 -4.935152e+00 2.540000e+00
      vertex   -1.667416e+00 -4.691658e+00 2.518363e+00
    endloop
  endfacet
  facet normal 3.300152e-02 1.177840e-01 9.924907e-01
    outer loop
      vertex   -1.667416e+00 -4.691658e+00 2.518363e+00
      vertex   -1.449091e+00 -4.935152e+00 2.540000e+00
      vertex   -1.013038e+00 -4.875006e+00 2.518363e+00
    endloop
  endfacet
  facet normal 1.034526e-01 3.692271e-01 9.235632e-01
    outer loop
      vertex   -1.667416e+00 -4.691658e+00 2.518363e+00
      vertex   -1.013038e+00 -4.875006e+00 2.518363e+00
      vertex   -9.818787e-01 -4.725060e+00 2.454926e+00
    endloop
  endfacet
  facet normal 5.221260e-02 3.798749e-01 9.235632e-01
    outer loop
      vertex   -9.818787e-01 -4.725060e+00 2.454926e+00
      vertex   -1.013038e+00 -4.875006e+00 2.518363e+00
      vertex   -3.293379e-01 -4.814749e+00 2.454926e+00
    endloop
  endfacet
  facet normal 8.301476e-02 6.039772e-01 7.926664e-01
    outer loop
      vertex   -9.818787e-01 -4.725060e+00 2.454926e+00
      vertex   -3.293379e-01 -4.814749e+00 2.454926e+00
      vertex   -3.203631e-01 -4.683543e+00 2.354013e+00
    endloop
  endfacet
  facet normal -0.000000e+00 6.096556e-01 7.926664e-01
    outer loop
      vertex   -3.203631e-01 -4.683543e+00 2.354013e+00
      vertex   -3.293379e-01 -4.814749e+00 2.454926e+00
      vertex   3.203631e-01 -4.683543e+00 2.354013e+00
    endloop
  endfacet
  facet normal -0.000000e+00 7.940388e-01 6.078670e-01
    outer loop
      vertex   -3.203631e-01 -4.683543e+00 2.354013e+00
      vertex   3.203631e-01 -4.683543e+00 2.354013e+00
      vertex   3.134766e-01 -4.582865e+00 2.222500e+00
    endloop
  endfacet
  facet normal -1.081216e-01 7.866431e-01 6.078670e-01
    outer loop
      vertex   3.134766e-01 -4.582865e+00 2.222500e+00
      vertex   3.203631e-01 -4.683543e+00 2.354013e+00
      vertex   9.345902e-01 -4.497495e+00 2.222500e+00
    endloop
  endfacet
  facet normal -1.258445e-01 9.155867e-01 3.819216e-01
    outer loop
      vertex   3.134766e-01 -4.582865e+00 2.222500e+00
      vertex   9.345902e-01 -4.497495e+00 2.222500e+00
      vertex   9.216836e-01 -4.435385e+00 2.069350e+00
    endloop
  endfacet
  facet normal -2.493448e-01 8.899231e-01 3.819216e-01
    outer loop
      vertex   9.216836e-01 -4.435385e+00 2.069350e+00
      vertex   9.345902e-01 -4.497495e+00 2.222500e+00
      vertex   1.517051e+00 -4.268571e+00 2.069350e+00
    endloop
  endfacet
  facet normal 3.006102e-02 1.381883e-01 9.899497e-01
    outer loop
      vertex   -1.449091e+00 -4.935152e+00 2.540000e+00
      vertex   -7.319964e-01 -5.091147e+00 2.540000e+00
      vertex   -1.013038e+00 -4.875006e+00 2.518363e+00
    endloop
  endfacet
  facet normal 1.662815e-02 1.209788e-01 9.925158e-01
    outer loop
      vertex   -1.013038e+00 -4.875006e+00 2.518363e+00
      vertex   -7.319964e-01 -5.091147e+00 2.540000e+00
      vertex   -3.397892e-01 -4.967542e+00 2.518363e+00
    endloop
  endfacet
  facet normal 5.221260e-02 3.798749e-01 9.235632e-01
    outer loop
      vertex   -1.013038e+00 -4.875006e+00 2.518363e+00
      vertex   -3.397892e-01 -4.967542e+00 2.518363e+00
      vertex   -3.293379e-01 -4.814749e+00 2.454926e+00
    endloop
  endfacet
  facet normal -0.000000e+00 3.834463e-01 9.235632e-01
    outer loop
      vertex   -3.293379e-01 -4.814749e+00 2.454926e+00
      vertex   -3.397892e-01 -4.967542e+00 2.518363e+00
      vertex   3.293379e-01 -4.814749e+00 2.454926e+00
    endloop
  endfacet
  facet normal -0.000000e+00 6.096556e-01 7.926664e-01
    outer loop
      vertex   -3.293379e-01 -4.814749e+00 2.454926e+00
      vertex   3.293379e-01 -4.814749e+00 2.454926e+00
      vertex   3.203631e-01 -4.683543e+00 2.354013e+00
    endloop
  endfacet
  facet normal -8.301476e-02 6.039772e-01 7.926664e-01
    outer loop
      vertex   3.203631e-01 -4.683543e+00 2.354013e+00
      vertex   3.293379e-01 -4.814749e+00 2.454926e+00
      vertex   9.551216e-01 -4.596298e+00 2.354013e+00
    endloop
  endfacet
  facet normal -1.081216e-01 7.866431e-01 6.078670e-01
    outer loop
      vertex   3.203631e-01 -4.683543e+00 2.354013e+00
      vertex   9.551216e-01 -4.596298e+00 2.354013e+00
      vertex   9.345902e-01 -4.497495e+00 2.222500e+00
    endloop
  endfacet
  facet normal -2.142291e-01 7.645937e-01 6.078670e-01
    outer loop
      vertex   9.345902e-01 -4.497495e+00 2.222500e+00
      vertex   9.551216e-01 -4.596298e+00 2.354013e+00
      vertex   1.538294e+00 -4.328345e+00 2.222500e+00
    endloop
  endfacet
  facet normal -2.493448e-01 8.899231e-01 3.819216e-01
    outer loop
      vertex   9.345902e-01 -4.497495e+00 2.222500e+00
      vertex   1.538294e+00 -4.328345e+00 2.222500e+00
      vertex   1.517051e+00 -4.268571e+00 2.069350e+00
    endloop
  endfacet
  facet normal 1.010135e-02 1.412353e-01 9.899245e-01
    outer loop
      vertex   -7.319964e-01 -5.091147e+00 2.540000e+00
      vertex   -3.149485e-16 -5.143500e+00 2.540000e+00
      vertex   -3.397892e-01 -4.967542e+00 2.518363e+00
    endloop
  endfacet
  facet normal -0.000000e+00 1.220484e-01 9.925242e-01
    outer loop
      vertex   -3.397892e-01 -4.967542e+00 2.518363e+00
      vertex   -3.149485e-16 -5.143500e+00 2.540000e+00
      vertex   3.397892e-01 -4.967542e+00 2.518363e+00
    endloop
  endfacet
  facet normal -0.000000e+00 3.834463e-01 9.235632e-01
    outer loop
      vertex   -3.397892e-01 -4.967542e+00 2.518363e+00
      vertex   3.397892e-01 -4.967542e+00 2.518363e+00
      vertex   3.293379e-01 -4.814749e+00 2.454926e+00
    endloop
  endfacet
  facet normal -5.221260e-02 3.798749e-01 9.235632e-01
    outer loop
      vertex   3.293379e-01 -4.814749e+00 2.454926e+00
      vertex   3.397892e-01 -4.967542e+00 2.518363e+00
      vertex   9.818787e-01 -4.725060e+00 2.454926e+00
    endloop
  endfacet
  facet normal -8.301476e-02 6.039772e-01 7.926664e-01
    outer loop
      vertex   3.293379e-01 -4.814749e+00 2.454926e+00
      vertex   9.818787e-01 -4.725060e+00 2.454926e+00
      vertex   9.551216e-01 -4.596298e+00 2.354013e+00
    endloop
  endfacet
  facet normal -1.644831e-01 5.870479e-01 7.926664e-01
    outer loop
      vertex   9.551216e-01 -4.596298e+00 2.354013e+00
      vertex   9.818787e-01 -4.725060e+00 2.454926e+00
      vertex   1.572088e+00 -4.423432e+00 2.354013e+00
    endloop
  endfacet
  facet normal -2.142291e-01 7.645937e-01 6.078670e-01
    outer loop
      vertex   9.551216e-01 -4.596298e+00 2.354013e+00
      vertex   1.572088e+00 -4.423432e+00 2.354013e+00
      vertex   1.538294e+00 -4.328345e+00 2.222500e+00
    endloop
  endfacet
  facet normal -1.010135e-02 1.412353e-01 9.899245e-01
    outer loop
      vertex   -3.149485e-16 -5.143500e+00 2.540000e+00
      vertex   7.319964e-01 -5.091147e+00 2.540000e+00
      vertex   3.397892e-01 -4.967542e+00 2.518363e+00
    endloop
  endfacet
  facet normal -1.662815e-02 1.209788e-01 9.925158e-01
    outer loop
      vertex   3.397892e-01 -4.967542e+00 2.518363e+00
      vertex   7.319964e-01 -5.091147e+00 2.540000e+00
      vertex   1.013038e+00 -4.875006e+00 2.518363e+00
    endloop
  endfacet
  facet normal -5.221260e-02 3.798749e-01 9.235632e-01
    outer loop
      vertex   3.397892e-01 -4.967542e+00 2.518363e+00
      vertex   1.013038e+00 -4.875006e+00 2.518363e+00
      vertex   9.818787e-01 -4.725060e+00 2.454926e+00
    endloop
  endfacet
  facet normal -1.034526e-01 3.692271e-01 9.235632e-01
    outer loop
      vertex   9.818787e-01 -4.725060e+00 2.454926e+00
      vertex   1.013038e+00 -4.875006e+00 2.518363e+00
      vertex   1.616129e+00 -4.547351e+00 2.454926e+00
    endloop
  endfacet
  facet normal -1.644831e-01 5.870479e-01 7.926664e-01
    outer loop
      vertex   9.818787e-01 -4.725060e+00 2.454926e+00
      vertex   1.616129e+00 -4.547351e+00 2.454926e+00
      vertex   1.572088e+00 -4.423432e+00 2.354013e+00
    endloop
  endfacet
  facet normal -3.006102e-02 1.381883e-01 9.899497e-01
    outer loop
      vertex   7.319964e-01 -5.091147e+00 2.540000e+00
      vertex   1.449091e+00 -4.935152e+00 2.540000e+00
      vertex   1.013038e+00 -4.875006e+00 2.518363e+00
    endloop
  endfacet
  facet normal -3.300152e-02 1.177840e-01 9.924907e-01
    outer loop
      vertex   1.013038e+00 -4.875006e+00 2.518363e+00
      vertex   1.449091e+00 -4.935152e+00 2.540000e+00
      vertex   1.667416e+00 -4.691658e+00 2.518363e+00
    endloop
  endfacet
  facet normal -1.034526e-01 3.692271e-01 9.235632e-01
    outer loop
      vertex   1.013038e+00 -4.875006e+00 2.518363e+00
      vertex   1.667416e+00 -4.691658e+00 2.518363e+00
      vertex   1.616129e+00 -4.547351e+00 2.454926e+00
    endloop
  endfacet
  facet normal -4.929885e-02 1.321753e-01 9.899997e-01
    outer loop
      vertex   1.449091e+00 -4.935152e+00 2.540000e+00
      vertex   2.136687e+00 -4.678692e+00 2.540000e+00
      vertex   1.667416e+00 -4.691658e+00 2.518363e+00
    endloop
  endfacet
  facet normal -6.398249e-02 1.052147e-01 9.923891e-01
    outer loop
      vertex   2.290733e+00 -4.420914e+00 2.518363e+00
      vertex   2.780786e+00 -4.326988e+00 2.540000e+00
      vertex   2.871378e+00 -4.067816e+00 2.518363e+00
    endloop
  endfacet
  facet normal -8.381315e-02 1.119613e-01 9.901717e-01
    outer loop
      vertex   2.871378e+00 -4.067816e+00 2.518363e+00
      vertex   2.780786e+00 -4.326988e+00 2.540000e+00
      vertex   3.368276e+00 -3.887198e+00 2.540000e+00
    endloop
  endfacet
  facet normal -7.810681e-02 9.600617e-02 9.923115e-01
    outer loop
      vertex   2.871378e+00 -4.067816e+00 2.518363e+00
      vertex   3.368276e+00 -3.887198e+00 2.540000e+00
      vertex   3.398534e+00 -3.638942e+00 2.518363e+00
    endloop
  endfacet
  facet normal -9.829016e-02 9.829016e-02 9.902919e-01
    outer loop
      vertex   3.398534e+00 -3.638942e+00 2.518363e+00
      vertex   3.368276e+00 -3.887198e+00 2.540000e+00
      vertex   3.887198e+00 -3.368276e+00 2.540000e+00
    endloop
  endfacet
  facet normal -9.101538e-02 8.500243e-02 9.922151e-01
    outer loop
      vertex   3.398534e+00 -3.638942e+00 2.518363e+00
      vertex   3.887198e+00 -3.368276e+00 2.540000e+00
      vertex   3.862383e+00 -3.142281e+00 2.518363e+00
    endloop
  endfacet
  facet normal -1.104686e-01 8.269579e-02 9.904333e-01
    outer loop
      vertex   3.862383e+00 -3.142281e+00 2.518363e+00
      vertex   3.887198e+00 -3.368276e+00 2.540000e+00
      vertex   4.326988e+00 -2.780786e+00 2.540000e+00
    endloop
  endfacet
  facet normal -1.024963e-01 7.234976e-02 9.920988e-01
    outer loop
      vertex   3.862383e+00 -3.142281e+00 2.518363e+00
      vertex   4.326988e+00 -2.780786e+00 2.540000e+00
      vertex   4.254282e+00 -2.587086e+00 2.518363e+00
    endloop
  endfacet
  facet normal -1.200941e-01 6.557635e-02 9.905943e-01
    outer loop
      vertex   4.254282e+00 -2.587086e+00 2.518363e+00
      vertex   4.326988e+00 -2.780786e+00 2.540000e+00
      vertex   4.678692e+00 -2.136687e+00 2.540000e+00
    endloop
  endfacet
  facet normal -1.123539e-01 5.821710e-02 9.919614e-01
    outer loop
      vertex   4.254282e+00 -2.587086e+00 2.518363e+00
      vertex   4.678692e+00 -2.136687e+00 2.540000e+00
      vertex   4.566933e+00 -1.983699e+00 2.518363e+00
    endloop
  endfacet
  facet normal -1.269832e-01 4.736227e-02 9.907735e-01
    outer loop
      vertex   4.566933e+00 -1.983699e+00 2.518363e+00
      vertex   4.678692e+00 -2.136687e+00 2.540000e+00
      vertex   4.935152e+00 -1.449091e+00 2.540000e+00
    endloop
  endfacet
  facet normal -1.204113e-01 4.279418e-02 9.918013e-01
    outer loop
      vertex   4.566933e+00 -1.983699e+00 2.518363e+00
      vertex   4.935152e+00 -1.449091e+00 2.540000e+00
      vertex   4.794510e+00 -1.343359e+00 2.518363e+00
    endloop
  endfacet
  facet normal -1.310270e-01 2.850317e-02 9.909690e-01
    outer loop
      vertex   4.794510e+00 -1.343359e+00 2.518363e+00
      vertex   4.935152e+00 -1.449091e+00 2.540000e+00
      vertex   5.091147e+00 -7.319964e-01 2.540000e+00
    endloop
  endfacet
  facet normal -1.265118e-01 2.628945e-02 9.916167e-01
    outer loop
      vertex   4.794510e+00 -1.343359e+00 2.518363e+00
      vertex   5.091147e+00 -7.319964e-01 2.540000e+00
      vertex   4.932774e+00 -6.779942e-01 2.518363e+00
    endloop
  endfacet
  facet normal -1.321924e-01 9.454586e-03 9.911790e-01
    outer loop
      vertex   4.932774e+00 -6.779942e-01 2.518363e+00
      vertex   5.091147e+00 -7.319964e-01 2.540000e+00
      vertex   5.143500e+00 6.298971e-16 2.540000e+00
    endloop
  endfacet
  facet normal -9.738357e-01 2.023654e-01 1.034031e-01
    outer loop
      vertex   4.487943e+00 -6.168536e-01 2.069350e+00
      vertex   4.455662e+00 -6.882193e-01 1.905000e+00
      vertex   4.362147e+00 -1.222216e+00 2.069350e+00
    endloop
  endfacet
  facet normal -9.572260e-01 2.239995e-01 1.831464e-01
    outer loop
      vertex   4.362147e+00 -1.222216e+00 2.069350e+00
      vertex   4.455662e+00 -6.882193e-01 1.905000e+00
      vertex   4.298388e+00 -1.360307e+00 1.905000e+00
    endloop
  endfacet
  facet normal -9.389403e-01 3.336995e-01 8.387989e-02
    outer loop
      vertex   4.362147e+00 -1.222216e+00 2.069350e+00
      vertex   4.298388e+00 -1.360307e+00 1.905000e+00
      vertex   4.155093e+00 -1.804812e+00 2.069350e+00
    endloop
  endfacet
  facet normal -9.090769e-01 3.663909e-01 1.983353e-01
    outer loop
      vertex   4.155093e+00 -1.804812e+00 2.069350e+00
      vertex   4.298388e+00 -1.360307e+00 1.905000e+00
      vertex   4.040362e+00 -2.000511e+00 1.905000e+00
    endloop
  endfacet
  facet normal -8.855928e-01 4.588772e-01 7.181360e-02
    outer loop
      vertex   4.155093e+00 -1.804812e+00 2.069350e+00
      vertex   4.040362e+00 -2.000511e+00 1.905000e+00
      vertex   3.870637e+00 -2.353787e+00 2.069350e+00
    endloop
  endfacet
  facet normal -8.410907e-01 5.000329e-01 2.062366e-01
    outer loop
      vertex   3.870637e+00 -2.353787e+00 2.069350e+00
      vertex   4.040362e+00 -2.000511e+00 1.905000e+00
      vertex   3.687635e+00 -2.593824e+00 1.905000e+00
    endloop
  endfacet
  facet normal -8.151188e-01 5.753736e-01 6.727984e-02
    outer loop
      vertex   3.870637e+00 -2.353787e+00 2.069350e+00
      vertex   3.687635e+00 -2.593824e+00 1.905000e+00
      vertex   3.514078e+00 -2.858915e+00 2.069350e+00
    endloop
  endfacet
  facet normal -7.547871e-01 6.224684e-01 2.069530e-01
    outer loop
      vertex   3.514078e+00 -2.858915e+00 2.069350e+00
      vertex   3.687635e+00 -2.593824e+00 1.905000e+00
      vertex   3.248472e+00 -3.126340e+00 1.905000e+00
    endloop
  endfacet
  facet normal -7.290277e-01 6.808643e-01 7.030285e-02
    outer loop
      vertex   3.514078e+00 -2.858915e+00 2.069350e+00
      vertex   3.248472e+00 -3.126340e+00 1.905000e+00
      vertex   3.092059e+00 -3.310787e+00 2.069350e+00
    endloop
  endfacet
  facet normal -6.518162e-01 7.313944e-01 2.004940e-01
    outer loop
      vertex   3.092059e+00 -3.310787e+00 2.069350e+00
      vertex   3.248472e+00 -3.126340e+00 1.905000e+00
      vertex   2.733167e+00 -3.585578e+00 1.905000e+00
    endloop
  endfacet
  facet normal -6.290211e-01 7.731708e-01 8.086673e-02
    outer loop
      vertex   3.092059e+00 -3.310787e+00 2.069350e+00
      vertex   2.733167e+00 -3.585578e+00 1.905000e+00
      vertex   2.612441e+00 -3.700986e+00 2.069350e+00
    endloop
  endfacet
  facet normal -5.340022e-01 8.245949e-01 1.867749e-01
    outer loop
      vertex   2.612441e+00 -3.700986e+00 2.069350e+00
      vertex   2.733167e+00 -3.585578e+00 1.905000e+00
      vertex   2.153800e+00 -3.960772e+00 1.905000e+00
    endloop
  endfacet
  facet normal -5.170362e-01 8.502298e-01 9.890794e-02
    outer loop
      vertex   2.612441e+00 -3.700986e+00 2.069350e+00
      vertex   2.153800e+00 -3.960772e+00 1.905000e+00
      vertex   2.084158e+00 -4.022242e+00 2.069350e+00
    endloop
  endfacet
  facet normal -4.034186e-01 8.999001e-01 1.656299e-01
    outer loop
      vertex   2.084158e+00 -4.022242e+00 2.069350e+00
      vertex   2.153800e+00 -3.960772e+00 1.905000e+00
      vertex   1.523949e+00 -4.243130e+00 1.905000e+00
    endloop
  endfacet
  facet normal 8.087633e-01 5.688714e-01 1.492896e-01
    outer loop
      vertex   -3.478259e+00 -2.868499e+00 1.905000e+00
      vertex   -3.875370e+00 -2.303928e+00 1.905000e+00
      vertex   -3.870637e+00 -2.353787e+00 2.069350e+00
    endloop
  endfacet
  facet normal 8.821711e-01 4.571042e-01 1.132690e-01
    outer loop
      vertex   -3.870637e+00 -2.353787e+00 2.069350e+00
      vertex   -3.875370e+00 -2.303928e+00 1.905000e+00
      vertex   -4.155093e+00 -1.804812e+00 2.069350e+00
    endloop
  endfacet
  facet normal 8.205788e-01 4.251897e-01 3.819216e-01
    outer loop
      vertex   -3.870637e+00 -2.353787e+00 2.069350e+00
      vertex   -4.155093e+00 -1.804812e+00 2.069350e+00
      vertex   -4.213278e+00 -1.830085e+00 2.222500e+00
    endloop
  endfacet
  facet normal 8.708326e-01 3.094940e-01 3.819216e-01
    outer loop
      vertex   -4.213278e+00 -1.830085e+00 2.222500e+00
      vertex   -4.155093e+00 -1.804812e+00 2.069350e+00
      vertex   -4.423232e+00 -1.239331e+00 2.222500e+00
    endloop
  endfacet
  facet normal 7.481918e-01 2.659074e-01 6.078670e-01
    outer loop
      vertex   -4.213278e+00 -1.830085e+00 2.222500e+00
      vertex   -4.423232e+00 -1.239331e+00 2.222500e+00
      vertex   -4.520403e+00 -1.266557e+00 2.354013e+00
    endloop
  endfacet
  facet normal 7.774308e-01 1.615520e-01 6.078670e-01
    outer loop
      vertex   -4.520403e+00 -1.266557e+00 2.354013e+00
      vertex   -4.423232e+00 -1.239331e+00 2.222500e+00
      vertex   -4.650762e+00 -6.392326e-01 2.354013e+00
    endloop
  endfacet
  facet normal 5.969041e-01 1.240381e-01 7.926664e-01
    outer loop
      vertex   -4.520403e+00 -1.266557e+00 2.354013e+00
      vertex   -4.650762e+00 -6.392326e-01 2.354013e+00
      vertex   -4.781050e+00 -6.571402e-01 2.454926e+00
    endloop
  endfacet
  facet normal 6.082343e-01 4.160437e-02 7.926664e-01
    outer loop
      vertex   -4.781050e+00 -6.571402e-01 2.454926e+00
      vertex   -4.650762e+00 -6.392326e-01 2.354013e+00
      vertex   -4.826000e+00 5.910145e-16 2.454926e+00
    endloop
  endfacet
  facet normal 3.825524e-01 2.616730e-02 9.235632e-01
    outer loop
      vertex   -4.781050e+00 -6.571402e-01 2.454926e+00
      vertex   -4.826000e+00 5.910145e-16 2.454926e+00
      vertex   -4.979150e+00 6.097700e-16 2.518363e+00
    endloop
  endfacet
  facet normal 3.825524e-01 -2.616730e-02 9.235632e-01
    outer loop
      vertex   -4.979150e+00 6.097700e-16 2.518363e+00
      vertex   -4.826000e+00 5.910145e-16 2.454926e+00
      vertex   -4.932774e+00 6.779942e-01 2.518363e+00
    endloop
  endfacet
  facet normal 8.823376e-01 4.368732e-01 1.749922e-01
    outer loop
      vertex   -3.875370e+00 -2.303928e+00 1.905000e+00
      vertex   -4.181645e+00 -1.685354e+00 1.905000e+00
      vertex   -4.155093e+00 -1.804812e+00 2.069350e+00
    endloop
  endfacet
  facet normal 9.383685e-01 3.334962e-01 9.080088e-02
    outer loop
      vertex   -4.155093e+00 -1.804812e+00 2.069350e+00
      vertex   -4.181645e+00 -1.685354e+00 1.905000e+00
      vertex   -4.362147e+00 -1.222216e+00 2.069350e+00
    endloop
  endfacet
  facet normal 8.708326e-01 3.094940e-01 3.819216e-01
    outer loop
      vertex   -4.155093e+00 -1.804812e+00 2.069350e+00
      vertex   -4.362147e+00 -1.222216e+00 2.069350e+00
      vertex   -4.423232e+00 -1.239331e+00 2.222500e+00
    endloop
  endfacet
  facet normal 9.048644e-01 1.880330e-01 3.819216e-01
    outer loop
      vertex   -4.423232e+00 -1.239331e+00 2.222500e+00
      vertex   -4.362147e+00 -1.222216e+00 2.069350e+00
      vertex   -4.550789e+00 -6.254916e-01 2.222500e+00
    endloop
  endfacet
  facet normal 7.774308e-01 1.615520e-01 6.078670e-01
    outer loop
      vertex   -4.423232e+00 -1.239331e+00 2.222500e+00
      vertex   -4.550789e+00 -6.254916e-01 2.222500e+00
      vertex   -4.650762e+00 -6.392326e-01 2.354013e+00
    endloop
  endfacet
  facet normal 7.921877e-01 5.418713e-02 6.078670e-01
    outer loop
      vertex   -4.650762e+00 -6.392326e-01 2.354013e+00
      vertex   -4.550789e+00 -6.254916e-01 2.222500e+00
      vertex   -4.694487e+00 5.749089e-16 2.354013e+00
    endloop
  endfacet
  facet normal 6.082343e-01 4.160437e-02 7.926664e-01
    outer loop
      vertex   -4.650762e+00 -6.392326e-01 2.354013e+00
      vertex   -4.694487e+00 5.749089e-16 2.354013e+00
      vertex   -4.826000e+00 5.910145e-16 2.454926e+00
    endloop
  endfacet
  facet normal 6.082343e-01 -4.160437e-02 7.926664e-01
    outer loop
      vertex   -4.826000e+00 5.910145e-16 2.454926e+00
      vertex   -4.694487e+00 5.749089e-16 2.354013e+00
      vertex   -4.781050e+00 6.571402e-01 2.454926e+00
    endloop
  endfacet
  facet normal 3.825524e-01 -2.616730e-02 9.235632e-01
    outer loop
      vertex   -4.826000e+00 5.910145e-16 2.454926e+00
      vertex   -4.781050e+00 6.571402e-01 2.454926e+00
      vertex   -4.932774e+00 6.779942e-01 2.518363e+00
    endloop
  endfacet
  facet normal 3.754262e-01 -7.801445e-02 9.235632e-01
    outer loop
      vertex   -4.932774e+00 6.779942e-01 2.518363e+00
      vertex   -4.781050e+00 6.571402e-01 2.454926e+00
      vertex   -4.794510e+00 1.343359e+00 2.518363e+00
    endloop
  endfacet
  facet normal 9.354446e-01 2.960394e-01 1.931428e-01
    outer loop
      vertex   -4.181645e+00 -1.685354e+00 1.905000e+00
      vertex   -4.389906e+00 -1.027278e+00 1.905000e+00
      vertex   -4.362147e+00 -1.222216e+00 2.069350e+00
    endloop
  endfacet
  facet normal 9.762718e-01 2.028716e-01 7.573906e-02
    outer loop
      vertex   -4.362147e+00 -1.222216e+00 2.069350e+00
      vertex   -4.389906e+00 -1.027278e+00 1.905000e+00
      vertex   -4.487943e+00 -6.168536e-01 2.069350e+00
    endloop
  endfacet
  facet normal 9.048644e-01 1.880330e-01 3.819216e-01
    outer loop
      vertex   -4.362147e+00 -1.222216e+00 2.069350e+00
      vertex   -4.487943e+00 -6.168536e-01 2.069350e+00
      vertex   -4.550789e+00 -6.254916e-01 2.222500e+00
    endloop
  endfacet
  facet normal 9.220402e-01 6.306928e-02 3.819216e-01
    outer loop
      vertex   -4.550789e+00 -6.254916e-01 2.222500e+00
      vertex   -4.487943e+00 -6.168536e-01 2.069350e+00
      vertex   -4.593574e+00 5.625506e-16 2.222500e+00
    endloop
  endfacet
  facet normal 7.921877e-01 5.418713e-02 6.078670e-01
    outer loop
      vertex   -4.550789e+00 -6.254916e-01 2.222500e+00
      vertex   -4.593574e+00 5.625506e-16 2.222500e+00
      vertex   -4.694487e+00 5.749089e-16 2.354013e+00
    endloop
  endfacet
  facet normal 7.921877e-01 -5.418713e-02 6.078670e-01
    outer loop
      vertex   -4.694487e+00 5.749089e-16 2.354013e+00
      vertex   -4.593574e+00 5.625506e-16 2.222500e+00
      vertex   -4.650762e+00 6.392326e-01 2.354013e+00
    endloop
  endfacet
  facet normal 6.082343e-01 -4.160437e-02 7.926664e-01
    outer loop
      vertex   -4.694487e+00 5.749089e-16 2.354013e+00
      vertex   -4.650762e+00 6.392326e-01 2.354013e+00
      vertex   -4.781050e+00 6.571402e-01 2.454926e+00
    endloop
  endfacet
  facet normal 5.969041e-01 -1.240381e-01 7.926664e-01
    outer loop
      vertex   -4.781050e+00 6.571402e-01 2.454926e+00
      vertex   -4.650762e+00 6.392326e-01 2.354013e+00
      vertex   -4.647039e+00 1.302039e+00 2.454926e+00
    endloop
  endfacet
  facet normal 3.754262e-01 -7.801445e-02 9.235632e-01
    outer loop
      vertex   -4.781050e+00 6.571402e-01 2.454926e+00
      vertex   -4.647039e+00 1.302039e+00 2.454926e+00
      vertex   -4.794510e+00 1.343359e+00 2.518363e+00
    endloop
  endfacet
  facet normal 3.613065e-01 -1.284083e-01 9.235632e-01
    outer loop
      vertex   -4.794510e+00 1.343359e+00 2.518363e+00
      vertex   -4.647039e+00 1.302039e+00 2.454926e+00
      vertex   -4.566933e+00 1.983699e+00 2.518363e+00
    endloop
  endfacet
  facet normal 9.675097e-01 1.494410e-01 2.039420e-01
    outer loop
      vertex   -4.389906e+00 -1.027278e+00 1.905000e+00
      vertex   -4.495271e+00 -3.451223e-01 1.905000e+00
      vertex   -4.487943e+00 -6.168536e-01 2.069350e+00
    endloop
  endfacet
  facet normal 9.953468e-01 6.808358e-02 6.818696e-02
    outer loop
      vertex   -4.487943e+00 -6.168536e-01 2.069350e+00
      vertex   -4.495271e+00 -3.451223e-01 1.905000e+00
      vertex   -4.530137e+00 -5.547818e-16 2.069350e+00
    endloop
  endfacet
  facet normal 9.220402e-01 6.306928e-02 3.819216e-01
    outer loop
      vertex   -4.487943e+00 -6.168536e-01 2.069350e+00
      vertex   -4.530137e+00 -5.547818e-16 2.069350e+00
      vertex   -4.593574e+00 5.625506e-16 2.222500e+00
    endloop
  endfacet
  facet normal 9.220402e-01 -6.306928e-02 3.819216e-01
    outer loop
      vertex   -4.593574e+00 5.625506e-16 2.222500e+00
      vertex   -4.530137e+00 -5.547818e-16 2.069350e+00
      vertex   -4.550789e+00 6.254916e-01 2.222500e+00
    endloop
  endfacet
  facet normal 7.921877e-01 -5.418713e-02 6.078670e-01
    outer loop
      vertex   -4.593574e+00 5.625506e-16 2.222500e+00
      vertex   -4.550789e+00 6.254916e-01 2.222500e+00
      vertex   -4.650762e+00 6.392326e-01 2.354013e+00
    endloop
  endfacet
  facet normal 7.774308e-01 -1.615520e-01 6.078670e-01
    outer loop
      vertex   -4.650762e+00 6.392326e-01 2.354013e+00
      vertex   -4.550789e+00 6.254916e-01 2.222500e+00
      vertex   -4.520403e+00 1.266557e+00 2.354013e+00
    endloop
  endfacet
  facet normal 5.969041e-01 -1.240381e-01 7.926664e-01
    outer loop
      vertex   -4.650762e+00 6.392326e-01 2.354013e+00
      vertex   -4.520403e+00 1.266557e+00 2.354013e+00
      vertex   -4.647039e+00 1.302039e+00 2.454926e+00
    endloop
  endfacet
  facet normal 5.744546e-01 -2.041612e-01 7.926664e-01
    outer loop
      vertex   -4.647039e+00 1.302039e+00 2.454926e+00
      vertex   -4.520403e+00 1.266557e+00 2.354013e+00
      vertex   -4.426462e+00 1.922684e+00 2.454926e+00
    endloop
  endfacet
  facet normal 3.613065e-01 -1.284083e-01 9.235632e-01
    outer loop
      vertex   -4.647039e+00 1.302039e+00 2.454926e+00
      vertex   -4.426462e+00 1.922684e+00 2.454926e+00
      vertex   -4.566933e+00 1.983699e+00 2.518363e+00
    endloop
  endfacet
  facet normal 3.404563e-01 -1.764102e-01 9.235632e-01
    outer loop
      vertex   -4.566933e+00 1.983699e+00 2.518363e+00
      vertex   -4.426462e+00 1.922684e+00 2.454926e+00
      vertex   -4.254282e+00 2.587086e+00 2.518363e+00
    endloop
  endfacet
  facet normal 9.782295e-01 -0.000000e+00 2.075258e-01
    outer loop
      vertex   -4.495271e+00 -3.451223e-01 1.905000e+00
      vertex   -4.495271e+00 3.451223e-01 1.905000e+00
      vertex   -4.530137e+00 -5.547818e-16 2.069350e+00
    endloop
  endfacet
  facet normal 9.953468e-01 -6.808358e-02 6.818696e-02
    outer loop
      vertex   -4.530137e+00 -5.547818e-16 2.069350e+00
      vertex   -4.495271e+00 3.451223e-01 1.905000e+00
      vertex   -4.487943e+00 6.168536e-01 2.069350e+00
    endloop
  endfacet
  facet normal 9.220402e-01 -6.306928e-02 3.819216e-01
    outer loop
      vertex   -4.530137e+00 -5.547818e-16 2.069350e+00
      vertex   -4.487943e+00 6.168536e-01 2.069350e+00
      vertex   -4.550789e+00 6.254916e-01 2.222500e+00
    endloop
  endfacet
  facet normal 9.048644e-01 -1.880330e-01 3.819216e-01
    outer loop
      vertex   -4.550789e+00 6.254916e-01 2.222500e+00
      vertex   -4.487943e+00 6.168536e-01 2.069350e+00
      vertex   -4.423232e+00 1.239331e+00 2.222500e+00
    endloop
  endfacet
  facet normal 7.774308e-01 -1.615520e-01 6.078670e-01
    outer loop
      vertex   -4.550789e+00 6.254916e-01 2.222500e+00
      vertex   -4.423232e+00 1.239331e+00 2.222500e+00
      vertex   -4.520403e+00 1.266557e+00 2.354013e+00
    endloop
  endfacet
  facet normal 7.481918e-01 -2.659074e-01 6.078670e-01
    outer loop
      vertex   -4.520403e+00 1.266557e+00 2.354013e+00
      vertex   -4.423232e+00 1.239331e+00 2.222500e+00
      vertex   -4.305837e+00 1.870289e+00 2.354013e+00
    endloop
  endfacet
  facet normal 5.744546e-01 -2.041612e-01 7.926664e-01
    outer loop
      vertex   -4.520403e+00 1.266557e+00 2.354013e+00
      vertex   -4.305837e+00 1.870289e+00 2.354013e+00
      vertex   -4.426462e+00 1.922684e+00 2.454926e+00
    endloop
  endfacet
  facet normal 5.413042e-01 -2.804812e-01 7.926664e-01
    outer loop
      vertex   -4.426462e+00 1.922684e+00 2.454926e+00
      vertex   -4.305837e+00 1.870289e+00 2.354013e+00
      vertex   -4.123428e+00 2.507512e+00 2.454926e+00
    endloop
  endfacet
  facet normal 3.404563e-01 -1.764102e-01 9.235632e-01
    outer loop
      vertex   -4.426462e+00 1.922684e+00 2.454926e+00
      vertex   -4.123428e+00 2.507512e+00 2.454926e+00
      vertex   -4.254282e+00 2.587086e+00 2.518363e+00
    endloop
  endfacet
  facet normal 3.132641e-01 -2.211259e-01 9.235632e-01
    outer loop
      vertex   -4.254282e+00 2.587086e+00 2.518363e+00
      vertex   -4.123428e+00 2.507512e+00 2.454926e+00
      vertex   -3.862383e+00 3.142281e+00 2.518363e+00
    endloop
  endfacet
  facet normal 9.675097e-01 -1.494410e-01 2.039420e-01
    outer loop
      vertex   -4.495271e+00 3.451223e-01 1.905000e+00
      vertex   -4.389906e+00 1.027278e+00 1.905000e+00
      vertex   -4.487943e+00 6.168536e-01 2.069350e+00
    endloop
  endfacet
  facet normal 9.762718e-01 -2.028716e-01 7.573906e-02
    outer loop
      vertex   -4.487943e+00 6.168536e-01 2.069350e+00
      vertex   -4.389906e+00 1.027278e+00 1.905000e+00
      vertex   -4.362147e+00 1.222216e+00 2.069350e+00
    endloop
  endfacet
  facet normal 9.048644e-01 -1.880330e-01 3.819216e-01
    outer loop
      vertex   -4.487943e+00 6.168536e-01 2.069350e+00
      vertex   -4.362147e+00 1.222216e+00 2.069350e+00
      vertex   -4.423232e+00 1.239331e+00 2.222500e+00
    endloop
  endfacet
  facet normal 8.708326e-01 -3.094940e-01 3.819216e-01
    outer loop
      vertex   -4.423232e+00 1.239331e+00 2.222500e+00
      vertex   -4.362147e+00 1.222216e+00 2.069350e+00
      vertex   -4.213278e+00 1.830085e+00 2.222500e+00
    endloop
  endfacet
  facet normal 7.481918e-01 -2.659074e-01 6.078670e-01
    outer loop
      vertex   -4.423232e+00 1.239331e+00 2.222500e+00
      vertex   -4.213278e+00 1.830085e+00 2.222500e+00
      vertex   -4.305837e+00 1.870289e+00 2.354013e+00
    endloop
  endfacet
  facet normal 7.050153e-01 -3.653095e-01 6.078670e-01
    outer loop
      vertex   -4.305837e+00 1.870289e+00 2.354013e+00
      vertex   -4.213278e+00 1.830085e+00 2.222500e+00
      vertex   -4.011061e+00 2.439180e+00 2.354013e+00
    endloop
  endfacet
  facet normal 5.413042e-01 -2.804812e-01 7.926664e-01
    outer loop
      vertex   -4.305837e+00 1.870289e+00 2.354013e+00
      vertex   -4.011061e+00 2.439180e+00 2.354013e+00
      vertex   -4.123428e+00 2.507512e+00 2.454926e+00
    endloop
  endfacet
  facet normal 4.980703e-01 -3.515764e-01 7.926664e-01
    outer loop
      vertex   -4.123428e+00 2.507512e+00 2.454926e+00
      vertex   -4.011061e+00 2.439180e+00 2.354013e+00
      vertex   -3.743583e+00 3.045630e+00 2.454926e+00
    endloop
  endfacet
  facet normal 3.132641e-01 -2.211259e-01 9.235632e-01
    outer loop
      vertex   -4.123428e+00 2.507512e+00 2.454926e+00
      vertex   -3.743583e+00 3.045630e+00 2.454926e+00
      vertex   -3.862383e+00 3.142281e+00 2.518363e+00
    endloop
  endfacet
  facet normal 2.802363e-01 -2.617225e-01 9.235632e-01
    outer loop
      vertex   -3.862383e+00 3.142281e+00 2.518363e+00
      vertex   -3.743583e+00 3.045630e+00 2.454926e+00
      vertex   -3.398534e+00 3.638942e+00 2.518363e+00
    endloop
  endfacet
  facet normal 9.354446e-01 -2.960394e-01 1.931428e-01
    outer loop
      vertex   -4.389906e+00 1.027278e+00 1.905000e+00
      vertex   -4.181645e+00 1.685354e+00 1.905000e+00
      vertex   -4.362147e+00 1.222216e+00 2.069350e+00
    endloop
  endfacet
  facet normal 9.383685e-01 -3.334962e-01 9.080088e-02
    outer loop
      vertex   -4.362147e+00 1.222216e+00 2.069350e+00
      vertex   -4.181645e+00 1.685354e+00 1.905000e+00
      vertex   -4.155093e+00 1.804812e+00 2.069350e+00
    endloop
  endfacet
  facet normal 8.708326e-01 -3.094940e-01 3.819216e-01
    outer loop
      vertex   -4.362147e+00 1.222216e+00 2.069350e+00
      vertex   -4.155093e+00 1.804812e+00 2.069350e+00
      vertex   -4.213278e+00 1.830085e+00 2.222500e+00
    endloop
  endfacet
  facet normal 8.205788e-01 -4.251897e-01 3.819216e-01
    outer loop
      vertex   -4.213278e+00 1.830085e+00 2.222500e+00
      vertex   -4.155093e+00 1.804812e+00 2.069350e+00
      vertex   -3.924839e+00 2.386747e+00 2.222500e+00
    endloop
  endfacet
  facet normal 7.050153e-01 -3.653095e-01 6.078670e-01
    outer loop
      vertex   -4.213278e+00 1.830085e+00 2.222500e+00
      vertex   -3.924839e+00 2.386747e+00 2.222500e+00
      vertex   -4.011061e+00 2.439180e+00 2.354013e+00
    endloop
  endfacet
  facet normal 6.487058e-01 -4.579066e-01 6.078670e-01
    outer loop
      vertex   -4.011061e+00 2.439180e+00 2.354013e+00
      vertex   -3.924839e+00 2.386747e+00 2.222500e+00
      vertex   -3.641567e+00 2.962634e+00 2.354013e+00
    endloop
  endfacet
  facet normal 4.980703e-01 -3.515764e-01 7.926664e-01
    outer loop
      vertex   -4.011061e+00 2.439180e+00 2.354013e+00
      vertex   -3.641567e+00 2.962634e+00 2.354013e+00
      vertex   -3.743583e+00 3.045630e+00 2.454926e+00
    endloop
  endfacet
  facet normal 4.455582e-01 -4.161223e-01 7.926664e-01
    outer loop
      vertex   -3.743583e+00 3.045630e+00 2.454926e+00
      vertex   -3.641567e+00 2.962634e+00 2.354013e+00
      vertex   -3.294001e+00 3.527014e+00 2.454926e+00
    endloop
  endfacet
  facet normal 2.802363e-01 -2.617225e-01 9.235632e-01
    outer loop
      vertex   -3.743583e+00 3.045630e+00 2.454926e+00
      vertex   -3.294001e+00 3.527014e+00 2.454926e+00
      vertex   -3.398534e+00 3.638942e+00 2.518363e+00
    endloop
  endfacet
  facet normal 2.419883e-01 -2.974436e-01 9.235632e-01
    outer loop
      vertex   -3.398534e+00 3.638942e+00 2.518363e+00
      vertex   -3.294001e+00 3.527014e+00 2.454926e+00
      vertex   -2.871378e+00 4.067816e+00 2.518363e+00
    endloop
  endfacet
  facet normal 8.823376e-01 -4.368732e-01 1.749922e-01
    outer loop
      vertex   -4.181645e+00 1.685354e+00 1.905000e+00
      vertex   -3.875370e+00 2.303928e+00 1.905000e+00
      vertex   -4.155093e+00 1.804812e+00 2.069350e+00
    endloop
  endfacet
  facet normal 8.821711e-01 -4.571042e-01 1.132690e-01
    outer loop
      vertex   -4.155093e+00 1.804812e+00 2.069350e+00
      vertex   -3.875370e+00 2.303928e+00 1.905000e+00
      vertex   -3.870637e+00 2.353787e+00 2.069350e+00
    endloop
  endfacet
  facet normal 8.205788e-01 -4.251897e-01 3.819216e-01
    outer loop
      vertex   -4.155093e+00 1.804812e+00 2.069350e+00
      vertex   -3.870637e+00 2.353787e+00 2.069350e+00
      vertex   -3.924839e+00 2.386747e+00 2.222500e+00
    endloop
  endfacet
  facet normal 7.550393e-01 -5.329649e-01 3.819216e-01
    outer loop
      vertex   -3.924839e+00 2.386747e+00 2.222500e+00
      vertex   -3.870637e+00 2.353787e+00 2.069350e+00
      vertex   -3.563287e+00 2.898949e+00 2.222500e+00
    endloop
  endfacet
  facet normal 6.487058e-01 -4.579066e-01 6.078670e-01
    outer loop
      vertex   -3.924839e+00 2.386747e+00 2.222500e+00
      vertex   -3.563287e+00 2.898949e+00 2.222500e+00
      vertex   -3.641567e+00 2.962634e+00 2.354013e+00
    endloop
  endfacet
  facet normal 5.803121e-01 -5.419737e-01 6.078670e-01
    outer loop
      vertex   -3.641567e+00 2.962634e+00 2.354013e+00
      vertex   -3.563287e+00 2.898949e+00 2.222500e+00
      vertex   -3.204237e+00 3.430900e+00 2.354013e+00
    endloop
  endfacet
  facet normal 4.455582e-01 -4.161223e-01 7.926664e-01
    outer loop
      vertex   -3.641567e+00 2.962634e+00 2.354013e+00
      vertex   -3.204237e+00 3.430900e+00 2.354013e+00
      vertex   -3.294001e+00 3.527014e+00 2.454926e+00
    endloop
  endfacet
  facet normal 3.847463e-01 -4.729167e-01 7.926664e-01
    outer loop
      vertex   -3.294001e+00 3.527014e+00 2.454926e+00
      vertex   -3.204237e+00 3.430900e+00 2.354013e+00
      vertex   -2.783059e+00 3.942697e+00 2.454926e+00
    endloop
  endfacet
  facet normal 2.419883e-01 -2.974436e-01 9.235632e-01
    outer loop
      vertex   -3.294001e+00 3.527014e+00 2.454926e+00
      vertex   -2.783059e+00 3.942697e+00 2.454926e+00
      vertex   -2.871378e+00 4.067816e+00 2.518363e+00
    endloop
  endfacet
  facet normal 1.992325e-01 -3.276240e-01 9.235632e-01
    outer loop
      vertex   -2.871378e+00 4.067816e+00 2.518363e+00
      vertex   -2.783059e+00 3.942697e+00 2.454926e+00
      vertex   -2.290733e+00 4.420914e+00 2.518363e+00
    endloop
  endfacet
  facet normal 8.087633e-01 -5.688714e-01 1.492896e-01
    outer loop
      vertex   -3.875370e+00 2.303928e+00 1.905000e+00
      vertex   -3.478259e+00 2.868499e+00 1.905000e+00
      vertex   -3.870637e+00 2.353787e+00 2.069350e+00
    endloop
  endfacet
  facet normal 8.085803e-01 -5.707583e-01 1.429433e-01
    outer loop
      vertex   -3.870637e+00 2.353787e+00 2.069350e+00
      vertex   -3.478259e+00 2.868499e+00 1.905000e+00
      vertex   -3.514078e+00 2.858915e+00 2.069350e+00
    endloop
  endfacet
  facet normal 7.550393e-01 -5.329649e-01 3.819216e-01
    outer loop
      vertex   -3.870637e+00 2.353787e+00 2.069350e+00
      vertex   -3.514078e+00 2.858915e+00 2.069350e+00
      vertex   -3.563287e+00 2.898949e+00 2.222500e+00
    endloop
  endfacet
  facet normal 6.754348e-01 -6.308120e-01 3.819216e-01
    outer loop
      vertex   -3.563287e+00 2.898949e+00 2.222500e+00
      vertex   -3.514078e+00 2.858915e+00 2.069350e+00
      vertex   -3.135358e+00 3.357149e+00 2.222500e+00
    endloop
  endfacet
  facet normal 5.803121e-01 -5.419737e-01 6.078670e-01
    outer loop
      vertex   -3.563287e+00 2.898949e+00 2.222500e+00
      vertex   -3.135358e+00 3.357149e+00 2.222500e+00
      vertex   -3.204237e+00 3.430900e+00 2.354013e+00
    endloop
  endfacet
  facet normal 5.011083e-01 -6.159449e-01 6.078670e-01
    outer loop
      vertex   -3.204237e+00 3.430900e+00 2.354013e+00
      vertex   -3.135358e+00 3.357149e+00 2.222500e+00
      vertex   -2.707218e+00 3.835255e+00 2.354013e+00
    endloop
  endfacet
  facet normal 3.847463e-01 -4.729167e-01 7.926664e-01
    outer loop
      vertex   -3.204237e+00 3.430900e+00 2.354013e+00
      vertex   -2.707218e+00 3.835255e+00 2.354013e+00
      vertex   -2.783059e+00 3.942697e+00 2.454926e+00
    endloop
  endfacet
  facet normal 3.167673e-01 -5.209016e-01 7.926664e-01
    outer loop
      vertex   -2.783059e+00 3.942697e+00 2.454926e+00
      vertex   -2.707218e+00 3.835255e+00 2.354013e+00
      vertex   -2.220274e+00 4.284934e+00 2.454926e+00
    endloop
  endfacet
  facet normal 1.992325e-01 -3.276240e-01 9.235632e-01
    outer loop
      vertex   -2.783059e+00 3.942697e+00 2.454926e+00
      vertex   -2.220274e+00 4.284934e+00 2.454926e+00
      vertex   -2.290733e+00 4.420914e+00 2.518363e+00
    endloop
  endfacet
  facet normal 1.527654e-01 -3.517013e-01 9.235632e-01
    outer loop
      vertex   -2.290733e+00 4.420914e+00 2.518363e+00
      vertex   -2.220274e+00 4.284934e+00 2.454926e+00
      vertex   -1.667416e+00 4.691658e+00 2.518363e+00
    endloop
  endfacet
  facet normal 7.256747e-01 -6.777328e-01 1.186360e-01
    outer loop
      vertex   -3.514078e+00 2.858915e+00 2.069350e+00
      vertex   -3.478259e+00 2.868499e+00 1.905000e+00
      vertex   -3.092059e+00 3.310787e+00 2.069350e+00
    endloop
  endfacet
  facet normal 7.099761e-01 -6.832835e-01 1.704630e-01
    outer loop
      vertex   -3.092059e+00 3.310787e+00 2.069350e+00
      vertex   -3.478259e+00 2.868499e+00 1.905000e+00
      vertex   -2.999621e+00 3.365835e+00 1.905000e+00
    endloop
  endfacet
  facet normal 6.282513e-01 -7.722246e-01 9.470674e-02
    outer loop
      vertex   -3.092059e+00 3.310787e+00 2.069350e+00
      vertex   -2.999621e+00 3.365835e+00 1.905000e+00
      vertex   -2.612441e+00 3.700986e+00 2.069350e+00
    endloop
  endfacet
  facet normal 5.951700e-01 -7.807895e-01 1.901065e-01
    outer loop
      vertex   -2.612441e+00 3.700986e+00 2.069350e+00
      vertex   -2.999621e+00 3.365835e+00 1.905000e+00
      vertex   -2.450674e+00 3.784279e+00 1.905000e+00
    endloop
  endfacet
  facet normal 5.179947e-01 -8.518061e-01 7.815290e-02
    outer loop
      vertex   -2.612441e+00 3.700986e+00 2.069350e+00
      vertex   -2.450674e+00 3.784279e+00 1.905000e+00
      vertex   -2.084158e+00 4.022242e+00 2.069350e+00
    endloop
  endfacet
  facet normal 4.678361e-01 -8.603364e-01 2.023626e-01
    outer loop
      vertex   -2.084158e+00 4.022242e+00 2.069350e+00
      vertex   -2.450674e+00 3.784279e+00 1.905000e+00
      vertex   -1.844286e+00 4.114023e+00 1.905000e+00
    endloop
  endfacet
  facet normal 3.974490e-01 -9.150193e-01 6.909389e-02
    outer loop
      vertex   -2.084158e+00 4.022242e+00 2.069350e+00
      vertex   -1.844286e+00 4.114023e+00 1.905000e+00
      vertex   -1.517051e+00 4.268571e+00 2.069350e+00
    endloop
  endfacet
  facet normal 3.306684e-01 -9.206796e-01 2.073826e-01
    outer loop
      vertex   -1.517051e+00 4.268571e+00 2.069350e+00
      vertex   -1.844286e+00 4.114023e+00 1.905000e+00
      vertex   -1.194669e+00 4.347337e+00 1.905000e+00
    endloop
  endfacet
  facet normal 2.691799e-01 -9.607158e-01 6.758223e-02
    outer loop
      vertex   -1.517051e+00 4.268571e+00 2.069350e+00
      vertex   -1.194669e+00 4.347337e+00 1.905000e+00
      vertex   -9.216836e-01 4.435385e+00 2.069350e+00
    endloop
  endfacet
  facet normal 1.863383e-01 -9.608108e-01 2.052331e-01
    outer loop
      vertex   -9.216836e-01 4.435385e+00 2.069350e+00
      vertex   -1.194669e+00 4.347337e+00 1.905000e+00
      vertex   -5.170502e-01 4.478753e+00 1.905000e+00
    endloop
  endfacet
  facet normal 1.357971e-01 -9.879972e-01 7.362580e-02
    outer loop
      vertex   -9.216836e-01 4.435385e+00 2.069350e+00
      vertex   -5.170502e-01 4.478753e+00 1.905000e+00
      vertex   -3.091475e-01 4.519576e+00 2.069350e+00
    endloop
  endfacet
  facet normal 3.756069e-02 -9.799072e-01 1.958853e-01
    outer loop
      vertex   -3.091475e-01 4.519576e+00 2.069350e+00
      vertex   -5.170502e-01 4.478753e+00 1.905000e+00
      vertex   1.726879e-01 4.505192e+00 1.905000e+00
    endloop
  endfacet
  facet normal 0.000000e+00 -9.961916e-01 8.719158e-02
    outer loop
      vertex   -3.091475e-01 4.519576e+00 2.069350e+00
      vertex   1.726879e-01 4.505192e+00 1.905000e+00
      vertex   3.091475e-01 4.519576e+00 2.069350e+00
    endloop
  endfacet
  facet normal -1.128266e-01 -9.773180e-01 1.792194e-01
    outer loop
      vertex   3.091475e-01 4.519576e+00 2.069350e+00
      vertex   1.726879e-01 4.505192e+00 1.905000e+00
      vertex   8.583783e-01 4.426032e+00 1.905000e+00
    endloop
  endfacet
  facet normal -1.353674e-01 -9.848708e-01 1.081907e-01
    outer loop
      vertex   3.091475e-01 4.519576e+00 2.069350e+00
      vertex   8.583783e-01 4.426032e+00 1.905000e+00
      vertex   9.216836e-01 4.435385e+00 2.069350e+00
    endloop
  endfacet
  facet normal -2.617772e-01 -9.525932e-01 1.550451e-01
    outer loop
      vertex   9.216836e-01 4.435385e+00 2.069350e+00
      vertex   8.583783e-01 4.426032e+00 1.905000e+00
      vertex   1.523949e+00 4.243130e+00 1.905000e+00
    endloop
  endfacet
  facet normal -2.672735e-01 -9.539116e-01 1.364460e-01
    outer loop
      vertex   9.216836e-01 4.435385e+00 2.069350e+00
      vertex   1.523949e+00 4.243130e+00 1.905000e+00
      vertex   1.517051e+00 4.268571e+00 2.069350e+00
    endloop
  endfacet
  facet normal -3.953119e-01 -9.100992e-01 1.242895e-01
    outer loop
      vertex   1.517051e+00 4.268571e+00 2.069350e+00
      vertex   1.523949e+00 4.243130e+00 1.905000e+00
      vertex   2.084158e+00 4.022242e+00 2.069350e+00
    endloop
  endfacet
  facet normal -3.682002e-01 -8.476819e-01 3.819216e-01
    outer loop
      vertex   1.517051e+00 4.268571e+00 2.069350e+00
      vertex   2.084158e+00 4.022242e+00 2.069350e+00
      vertex   2.113343e+00 4.078566e+00 2.222500e+00
    endloop
  endfacet
  facet normal -4.801968e-01 -7.896499e-01 3.819216e-01
    outer loop
      vertex   2.113343e+00 4.078566e+00 2.222500e+00
      vertex   2.084158e+00 4.022242e+00 2.069350e+00
      vertex   2.649024e+00 3.752812e+00 2.222500e+00
    endloop
  endfacet
  facet normal -4.125698e-01 -6.784422e-01 6.078670e-01
    outer loop
      vertex   2.113343e+00 4.078566e+00 2.222500e+00
      vertex   2.649024e+00 3.752812e+00 2.222500e+00
      vertex   2.707218e+00 3.835255e+00 2.354013e+00
    endloop
  endfacet
  facet normal -5.011083e-01 -6.159449e-01 6.078670e-01
    outer loop
      vertex   2.707218e+00 3.835255e+00 2.354013e+00
      vertex   2.649024e+00 3.752812e+00 2.222500e+00
      vertex   3.204237e+00 3.430900e+00 2.354013e+00
    endloop
  endfacet
  facet normal -3.847463e-01 -4.729167e-01 7.926664e-01
    outer loop
      vertex   2.707218e+00 3.835255e+00 2.354013e+00
      vertex   3.204237e+00 3.430900e+00 2.354013e+00
      vertex   3.294001e+00 3.527014e+00 2.454926e+00
    endloop
  endfacet
  facet normal -4.455582e-01 -4.161223e-01 7.926664e-01
    outer loop
      vertex   3.294001e+00 3.527014e+00 2.454926e+00
      vertex   3.204237e+00 3.430900e+00 2.354013e+00
      vertex   3.743583e+00 3.045630e+00 2.454926e+00
    endloop
  endfacet
  facet normal -2.802363e-01 -2.617225e-01 9.235632e-01
    outer loop
      vertex   3.294001e+00 3.527014e+00 2.454926e+00
      vertex   3.743583e+00 3.045630e+00 2.454926e+00
      vertex   3.862383e+00 3.142281e+00 2.518363e+00
    endloop
  endfacet
  facet normal -3.132641e-01 -2.211259e-01 9.235632e-01
    outer loop
      vertex   3.862383e+00 3.142281e+00 2.518363e+00
      vertex   3.743583e+00 3.045630e+00 2.454926e+00
      vertex   4.254282e+00 2.587086e+00 2.518363e+00
    endloop
  endfacet
  facet normal -4.034186e-01 -8.999001e-01 1.656299e-01
    outer loop
      vertex   1.523949e+00 4.243130e+00 1.905000e+00
      vertex   2.153800e+00 3.960772e+00 1.905000e+00
      vertex   2.084158e+00 4.022242e+00 2.069350e+00
    endloop
  endfacet
  facet normal -5.170362e-01 -8.502298e-01 9.890794e-02
    outer loop
      vertex   2.084158e+00 4.022242e+00 2.069350e+00
      vertex   2.153800e+00 3.960772e+00 1.905000e+00
      vertex   2.612441e+00 3.700986e+00 2.069350e+00
    endloop
  endfacet
  facet normal -4.801968e-01 -7.896499e-01 3.819216e-01
    outer loop
      vertex   2.084158e+00 4.022242e+00 2.069350e+00
      vertex   2.612441e+00 3.700986e+00 2.069350e+00
      vertex   2.649024e+00 3.752812e+00 2.222500e+00
    endloop
  endfacet
  facet normal -5.832482e-01 -7.169083e-01 3.819216e-01
    outer loop
      vertex   2.649024e+00 3.752812e+00 2.222500e+00
      vertex   2.612441e+00 3.700986e+00 2.069350e+00
      vertex   3.135358e+00 3.357149e+00 2.222500e+00
    endloop
  endfacet
  facet normal -5.011083e-01 -6.159449e-01 6.078670e-01
    outer loop
      vertex   2.649024e+00 3.752812e+00 2.222500e+00
      vertex   3.135358e+00 3.357149e+00 2.222500e+00
      vertex   3.204237e+00 3.430900e+00 2.354013e+00
    endloop
  endfacet
  facet normal -5.803121e-01 -5.419737e-01 6.078670e-01
    outer loop
      vertex   3.204237e+00 3.430900e+00 2.354013e+00
      vertex   3.135358e+00 3.357149e+00 2.222500e+00
      vertex   3.641567e+00 2.962634e+00 2.354013e+00
    endloop
  endfacet
  facet normal -4.455582e-01 -4.161223e-01 7.926664e-01
    outer loop
      vertex   3.204237e+00 3.430900e+00 2.354013e+00
      vertex   3.641567e+00 2.962634e+00 2.354013e+00
      vertex   3.743583e+00 3.045630e+00 2.454926e+00
    endloop
  endfacet
  facet normal -4.980703e-01 -3.515764e-01 7.926664e-01
    outer loop
      vertex   3.743583e+00 3.045630e+00 2.454926e+00
      vertex   3.641567e+00 2.962634e+00 2.354013e+00
      vertex   4.123428e+00 2.507512e+00 2.454926e+00
    endloop
  endfacet
  facet normal -3.132641e-01 -2.211259e-01 9.235632e-01
    outer loop
      vertex   3.743583e+00 3.045630e+00 2.454926e+00
      vertex   4.123428e+00 2.507512e+00 2.454926e+00
      vertex   4.254282e+00 2.587086e+00 2.518363e+00
    endloop
  endfacet
  facet normal -3.404563e-01 -1.764102e-01 9.235632e-01
    outer loop
      vertex   4.254282e+00 2.587086e+00 2.518363e+00
      vertex   4.123428e+00 2.507512e+00 2.454926e+00
      vertex   4.566933e+00 1.983699e+00 2.518363e+00
    endloop
  endfacet
  facet normal -5.340022e-01 -8.245949e-01 1.867749e-01
    outer loop
      vertex   2.153800e+00 3.960772e+00 1.905000e+00
      vertex   2.733167e+00 3.585578e+00 1.905000e+00
      vertex   2.612441e+00 3.700986e+00 2.069350e+00
    endloop
  endfacet
  facet normal -6.290211e-01 -7.731708e-01 8.086673e-02
    outer loop
      vertex   2.612441e+00 3.700986e+00 2.069350e+00
      vertex   2.733167e+00 3.585578e+00 1.905000e+00
      vertex   3.092059e+00 3.310787e+00 2.069350e+00
    endloop
  endfacet
  facet normal -5.832482e-01 -7.169083e-01 3.819216e-01
    outer loop
      vertex   2.612441e+00 3.700986e+00 2.069350e+00
      vertex   3.092059e+00 3.310787e+00 2.069350e+00
      vertex   3.135358e+00 3.357149e+00 2.222500e+00
    endloop
  endfacet
  facet normal -6.754348e-01 -6.308120e-01 3.819216e-01
    outer loop
      vertex   3.135358e+00 3.357149e+00 2.222500e+00
      vertex   3.092059e+00 3.310787e+00 2.069350e+00
      vertex   3.563287e+00 2.898949e+00 2.222500e+00
    endloop
  endfacet
  facet normal -5.803121e-01 -5.419737e-01 6.078670e-01
    outer loop
      vertex   3.135358e+00 3.357149e+00 2.222500e+00
      vertex   3.563287e+00 2.898949e+00 2.222500e+00
      vertex   3.641567e+00 2.962634e+00 2.354013e+00
    endloop
  endfacet
  facet normal -6.487058e-01 -4.579066e-01 6.078670e-01
    outer loop
      vertex   3.641567e+00 2.962634e+00 2.354013e+00
      vertex   3.563287e+00 2.898949e+00 2.222500e+00
      vertex   4.011061e+00 2.439180e+00 2.354013e+00
    endloop
  endfacet
  facet normal -4.980703e-01 -3.515764e-01 7.926664e-01
    outer loop
      vertex   3.641567e+00 2.962634e+00 2.354013e+00
      vertex   4.011061e+00 2.439180e+00 2.354013e+00
      vertex   4.123428e+00 2.507512e+00 2.454926e+00
    endloop
  endfacet
  facet normal -5.413042e-01 -2.804812e-01 7.926664e-01
    outer loop
      vertex   4.123428e+00 2.507512e+00 2.454926e+00
      vertex   4.011061e+00 2.439180e+00 2.354013e+00
      vertex   4.426462e+00 1.922684e+00 2.454926e+00
    endloop
  endfacet
  facet normal -3.404563e-01 -1.764102e-01 9.235632e-01
    outer loop
      vertex   4.123428e+00 2.507512e+00 2.454926e+00
      vertex   4.426462e+00 1.922684e+00 2.454926e+00
      vertex   4.566933e+00 1.983699e+00 2.518363e+00
    endloop
  endfacet
  facet normal -3.613065e-01 -1.284083e-01 9.235632e-01
    outer loop
      vertex   4.566933e+00 1.983699e+00 2.518363e+00
      vertex   4.426462e+00 1.922684e+00 2.454926e+00
      vertex   4.794510e+00 1.343359e+00 2.518363e+00
    endloop
  endfacet
  facet normal -6.518162e-01 -7.313944e-01 2.004940e-01
    outer loop
      vertex   2.733167e+00 3.585578e+00 1.905000e+00
      vertex   3.248472e+00 3.126340e+00 1.905000e+00
      vertex   3.092059e+00 3.310787e+00 2.069350e+00
    endloop
  endfacet
  facet normal -7.290277e-01 -6.808643e-01 7.030285e-02
    outer loop
      vertex   3.092059e+00 3.310787e+00 2.069350e+00
      vertex   3.248472e+00 3.126340e+00 1.905000e+00
      vertex   3.514078e+00 2.858915e+00 2.069350e+00
    endloop
  endfacet
  facet normal -6.754348e-01 -6.308120e-01 3.819216e-01
    outer loop
      vertex   3.092059e+00 3.310787e+00 2.069350e+00
      vertex   3.514078e+00 2.858915e+00 2.069350e+00
      vertex   3.563287e+00 2.898949e+00 2.222500e+00
    endloop
  endfacet
  facet normal -7.550393e-01 -5.329649e-01 3.819216e-01
    outer loop
      vertex   3.563287e+00 2.898949e+00 2.222500e+00
      vertex   3.514078e+00 2.858915e+00 2.069350e+00
      vertex   3.924839e+00 2.386747e+00 2.222500e+00
    endloop
  endfacet
  facet normal -6.487058e-01 -4.579066e-01 6.078670e-01
    outer loop
      vertex   3.563287e+00 2.898949e+00 2.222500e+00
      vertex   3.924839e+00 2.386747e+00 2.222500e+00
      vertex   4.011061e+00 2.439180e+00 2.354013e+00
    endloop
  endfacet
  facet normal -7.050153e-01 -3.653095e-01 6.078670e-01
    outer loop
      vertex   4.011061e+00 2.439180e+00 2.354013e+00
      vertex   3.924839e+00 2.386747e+00 2.222500e+00
      vertex   4.305837e+00 1.870289e+00 2.354013e+00
    endloop
  endfacet
  facet normal -5.413042e-01 -2.804812e-01 7.926664e-01
    outer loop
      vertex   4.011061e+00 2.439180e+00 2.354013e+00
      vertex   4.305837e+00 1.870289e+00 2.354013e+00
      vertex   4.426462e+00 1.922684e+00 2.454926e+00
    endloop
  endfacet
  facet normal -5.744546e-01 -2.041612e-01 7.926664e-01
    outer loop
      vertex   4.426462e+00 1.922684e+00 2.454926e+00
      vertex   4.305837e+00 1.870289e+00 2.354013e+00
      vertex   4.647039e+00 1.302039e+00 2.454926e+00
    endloop
  endfacet
  facet normal -3.613065e-01 -1.284083e-01 9.235632e-01
    outer loop
      vertex   4.426462e+00 1.922684e+00 2.454926e+00
      vertex   4.647039e+00 1.302039e+00 2.454926e+00
      vertex   4.794510e+00 1.343359e+00 2.518363e+00
    endloop
  endfacet
  facet normal -3.754262e-01 -7.801445e-02 9.235632e-01
    outer loop
      vertex   4.794510e+00 1.343359e+00 2.518363e+00
      vertex   4.647039e+00 1.302039e+00 2.454926e+00
      vertex   4.932774e+00 6.779942e-01 2.518363e+00
    endloop
  endfacet
  facet normal -7.547871e-01 -6.224684e-01 2.069530e-01
    outer loop
      vertex   3.248472e+00 3.126340e+00 1.905000e+00
      vertex   3.687635e+00 2.593824e+00 1.905000e+00
      vertex   3.514078e+00 2.858915e+00 2.069350e+00
    endloop
  endfacet
  facet normal -8.151188e-01 -5.753736e-01 6.727984e-02
    outer loop
      vertex   3.514078e+00 2.858915e+00 2.069350e+00
      vertex   3.687635e+00 2.593824e+00 1.905000e+00
      vertex   3.870637e+00 2.353787e+00 2.069350e+00
    endloop
  endfacet
  facet normal -7.550393e-01 -5.329649e-01 3.819216e-01
    outer loop
      vertex   3.514078e+00 2.858915e+00 2.069350e+00
      vertex   3.870637e+00 2.353787e+00 2.069350e+00
      vertex   3.924839e+00 2.386747e+00 2.222500e+00
    endloop
  endfacet
  facet normal -8.205788e-01 -4.251897e-01 3.819216e-01
    outer loop
      vertex   3.924839e+00 2.386747e+00 2.222500e+00
      vertex   3.870637e+00 2.353787e+00 2.069350e+00
      vertex   4.213278e+00 1.830085e+00 2.222500e+00
    endloop
  endfacet
  facet normal -7.050153e-01 -3.653095e-01 6.078670e-01
    outer loop
      vertex   3.924839e+00 2.386747e+00 2.222500e+00
      vertex   4.213278e+00 1.830085e+00 2.222500e+00
      vertex   4.305837e+00 1.870289e+00 2.354013e+00
    endloop
  endfacet
  facet normal -7.481918e-01 -2.659074e-01 6.078670e-01
    outer loop
      vertex   4.305837e+00 1.870289e+00 2.354013e+00
      vertex   4.213278e+00 1.830085e+00 2.222500e+00
      vertex   4.520403e+00 1.266557e+00 2.354013e+00
    endloop
  endfacet
  facet normal -5.744546e-01 -2.041612e-01 7.926664e-01
    outer loop
      vertex   4.305837e+00 1.870289e+00 2.354013e+00
      vertex   4.520403e+00 1.266557e+00 2.354013e+00
      vertex   4.647039e+00 1.302039e+00 2.454926e+00
    endloop
  endfacet
  facet normal -5.969041e-01 -1.240381e-01 7.926664e-01
    outer loop
      vertex   4.647039e+00 1.302039e+00 2.454926e+00
      vertex   4.520403e+00 1.266557e+00 2.354013e+00
      vertex   4.781050e+00 6.571402e-01 2.454926e+00
    endloop
  endfacet
  facet normal -3.754262e-01 -7.801445e-02 9.235632e-01
    outer loop
      vertex   4.647039e+00 1.302039e+00 2.454926e+00
      vertex   4.781050e+00 6.571402e-01 2.454926e+00
      vertex   4.932774e+00 6.779942e-01 2.518363e+00
    endloop
  endfacet
  facet normal -3.825524e-01 -2.616730e-02 9.235632e-01
    outer loop
      vertex   4.932774e+00 6.779942e-01 2.518363e+00
      vertex   4.781050e+00 6.571402e-01 2.454926e+00
      vertex   4.979150e+00 4.065133e-16 2.518363e+00
    endloop
  endfacet
  facet normal -8.410907e-01 -5.000329e-01 2.062366e-01
    outer loop
      vertex   3.687635e+00 2.593824e+00 1.905000e+00
      vertex   4.040362e+00 2.000511e+00 1.905000e+00
      vertex   3.870637e+00 2.353787e+00 2.069350e+00
    endloop
  endfacet
  facet normal -8.855928e-01 -4.588772e-01 7.181360e-02
    outer loop
      vertex   3.870637e+00 2.353787e+00 2.069350e+00
      vertex   4.040362e+00 2.000511e+00 1.905000e+00
      vertex   4.155093e+00 1.804812e+00 2.069350e+00
    endloop
  endfacet
  facet normal -8.205788e-01 -4.251897e-01 3.819216e-01
    outer loop
      vertex   3.870637e+00 2.353787e+00 2.069350e+00
      vertex   4.155093e+00 1.804812e+00 2.069350e+00
      vertex   4.213278e+00 1.830085e+00 2.222500e+00
    endloop
  endfacet
  facet normal -8.708326e-01 -3.094940e-01 3.819216e-01
    outer loop
      vertex   4.213278e+00 1.830085e+00 2.222500e+00
      vertex   4.155093e+00 1.804812e+00 2.069350e+00
      vertex   4.423232e+00 1.239331e+00 2.222500e+00
    endloop
  endfacet
  facet normal -7.481918e-01 -2.659074e-01 6.078670e-01
    outer loop
      vertex   4.213278e+00 1.830085e+00 2.222500e+00
      vertex   4.423232e+00 1.239331e+00 2.222500e+00
      vertex   4.520403e+00 1.266557e+00 2.354013e+00
    endloop
  endfacet
  facet normal -7.774308e-01 -1.615520e-01 6.078670e-01
    outer loop
      vertex   4.520403e+00 1.266557e+00 2.354013e+00
      vertex   4.423232e+00 1.239331e+00 2.222500e+00
      vertex   4.650762e+00 6.392326e-01 2.354013e+00
    endloop
  endfacet
  facet normal -5.969041e-01 -1.240381e-01 7.926664e-01
    outer loop
      vertex   4.520403e+00 1.266557e+00 2.354013e+00
      vertex   4.650762e+00 6.392326e-01 2.354013e+00
      vertex   4.781050e+00 6.571402e-01 2.454926e+00
    endloop
  endfacet
  facet normal -6.082343e-01 -4.160437e-02 7.926664e-01
    outer loop
      vertex   4.781050e+00 6.571402e-01 2.454926e+00
      vertex   4.650762e+00 6.392326e-01 2.354013e+00
      vertex   4.826000e+00 1.970048e-16 2.454926e+00
    endloop
  endfacet
  facet normal -3.825524e-01 -2.616730e-02 9.235632e-01
    outer loop
      vertex   4.781050e+00 6.571402e-01 2.454926e+00
      vertex   4.826000e+00 1.970048e-16 2.454926e+00
      vertex   4.979150e+00 4.065133e-16 2.518363e+00
    endloop
  endfacet
  facet normal -9.090769e-01 -3.663909e-01 1.983353e-01
    outer loop
      vertex   4.040362e+00 2.000511e+00 1.905000e+00
      vertex   4.298388e+00 1.360307e+00 1.905000e+00
      vertex   4.155093e+00 1.804812e+00 2.069350e+00
    endloop
  endfacet
  facet normal -9.389403e-01 -3.336995e-01 8.387989e-02
    outer loop
      vertex   4.155093e+00 1.804812e+00 2.069350e+00
      vertex   4.298388e+00 1.360307e+00 1.905000e+00
      vertex   4.362147e+00 1.222216e+00 2.069350e+00
    endloop
  endfacet
  facet normal -8.708326e-01 -3.094940e-01 3.819216e-01
    outer loop
      vertex   4.155093e+00 1.804812e+00 2.069350e+00
      vertex   4.362147e+00 1.222216e+00 2.069350e+00
      vertex   4.423232e+00 1.239331e+00 2.222500e+00
    endloop
  endfacet
  facet normal -9.048644e-01 -1.880330e-01 3.819216e-01
    outer loop
      vertex   4.423232e+00 1.239331e+00 2.222500e+00
      vertex   4.362147e+00 1.222216e+00 2.069350e+00
      vertex   4.550789e+00 6.254916e-01 2.222500e+00
    endloop
  endfacet
  facet normal -7.774308e-01 -1.615520e-01 6.078670e-01
    outer loop
      vertex   4.423232e+00 1.239331e+00 2.222500e+00
      vertex   4.550789e+00 6.254916e-01 2.222500e+00
      vertex   4.650762e+00 6.392326e-01 2.354013e+00
    endloop
  endfacet
  facet normal -7.921877e-01 -5.418713e-02 6.078670e-01
    outer loop
      vertex   4.650762e+00 6.392326e-01 2.354013e+00
      vertex   4.550789e+00 6.254916e-01 2.222500e+00
      vertex   4.694487e+00 6.654363e-31 2.354013e+00
    endloop
  endfacet
  facet normal -6.082343e-01 -4.160437e-02 7.926664e-01
    outer loop
      vertex   4.650762e+00 6.392326e-01 2.354013e+00
      vertex   4.694487e+00 6.654363e-31 2.354013e+00
      vertex   4.826000e+00 1.970048e-16 2.454926e+00
    endloop
  endfacet
  facet normal -9.572260e-01 -2.239995e-01 1.831464e-01
    outer loop
      vertex   4.298388e+00 1.360307e+00 1.905000e+00
      vertex   4.455662e+00 6.882193e-01 1.905000e+00
      vertex   4.362147e+00 1.222216e+00 2.069350e+00
    endloop
  endfacet
  facet normal -9.738357e-01 -2.023654e-01 1.034031e-01
    outer loop
      vertex   4.362147e+00 1.222216e+00 2.069350e+00
      vertex   4.455662e+00 6.882193e-01 1.905000e+00
      vertex   4.487943e+00 6.168536e-01 2.069350e+00
    endloop
  endfacet
  facet normal -9.048644e-01 -1.880330e-01 3.819216e-01
    outer loop
      vertex   4.362147e+00 1.222216e+00 2.069350e+00
      vertex   4.487943e+00 6.168536e-01 2.069350e+00
      vertex   4.550789e+00 6.254916e-01 2.222500e+00
    endloop
  endfacet
  facet normal -9.220402e-01 -6.306928e-02 3.819216e-01
    outer loop
      vertex   4.550789e+00 6.254916e-01 2.222500e+00
      vertex   4.487943e+00 6.168536e-01 2.069350e+00
      vertex   4.593574e+00 -1.875169e-16 2.222500e+00
    endloop
  endfacet
  facet normal -7.921877e-01 -5.418713e-02 6.078670e-01
    outer loop
      vertex   4.550789e+00 6.254916e-01 2.222500e+00
      vertex   4.593574e+00 -1.875169e-16 2.222500e+00
      vertex   4.694487e+00 6.654363e-31 2.354013e+00
    endloop
  endfacet
  facet normal -9.841411e-01 -7.555696e-02 1.604913e-01
    outer loop
      vertex   4.455662e+00 6.882193e-01 1.905000e+00
      vertex   4.508500e+00 -5.521320e-16 1.905000e+00
      vertex   4.487943e+00 6.168536e-01 2.069350e+00
    endloop
  endfacet
  facet normal -9.891728e-01 -6.766127e-02 1.302271e-01
    outer loop
      vertex   4.487943e+00 6.168536e-01 2.069350e+00
      vertex   4.508500e+00 -5.521320e-16 1.905000e+00
      vertex   4.530137e+00 -3.698545e-16 2.069350e+00
    endloop
  endfacet
  facet normal -9.220402e-01 -6.306928e-02 3.819216e-01
    outer loop
      vertex   4.487943e+00 6.168536e-01 2.069350e+00
      vertex   4.530137e+00 -3.698545e-16 2.069350e+00
      vertex   4.593574e+00 -1.875169e-16 2.222500e+00
    endloop
  endfacet
  facet normal -2.802363e-01 -2.617225e-01 9.235632e-01
    outer loop
      vertex   3.862383e+00 3.142281e+00 2.518363e+00
      vertex   3.398534e+00 3.638942e+00 2.518363e+00
      vertex   3.294001e+00 3.527014e+00 2.454926e+00
    endloop
  endfacet
  facet normal -2.419883e-01 -2.974436e-01 9.235632e-01
    outer loop
      vertex   3.294001e+00 3.527014e+00 2.454926e+00
      vertex   3.398534e+00 3.638942e+00 2.518363e+00
      vertex   2.783059e+00 3.942697e+00 2.454926e+00
    endloop
  endfacet
  facet normal -3.847463e-01 -4.729167e-01 7.926664e-01
    outer loop
      vertex   3.294001e+00 3.527014e+00 2.454926e+00
      vertex   2.783059e+00 3.942697e+00 2.454926e+00
      vertex   2.707218e+00 3.835255e+00 2.354013e+00
    endloop
  endfacet
  facet normal -3.167673e-01 -5.209016e-01 7.926664e-01
    outer loop
      vertex   2.707218e+00 3.835255e+00 2.354013e+00
      vertex   2.783059e+00 3.942697e+00 2.454926e+00
      vertex   2.159769e+00 4.168166e+00 2.354013e+00
    endloop
  endfacet
  facet normal -4.125698e-01 -6.784422e-01 6.078670e-01
    outer loop
      vertex   2.707218e+00 3.835255e+00 2.354013e+00
      vertex   2.159769e+00 4.168166e+00 2.354013e+00
      vertex   2.113343e+00 4.078566e+00 2.222500e+00
    endloop
  endfacet
  facet normal -3.163459e-01 -7.283014e-01 6.078670e-01
    outer loop
      vertex   2.113343e+00 4.078566e+00 2.222500e+00
      vertex   2.159769e+00 4.168166e+00 2.354013e+00
      vertex   1.538294e+00 4.328345e+00 2.222500e+00
    endloop
  endfacet
  facet normal -3.682002e-01 -8.476819e-01 3.819216e-01
    outer loop
      vertex   2.113343e+00 4.078566e+00 2.222500e+00
      vertex   1.538294e+00 4.328345e+00 2.222500e+00
      vertex   1.517051e+00 4.268571e+00 2.069350e+00
    endloop
  endfacet
  facet normal -2.493448e-01 -8.899231e-01 3.819216e-01
    outer loop
      vertex   1.517051e+00 4.268571e+00 2.069350e+00
      vertex   1.538294e+00 4.328345e+00 2.222500e+00
      vertex   9.216836e-01 4.435385e+00 2.069350e+00
    endloop
  endfacet
  facet normal -2.419883e-01 -2.974436e-01 9.235632e-01
    outer loop
      vertex   3.398534e+00 3.638942e+00 2.518363e+00
      vertex   2.871378e+00 4.067816e+00 2.518363e+00
      vertex   2.783059e+00 3.942697e+00 2.454926e+00
    endloop
  endfacet
  facet normal -1.992325e-01 -3.276240e-01 9.235632e-01
    outer loop
      vertex   2.783059e+00 3.942697e+00 2.454926e+00
      vertex   2.871378e+00 4.067816e+00 2.518363e+00
      vertex   2.220274e+00 4.284934e+00 2.454926e+00
    endloop
  endfacet
  facet normal -3.167673e-01 -5.209016e-01 7.926664e-01
    outer loop
      vertex   2.783059e+00 3.942697e+00 2.454926e+00
      vertex   2.220274e+00 4.284934e+00 2.454926e+00
      vertex   2.159769e+00 4.168166e+00 2.354013e+00
    endloop
  endfacet
  facet normal -2.428875e-01 -5.591830e-01 7.926664e-01
    outer loop
      vertex   2.159769e+00 4.168166e+00 2.354013e+00
      vertex   2.220274e+00 4.284934e+00 2.454926e+00
      vertex   1.572088e+00 4.423432e+00 2.354013e+00
    endloop
  endfacet
  facet normal -3.163459e-01 -7.283014e-01 6.078670e-01
    outer loop
      vertex   2.159769e+00 4.168166e+00 2.354013e+00
      vertex   1.572088e+00 4.423432e+00 2.354013e+00
      vertex   1.538294e+00 4.328345e+00 2.222500e+00
    endloop
  endfacet
  facet normal -2.142291e-01 -7.645937e-01 6.078670e-01
    outer loop
      vertex   1.538294e+00 4.328345e+00 2.222500e+00
      vertex   1.572088e+00 4.423432e+00 2.354013e+00
      vertex   9.345902e-01 4.497495e+00 2.222500e+00
    endloop
  endfacet
  facet normal -2.493448e-01 -8.899231e-01 3.819216e-01
    outer loop
      vertex   1.538294e+00 4.328345e+00 2.222500e+00
      vertex   9.345902e-01 4.497495e+00 2.222500e+00
      vertex   9.216836e-01 4.435385e+00 2.069350e+00
    endloop
  endfacet
  facet normal -1.258445e-01 -9.155867e-01 3.819216e-01
    outer loop
      vertex   9.216836e-01 4.435385e+00 2.069350e+00
      vertex   9.345902e-01 4.497495e+00 2.222500e+00
      vertex   3.091475e-01 4.519576e+00 2.069350e+00
    endloop
  endfacet
  facet normal -1.992325e-01 -3.276240e-01 9.235632e-01
    outer loop
      vertex   2.871378e+00 4.067816e+00 2.518363e+00
      vertex   2.290733e+00 4.420914e+00 2.518363e+00
      vertex   2.220274e+00 4.284934e+00 2.454926e+00
    endloop
  endfacet
  facet normal -1.527654e-01 -3.517013e-01 9.235632e-01
    outer loop
      vertex   2.220274e+00 4.284934e+00 2.454926e+00
      vertex   2.290733e+00 4.420914e+00 2.518363e+00
      vertex   1.616129e+00 4.547351e+00 2.454926e+00
    endloop
  endfacet
  facet normal -2.428875e-01 -5.591830e-01 7.926664e-01
    outer loop
      vertex   2.220274e+00 4.284934e+00 2.454926e+00
      vertex   1.616129e+00 4.547351e+00 2.454926e+00
      vertex   1.572088e+00 4.423432e+00 2.354013e+00
    endloop
  endfacet
  facet normal -1.644831e-01 -5.870479e-01 7.926664e-01
    outer loop
      vertex   1.572088e+00 4.423432e+00 2.354013e+00
      vertex   1.616129e+00 4.547351e+00 2.454926e+00
      vertex   9.551216e-01 4.596298e+00 2.354013e+00
    endloop
  endfacet
  facet normal -2.142291e-01 -7.645937e-01 6.078670e-01
    outer loop
      vertex   1.572088e+00 4.423432e+00 2.354013e+00
      vertex   9.551216e-01 4.596298e+00 2.354013e+00
      vertex   9.345902e-01 4.497495e+00 2.222500e+00
    endloop
  endfacet
  facet normal -1.081216e-01 -7.866431e-01 6.078670e-01
    outer loop
      vertex   9.345902e-01 4.497495e+00 2.222500e+00
      vertex   9.551216e-01 4.596298e+00 2.354013e+00
      vertex   3.134766e-01 4.582865e+00 2.222500e+00
    endloop
  endfacet
  facet normal -1.258445e-01 -9.155867e-01 3.819216e-01
    outer loop
      vertex   9.345902e-01 4.497495e+00 2.222500e+00
      vertex   3.134766e-01 4.582865e+00 2.222500e+00
      vertex   3.091475e-01 4.519576e+00 2.069350e+00
    endloop
  endfacet
  facet normal 0.000000e+00 -9.241947e-01 3.819216e-01
    outer loop
      vertex   3.091475e-01 4.519576e+00 2.069350e+00
      vertex   3.134766e-01 4.582865e+00 2.222500e+00
      vertex   -3.091475e-01 4.519576e+00 2.069350e+00
    endloop
  endfacet
  facet normal -1.527654e-01 -3.517013e-01 9.235632e-01
    outer loop
      vertex   2.290733e+00 4.420914e+00 2.518363e+00
      vertex   1.667416e+00 4.691658e+00 2.518363e+00
      vertex   1.616129e+00 4.547351e+00 2.454926e+00
    endloop
  endfacet
  facet normal -1.034526e-01 -3.692271e-01 9.235632e-01
    outer loop
      vertex   1.616129e+00 4.547351e+00 2.454926e+00
      vertex   1.667416e+00 4.691658e+00 2.518363e+00
      vertex   9.818787e-01 4.725060e+00 2.454926e+00
    endloop
  endfacet
  facet normal -1.644831e-01 -5.870479e-01 7.926664e-01
    outer loop
      vertex   1.616129e+00 4.547351e+00 2.454926e+00
      vertex   9.818787e-01 4.725060e+00 2.454926e+00
      vertex   9.551216e-01 4.596298e+00 2.354013e+00
    endloop
  endfacet
  facet normal -8.301476e-02 -6.039772e-01 7.926664e-01
    outer loop
      vertex   9.551216e-01 4.596298e+00 2.354013e+00
      vertex   9.818787e-01 4.725060e+00 2.454926e+00
      vertex   3.203631e-01 4.683543e+00 2.354013e+00
    endloop
  endfacet
  facet normal -1.081216e-01 -7.866431e-01 6.078670e-01
    outer loop
      vertex   9.551216e-01 4.596298e+00 2.354013e+00
      vertex   3.203631e-01 4.683543e+00 2.354013e+00
      vertex   3.134766e-01 4.582865e+00 2.222500e+00
    endloop
  endfacet
  facet normal 0.000000e+00 -7.940388e-01 6.078670e-01
    outer loop
      vertex   3.134766e-01 4.582865e+00 2.222500e+00
      vertex   3.203631e-01 4.683543e+00 2.354013e+00
      vertex   -3.134766e-01 4.582865e+00 2.222500e+00
    endloop
  endfacet
  facet normal 0.000000e+00 -9.241947e-01 3.819216e-01
    outer loop
      vertex   3.134766e-01 4.582865e+00 2.222500e+00
      vertex   -3.134766e-01 4.582865e+00 2.222500e+00
      vertex   -3.091475e-01 4.519576e+00 2.069350e+00
    endloop
  endfacet
  facet normal 1.258445e-01 -9.155867e-01 3.819216e-01
    outer loop
      vertex   -3.091475e-01 4.519576e+00 2.069350e+00
      vertex   -3.134766e-01 4.582865e+00 2.222500e+00
      vertex   -9.216836e-01 4.435385e+00 2.069350e+00
    endloop
  endfacet
  facet normal -1.034526e-01 -3.692271e-01 9.235632e-01
    outer loop
      vertex   1.667416e+00 4.691658e+00 2.518363e+00
      vertex   1.013038e+00 4.875006e+00 2.518363e+00
      vertex   9.818787e-01 4.725060e+00 2.454926e+00
    endloop
  endfacet
  facet normal -5.221260e-02 -3.798749e-01 9.235632e-01
    outer loop
      vertex   9.818787e-01 4.725060e+00 2.454926e+00
      vertex   1.013038e+00 4.875006e+00 2.518363e+00
      vertex   3.293379e-01 4.814749e+00 2.454926e+00
    endloop
  endfacet
  facet normal -8.301476e-02 -6.039772e-01 7.926664e-01
    outer loop
      vertex   9.818787e-01 4.725060e+00 2.454926e+00
      vertex   3.293379e-01 4.814749e+00 2.454926e+00
      vertex   3.203631e-01 4.683543e+00 2.354013e+00
    endloop
  endfacet
  facet normal 0.000000e+00 -6.096556e-01 7.926664e-01
    outer loop
      vertex   3.203631e-01 4.683543e+00 2.354013e+00
      vertex   3.293379e-01 4.814749e+00 2.454926e+00
      vertex   -3.203631e-01 4.683543e+00 2.354013e+00
    endloop
  endfacet
  facet normal 0.000000e+00 -7.940388e-01 6.078670e-01
    outer loop
      vertex   3.203631e-01 4.683543e+00 2.354013e+00
      vertex   -3.203631e-01 4.683543e+00 2.354013e+00
      vertex   -3.134766e-01 4.582865e+00 2.222500e+00
    endloop
  endfacet
  facet normal 1.081216e-01 -7.866431e-01 6.078670e-01
    outer loop
      vertex   -3.134766e-01 4.582865e+00 2.222500e+00
      vertex   -3.203631e-01 4.683543e+00 2.354013e+00
      vertex   -9.345902e-01 4.497495e+00 2.222500e+00
    endloop
  endfacet
  facet normal 1.258445e-01 -9.155867e-01 3.819216e-01
    outer loop
      vertex   -3.134766e-01 4.582865e+00 2.222500e+00
      vertex   -9.345902e-01 4.497495e+00 2.222500e+00
      vertex   -9.216836e-01 4.435385e+00 2.069350e+00
    endloop
  endfacet
  facet normal 2.493448e-01 -8.899231e-01 3.819216e-01
    outer loop
      vertex   -9.216836e-01 4.435385e+00 2.069350e+00
      vertex   -9.345902e-01 4.497495e+00 2.222500e+00
      vertex   -1.517051e+00 4.268571e+00 2.069350e+00
    endloop
  endfacet
  facet normal -5.221260e-02 -3.798749e-01 9.235632e-01
    outer loop
      vertex   1.013038e+00 4.875006e+00 2.518363e+00
      vertex   3.397892e-01 4.967542e+00 2.518363e+00
      vertex   3.293379e-01 4.814749e+00 2.454926e+00
    endloop
  endfacet
  facet normal 0.000000e+00 -3.834463e-01 9.235632e-01
    outer loop
      vertex   3.293379e-01 4.814749e+00 2.454926e+00
      vertex   3.397892e-01 4.967542e+00 2.518363e+00
      vertex   -3.293379e-01 4.814749e+00 2.454926e+00
    endloop
  endfacet
  facet normal 0.000000e+00 -6.096556e-01 7.926664e-01
    outer loop
      vertex   3.293379e-01 4.814749e+00 2.454926e+00
      vertex   -3.293379e-01 4.814749e+00 2.454926e+00
      vertex   -3.203631e-01 4.683543e+00 2.354013e+00
    endloop
  endfacet
  facet normal 8.301476e-02 -6.039772e-01 7.926664e-01
    outer loop
      vertex   -3.203631e-01 4.683543e+00 2.354013e+00
      vertex   -3.293379e-01 4.814749e+00 2.454926e+00
      vertex   -9.551216e-01 4.596298e+00 2.354013e+00
    endloop
  endfacet
  facet normal 1.081216e-01 -7.866431e-01 6.078670e-01
    outer loop
      vertex   -3.203631e-01 4.683543e+00 2.354013e+00
      vertex   -9.551216e-01 4.596298e+00 2.354013e+00
      vertex   -9.345902e-01 4.497495e+00 2.222500e+00
    endloop
  endfacet
  facet normal 2.142291e-01 -7.645937e-01 6.078670e-01
    outer loop
      vertex   -9.345902e-01 4.497495e+00 2.222500e+00
      vertex   -9.551216e-01 4.596298e+00 2.354013e+00
      vertex   -1.538294e+00 4.328345e+00 2.222500e+00
    endloop
  endfacet
  facet normal 2.493448e-01 -8.899231e-01 3.819216e-01
    outer loop
      vertex   -9.345902e-01 4.497495e+00 2.222500e+00
      vertex   -1.538294e+00 4.328345e+00 2.222500e+00
      vertex   -1.517051e+00 4.268571e+00 2.069350e+00
    endloop
  endfacet
  facet normal 3.682002e-01 -8.476819e-01 3.819216e-01
    outer loop
      vertex   -1.517051e+00 4.268571e+00 2.069350e+00
      vertex   -1.538294e+00 4.328345e+00 2.222500e+00
      vertex   -2.084158e+00 4.022242e+00 2.069350e+00
    endloop
  endfacet
  facet normal 0.000000e+00 -3.834463e-01 9.235632e-01
    outer loop
      vertex   3.397892e-01 4.967542e+00 2.518363e+00
      vertex   -3.397892e-01 4.967542e+00 2.518363e+00
      vertex   -3.293379e-01 4.814749e+00 2.454926e+00
    endloop
  endfacet
  facet normal 5.221260e-02 -3.798749e-01 9.235632e-01
    outer loop
      vertex   -3.293379e-01 4.814749e+00 2.454926e+00
      vertex   -3.397892e-01 4.967542e+00 2.518363e+00
      vertex   -9.818787e-01 4.725060e+00 2.454926e+00
    endloop
  endfacet
  facet normal 8.301476e-02 -6.039772e-01 7.926664e-01
    outer loop
      vertex   -3.293379e-01 4.814749e+00 2.454926e+00
      vertex   -9.818787e-01 4.725060e+00 2.454926e+00
      vertex   -9.551216e-01 4.596298e+00 2.354013e+00
    endloop
  endfacet
  facet normal 1.644831e-01 -5.870479e-01 7.926664e-01
    outer loop
      vertex   -9.551216e-01 4.596298e+00 2.354013e+00
      vertex   -9.818787e-01 4.725060e+00 2.454926e+00
      vertex   -1.572088e+00 4.423432e+00 2.354013e+00
    endloop
  endfacet
  facet normal 2.142291e-01 -7.645937e-01 6.078670e-01
    outer loop
      vertex   -9.551216e-01 4.596298e+00 2.354013e+00
      vertex   -1.572088e+00 4.423432e+00 2.354013e+00
      vertex   -1.538294e+00 4.328345e+00 2.222500e+00
    endloop
  endfacet
  facet normal 3.163459e-01 -7.283014e-01 6.078670e-01
    outer loop
      vertex   -1.538294e+00 4.328345e+00 2.222500e+00
      vertex   -1.572088e+00 4.423432e+00 2.354013e+00
      vertex   -2.113343e+00 4.078566e+00 2.222500e+00
    endloop
  endfacet
  facet normal 3.682002e-01 -8.476819e-01 3.819216e-01
    outer loop
      vertex   -1.538294e+00 4.328345e+00 2.222500e+00
      vertex   -2.113343e+00 4.078566e+00 2.222500e+00
      vertex   -2.084158e+00 4.022242e+00 2.069350e+00
    endloop
  endfacet
  facet normal 4.801968e-01 -7.896499e-01 3.819216e-01
    outer loop
      vertex   -2.084158e+00 4.022242e+00 2.069350e+00
      vertex   -2.113343e+00 4.078566e+00 2.222500e+00
      vertex   -2.612441e+00 3.700986e+00 2.069350e+00
    endloop
  endfacet
  facet normal 5.221260e-02 -3.798749e-01 9.235632e-01
    outer loop
      vertex   -3.397892e-01 4.967542e+00 2.518363e+00
      vertex   -1.013038e+00 4.875006e+00 2.518363e+00
      vertex   -9.818787e-01 4.725060e+00 2.454926e+00
    endloop
  endfacet
  facet normal 1.034526e-01 -3.692271e-01 9.235632e-01
    outer loop
      vertex   -9.818787e-01 4.725060e+00 2.454926e+00
      vertex   -1.013038e+00 4.875006e+00 2.518363e+00
      vertex   -1.616129e+00 4.547351e+00 2.454926e+00
    endloop
  endfacet
  facet normal 1.644831e-01 -5.870479e-01 7.926664e-01
    outer loop
      vertex   -9.818787e-01 4.725060e+00 2.454926e+00
      vertex   -1.616129e+00 4.547351e+00 2.454926e+00
      vertex   -1.572088e+00 4.423432e+00 2.354013e+00
    endloop
  endfacet
  facet normal 2.428875e-01 -5.591830e-01 7.926664e-01
    outer loop
      vertex   -1.572088e+00 4.423432e+00 2.354013e+00
      vertex   -1.616129e+00 4.547351e+00 2.454926e+00
      vertex   -2.159769e+00 4.168166e+00 2.354013e+00
    endloop
  endfacet
  facet normal 3.163459e-01 -7.283014e-01 6.078670e-01
    outer loop
      vertex   -1.572088e+00 4.423432e+00 2.354013e+00
      vertex   -2.159769e+00 4.168166e+00 2.354013e+00
      vertex   -2.113343e+00 4.078566e+00 2.222500e+00
    endloop
  endfacet
  facet normal 4.125698e-01 -6.784422e-01 6.078670e-01
    outer loop
      vertex   -2.113343e+00 4.078566e+00 2.222500e+00
      vertex   -2.159769e+00 4.168166e+00 2.354013e+00
      vertex   -2.649024e+00 3.752812e+00 2.222500e+00
    endloop
  endfacet
  facet normal 4.801968e-01 -7.896499e-01 3.819216e-01
    outer loop
      vertex   -2.113343e+00 4.078566e+00 2.222500e+00
      vertex   -2.649024e+00 3.752812e+00 2.222500e+00
      vertex   -2.612441e+00 3.700986e+00 2.069350e+00
    endloop
  endfacet
  facet normal 5.832482e-01 -7.169083e-01 3.819216e-01
    outer loop
      vertex   -2.612441e+00 3.700986e+00 2.069350e+00
      vertex   -2.649024e+00 3.752812e+00 2.222500e+00
      vertex   -3.092059e+00 3.310787e+00 2.069350e+00
    endloop
  endfacet
  facet normal 1.034526e-01 -3.692271e-01 9.235632e-01
    outer loop
      vertex   -1.013038e+00 4.875006e+00 2.518363e+00
      vertex   -1.667416e+00 4.691658e+00 2.518363e+00
      vertex   -1.616129e+00 4.547351e+00 2.454926e+00
    endloop
  endfacet
  facet normal 1.527654e-01 -3.517013e-01 9.235632e-01
    outer loop
      vertex   -1.616129e+00 4.547351e+00 2.454926e+00
      vertex   -1.667416e+00 4.691658e+00 2.518363e+00
      vertex   -2.220274e+00 4.284934e+00 2.454926e+00
    endloop
  endfacet
  facet normal 2.428875e-01 -5.591830e-01 7.926664e-01
    outer loop
      vertex   -1.616129e+00 4.547351e+00 2.454926e+00
      vertex   -2.220274e+00 4.284934e+00 2.454926e+00
      vertex   -2.159769e+00 4.168166e+00 2.354013e+00
    endloop
  endfacet
  facet normal 3.167673e-01 -5.209016e-01 7.926664e-01
    outer loop
      vertex   -2.159769e+00 4.168166e+00 2.354013e+00
      vertex   -2.220274e+00 4.284934e+00 2.454926e+00
      vertex   -2.707218e+00 3.835255e+00 2.354013e+00
    endloop
  endfacet
  facet normal 4.125698e-01 -6.784422e-01 6.078670e-01
    outer loop
      vertex   -2.159769e+00 4.168166e+00 2.354013e+00
      vertex   -2.707218e+00 3.835255e+00 2.354013e+00
      vertex   -2.649024e+00 3.752812e+00 2.222500e+00
    endloop
  endfacet
  facet normal 5.011083e-01 -6.159449e-01 6.078670e-01
    outer loop
      vertex   -2.649024e+00 3.752812e+00 2.222500e+00
      vertex   -2.707218e+00 3.835255e+00 2.354013e+00
      vertex   -3.135358e+00 3.357149e+00 2.222500e+00
    endloop
  endfacet
  facet normal 5.832482e-01 -7.169083e-01 3.819216e-01
    outer loop
      vertex   -2.649024e+00 3.752812e+00 2.222500e+00
      vertex   -3.135358e+00 3.357149e+00 2.222500e+00
      vertex   -3.092059e+00 3.310787e+00 2.069350e+00
    endloop
  endfacet
  facet normal 6.754348e-01 -6.308120e-01 3.819216e-01
    outer loop
      vertex   -3.092059e+00 3.310787e+00 2.069350e+00
      vertex   -3.135358e+00 3.357149e+00 2.222500e+00
      vertex   -3.514078e+00 2.858915e+00 2.069350e+00
    endloop
  endfacet
  facet normal -1.992325e-01 3.276240e-01 9.235632e-01
    outer loop
      vertex   2.220274e+00 -4.284934e+00 2.454926e+00
      vertex   2.290733e+00 -4.420914e+00 2.518363e+00
      vertex   2.783059e+00 -3.942697e+00 2.454926e+00
    endloop
  endfacet
  facet normal -1.992325e-01 3.276240e-01 9.235632e-01
    outer loop
      vertex   2.783059e+00 -3.942697e+00 2.454926e+00
      vertex   2.290733e+00 -4.420914e+00 2.518363e+00
      vertex   2.871378e+00 -4.067816e+00 2.518363e+00
    endloop
  endfacet
  facet normal -2.419883e-01 2.974436e-01 9.235632e-01
    outer loop
      vertex   2.783059e+00 -3.942697e+00 2.454926e+00
      vertex   2.871378e+00 -4.067816e+00 2.518363e+00
      vertex   3.294001e+00 -3.527014e+00 2.454926e+00
    endloop
  endfacet
  facet normal -2.419883e-01 2.974436e-01 9.235632e-01
    outer loop
      vertex   3.294001e+00 -3.527014e+00 2.454926e+00
      vertex   2.871378e+00 -4.067816e+00 2.518363e+00
      vertex   3.398534e+00 -3.638942e+00 2.518363e+00
    endloop
  endfacet
  facet normal -2.802363e-01 2.617225e-01 9.235632e-01
    outer loop
      vertex   3.294001e+00 -3.527014e+00 2.454926e+00
      vertex   3.398534e+00 -3.638942e+00 2.518363e+00
      vertex   3.743583e+00 -3.045630e+00 2.454926e+00
    endloop
  endfacet
  facet normal -2.802363e-01 2.617225e-01 9.235632e-01
    outer loop
      vertex   3.743583e+00 -3.045630e+00 2.454926e+00
      vertex   3.398534e+00 -3.638942e+00 2.518363e+00
      vertex   3.862383e+00 -3.142281e+00 2.518363e+00
    endloop
  endfacet
  facet normal -3.132641e-01 2.211259e-01 9.235632e-01
    outer loop
      vertex   3.743583e+00 -3.045630e+00 2.454926e+00
      vertex   3.862383e+00 -3.142281e+00 2.518363e+00
      vertex   4.123428e+00 -2.507512e+00 2.454926e+00
    endloop
  endfacet
  facet normal -3.132641e-01 2.211259e-01 9.235632e-01
    outer loop
      vertex   4.123428e+00 -2.507512e+00 2.454926e+00
      vertex   3.862383e+00 -3.142281e+00 2.518363e+00
      vertex   4.254282e+00 -2.587086e+00 2.518363e+00
    endloop
  endfacet
  facet normal -3.404563e-01 1.764102e-01 9.235632e-01
    outer loop
      vertex   4.123428e+00 -2.507512e+00 2.454926e+00
      vertex   4.254282e+00 -2.587086e+00 2.518363e+00
      vertex   4.426462e+00 -1.922684e+00 2.454926e+00
    endloop
  endfacet
  facet normal -3.404563e-01 1.764102e-01 9.235632e-01
    outer loop
      vertex   4.426462e+00 -1.922684e+00 2.454926e+00
      vertex   4.254282e+00 -2.587086e+00 2.518363e+00
      vertex   4.566933e+00 -1.983699e+00 2.518363e+00
    endloop
  endfacet
  facet normal -3.613065e-01 1.284083e-01 9.235632e-01
    outer loop
      vertex   4.426462e+00 -1.922684e+00 2.454926e+00
      vertex   4.566933e+00 -1.983699e+00 2.518363e+00
      vertex   4.647039e+00 -1.302039e+00 2.454926e+00
    endloop
  endfacet
  facet normal -3.613065e-01 1.284083e-01 9.235632e-01
    outer loop
      vertex   4.647039e+00 -1.302039e+00 2.454926e+00
      vertex   4.566933e+00 -1.983699e+00 2.518363e+00
      vertex   4.794510e+00 -1.343359e+00 2.518363e+00
    endloop
  endfacet
  facet normal -3.754262e-01 7.801445e-02 9.235632e-01
    outer loop
      vertex   4.647039e+00 -1.302039e+00 2.454926e+00
      vertex   4.794510e+00 -1.343359e+00 2.518363e+00
      vertex   4.781050e+00 -6.571402e-01 2.454926e+00
    endloop
  endfacet
  facet normal -3.754262e-01 7.801445e-02 9.235632e-01
    outer loop
      vertex   4.781050e+00 -6.571402e-01 2.454926e+00
      vertex   4.794510e+00 -1.343359e+00 2.518363e+00
      vertex   4.932774e+00 -6.779942e-01 2.518363e+00
    endloop
  endfacet
  facet normal -3.167673e-01 5.209016e-01 7.926664e-01
    outer loop
      vertex   2.159769e+00 -4.168166e+00 2.354013e+00
      vertex   2.220274e+00 -4.284934e+00 2.454926e+00
      vertex   2.707218e+00 -3.835255e+00 2.354013e+00
    endloop
  endfacet
  facet normal -3.167673e-01 5.209016e-01 7.926664e-01
    outer loop
      vertex   2.707218e+00 -3.835255e+00 2.354013e+00
      vertex   2.220274e+00 -4.284934e+00 2.454926e+00
      vertex   2.783059e+00 -3.942697e+00 2.454926e+00
    endloop
  endfacet
  facet normal -3.847463e-01 4.729167e-01 7.926664e-01
    outer loop
      vertex   2.707218e+00 -3.835255e+00 2.354013e+00
      vertex   2.783059e+00 -3.942697e+00 2.454926e+00
      vertex   3.204237e+00 -3.430900e+00 2.354013e+00
    endloop
  endfacet
  facet normal -3.847463e-01 4.729167e-01 7.926664e-01
    outer loop
      vertex   3.204237e+00 -3.430900e+00 2.354013e+00
      vertex   2.783059e+00 -3.942697e+00 2.454926e+00
      vertex   3.294001e+00 -3.527014e+00 2.454926e+00
    endloop
  endfacet
  facet normal -4.455582e-01 4.161223e-01 7.926664e-01
    outer loop
      vertex   3.204237e+00 -3.430900e+00 2.354013e+00
      vertex   3.294001e+00 -3.527014e+00 2.454926e+00
      vertex   3.641567e+00 -2.962634e+00 2.354013e+00
    endloop
  endfacet
  facet normal -4.455582e-01 4.161223e-01 7.926664e-01
    outer loop
      vertex   3.641567e+00 -2.962634e+00 2.354013e+00
      vertex   3.294001e+00 -3.527014e+00 2.454926e+00
      vertex   3.743583e+00 -3.045630e+00 2.454926e+00
    endloop
  endfacet
  facet normal -4.980703e-01 3.515764e-01 7.926664e-01
    outer loop
      vertex   3.641567e+00 -2.962634e+00 2.354013e+00
      vertex   3.743583e+00 -3.045630e+00 2.454926e+00
      vertex   4.011061e+00 -2.439180e+00 2.354013e+00
    endloop
  endfacet
  facet normal -4.980703e-01 3.515764e-01 7.926664e-01
    outer loop
      vertex   4.011061e+00 -2.439180e+00 2.354013e+00
      vertex   3.743583e+00 -3.045630e+00 2.454926e+00
      vertex   4.123428e+00 -2.507512e+00 2.454926e+00
    endloop
  endfacet
  facet normal -5.413042e-01 2.804812e-01 7.926664e-01
    outer loop
      vertex   4.011061e+00 -2.439180e+00 2.354013e+00
      vertex   4.123428e+00 -2.507512e+00 2.454926e+00
      vertex   4.305837e+00 -1.870289e+00 2.354013e+00
    endloop
  endfacet
  facet normal -5.413042e-01 2.804812e-01 7.926664e-01
    outer loop
      vertex   4.305837e+00 -1.870289e+00 2.354013e+00
      vertex   4.123428e+00 -2.507512e+00 2.454926e+00
      vertex   4.426462e+00 -1.922684e+00 2.454926e+00
    endloop
  endfacet
  facet normal -5.744546e-01 2.041612e-01 7.926664e-01
    outer loop
      vertex   4.305837e+00 -1.870289e+00 2.354013e+00
      vertex   4.426462e+00 -1.922684e+00 2.454926e+00
      vertex   4.520403e+00 -1.266557e+00 2.354013e+00
    endloop
  endfacet
  facet normal -5.744546e-01 2.041612e-01 7.926664e-01
    outer loop
      vertex   4.520403e+00 -1.266557e+00 2.354013e+00
      vertex   4.426462e+00 -1.922684e+00 2.454926e+00
      vertex   4.647039e+00 -1.302039e+00 2.454926e+00
    endloop
  endfacet
  facet normal -5.969041e-01 1.240381e-01 7.926664e-01
    outer loop
      vertex   4.520403e+00 -1.266557e+00 2.354013e+00
      vertex   4.647039e+00 -1.302039e+00 2.454926e+00
      vertex   4.650762e+00 -6.392326e-01 2.354013e+00
    endloop
  endfacet
  facet normal -5.969041e-01 1.240381e-01 7.926664e-01
    outer loop
      vertex   4.650762e+00 -6.392326e-01 2.354013e+00
      vertex   4.647039e+00 -1.302039e+00 2.454926e+00
      vertex   4.781050e+00 -6.571402e-01 2.454926e+00
    endloop
  endfacet
  facet normal -4.801968e-01 7.896499e-01 3.819216e-01
    outer loop
      vertex   2.612441e+00 -3.700986e+00 2.069350e+00
      vertex   2.084158e+00 -4.022242e+00 2.069350e+00
      vertex   2.113343e+00 -4.078566e+00 2.222500e+00
    endloop
  endfacet
  facet normal -4.125698e-01 6.784422e-01 6.078670e-01
    outer loop
      vertex   2.113343e+00 -4.078566e+00 2.222500e+00
      vertex   2.159769e+00 -4.168166e+00 2.354013e+00
      vertex   2.649024e+00 -3.752812e+00 2.222500e+00
    endloop
  endfacet
  facet normal -4.125698e-01 6.784422e-01 6.078670e-01
    outer loop
      vertex   2.649024e+00 -3.752812e+00 2.222500e+00
      vertex   2.159769e+00 -4.168166e+00 2.354013e+00
      vertex   2.707218e+00 -3.835255e+00 2.354013e+00
    endloop
  endfacet
  facet normal -5.011083e-01 6.159449e-01 6.078670e-01
    outer loop
      vertex   2.649024e+00 -3.752812e+00 2.222500e+00
      vertex   2.707218e+00 -3.835255e+00 2.354013e+00
      vertex   3.135358e+00 -3.357149e+00 2.222500e+00
    endloop
  endfacet
  facet normal -5.011083e-01 6.159449e-01 6.078670e-01
    outer loop
      vertex   3.135358e+00 -3.357149e+00 2.222500e+00
      vertex   2.707218e+00 -3.835255e+00 2.354013e+00
      vertex   3.204237e+00 -3.430900e+00 2.354013e+00
    endloop
  endfacet
  facet normal -5.803121e-01 5.419737e-01 6.078670e-01
    outer loop
      vertex   3.135358e+00 -3.357149e+00 2.222500e+00
      vertex   3.204237e+00 -3.430900e+00 2.354013e+00
      vertex   3.563287e+00 -2.898949e+00 2.222500e+00
    endloop
  endfacet
  facet normal -5.803121e-01 5.419737e-01 6.078670e-01
    outer loop
      vertex   3.563287e+00 -2.898949e+00 2.222500e+00
      vertex   3.204237e+00 -3.430900e+00 2.354013e+00
      vertex   3.641567e+00 -2.962634e+00 2.354013e+00
    endloop
  endfacet
  facet normal -6.487058e-01 4.579066e-01 6.078670e-01
    outer loop
      vertex   3.563287e+00 -2.898949e+00 2.222500e+00
      vertex   3.641567e+00 -2.962634e+00 2.354013e+00
      vertex   3.924839e+00 -2.386747e+00 2.222500e+00
    endloop
  endfacet
  facet normal -6.487058e-01 4.579066e-01 6.078670e-01
    outer loop
      vertex   3.924839e+00 -2.386747e+00 2.222500e+00
      vertex   3.641567e+00 -2.962634e+00 2.354013e+00
      vertex   4.011061e+00 -2.439180e+00 2.354013e+00
    endloop
  endfacet
  facet normal -7.050153e-01 3.653095e-01 6.078670e-01
    outer loop
      vertex   3.924839e+00 -2.386747e+00 2.222500e+00
      vertex   4.011061e+00 -2.439180e+00 2.354013e+00
      vertex   4.213278e+00 -1.830085e+00 2.222500e+00
    endloop
  endfacet
  facet normal -7.050153e-01 3.653095e-01 6.078670e-01
    outer loop
      vertex   4.213278e+00 -1.830085e+00 2.222500e+00
      vertex   4.011061e+00 -2.439180e+00 2.354013e+00
      vertex   4.305837e+00 -1.870289e+00 2.354013e+00
    endloop
  endfacet
  facet normal -7.481918e-01 2.659074e-01 6.078670e-01
    outer loop
      vertex   4.213278e+00 -1.830085e+00 2.222500e+00
      vertex   4.305837e+00 -1.870289e+00 2.354013e+00
      vertex   4.423232e+00 -1.239331e+00 2.222500e+00
    endloop
  endfacet
  facet normal -7.481918e-01 2.659074e-01 6.078670e-01
    outer loop
      vertex   4.423232e+00 -1.239331e+00 2.222500e+00
      vertex   4.305837e+00 -1.870289e+00 2.354013e+00
      vertex   4.520403e+00 -1.266557e+00 2.354013e+00
    endloop
  endfacet
  facet normal -7.774308e-01 1.615520e-01 6.078670e-01
    outer loop
      vertex   4.423232e+00 -1.239331e+00 2.222500e+00
      vertex   4.520403e+00 -1.266557e+00 2.354013e+00
      vertex   4.550789e+00 -6.254916e-01 2.222500e+00
    endloop
  endfacet
  facet normal -7.774308e-01 1.615520e-01 6.078670e-01
    outer loop
      vertex   4.550789e+00 -6.254916e-01 2.222500e+00
      vertex   4.520403e+00 -1.266557e+00 2.354013e+00
      vertex   4.650762e+00 -6.392326e-01 2.354013e+00
    endloop
  endfacet
  facet normal -5.832482e-01 7.169083e-01 3.819216e-01
    outer loop
      vertex   3.092059e+00 -3.310787e+00 2.069350e+00
      vertex   2.612441e+00 -3.700986e+00 2.069350e+00
      vertex   2.649024e+00 -3.752812e+00 2.222500e+00
    endloop
  endfacet
  facet normal -4.801968e-01 7.896499e-01 3.819216e-01
    outer loop
      vertex   2.649024e+00 -3.752812e+00 2.222500e+00
      vertex   2.612441e+00 -3.700986e+00 2.069350e+00
      vertex   2.113343e+00 -4.078566e+00 2.222500e+00
    endloop
  endfacet
  facet normal -5.832482e-01 7.169083e-01 3.819216e-01
    outer loop
      vertex   3.092059e+00 -3.310787e+00 2.069350e+00
      vertex   2.649024e+00 -3.752812e+00 2.222500e+00
      vertex   3.135358e+00 -3.357149e+00 2.222500e+00
    endloop
  endfacet
  facet normal -6.754348e-01 6.308120e-01 3.819216e-01
    outer loop
      vertex   3.514078e+00 -2.858915e+00 2.069350e+00
      vertex   3.092059e+00 -3.310787e+00 2.069350e+00
      vertex   3.135358e+00 -3.357149e+00 2.222500e+00
    endloop
  endfacet
  facet normal -6.754348e-01 6.308120e-01 3.819216e-01
    outer loop
      vertex   3.514078e+00 -2.858915e+00 2.069350e+00
      vertex   3.135358e+00 -3.357149e+00 2.222500e+00
      vertex   3.563287e+00 -2.898949e+00 2.222500e+00
    endloop
  endfacet
  facet normal -7.550393e-01 5.329649e-01 3.819216e-01
    outer loop
      vertex   3.870637e+00 -2.353787e+00 2.069350e+00
      vertex   3.514078e+00 -2.858915e+00 2.069350e+00
      vertex   3.563287e+00 -2.898949e+00 2.222500e+00
    endloop
  endfacet
  facet normal -7.550393e-01 5.329649e-01 3.819216e-01
    outer loop
      vertex   3.870637e+00 -2.353787e+00 2.069350e+00
      vertex   3.563287e+00 -2.898949e+00 2.222500e+00
      vertex   3.924839e+00 -2.386747e+00 2.222500e+00
    endloop
  endfacet
  facet normal -8.205788e-01 4.251897e-01 3.819216e-01
    outer loop
      vertex   4.155093e+00 -1.804812e+00 2.069350e+00
      vertex   3.870637e+00 -2.353787e+00 2.069350e+00
      vertex   3.924839e+00 -2.386747e+00 2.222500e+00
    endloop
  endfacet
  facet normal -8.205788e-01 4.251897e-01 3.819216e-01
    outer loop
      vertex   4.155093e+00 -1.804812e+00 2.069350e+00
      vertex   3.924839e+00 -2.386747e+00 2.222500e+00
      vertex   4.213278e+00 -1.830085e+00 2.222500e+00
    endloop
  endfacet
  facet normal -8.708326e-01 3.094940e-01 3.819216e-01
    outer loop
      vertex   4.362147e+00 -1.222216e+00 2.069350e+00
      vertex   4.155093e+00 -1.804812e+00 2.069350e+00
      vertex   4.213278e+00 -1.830085e+00 2.222500e+00
    endloop
  endfacet
  facet normal -8.708326e-01 3.094940e-01 3.819216e-01
    outer loop
      vertex   4.362147e+00 -1.222216e+00 2.069350e+00
      vertex   4.213278e+00 -1.830085e+00 2.222500e+00
      vertex   4.423232e+00 -1.239331e+00 2.222500e+00
    endloop
  endfacet
  facet normal -9.048644e-01 1.880330e-01 3.819216e-01
    outer loop
      vertex   4.487943e+00 -6.168536e-01 2.069350e+00
      vertex   4.362147e+00 -1.222216e+00 2.069350e+00
      vertex   4.423232e+00 -1.239331e+00 2.222500e+00
    endloop
  endfacet
  facet normal -9.048644e-01 1.880330e-01 3.819216e-01
    outer loop
      vertex   4.487943e+00 -6.168536e-01 2.069350e+00
      vertex   4.423232e+00 -1.239331e+00 2.222500e+00
      vertex   4.550789e+00 -6.254916e-01 2.222500e+00
    endloop
  endfacet
  facet normal 0.000000e+00 0.000000e+00 1.000000e+00
    outer loop
      vertex   -9.555292e+00 -2.300901e-01 2.540000e+00
      vertex   -8.351708e+00 -2.300901e-01 2.540000e+00
      vertex   -9.525000e+00 -1.606379e-11 2.540000e+00
    endloop
  endfacet
  facet normal 0.000000e+00 0.000000e+00 1.000000e+00
    outer loop
      vertex   -9.525000e+00 -1.606379e-11 2.540000e+00
      vertex   -8.351708e+00 -2.300901e-01 2.540000e+00
      vertex   -8.382000e+00 -1.606426e-11 2.540000e+00
    endloop
  endfacet
  facet normal -0.000000e+00 -0.000000e+00 1.000000e+00
    outer loop
      vertex   -9.525000e+00 -1.606379e-11 2.540000e+00
      vertex   -8.382000e+00 -1.606426e-11 2.540000e+00
      vertex   -9.555292e+00 2.300901e-01 2.540000e+00
    endloop
  endfacet
  facet normal 0.000000e+00 0.000000e+00 1.000000e+00
    outer loop
      vertex   -9.555292e+00 2.300901e-01 2.540000e+00
      vertex   -8.382000e+00 -1.606426e-11 2.540000e+00
      vertex   -8.351708e+00 2.300901e-01 2.540000e+00
    endloop
  endfacet
  facet normal -0.000000e+00 -0.000000e+00 1.000000e+00
    outer loop
      vertex   -9.555292e+00 2.300901e-01 2.540000e+00
      vertex   -8.351708e+00 2.300901e-01 2.540000e+00
      vertex   -9.644103e+00 4.445000e-01 2.540000e+00
    endloop
  endfacet
  facet normal 0.000000e+00 0.000000e+00 1.000000e+00
    outer loop
      vertex   -9.644103e+00 4.445000e-01 2.540000e+00
      vertex   -8.351708e+00 2.300901e-01 2.540000e+00
      vertex   -8.262897e+00 4.445000e-01 2.540000e+00
    endloop
  endfacet
  facet normal -0.000000e+00 -0.000000e+00 1.000000e+00
    outer loop
      vertex   -9.644103e+00 4.445000e-01 2.540000e+00
      vertex   -8.262897e+00 4.445000e-01 2.540000e+00
      vertex   -9.785382e+00 6.286179e-01 2.540000e+00
    endloop
  endfacet
  facet normal 0.000000e+00 0.000000e+00 1.000000e+00
    outer loop
      vertex   -9.785382e+00 6.286179e-01 2.540000e+00
      vertex   -8.262897e+00 4.445000e-01 2.540000e+00
      vertex   -8.121618e+00 6.286179e-01 2.540000e+00
    endloop
  endfacet
  facet normal -0.000000e+00 -0.000000e+00 1.000000e+00
    outer loop
      vertex   -9.785382e+00 6.286179e-01 2.540000e+00
      vertex   -8.121618e+00 6.286179e-01 2.540000e+00
      vertex   -9.969500e+00 7.698966e-01 2.540000e+00
    endloop
  endfacet
  facet normal 0.000000e+00 0.000000e+00 1.000000e+00
    outer loop
      vertex   -9.969500e+00 7.698966e-01 2.540000e+00
      vertex   -8.121618e+00 6.286179e-01 2.540000e+00
      vertex   -7.937500e+00 7.698966e-01 2.540000e+00
    endloop
  endfacet
  facet normal -0.000000e+00 0.000000e+00 1.000000e+00
    outer loop
      vertex   -9.969500e+00 7.698966e-01 2.540000e+00
      vertex   -7.937500e+00 7.698966e-01 2.540000e+00
      vertex   -9.080500e+00 3.810000e+00 2.540000e+00
    endloop
  endfacet
  facet normal 0.000000e+00 0.000000e+00 1.000000e+00
    outer loop
      vertex   -9.080500e+00 3.810000e+00 2.540000e+00
      vertex   -7.937500e+00 7.698966e-01 2.540000e+00
      vertex   -7.723090e+00 8.587081e-01 2.540000e+00
    endloop
  endfacet
  facet normal 0.000000e+00 0.000000e+00 1.000000e+00
    outer loop
      vertex   -9.080500e+00 3.810000e+00 2.540000e+00
      vertex   -7.723090e+00 8.587081e-01 2.540000e+00
      vertex   -7.493000e+00 8.890000e-01 2.540000e+00
    endloop
  endfacet
  facet normal 0.000000e+00 0.000000e+00 1.000000e+00
    outer loop
      vertex   -8.351708e+00 -2.300901e-01 2.540000e+00
      vertex   -9.555292e+00 -2.300901e-01 2.540000e+00
      vertex   -8.262897e+00 -4.445000e-01 2.540000e+00
    endloop
  endfacet
  facet normal 0.000000e+00 0.000000e+00 1.000000e+00
    outer loop
      vertex   -8.262897e+00 -4.445000e-01 2.540000e+00
      vertex   -9.555292e+00 -2.300901e-01 2.540000e+00
      vertex   -9.644103e+00 -4.445000e-01 2.540000e+00
    endloop
  endfacet
  facet normal 0.000000e+00 0.000000e+00 1.000000e+00
    outer loop
      vertex   -8.262897e+00 -4.445000e-01 2.540000e+00
      vertex   -9.644103e+00 -4.445000e-01 2.540000e+00
      vertex   -8.121618e+00 -6.286179e-01 2.540000e+00
    endloop
  endfacet
  facet normal 0.000000e+00 0.000000e+00 1.000000e+00
    outer loop
      vertex   -8.121618e+00 -6.286179e-01 2.540000e+00
      vertex   -9.644103e+00 -4.445000e-01 2.540000e+00
      vertex   -9.785382e+00 -6.286179e-01 2.540000e+00
    endloop
  endfacet
  facet normal 0.000000e+00 0.000000e+00 1.000000e+00
    outer loop
      vertex   -8.121618e+00 -6.286179e-01 2.540000e+00
      vertex   -9.785382e+00 -6.286179e-01 2.540000e+00
      vertex   -7.937500e+00 -7.698966e-01 2.540000e+00
    endloop
  endfacet
  facet normal 0.000000e+00 0.000000e+00 1.000000e+00
    outer loop
      vertex   -7.937500e+00 -7.698966e-01 2.540000e+00
      vertex   -9.785382e+00 -6.286179e-01 2.540000e+00
      vertex   -9.969500e+00 -7.698966e-01 2.540000e+00
    endloop
  endfacet
  facet normal 0.000000e+00 0.000000e+00 1.000000e+00
    outer loop
      vertex   -7.937500e+00 -7.698966e-01 2.540000e+00
      vertex   -9.969500e+00 -7.698966e-01 2.540000e+00
      vertex   -9.080500e+00 -3.810000e+00 2.540000e+00
    endloop
  endfacet
  facet normal 0.000000e+00 0.000000e+00 1.000000e+00
    outer loop
      vertex   -9.080500e+00 -3.810000e+00 2.540000e+00
      vertex   -9.969500e+00 -7.698966e-01 2.540000e+00
      vertex   -1.018391e+01 -8.587081e-01 2.540000e+00
    endloop
  endfacet
  facet normal 0.000000e+00 0.000000e+00 1.000000e+00
    outer loop
      vertex   -9.080500e+00 -3.810000e+00 2.540000e+00
      vertex   -1.018391e+01 -8.587081e-01 2.540000e+00
      vertex   -1.041400e+01 -8.890000e-01 2.540000e+00
    endloop
  endfacet
  facet normal 0.000000e+00 0.000000e+00 1.000000e+00
    outer loop
      vertex   -1.041400e+01 -8.890000e-01 2.540000e+00
      vertex   -1.064409e+01 -8.587081e-01 2.540000e+00
      vertex   -9.080500e+00 -3.810000e+00 2.540000e+00
    endloop
  endfacet
  facet normal 0.000000e+00 0.000000e+00 1.000000e+00
    outer loop
      vertex   -9.080500e+00 -3.810000e+00 2.540000e+00
      vertex   -1.064409e+01 -8.587081e-01 2.540000e+00
      vertex   -1.085850e+01 -7.698966e-01 2.540000e+00
    endloop
  endfacet
  facet normal 0.000000e+00 0.000000e+00 1.000000e+00
    outer loop
      vertex   -9.080500e+00 -3.810000e+00 2.540000e+00
      vertex   -1.085850e+01 -7.698966e-01 2.540000e+00
      vertex   -1.289050e+01 -7.698966e-01 2.540000e+00
    endloop
  endfacet
  facet normal 0.000000e+00 0.000000e+00 1.000000e+00
    outer loop
      vertex   -1.289050e+01 -7.698966e-01 2.540000e+00
      vertex   -1.085850e+01 -7.698966e-01 2.540000e+00
      vertex   -1.270638e+01 -6.286179e-01 2.540000e+00
    endloop
  endfacet
  facet normal 0.000000e+00 0.000000e+00 1.000000e+00
    outer loop
      vertex   -1.270638e+01 -6.286179e-01 2.540000e+00
      vertex   -1.085850e+01 -7.698966e-01 2.540000e+00
      vertex   -1.104262e+01 -6.286179e-01 2.540000e+00
    endloop
  endfacet
  facet normal -0.000000e+00 0.000000e+00 1.000000e+00
    outer loop
      vertex   -1.270638e+01 -6.286179e-01 2.540000e+00
      vertex   -1.104262e+01 -6.286179e-01 2.540000e+00
      vertex   -1.256510e+01 -4.445000e-01 2.540000e+00
    endloop
  endfacet
  facet normal -0.000000e+00 0.000000e+00 1.000000e+00
    outer loop
      vertex   -1.256510e+01 -4.445000e-01 2.540000e+00
      vertex   -1.104262e+01 -6.286179e-01 2.540000e+00
      vertex   -1.118390e+01 -4.445000e-01 2.540000e+00
    endloop
  endfacet
  facet normal 0.000000e+00 0.000000e+00 1.000000e+00
    outer loop
      vertex   -1.256510e+01 -4.445000e-01 2.540000e+00
      vertex   -1.118390e+01 -4.445000e-01 2.540000e+00
      vertex   -1.247629e+01 -2.300901e-01 2.540000e+00
    endloop
  endfacet
  facet normal -0.000000e+00 0.000000e+00 1.000000e+00
    outer loop
      vertex   -1.247629e+01 -2.300901e-01 2.540000e+00
      vertex   -1.118390e+01 -4.445000e-01 2.540000e+00
      vertex   -1.127271e+01 -2.300901e-01 2.540000e+00
    endloop
  endfacet
  facet normal 0.000000e+00 0.000000e+00 1.000000e+00
    outer loop
      vertex   -1.247629e+01 -2.300901e-01 2.540000e+00
      vertex   -1.127271e+01 -2.300901e-01 2.540000e+00
      vertex   -1.244600e+01 -1.606343e-11 2.540000e+00
    endloop
  endfacet
  facet normal 0.000000e+00 0.000000e+00 1.000000e+00
    outer loop
      vertex   -1.244600e+01 -1.606343e-11 2.540000e+00
      vertex   -1.127271e+01 -2.300901e-01 2.540000e+00
      vertex   -1.130300e+01 -1.606390e-11 2.540000e+00
    endloop
  endfacet
  facet normal -0.000000e+00 -0.000000e+00 1.000000e+00
    outer loop
      vertex   -1.244600e+01 -1.606343e-11 2.540000e+00
      vertex   -1.130300e+01 -1.606390e-11 2.540000e+00
      vertex   -1.247629e+01 2.300901e-01 2.540000e+00
    endloop
  endfacet
  facet normal 0.000000e+00 0.000000e+00 1.000000e+00
    outer loop
      vertex   -1.247629e+01 2.300901e-01 2.540000e+00
      vertex   -1.130300e+01 -1.606390e-11 2.540000e+00
      vertex   -1.127271e+01 2.300901e-01 2.540000e+00
    endloop
  endfacet
  facet normal -0.000000e+00 -0.000000e+00 1.000000e+00
    outer loop
      vertex   -1.247629e+01 2.300901e-01 2.540000e+00
      vertex   -1.127271e+01 2.300901e-01 2.540000e+00
      vertex   -1.256510e+01 4.445000e-01 2.540000e+00
    endloop
  endfacet
  facet normal 0.000000e+00 0.000000e+00 1.000000e+00
    outer loop
      vertex   -1.256510e+01 4.445000e-01 2.540000e+00
      vertex   -1.127271e+01 2.300901e-01 2.540000e+00
      vertex   -1.118390e+01 4.445000e-01 2.540000e+00
    endloop
  endfacet
  facet normal -0.000000e+00 -0.000000e+00 1.000000e+00
    outer loop
      vertex   -1.256510e+01 4.445000e-01 2.540000e+00
      vertex   -1.118390e+01 4.445000e-01 2.540000e+00
      vertex   -1.270638e+01 6.286179e-01 2.540000e+00
    endloop
  endfacet
  facet normal 0.000000e+00 0.000000e+00 1.000000e+00
    outer loop
      vertex   -1.270638e+01 6.286179e-01 2.540000e+00
      vertex   -1.118390e+01 4.445000e-01 2.540000e+00
      vertex   -1.104262e+01 6.286179e-01 2.540000e+00
    endloop
  endfacet
  facet normal -0.000000e+00 -0.000000e+00 1.000000e+00
    outer loop
      vertex   -1.270638e+01 6.286179e-01 2.540000e+00
      vertex   -1.104262e+01 6.286179e-01 2.540000e+00
      vertex   -1.289050e+01 7.698966e-01 2.540000e+00
    endloop
  endfacet
  facet normal 0.000000e+00 0.000000e+00 1.000000e+00
    outer loop
      vertex   -1.289050e+01 7.698966e-01 2.540000e+00
      vertex   -1.104262e+01 6.286179e-01 2.540000e+00
      vertex   -1.085850e+01 7.698966e-01 2.540000e+00
    endloop
  endfacet
  facet normal -0.000000e+00 0.000000e+00 1.000000e+00
    outer loop
      vertex   -1.289050e+01 7.698966e-01 2.540000e+00
      vertex   -1.085850e+01 7.698966e-01 2.540000e+00
      vertex   -9.080500e+00 3.810000e+00 2.540000e+00
    endloop
  endfacet
  facet normal 0.000000e+00 0.000000e+00 1.000000e+00
    outer loop
      vertex   -9.080500e+00 3.810000e+00 2.540000e+00
      vertex   -1.085850e+01 7.698966e-01 2.540000e+00
      vertex   -1.064409e+01 8.587081e-01 2.540000e+00
    endloop
  endfacet
  facet normal 0.000000e+00 0.000000e+00 1.000000e+00
    outer loop
      vertex   -9.080500e+00 3.810000e+00 2.540000e+00
      vertex   -1.064409e+01 8.587081e-01 2.540000e+00
      vertex   -1.041400e+01 8.890000e-01 2.540000e+00
    endloop
  endfacet
  facet normal -0.000000e+00 0.000000e+00 1.000000e+00
    outer loop
      vertex   -1.041400e+01 8.890000e-01 2.540000e+00
      vertex   -1.018391e+01 8.587081e-01 2.540000e+00
      vertex   -9.080500e+00 3.810000e+00 2.540000e+00
    endloop
  endfacet
  facet normal 0.000000e+00 0.000000e+00 1.000000e+00
    outer loop
      vertex   -9.080500e+00 3.810000e+00 2.540000e+00
      vertex   -1.018391e+01 8.587081e-01 2.540000e+00
      vertex   -9.969500e+00 7.698966e-01 2.540000e+00
    endloop
  endfacet
  facet normal 0.000000e+00 0.000000e+00 1.000000e+00
    outer loop
      vertex   8.587081e-01 1.064409e+01 2.540000e+00
      vertex   8.890000e-01 1.041400e+01 2.540000e+00
      vertex   3.810000e+00 9.080500e+00 2.540000e+00
    endloop
  endfacet
  facet normal 0.000000e+00 0.000000e+00 1.000000e+00
    outer loop
      vertex   3.810000e+00 9.080500e+00 2.540000e+00
      vertex   8.890000e-01 1.041400e+01 2.540000e+00
      vertex   8.587081e-01 1.018391e+01 2.540000e+00
    endloop
  endfacet
  facet normal 0.000000e+00 0.000000e+00 1.000000e+00
    outer loop
      vertex   3.810000e+00 9.080500e+00 2.540000e+00
      vertex   8.587081e-01 1.018391e+01 2.540000e+00
      vertex   7.698966e-01 9.969500e+00 2.540000e+00
    endloop
  endfacet
  facet normal 0.000000e+00 0.000000e+00 1.000000e+00
    outer loop
      vertex   3.810000e+00 9.080500e+00 2.540000e+00
      vertex   7.698966e-01 9.969500e+00 2.540000e+00
      vertex   7.698966e-01 7.937500e+00 2.540000e+00
    endloop
  endfacet
  facet normal 0.000000e+00 -0.000000e+00 1.000000e+00
    outer loop
      vertex   7.698966e-01 7.937500e+00 2.540000e+00
      vertex   7.698966e-01 9.969500e+00 2.540000e+00
      vertex   6.286179e-01 9.785382e+00 2.540000e+00
    endloop
  endfacet
  facet normal 0.000000e+00 0.000000e+00 1.000000e+00
    outer loop
      vertex   7.698966e-01 7.937500e+00 2.540000e+00
      vertex   6.286179e-01 9.785382e+00 2.540000e+00
      vertex   6.286179e-01 8.121618e+00 2.540000e+00
    endloop
  endfacet
  facet normal 0.000000e+00 -0.000000e+00 1.000000e+00
    outer loop
      vertex   6.286179e-01 8.121618e+00 2.540000e+00
      vertex   6.286179e-01 9.785382e+00 2.540000e+00
      vertex   4.445000e-01 9.644103e+00 2.540000e+00
    endloop
  endfacet
  facet normal 0.000000e+00 0.000000e+00 1.000000e+00
    outer loop
      vertex   6.286179e-01 8.121618e+00 2.540000e+00
      vertex   4.445000e-01 9.644103e+00 2.540000e+00
      vertex   4.445000e-01 8.262897e+00 2.540000e+00
    endloop
  endfacet
  facet normal 0.000000e+00 0.000000e+00 1.000000e+00
    outer loop
      vertex   4.445000e-01 8.262897e+00 2.540000e+00
      vertex   4.445000e-01 9.644103e+00 2.540000e+00
      vertex   2.300901e-01 9.555292e+00 2.540000e+00
    endloop
  endfacet
  facet normal 0.000000e+00 0.000000e+00 1.000000e+00
    outer loop
      vertex   4.445000e-01 8.262897e+00 2.540000e+00
      vertex   2.300901e-01 9.555292e+00 2.540000e+00
      vertex   2.300901e-01 8.351708e+00 2.540000e+00
    endloop
  endfacet
  facet normal 0.000000e+00 0.000000e+00 1.000000e+00
    outer loop
      vertex   2.300901e-01 8.351708e+00 2.540000e+00
      vertex   2.300901e-01 9.555292e+00 2.540000e+00
      vertex   -1.606656e-11 9.525000e+00 2.540000e+00
    endloop
  endfacet
  facet normal 0.000000e+00 0.000000e+00 1.000000e+00
    outer loop
      vertex   2.300901e-01 8.351708e+00 2.540000e+00
      vertex   -1.606656e-11 9.525000e+00 2.540000e+00
      vertex   -1.606674e-11 8.382000e+00 2.540000e+00
    endloop
  endfacet
  facet normal 0.000000e+00 -0.000000e+00 1.000000e+00
    outer loop
      vertex   -1.606674e-11 8.382000e+00 2.540000e+00
      vertex   -1.606656e-11 9.525000e+00 2.540000e+00
      vertex   -2.300901e-01 9.555292e+00 2.540000e+00
    endloop
  endfacet
  facet normal 0.000000e+00 0.000000e+00 1.000000e+00
    outer loop
      vertex   -1.606674e-11 8.382000e+00 2.540000e+00
      vertex   -2.300901e-01 9.555292e+00 2.540000e+00
      vertex   -2.300901e-01 8.351708e+00 2.540000e+00
    endloop
  endfacet
  facet normal 0.000000e+00 0.000000e+00 1.000000e+00
    outer loop
      vertex   -2.300901e-01 8.351708e+00 2.540000e+00
      vertex   -2.300901e-01 9.555292e+00 2.540000e+00
      vertex   -4.445000e-01 9.644103e+00 2.540000e+00
    endloop
  endfacet
  facet normal 0.000000e+00 0.000000e+00 1.000000e+00
    outer loop
      vertex   -2.300901e-01 8.351708e+00 2.540000e+00
      vertex   -4.445000e-01 9.644103e+00 2.540000e+00
      vertex   -4.445000e-01 8.262897e+00 2.540000e+00
    endloop
  endfacet
  facet normal 0.000000e+00 0.000000e+00 1.000000e+00
    outer loop
      vertex   -4.445000e-01 8.262897e+00 2.540000e+00
      vertex   -4.445000e-01 9.644103e+00 2.540000e+00
      vertex   -6.286179e-01 9.785382e+00 2.540000e+00
    endloop
  endfacet
  facet normal 0.000000e+00 0.000000e+00 1.000000e+00
    outer loop
      vertex   -4.445000e-01 8.262897e+00 2.540000e+00
      vertex   -6.286179e-01 9.785382e+00 2.540000e+00
      vertex   -6.286179e-01 8.121618e+00 2.540000e+00
    endloop
  endfacet
  facet normal 0.000000e+00 -0.000000e+00 1.000000e+00
    outer loop
      vertex   -6.286179e-01 8.121618e+00 2.540000e+00
      vertex   -6.286179e-01 9.785382e+00 2.540000e+00
      vertex   -7.698966e-01 9.969500e+00 2.540000e+00
    endloop
  endfacet
  facet normal 0.000000e+00 0.000000e+00 1.000000e+00
    outer loop
      vertex   -6.286179e-01 8.121618e+00 2.540000e+00
      vertex   -7.698966e-01 9.969500e+00 2.540000e+00
      vertex   -7.698966e-01 7.937500e+00 2.540000e+00
    endloop
  endfacet
  facet normal 0.000000e+00 -0.000000e+00 1.000000e+00
    outer loop
      vertex   -7.698966e-01 7.937500e+00 2.540000e+00
      vertex   -7.698966e-01 9.969500e+00 2.540000e+00
      vertex   -3.810000e+00 9.080500e+00 2.540000e+00
    endloop
  endfacet
  facet normal 0.000000e+00 0.000000e+00 1.000000e+00
    outer loop
      vertex   -7.698966e-01 7.937500e+00 2.540000e+00
      vertex   -3.810000e+00 9.080500e+00 2.540000e+00
      vertex   -8.587081e-01 7.723090e+00 2.540000e+00
    endloop
  endfacet
  facet normal 0.000000e+00 0.000000e+00 1.000000e+00
    outer loop
      vertex   -8.587081e-01 7.723090e+00 2.540000e+00
      vertex   -3.810000e+00 9.080500e+00 2.540000e+00
      vertex   -8.890000e-01 7.493000e+00 2.540000e+00
    endloop
  endfacet
  facet normal 0.000000e+00 0.000000e+00 1.000000e+00
    outer loop
      vertex   -8.890000e-01 7.493000e+00 2.540000e+00
      vertex   -3.810000e+00 9.080500e+00 2.540000e+00
      vertex   -4.059215e+00 6.699113e+00 2.540000e+00
    endloop
  endfacet
  facet normal 0.000000e+00 0.000000e+00 1.000000e+00
    outer loop
      vertex   -8.890000e-01 7.493000e+00 2.540000e+00
      vertex   -4.059215e+00 6.699113e+00 2.540000e+00
      vertex   -8.587081e-01 7.262910e+00 2.540000e+00
    endloop
  endfacet
  facet normal 0.000000e+00 0.000000e+00 1.000000e+00
    outer loop
      vertex   -8.587081e-01 7.262910e+00 2.540000e+00
      vertex   -4.059215e+00 6.699113e+00 2.540000e+00
      vertex   -7.698966e-01 7.048500e+00 2.540000e+00
    endloop
  endfacet
  facet normal 0.000000e+00 0.000000e+00 1.000000e+00
    outer loop
      vertex   -7.698966e-01 7.048500e+00 2.540000e+00
      vertex   -4.059215e+00 6.699113e+00 2.540000e+00
      vertex   -1.449091e+00 4.935152e+00 2.540000e+00
    endloop
  endfacet
  facet normal 0.000000e+00 0.000000e+00 1.000000e+00
    outer loop
      vertex   -7.698966e-01 7.048500e+00 2.540000e+00
      vertex   -1.449091e+00 4.935152e+00 2.540000e+00
      vertex   -6.286179e-01 6.864382e+00 2.540000e+00
    endloop
  endfacet
  facet normal 0.000000e+00 0.000000e+00 1.000000e+00
    outer loop
      vertex   -6.286179e-01 6.864382e+00 2.540000e+00
      vertex   -1.449091e+00 4.935152e+00 2.540000e+00
      vertex   -7.319964e-01 5.091147e+00 2.540000e+00
    endloop
  endfacet
  facet normal 0.000000e+00 0.000000e+00 1.000000e+00
    outer loop
      vertex   -6.286179e-01 6.864382e+00 2.540000e+00
      vertex   -7.319964e-01 5.091147e+00 2.540000e+00
      vertex   -4.445000e-01 6.723103e+00 2.540000e+00
    endloop
  endfacet
  facet normal 0.000000e+00 0.000000e+00 1.000000e+00
    outer loop
      vertex   -4.445000e-01 6.723103e+00 2.540000e+00
      vertex   -7.319964e-01 5.091147e+00 2.540000e+00
      vertex   -2.300901e-01 6.634292e+00 2.540000e+00
    endloop
  endfacet
  facet normal 0.000000e+00 0.000000e+00 1.000000e+00
    outer loop
      vertex   -2.300901e-01 6.634292e+00 2.540000e+00
      vertex   -7.319964e-01 5.091147e+00 2.540000e+00
      vertex   -3.149485e-16 5.143500e+00 2.540000e+00
    endloop
  endfacet
  facet normal 0.000000e+00 0.000000e+00 1.000000e+00
    outer loop
      vertex   -2.300901e-01 6.634292e+00 2.540000e+00
      vertex   -3.149485e-16 5.143500e+00 2.540000e+00
      vertex   -1.606674e-11 6.604000e+00 2.540000e+00
    endloop
  endfacet
  facet normal -0.000000e+00 0.000000e+00 1.000000e+00
    outer loop
      vertex   -1.606674e-11 6.604000e+00 2.540000e+00
      vertex   -3.149485e-16 5.143500e+00 2.540000e+00
      vertex   2.300901e-01 6.634292e+00 2.540000e+00
    endloop
  endfacet
  facet normal 0.000000e+00 0.000000e+00 1.000000e+00
    outer loop
      vertex   2.300901e-01 6.634292e+00 2.540000e+00
      vertex   -3.149485e-16 5.143500e+00 2.540000e+00
      vertex   7.319964e-01 5.091147e+00 2.540000e+00
    endloop
  endfacet
  facet normal -0.000000e+00 0.000000e+00 1.000000e+00
    outer loop
      vertex   2.300901e-01 6.634292e+00 2.540000e+00
      vertex   7.319964e-01 5.091147e+00 2.540000e+00
      vertex   4.445000e-01 6.723103e+00 2.540000e+00
    endloop
  endfacet
  facet normal -0.000000e+00 0.000000e+00 1.000000e+00
    outer loop
      vertex   4.445000e-01 6.723103e+00 2.540000e+00
      vertex   7.319964e-01 5.091147e+00 2.540000e+00
      vertex   6.286179e-01 6.864382e+00 2.540000e+00
    endloop
  endfacet
  facet normal 0.000000e+00 0.000000e+00 1.000000e+00
    outer loop
      vertex   6.286179e-01 6.864382e+00 2.540000e+00
      vertex   7.319964e-01 5.091147e+00 2.540000e+00
      vertex   1.449091e+00 4.935152e+00 2.540000e+00
    endloop
  endfacet
  facet normal -0.000000e+00 0.000000e+00 1.000000e+00
    outer loop
      vertex   6.286179e-01 6.864382e+00 2.540000e+00
      vertex   1.449091e+00 4.935152e+00 2.540000e+00
      vertex   7.698966e-01 7.048500e+00 2.540000e+00
    endloop
  endfacet
  facet normal 0.000000e+00 0.000000e+00 1.000000e+00
    outer loop
      vertex   7.698966e-01 7.048500e+00 2.540000e+00
      vertex   1.449091e+00 4.935152e+00 2.540000e+00
      vertex   4.059215e+00 6.699113e+00 2.540000e+00
    endloop
  endfacet
  facet normal -0.000000e+00 0.000000e+00 1.000000e+00
    outer loop
      vertex   7.698966e-01 7.048500e+00 2.540000e+00
      vertex   4.059215e+00 6.699113e+00 2.540000e+00
      vertex   8.587081e-01 7.262910e+00 2.540000e+00
    endloop
  endfacet
  facet normal -0.000000e+00 0.000000e+00 1.000000e+00
    outer loop
      vertex   8.587081e-01 7.262910e+00 2.540000e+00
      vertex   4.059215e+00 6.699113e+00 2.540000e+00
      vertex   8.890000e-01 7.493000e+00 2.540000e+00
    endloop
  endfacet
  facet normal -0.000000e+00 0.000000e+00 1.000000e+00
    outer loop
      vertex   8.890000e-01 7.493000e+00 2.540000e+00
      vertex   4.059215e+00 6.699113e+00 2.540000e+00
      vertex   3.810000e+00 9.080500e+00 2.540000e+00
    endloop
  endfacet
  facet normal 0.000000e+00 -0.000000e+00 1.000000e+00
    outer loop
      vertex   8.890000e-01 7.493000e+00 2.540000e+00
      vertex   3.810000e+00 9.080500e+00 2.540000e+00
      vertex   8.587081e-01 7.723090e+00 2.540000e+00
    endloop
  endfacet
  facet normal 0.000000e+00 -0.000000e+00 1.000000e+00
    outer loop
      vertex   8.587081e-01 7.723090e+00 2.540000e+00
      vertex   3.810000e+00 9.080500e+00 2.540000e+00
      vertex   7.698966e-01 7.937500e+00 2.540000e+00
    endloop
  endfacet
  facet normal 0.000000e+00 0.000000e+00 1.000000e+00
    outer loop
      vertex   -7.698966e-01 9.969500e+00 2.540000e+00
      vertex   -8.587081e-01 1.018391e+01 2.540000e+00
      vertex   -3.810000e+00 9.080500e+00 2.540000e+00
    endloop
  endfacet
  facet normal 0.000000e+00 0.000000e+00 1.000000e+00
    outer loop
      vertex   -3.810000e+00 9.080500e+00 2.540000e+00
      vertex   -8.587081e-01 1.018391e+01 2.540000e+00
      vertex   -8.890000e-01 1.041400e+01 2.540000e+00
    endloop
  endfacet
  facet normal 0.000000e+00 0.000000e+00 1.000000e+00
    outer loop
      vertex   -3.810000e+00 9.080500e+00 2.540000e+00
      vertex   -8.890000e-01 1.041400e+01 2.540000e+00
      vertex   -8.587081e-01 1.064409e+01 2.540000e+00
    endloop
  endfacet
  facet normal 0.000000e+00 -0.000000e+00 1.000000e+00
    outer loop
      vertex   -8.587081e-01 1.064409e+01 2.540000e+00
      vertex   -7.698966e-01 1.085850e+01 2.540000e+00
      vertex   -3.810000e+00 9.080500e+00 2.540000e+00
    endloop
  endfacet
  facet normal 0.000000e+00 0.000000e+00 1.000000e+00
    outer loop
      vertex   -3.810000e+00 9.080500e+00 2.540000e+00
      vertex   -7.698966e-01 1.085850e+01 2.540000e+00
      vertex   -7.698966e-01 1.289050e+01 2.540000e+00
    endloop
  endfacet
  facet normal 0.000000e+00 0.000000e+00 1.000000e+00
    outer loop
      vertex   -3.810000e+00 9.080500e+00 2.540000e+00
      vertex   -7.698966e-01 1.289050e+01 2.540000e+00
      vertex   -8.587081e-01 1.310491e+01 2.540000e+00
    endloop
  endfacet
  facet normal 0.000000e+00 0.000000e+00 1.000000e+00
    outer loop
      vertex   -7.698966e-01 1.085850e+01 2.540000e+00
      vertex   -6.286179e-01 1.104262e+01 2.540000e+00
      vertex   -7.698966e-01 1.289050e+01 2.540000e+00
    endloop
  endfacet
  facet normal 0.000000e+00 0.000000e+00 1.000000e+00
    outer loop
      vertex   -7.698966e-01 1.289050e+01 2.540000e+00
      vertex   -6.286179e-01 1.104262e+01 2.540000e+00
      vertex   -6.286179e-01 1.270638e+01 2.540000e+00
    endloop
  endfacet
  facet normal 0.000000e+00 0.000000e+00 1.000000e+00
    outer loop
      vertex   -6.286179e-01 1.270638e+01 2.540000e+00
      vertex   -6.286179e-01 1.104262e+01 2.540000e+00
      vertex   -4.445000e-01 1.118390e+01 2.540000e+00
    endloop
  endfacet
  facet normal 0.000000e+00 0.000000e+00 1.000000e+00
    outer loop
      vertex   -6.286179e-01 1.270638e+01 2.540000e+00
      vertex   -4.445000e-01 1.118390e+01 2.540000e+00
      vertex   -4.445000e-01 1.256510e+01 2.540000e+00
    endloop
  endfacet
  facet normal 0.000000e+00 0.000000e+00 1.000000e+00
    outer loop
      vertex   -4.445000e-01 1.256510e+01 2.540000e+00
      vertex   -4.445000e-01 1.118390e+01 2.540000e+00
      vertex   -2.300901e-01 1.127271e+01 2.540000e+00
    endloop
  endfacet
  facet normal 0.000000e+00 0.000000e+00 1.000000e+00
    outer loop
      vertex   -4.445000e-01 1.256510e+01 2.540000e+00
      vertex   -2.300901e-01 1.127271e+01 2.540000e+00
      vertex   -2.300901e-01 1.247629e+01 2.540000e+00
    endloop
  endfacet
  facet normal 0.000000e+00 0.000000e+00 1.000000e+00
    outer loop
      vertex   -2.300901e-01 1.247629e+01 2.540000e+00
      vertex   -2.300901e-01 1.127271e+01 2.540000e+00
      vertex   -1.606656e-11 1.130300e+01 2.540000e+00
    endloop
  endfacet
  facet normal 0.000000e+00 0.000000e+00 1.000000e+00
    outer loop
      vertex   -2.300901e-01 1.247629e+01 2.540000e+00
      vertex   -1.606656e-11 1.130300e+01 2.540000e+00
      vertex   -1.606639e-11 1.244600e+01 2.540000e+00
    endloop
  endfacet
  facet normal -0.000000e+00 0.000000e+00 1.000000e+00
    outer loop
      vertex   -1.606639e-11 1.244600e+01 2.540000e+00
      vertex   -1.606656e-11 1.130300e+01 2.540000e+00
      vertex   2.300901e-01 1.247629e+01 2.540000e+00
    endloop
  endfacet
  facet normal 0.000000e+00 0.000000e+00 1.000000e+00
    outer loop
      vertex   2.300901e-01 1.247629e+01 2.540000e+00
      vertex   -1.606656e-11 1.130300e+01 2.540000e+00
      vertex   2.300901e-01 1.127271e+01 2.540000e+00
    endloop
  endfacet
  facet normal -0.000000e+00 0.000000e+00 1.000000e+00
    outer loop
      vertex   2.300901e-01 1.247629e+01 2.540000e+00
      vertex   2.300901e-01 1.127271e+01 2.540000e+00
      vertex   4.445000e-01 1.256510e+01 2.540000e+00
    endloop
  endfacet
  facet normal 0.000000e+00 0.000000e+00 1.000000e+00
    outer loop
      vertex   4.445000e-01 1.256510e+01 2.540000e+00
      vertex   2.300901e-01 1.127271e+01 2.540000e+00
      vertex   4.445000e-01 1.118390e+01 2.540000e+00
    endloop
  endfacet
  facet normal -0.000000e+00 0.000000e+00 1.000000e+00
    outer loop
      vertex   4.445000e-01 1.256510e+01 2.540000e+00
      vertex   4.445000e-01 1.118390e+01 2.540000e+00
      vertex   6.286179e-01 1.270638e+01 2.540000e+00
    endloop
  endfacet
  facet normal 0.000000e+00 0.000000e+00 1.000000e+00
    outer loop
      vertex   6.286179e-01 1.270638e+01 2.540000e+00
      vertex   4.445000e-01 1.118390e+01 2.540000e+00
      vertex   6.286179e-01 1.104262e+01 2.540000e+00
    endloop
  endfacet
  facet normal -0.000000e+00 0.000000e+00 1.000000e+00
    outer loop
      vertex   6.286179e-01 1.270638e+01 2.540000e+00
      vertex   6.286179e-01 1.104262e+01 2.540000e+00
      vertex   7.698966e-01 1.289050e+01 2.540000e+00
    endloop
  endfacet
  facet normal 0.000000e+00 0.000000e+00 1.000000e+00
    outer loop
      vertex   7.698966e-01 1.289050e+01 2.540000e+00
      vertex   6.286179e-01 1.104262e+01 2.540000e+00
      vertex   7.698966e-01 1.085850e+01 2.540000e+00
    endloop
  endfacet
  facet normal 0.000000e+00 0.000000e+00 1.000000e+00
    outer loop
      vertex   7.698966e-01 1.289050e+01 2.540000e+00
      vertex   7.698966e-01 1.085850e+01 2.540000e+00
      vertex   3.810000e+00 9.080500e+00 2.540000e+00
    endloop
  endfacet
  facet normal 0.000000e+00 0.000000e+00 1.000000e+00
    outer loop
      vertex   3.810000e+00 9.080500e+00 2.540000e+00
      vertex   7.698966e-01 1.085850e+01 2.540000e+00
      vertex   8.587081e-01 1.064409e+01 2.540000e+00
    endloop
  endfacet
  facet normal -0.000000e+00 0.000000e+00 1.000000e+00
    outer loop
      vertex   8.587081e-01 -7.723090e+00 2.540000e+00
      vertex   3.810000e+00 -9.080500e+00 2.540000e+00
      vertex   8.890000e-01 -7.493000e+00 2.540000e+00
    endloop
  endfacet
  facet normal -0.000000e+00 0.000000e+00 1.000000e+00
    outer loop
      vertex   8.890000e-01 -7.493000e+00 2.540000e+00
      vertex   3.810000e+00 -9.080500e+00 2.540000e+00
      vertex   4.059215e+00 -6.699113e+00 2.540000e+00
    endloop
  endfacet
  facet normal 0.000000e+00 -0.000000e+00 1.000000e+00
    outer loop
      vertex   8.890000e-01 -7.493000e+00 2.540000e+00
      vertex   4.059215e+00 -6.699113e+00 2.540000e+00
      vertex   8.587081e-01 -7.262910e+00 2.540000e+00
    endloop
  endfacet
  facet normal 0.000000e+00 -0.000000e+00 1.000000e+00
    outer loop
      vertex   8.587081e-01 -7.262910e+00 2.540000e+00
      vertex   4.059215e+00 -6.699113e+00 2.540000e+00
      vertex   7.698966e-01 -7.048500e+00 2.540000e+00
    endloop
  endfacet
  facet normal 0.000000e+00 0.000000e+00 1.000000e+00
    outer loop
      vertex   7.698966e-01 -7.048500e+00 2.540000e+00
      vertex   4.059215e+00 -6.699113e+00 2.540000e+00
      vertex   1.449091e+00 -4.935152e+00 2.540000e+00
    endloop
  endfacet
  facet normal 0.000000e+00 -0.000000e+00 1.000000e+00
    outer loop
      vertex   7.698966e-01 -7.048500e+00 2.540000e+00
      vertex   1.449091e+00 -4.935152e+00 2.540000e+00
      vertex   6.286179e-01 -6.864382e+00 2.540000e+00
    endloop
  endfacet
  facet normal 0.000000e+00 0.000000e+00 1.000000e+00
    outer loop
      vertex   6.286179e-01 -6.864382e+00 2.540000e+00
      vertex   1.449091e+00 -4.935152e+00 2.540000e+00
      vertex   7.319964e-01 -5.091147e+00 2.540000e+00
    endloop
  endfacet
  facet normal 0.000000e+00 -0.000000e+00 1.000000e+00
    outer loop
      vertex   6.286179e-01 -6.864382e+00 2.540000e+00
      vertex   7.319964e-01 -5.091147e+00 2.540000e+00
      vertex   4.445000e-01 -6.723103e+00 2.540000e+00
    endloop
  endfacet
  facet normal 0.000000e+00 -0.000000e+00 1.000000e+00
    outer loop
      vertex   4.445000e-01 -6.723103e+00 2.540000e+00
      vertex   7.319964e-01 -5.091147e+00 2.540000e+00
      vertex   2.300901e-01 -6.634292e+00 2.540000e+00
    endloop
  endfacet
  facet normal 0.000000e+00 -0.000000e+00 1.000000e+00
    outer loop
      vertex   2.300901e-01 -6.634292e+00 2.540000e+00
      vertex   7.319964e-01 -5.091147e+00 2.540000e+00
      vertex   -3.149485e-16 -5.143500e+00 2.540000e+00
    endloop
  endfacet
  facet normal 0.000000e+00 0.000000e+00 1.000000e+00
    outer loop
      vertex   2.300901e-01 -6.634292e+00 2.540000e+00
      vertex   -3.149485e-16 -5.143500e+00 2.540000e+00
      vertex   1.606572e-11 -6.604000e+00 2.540000e+00
    endloop
  endfacet
  facet normal 0.000000e+00 0.000000e+00 1.000000e+00
    outer loop
      vertex   1.606572e-11 -6.604000e+00 2.540000e+00
      vertex   -3.149485e-16 -5.143500e+00 2.540000e+00
      vertex   -2.300901e-01 -6.634292e+00 2.540000e+00
    endloop
  endfacet
  facet normal 0.000000e+00 -0.000000e+00 1.000000e+00
    outer loop
      vertex   -2.300901e-01 -6.634292e+00 2.540000e+00
      vertex   -3.149485e-16 -5.143500e+00 2.540000e+00
      vertex   -7.319964e-01 -5.091147e+00 2.540000e+00
    endloop
  endfacet
  facet normal 0.000000e+00 0.000000e+00 1.000000e+00
    outer loop
      vertex   -2.300901e-01 -6.634292e+00 2.540000e+00
      vertex   -7.319964e-01 -5.091147e+00 2.540000e+00
      vertex   -4.445000e-01 -6.723103e+00 2.540000e+00
    endloop
  endfacet
  facet normal 0.000000e+00 0.000000e+00 1.000000e+00
    outer loop
      vertex   -4.445000e-01 -6.723103e+00 2.540000e+00
      vertex   -7.319964e-01 -5.091147e+00 2.540000e+00
      vertex   -6.286179e-01 -6.864382e+00 2.540000e+00
    endloop
  endfacet
  facet normal 0.000000e+00 0.000000e+00 1.000000e+00
    outer loop
      vertex   -6.286179e-01 -6.864382e+00 2.540000e+00
      vertex   -7.319964e-01 -5.091147e+00 2.540000e+00
      vertex   -1.449091e+00 -4.935152e+00 2.540000e+00
    endloop
  endfacet
  facet normal 0.000000e+00 0.000000e+00 1.000000e+00
    outer loop
      vertex   -6.286179e-01 -6.864382e+00 2.540000e+00
      vertex   -1.449091e+00 -4.935152e+00 2.540000e+00
      vertex   -7.698966e-01 -7.048500e+00 2.540000e+00
    endloop
  endfacet
  facet normal 0.000000e+00 0.000000e+00 1.000000e+00
    outer loop
      vertex   -7.698966e-01 -7.048500e+00 2.540000e+00
      vertex   -1.449091e+00 -4.935152e+00 2.540000e+00
      vertex   -4.059215e+00 -6.699113e+00 2.540000e+00
    endloop
  endfacet
  facet normal 0.000000e+00 0.000000e+00 1.000000e+00
    outer loop
      vertex   -7.698966e-01 -7.048500e+00 2.540000e+00
      vertex   -4.059215e+00 -6.699113e+00 2.540000e+00
      vertex   -8.587081e-01 -7.262910e+00 2.540000e+00
    endloop
  endfacet
  facet normal 0.000000e+00 0.000000e+00 1.000000e+00
    outer loop
      vertex   -8.587081e-01 -7.262910e+00 2.540000e+00
      vertex   -4.059215e+00 -6.699113e+00 2.540000e+00
      vertex   -8.890000e-01 -7.493000e+00 2.540000e+00
    endloop
  endfacet
  facet normal 0.000000e+00 0.000000e+00 1.000000e+00
    outer loop
      vertex   -8.890000e-01 -7.493000e+00 2.540000e+00
      vertex   -4.059215e+00 -6.699113e+00 2.540000e+00
      vertex   -3.810000e+00 -9.080500e+00 2.540000e+00
    endloop
  endfacet
  facet normal 0.000000e+00 0.000000e+00 1.000000e+00
    outer loop
      vertex   -8.890000e-01 -7.493000e+00 2.540000e+00
      vertex   -3.810000e+00 -9.080500e+00 2.540000e+00
      vertex   -8.587081e-01 -7.723090e+00 2.540000e+00
    endloop
  endfacet
  facet normal 0.000000e+00 0.000000e+00 1.000000e+00
    outer loop
      vertex   -8.587081e-01 -7.723090e+00 2.540000e+00
      vertex   -3.810000e+00 -9.080500e+00 2.540000e+00
      vertex   -7.698966e-01 -7.937500e+00 2.540000e+00
    endloop
  endfacet
  facet normal 0.000000e+00 0.000000e+00 1.000000e+00
    outer loop
      vertex   -7.698966e-01 -7.937500e+00 2.540000e+00
      vertex   -3.810000e+00 -9.080500e+00 2.540000e+00
      vertex   -7.698966e-01 -9.969500e+00 2.540000e+00
    endloop
  endfacet
  facet normal 0.000000e+00 0.000000e+00 1.000000e+00
    outer loop
      vertex   -7.698966e-01 -7.937500e+00 2.540000e+00
      vertex   -7.698966e-01 -9.969500e+00 2.540000e+00
      vertex   -6.286179e-01 -9.785382e+00 2.540000e+00
    endloop
  endfacet
  facet normal 0.000000e+00 0.000000e+00 1.000000e+00
    outer loop
      vertex   8.587081e-01 -7.723090e+00 2.540000e+00
      vertex   7.698966e-01 -7.937500e+00 2.540000e+00
      vertex   3.810000e+00 -9.080500e+00 2.540000e+00
    endloop
  endfacet
  facet normal 0.000000e+00 0.000000e+00 1.000000e+00
    outer loop
      vertex   3.810000e+00 -9.080500e+00 2.540000e+00
      vertex   7.698966e-01 -7.937500e+00 2.540000e+00
      vertex   7.698966e-01 -9.969500e+00 2.540000e+00
    endloop
  endfacet
  facet normal 0.000000e+00 0.000000e+00 1.000000e+00
    outer loop
      vertex   3.810000e+00 -9.080500e+00 2.540000e+00
      vertex   7.698966e-01 -9.969500e+00 2.540000e+00
      vertex   8.587081e-01 -1.018391e+01 2.540000e+00
    endloop
  endfacet
  facet normal 0.000000e+00 0.000000e+00 1.000000e+00
    outer loop
      vertex   7.698966e-01 -7.937500e+00 2.540000e+00
      vertex   6.286179e-01 -8.121618e+00 2.540000e+00
      vertex   7.698966e-01 -9.969500e+00 2.540000e+00
    endloop
  endfacet
  facet normal 0.000000e+00 0.000000e+00 1.000000e+00
    outer loop
      vertex   7.698966e-01 -9.969500e+00 2.540000e+00
      vertex   6.286179e-01 -8.121618e+00 2.540000e+00
      vertex   6.286179e-01 -9.785382e+00 2.540000e+00
    endloop
  endfacet
  facet normal 0.000000e+00 -0.000000e+00 1.000000e+00
    outer loop
      vertex   6.286179e-01 -9.785382e+00 2.540000e+00
      vertex   6.286179e-01 -8.121618e+00 2.540000e+00
      vertex   4.445000e-01 -8.262897e+00 2.540000e+00
    endloop
  endfacet
  facet normal 0.000000e+00 0.000000e+00 1.000000e+00
    outer loop
      vertex   6.286179e-01 -9.785382e+00 2.540000e+00
      vertex   4.445000e-01 -8.262897e+00 2.540000e+00
      vertex   4.445000e-01 -9.644103e+00 2.540000e+00
    endloop
  endfacet
  facet normal 0.000000e+00 0.000000e+00 1.000000e+00
    outer loop
      vertex   4.445000e-01 -9.644103e+00 2.540000e+00
      vertex   4.445000e-01 -8.262897e+00 2.540000e+00
      vertex   2.300901e-01 -8.351708e+00 2.540000e+00
    endloop
  endfacet
  facet normal 0.000000e+00 0.000000e+00 1.000000e+00
    outer loop
      vertex   4.445000e-01 -9.644103e+00 2.540000e+00
      vertex   2.300901e-01 -8.351708e+00 2.540000e+00
      vertex   2.300901e-01 -9.555292e+00 2.540000e+00
    endloop
  endfacet
  facet normal 0.000000e+00 -0.000000e+00 1.000000e+00
    outer loop
      vertex   2.300901e-01 -9.555292e+00 2.540000e+00
      vertex   2.300901e-01 -8.351708e+00 2.540000e+00
      vertex   1.606572e-11 -8.382000e+00 2.540000e+00
    endloop
  endfacet
  facet normal 0.000000e+00 0.000000e+00 1.000000e+00
    outer loop
      vertex   2.300901e-01 -9.555292e+00 2.540000e+00
      vertex   1.606572e-11 -8.382000e+00 2.540000e+00
      vertex   1.606518e-11 -9.525000e+00 2.540000e+00
    endloop
  endfacet
  facet normal 0.000000e+00 -0.000000e+00 1.000000e+00
    outer loop
      vertex   1.606518e-11 -9.525000e+00 2.540000e+00
      vertex   1.606572e-11 -8.382000e+00 2.540000e+00
      vertex   -2.300901e-01 -8.351708e+00 2.540000e+00
    endloop
  endfacet
  facet normal 0.000000e+00 0.000000e+00 1.000000e+00
    outer loop
      vertex   1.606518e-11 -9.525000e+00 2.540000e+00
      vertex   -2.300901e-01 -8.351708e+00 2.540000e+00
      vertex   -2.300901e-01 -9.555292e+00 2.540000e+00
    endloop
  endfacet
  facet normal 0.000000e+00 0.000000e+00 1.000000e+00
    outer loop
      vertex   -2.300901e-01 -9.555292e+00 2.540000e+00
      vertex   -2.300901e-01 -8.351708e+00 2.540000e+00
      vertex   -4.445000e-01 -8.262897e+00 2.540000e+00
    endloop
  endfacet
  facet normal 0.000000e+00 0.000000e+00 1.000000e+00
    outer loop
      vertex   -2.300901e-01 -9.555292e+00 2.540000e+00
      vertex   -4.445000e-01 -8.262897e+00 2.540000e+00
      vertex   -4.445000e-01 -9.644103e+00 2.540000e+00
    endloop
  endfacet
  facet normal 0.000000e+00 -0.000000e+00 1.000000e+00
    outer loop
      vertex   -4.445000e-01 -9.644103e+00 2.540000e+00
      vertex   -4.445000e-01 -8.262897e+00 2.540000e+00
      vertex   -6.286179e-01 -8.121618e+00 2.540000e+00
    endloop
  endfacet
  facet normal 0.000000e+00 0.000000e+00 1.000000e+00
    outer loop
      vertex   -4.445000e-01 -9.644103e+00 2.540000e+00
      vertex   -6.286179e-01 -8.121618e+00 2.540000e+00
      vertex   -6.286179e-01 -9.785382e+00 2.540000e+00
    endloop
  endfacet
  facet normal 0.000000e+00 -0.000000e+00 1.000000e+00
    outer loop
      vertex   -6.286179e-01 -9.785382e+00 2.540000e+00
      vertex   -6.286179e-01 -8.121618e+00 2.540000e+00
      vertex   -7.698966e-01 -7.937500e+00 2.540000e+00
    endloop
  endfacet
  facet normal 0.000000e+00 0.000000e+00 1.000000e+00
    outer loop
      vertex   8.587081e-01 -1.602591e+01 2.540000e+00
      vertex   8.890000e-01 -1.625600e+01 2.540000e+00
      vertex   2.042480e+00 -1.678790e+01 2.540000e+00
    endloop
  endfacet
  facet normal 0.000000e+00 0.000000e+00 1.000000e+00
    outer loop
      vertex   2.042480e+00 -1.678790e+01 2.540000e+00
      vertex   8.890000e-01 -1.625600e+01 2.540000e+00
      vertex   8.587081e-01 -1.648609e+01 2.540000e+00
    endloop
  endfacet
  facet normal 0.000000e+00 0.000000e+00 1.000000e+00
    outer loop
      vertex   2.042480e+00 -1.678790e+01 2.540000e+00
      vertex   8.587081e-01 -1.648609e+01 2.540000e+00
      vertex   1.887199e+00 -1.723032e+01 2.540000e+00
    endloop
  endfacet
  facet normal 0.000000e+00 0.000000e+00 1.000000e+00
    outer loop
      vertex   1.887199e+00 -1.723032e+01 2.540000e+00
      vertex   8.587081e-01 -1.648609e+01 2.540000e+00
      vertex   7.698966e-01 -1.670050e+01 2.540000e+00
    endloop
  endfacet
  facet normal 0.000000e+00 0.000000e+00 1.000000e+00
    outer loop
      vertex   1.887199e+00 -1.723032e+01 2.540000e+00
      vertex   7.698966e-01 -1.670050e+01 2.540000e+00
      vertex   1.637430e+00 -1.762715e+01 2.540000e+00
    endloop
  endfacet
  facet normal 0.000000e+00 0.000000e+00 1.000000e+00
    outer loop
      vertex   1.637430e+00 -1.762715e+01 2.540000e+00
      vertex   7.698966e-01 -1.670050e+01 2.540000e+00
      vertex   6.286179e-01 -1.688462e+01 2.540000e+00
    endloop
  endfacet
  facet normal 0.000000e+00 0.000000e+00 1.000000e+00
    outer loop
      vertex   1.637430e+00 -1.762715e+01 2.540000e+00
      vertex   6.286179e-01 -1.688462e+01 2.540000e+00
      vertex   1.305679e+00 -1.795850e+01 2.540000e+00
    endloop
  endfacet
  facet normal 0.000000e+00 0.000000e+00 1.000000e+00
    outer loop
      vertex   1.305679e+00 -1.795850e+01 2.540000e+00
      vertex   6.286179e-01 -1.688462e+01 2.540000e+00
      vertex   4.445000e-01 -1.702590e+01 2.540000e+00
    endloop
  endfacet
  facet normal 0.000000e+00 0.000000e+00 1.000000e+00
    outer loop
      vertex   1.305679e+00 -1.795850e+01 2.540000e+00
      vertex   4.445000e-01 -1.702590e+01 2.540000e+00
      vertex   9.085549e-01 -1.820779e+01 2.540000e+00
    endloop
  endfacet
  facet normal 0.000000e+00 0.000000e+00 1.000000e+00
    outer loop
      vertex   9.085549e-01 -1.820779e+01 2.540000e+00
      vertex   4.445000e-01 -1.702590e+01 2.540000e+00
      vertex   2.300901e-01 -1.711471e+01 2.540000e+00
    endloop
  endfacet
  facet normal 0.000000e+00 0.000000e+00 1.000000e+00
    outer loop
      vertex   9.085549e-01 -1.820779e+01 2.540000e+00
      vertex   2.300901e-01 -1.711471e+01 2.540000e+00
      vertex   4.659418e-01 -1.836254e+01 2.540000e+00
    endloop
  endfacet
  facet normal 0.000000e+00 0.000000e+00 1.000000e+00
    outer loop
      vertex   4.659418e-01 -1.836254e+01 2.540000e+00
      vertex   2.300901e-01 -1.711471e+01 2.540000e+00
      vertex   1.606411e-11 -1.714500e+01 2.540000e+00
    endloop
  endfacet
  facet normal 0.000000e+00 0.000000e+00 1.000000e+00
    outer loop
      vertex   4.659418e-01 -1.836254e+01 2.540000e+00
      vertex   1.606411e-11 -1.714500e+01 2.540000e+00
      vertex   7.262940e-13 -1.841500e+01 2.540000e+00
    endloop
  endfacet
  facet normal 0.000000e+00 -0.000000e+00 1.000000e+00
    outer loop
      vertex   7.262940e-13 -1.841500e+01 2.540000e+00
      vertex   1.606411e-11 -1.714500e+01 2.540000e+00
      vertex   -4.659418e-01 -1.836254e+01 2.540000e+00
    endloop
  endfacet
  facet normal 0.000000e+00 0.000000e+00 1.000000e+00
    outer loop
      vertex   -4.659418e-01 -1.836254e+01 2.540000e+00
      vertex   1.606411e-11 -1.714500e+01 2.540000e+00
      vertex   -2.300901e-01 -1.711471e+01 2.540000e+00
    endloop
  endfacet
  facet normal 0.000000e+00 -0.000000e+00 1.000000e+00
    outer loop
      vertex   -4.659418e-01 -1.836254e+01 2.540000e+00
      vertex   -2.300901e-01 -1.711471e+01 2.540000e+00
      vertex   -9.085549e-01 -1.820779e+01 2.540000e+00
    endloop
  endfacet
  facet normal 0.000000e+00 0.000000e+00 1.000000e+00
    outer loop
      vertex   -9.085549e-01 -1.820779e+01 2.540000e+00
      vertex   -2.300901e-01 -1.711471e+01 2.540000e+00
      vertex   -4.445000e-01 -1.702590e+01 2.540000e+00
    endloop
  endfacet
  facet normal 0.000000e+00 -0.000000e+00 1.000000e+00
    outer loop
      vertex   -9.085549e-01 -1.820779e+01 2.540000e+00
      vertex   -4.445000e-01 -1.702590e+01 2.540000e+00
      vertex   -1.305679e+00 -1.795850e+01 2.540000e+00
    endloop
  endfacet
  facet normal 0.000000e+00 0.000000e+00 1.000000e+00
    outer loop
      vertex   -1.305679e+00 -1.795850e+01 2.540000e+00
      vertex   -4.445000e-01 -1.702590e+01 2.540000e+00
      vertex   -6.286179e-01 -1.688462e+01 2.540000e+00
    endloop
  endfacet
  facet normal 0.000000e+00 -0.000000e+00 1.000000e+00
    outer loop
      vertex   -1.305679e+00 -1.795850e+01 2.540000e+00
      vertex   -6.286179e-01 -1.688462e+01 2.540000e+00
      vertex   -1.637430e+00 -1.762715e+01 2.540000e+00
    endloop
  endfacet
  facet normal 0.000000e+00 0.000000e+00 1.000000e+00
    outer loop
      vertex   -1.637430e+00 -1.762715e+01 2.540000e+00
      vertex   -6.286179e-01 -1.688462e+01 2.540000e+00
      vertex   -7.698966e-01 -1.670050e+01 2.540000e+00
    endloop
  endfacet
  facet normal 0.000000e+00 -0.000000e+00 1.000000e+00
    outer loop
      vertex   -1.637430e+00 -1.762715e+01 2.540000e+00
      vertex   -7.698966e-01 -1.670050e+01 2.540000e+00
      vertex   -1.887199e+00 -1.723032e+01 2.540000e+00
    endloop
  endfacet
  facet normal 0.000000e+00 0.000000e+00 1.000000e+00
    outer loop
      vertex   -1.887199e+00 -1.723032e+01 2.540000e+00
      vertex   -7.698966e-01 -1.670050e+01 2.540000e+00
      vertex   -8.587081e-01 -1.648609e+01 2.540000e+00
    endloop
  endfacet
  facet normal 0.000000e+00 -0.000000e+00 1.000000e+00
    outer loop
      vertex   -1.887199e+00 -1.723032e+01 2.540000e+00
      vertex   -8.587081e-01 -1.648609e+01 2.540000e+00
      vertex   -2.042480e+00 -1.678790e+01 2.540000e+00
    endloop
  endfacet
  facet normal 0.000000e+00 0.000000e+00 1.000000e+00
    outer loop
      vertex   -2.042480e+00 -1.678790e+01 2.540000e+00
      vertex   -8.587081e-01 -1.648609e+01 2.540000e+00
      vertex   -8.890000e-01 -1.625600e+01 2.540000e+00
    endloop
  endfacet
  facet normal 0.000000e+00 0.000000e+00 1.000000e+00
    outer loop
      vertex   -2.042480e+00 -1.678790e+01 2.540000e+00
      vertex   -8.890000e-01 -1.625600e+01 2.540000e+00
      vertex   -8.587081e-01 -1.602591e+01 2.540000e+00
    endloop
  endfacet
  facet normal 0.000000e+00 -0.000000e+00 1.000000e+00
    outer loop
      vertex   -8.587081e-01 -1.602591e+01 2.540000e+00
      vertex   -7.698966e-01 -1.581150e+01 2.540000e+00
      vertex   -2.042480e+00 -1.678790e+01 2.540000e+00
    endloop
  endfacet
  facet normal 0.000000e+00 0.000000e+00 1.000000e+00
    outer loop
      vertex   -2.042480e+00 -1.678790e+01 2.540000e+00
      vertex   -7.698966e-01 -1.581150e+01 2.540000e+00
      vertex   -7.698966e-01 -1.377950e+01 2.540000e+00
    endloop
  endfacet
  facet normal 0.000000e+00 0.000000e+00 1.000000e+00
    outer loop
      vertex   -2.042480e+00 -1.678790e+01 2.540000e+00
      vertex   -7.698966e-01 -1.377950e+01 2.540000e+00
      vertex   -8.587081e-01 -1.356509e+01 2.540000e+00
    endloop
  endfacet
  facet normal 0.000000e+00 0.000000e+00 1.000000e+00
    outer loop
      vertex   -7.698966e-01 -1.581150e+01 2.540000e+00
      vertex   -6.286179e-01 -1.562738e+01 2.540000e+00
      vertex   -7.698966e-01 -1.377950e+01 2.540000e+00
    endloop
  endfacet
  facet normal 0.000000e+00 0.000000e+00 1.000000e+00
    outer loop
      vertex   -7.698966e-01 -1.377950e+01 2.540000e+00
      vertex   -6.286179e-01 -1.562738e+01 2.540000e+00
      vertex   -6.286179e-01 -1.396362e+01 2.540000e+00
    endloop
  endfacet
  facet normal 0.000000e+00 0.000000e+00 1.000000e+00
    outer loop
      vertex   -6.286179e-01 -1.396362e+01 2.540000e+00
      vertex   -6.286179e-01 -1.562738e+01 2.540000e+00
      vertex   -4.445000e-01 -1.548610e+01 2.540000e+00
    endloop
  endfacet
  facet normal 0.000000e+00 0.000000e+00 1.000000e+00
    outer loop
      vertex   -6.286179e-01 -1.396362e+01 2.540000e+00
      vertex   -4.445000e-01 -1.548610e+01 2.540000e+00
      vertex   -4.445000e-01 -1.410490e+01 2.540000e+00
    endloop
  endfacet
  facet normal 0.000000e+00 0.000000e+00 1.000000e+00
    outer loop
      vertex   -4.445000e-01 -1.410490e+01 2.540000e+00
      vertex   -4.445000e-01 -1.548610e+01 2.540000e+00
      vertex   -2.300901e-01 -1.539729e+01 2.540000e+00
    endloop
  endfacet
  facet normal 0.000000e+00 0.000000e+00 1.000000e+00
    outer loop
      vertex   -4.445000e-01 -1.410490e+01 2.540000e+00
      vertex   -2.300901e-01 -1.539729e+01 2.540000e+00
      vertex   -2.300901e-01 -1.419371e+01 2.540000e+00
    endloop
  endfacet
  facet normal 0.000000e+00 0.000000e+00 1.000000e+00
    outer loop
      vertex   -2.300901e-01 -1.419371e+01 2.540000e+00
      vertex   -2.300901e-01 -1.539729e+01 2.540000e+00
      vertex   1.606411e-11 -1.536700e+01 2.540000e+00
    endloop
  endfacet
  facet normal 0.000000e+00 0.000000e+00 1.000000e+00
    outer loop
      vertex   -2.300901e-01 -1.419371e+01 2.540000e+00
      vertex   1.606411e-11 -1.536700e+01 2.540000e+00
      vertex   1.606464e-11 -1.422400e+01 2.540000e+00
    endloop
  endfacet
  facet normal -0.000000e+00 0.000000e+00 1.000000e+00
    outer loop
      vertex   1.606464e-11 -1.422400e+01 2.540000e+00
      vertex   1.606411e-11 -1.536700e+01 2.540000e+00
      vertex   2.300901e-01 -1.419371e+01 2.540000e+00
    endloop
  endfacet
  facet normal 0.000000e+00 0.000000e+00 1.000000e+00
    outer loop
      vertex   2.300901e-01 -1.419371e+01 2.540000e+00
      vertex   1.606411e-11 -1.536700e+01 2.540000e+00
      vertex   2.300901e-01 -1.539729e+01 2.540000e+00
    endloop
  endfacet
  facet normal -0.000000e+00 0.000000e+00 1.000000e+00
    outer loop
      vertex   2.300901e-01 -1.419371e+01 2.540000e+00
      vertex   2.300901e-01 -1.539729e+01 2.540000e+00
      vertex   4.445000e-01 -1.410490e+01 2.540000e+00
    endloop
  endfacet
  facet normal 0.000000e+00 0.000000e+00 1.000000e+00
    outer loop
      vertex   4.445000e-01 -1.410490e+01 2.540000e+00
      vertex   2.300901e-01 -1.539729e+01 2.540000e+00
      vertex   4.445000e-01 -1.548610e+01 2.540000e+00
    endloop
  endfacet
  facet normal -0.000000e+00 0.000000e+00 1.000000e+00
    outer loop
      vertex   4.445000e-01 -1.410490e+01 2.540000e+00
      vertex   4.445000e-01 -1.548610e+01 2.540000e+00
      vertex   6.286179e-01 -1.396362e+01 2.540000e+00
    endloop
  endfacet
  facet normal 0.000000e+00 0.000000e+00 1.000000e+00
    outer loop
      vertex   6.286179e-01 -1.396362e+01 2.540000e+00
      vertex   4.445000e-01 -1.548610e+01 2.540000e+00
      vertex   6.286179e-01 -1.562738e+01 2.540000e+00
    endloop
  endfacet
  facet normal -0.000000e+00 0.000000e+00 1.000000e+00
    outer loop
      vertex   6.286179e-01 -1.396362e+01 2.540000e+00
      vertex   6.286179e-01 -1.562738e+01 2.540000e+00
      vertex   7.698966e-01 -1.377950e+01 2.540000e+00
    endloop
  endfacet
  facet normal 0.000000e+00 0.000000e+00 1.000000e+00
    outer loop
      vertex   7.698966e-01 -1.377950e+01 2.540000e+00
      vertex   6.286179e-01 -1.562738e+01 2.540000e+00
      vertex   7.698966e-01 -1.581150e+01 2.540000e+00
    endloop
  endfacet
  facet normal 0.000000e+00 0.000000e+00 1.000000e+00
    outer loop
      vertex   7.698966e-01 -1.377950e+01 2.540000e+00
      vertex   7.698966e-01 -1.581150e+01 2.540000e+00
      vertex   2.042480e+00 -1.678790e+01 2.540000e+00
    endloop
  endfacet
  facet normal 0.000000e+00 0.000000e+00 1.000000e+00
    outer loop
      vertex   2.042480e+00 -1.678790e+01 2.540000e+00
      vertex   7.698966e-01 -1.581150e+01 2.540000e+00
      vertex   8.587081e-01 -1.602591e+01 2.540000e+00
    endloop
  endfacet
  facet normal 0.000000e+00 0.000000e+00 1.000000e+00
    outer loop
      vertex   1.678790e+01 -2.042480e+00 2.540000e+00
      vertex   1.333500e+01 -8.890000e-01 2.540000e+00
      vertex   9.080500e+00 -3.810000e+00 2.540000e+00
    endloop
  endfacet
  facet normal 0.000000e+00 0.000000e+00 1.000000e+00
    outer loop
      vertex   9.080500e+00 -3.810000e+00 2.540000e+00
      vertex   1.333500e+01 -8.890000e-01 2.540000e+00
      vertex   1.310491e+01 -8.587081e-01 2.540000e+00
    endloop
  endfacet
  facet normal 0.000000e+00 0.000000e+00 1.000000e+00
    outer loop
      vertex   9.080500e+00 -3.810000e+00 2.540000e+00
      vertex   1.310491e+01 -8.587081e-01 2.540000e+00
      vertex   1.289050e+01 -7.698966e-01 2.540000e+00
    endloop
  endfacet
  facet normal 0.000000e+00 0.000000e+00 1.000000e+00
    outer loop
      vertex   1.723032e+01 -1.887199e+00 2.540000e+00
      vertex   1.648609e+01 -8.587081e-01 2.540000e+00
      vertex   1.678790e+01 -2.042480e+00 2.540000e+00
    endloop
  endfacet
  facet normal 0.000000e+00 0.000000e+00 1.000000e+00
    outer loop
      vertex   1.678790e+01 -2.042480e+00 2.540000e+00
      vertex   1.648609e+01 -8.587081e-01 2.540000e+00
      vertex   1.625600e+01 -8.890000e-01 2.540000e+00
    endloop
  endfacet
  facet normal 0.000000e+00 0.000000e+00 1.000000e+00
    outer loop
      vertex   1.678790e+01 -2.042480e+00 2.540000e+00
      vertex   1.625600e+01 -8.890000e-01 2.540000e+00
      vertex   1.602591e+01 -8.587081e-01 2.540000e+00
    endloop
  endfacet
  facet normal -0.000000e+00 0.000000e+00 1.000000e+00
    outer loop
      vertex   1.648609e+01 -8.587081e-01 2.540000e+00
      vertex   1.723032e+01 -1.887199e+00 2.540000e+00
      vertex   1.670050e+01 -7.698966e-01 2.540000e+00
    endloop
  endfacet
  facet normal 0.000000e+00 0.000000e+00 1.000000e+00
    outer loop
      vertex   1.670050e+01 -7.698966e-01 2.540000e+00
      vertex   1.723032e+01 -1.887199e+00 2.540000e+00
      vertex   1.762715e+01 -1.637430e+00 2.540000e+00
    endloop
  endfacet
  facet normal -0.000000e+00 0.000000e+00 1.000000e+00
    outer loop
      vertex   1.670050e+01 -7.698966e-01 2.540000e+00
      vertex   1.762715e+01 -1.637430e+00 2.540000e+00
      vertex   1.688462e+01 -6.286179e-01 2.540000e+00
    endloop
  endfacet
  facet normal 0.000000e+00 0.000000e+00 1.000000e+00
    outer loop
      vertex   1.688462e+01 -6.286179e-01 2.540000e+00
      vertex   1.762715e+01 -1.637430e+00 2.540000e+00
      vertex   1.795850e+01 -1.305679e+00 2.540000e+00
    endloop
  endfacet
  facet normal -0.000000e+00 0.000000e+00 1.000000e+00
    outer loop
      vertex   1.688462e+01 -6.286179e-01 2.540000e+00
      vertex   1.795850e+01 -1.305679e+00 2.540000e+00
      vertex   1.702590e+01 -4.445000e-01 2.540000e+00
    endloop
  endfacet
  facet normal 0.000000e+00 0.000000e+00 1.000000e+00
    outer loop
      vertex   1.702590e+01 -4.445000e-01 2.540000e+00
      vertex   1.795850e+01 -1.305679e+00 2.540000e+00
      vertex   1.820779e+01 -9.085549e-01 2.540000e+00
    endloop
  endfacet
  facet normal -0.000000e+00 0.000000e+00 1.000000e+00
    outer loop
      vertex   1.702590e+01 -4.445000e-01 2.540000e+00
      vertex   1.820779e+01 -9.085549e-01 2.540000e+00
      vertex   1.711471e+01 -2.300901e-01 2.540000e+00
    endloop
  endfacet
  facet normal 0.000000e+00 0.000000e+00 1.000000e+00
    outer loop
      vertex   1.711471e+01 -2.300901e-01 2.540000e+00
      vertex   1.820779e+01 -9.085549e-01 2.540000e+00
      vertex   1.836254e+01 -4.659418e-01 2.540000e+00
    endloop
  endfacet
  facet normal -0.000000e+00 0.000000e+00 1.000000e+00
    outer loop
      vertex   1.711471e+01 -2.300901e-01 2.540000e+00
      vertex   1.836254e+01 -4.659418e-01 2.540000e+00
      vertex   1.714500e+01 1.606923e-11 2.540000e+00
    endloop
  endfacet
  facet normal -0.000000e+00 0.000000e+00 1.000000e+00
    outer loop
      vertex   1.714500e+01 1.606923e-11 2.540000e+00
      vertex   1.836254e+01 -4.659418e-01 2.540000e+00
      vertex   1.841500e+01 3.020348e-11 2.540000e+00
    endloop
  endfacet
  facet normal 0.000000e+00 0.000000e+00 1.000000e+00
    outer loop
      vertex   1.714500e+01 1.606923e-11 2.540000e+00
      vertex   1.841500e+01 3.020348e-11 2.540000e+00
      vertex   1.836254e+01 4.659418e-01 2.540000e+00
    endloop
  endfacet
  facet normal 0.000000e+00 -0.000000e+00 1.000000e+00
    outer loop
      vertex   1.714500e+01 1.606923e-11 2.540000e+00
      vertex   1.836254e+01 4.659418e-01 2.540000e+00
      vertex   1.711471e+01 2.300901e-01 2.540000e+00
    endloop
  endfacet
  facet normal 0.000000e+00 0.000000e+00 1.000000e+00
    outer loop
      vertex   1.711471e+01 2.300901e-01 2.540000e+00
      vertex   1.836254e+01 4.659418e-01 2.540000e+00
      vertex   1.820779e+01 9.085549e-01 2.540000e+00
    endloop
  endfacet
  facet normal 0.000000e+00 -0.000000e+00 1.000000e+00
    outer loop
      vertex   1.711471e+01 2.300901e-01 2.540000e+00
      vertex   1.820779e+01 9.085549e-01 2.540000e+00
      vertex   1.702590e+01 4.445000e-01 2.540000e+00
    endloop
  endfacet
  facet normal 0.000000e+00 0.000000e+00 1.000000e+00
    outer loop
      vertex   1.702590e+01 4.445000e-01 2.540000e+00
      vertex   1.820779e+01 9.085549e-01 2.540000e+00
      vertex   1.795850e+01 1.305679e+00 2.540000e+00
    endloop
  endfacet
  facet normal 0.000000e+00 -0.000000e+00 1.000000e+00
    outer loop
      vertex   1.702590e+01 4.445000e-01 2.540000e+00
      vertex   1.795850e+01 1.305679e+00 2.540000e+00
      vertex   1.688462e+01 6.286179e-01 2.540000e+00
    endloop
  endfacet
  facet normal 0.000000e+00 0.000000e+00 1.000000e+00
    outer loop
      vertex   1.688462e+01 6.286179e-01 2.540000e+00
      vertex   1.795850e+01 1.305679e+00 2.540000e+00
      vertex   1.762715e+01 1.637430e+00 2.540000e+00
    endloop
  endfacet
  facet normal 0.000000e+00 -0.000000e+00 1.000000e+00
    outer loop
      vertex   1.688462e+01 6.286179e-01 2.540000e+00
      vertex   1.762715e+01 1.637430e+00 2.540000e+00
      vertex   1.670050e+01 7.698966e-01 2.540000e+00
    endloop
  endfacet
  facet normal 0.000000e+00 0.000000e+00 1.000000e+00
    outer loop
      vertex   1.670050e+01 7.698966e-01 2.540000e+00
      vertex   1.762715e+01 1.637430e+00 2.540000e+00
      vertex   1.723032e+01 1.887199e+00 2.540000e+00
    endloop
  endfacet
  facet normal 0.000000e+00 -0.000000e+00 1.000000e+00
    outer loop
      vertex   1.670050e+01 7.698966e-01 2.540000e+00
      vertex   1.723032e+01 1.887199e+00 2.540000e+00
      vertex   1.648609e+01 8.587081e-01 2.540000e+00
    endloop
  endfacet
  facet normal 0.000000e+00 0.000000e+00 1.000000e+00
    outer loop
      vertex   1.648609e+01 8.587081e-01 2.540000e+00
      vertex   1.723032e+01 1.887199e+00 2.540000e+00
      vertex   1.678790e+01 2.042480e+00 2.540000e+00
    endloop
  endfacet
  facet normal 0.000000e+00 -0.000000e+00 1.000000e+00
    outer loop
      vertex   1.648609e+01 8.587081e-01 2.540000e+00
      vertex   1.678790e+01 2.042480e+00 2.540000e+00
      vertex   1.625600e+01 8.890000e-01 2.540000e+00
    endloop
  endfacet
  facet normal 0.000000e+00 -0.000000e+00 1.000000e+00
    outer loop
      vertex   1.625600e+01 8.890000e-01 2.540000e+00
      vertex   1.678790e+01 2.042480e+00 2.540000e+00
      vertex   1.602591e+01 8.587081e-01 2.540000e+00
    endloop
  endfacet
  facet normal 0.000000e+00 -0.000000e+00 1.000000e+00
    outer loop
      vertex   1.602591e+01 8.587081e-01 2.540000e+00
      vertex   1.678790e+01 2.042480e+00 2.540000e+00
      vertex   1.581150e+01 7.698966e-01 2.540000e+00
    endloop
  endfacet
  facet normal 0.000000e+00 -0.000000e+00 1.000000e+00
    outer loop
      vertex   1.581150e+01 7.698966e-01 2.540000e+00
      vertex   1.678790e+01 2.042480e+00 2.540000e+00
      vertex   1.377950e+01 7.698966e-01 2.540000e+00
    endloop
  endfacet
  facet normal 0.000000e+00 0.000000e+00 1.000000e+00
    outer loop
      vertex   1.581150e+01 7.698966e-01 2.540000e+00
      vertex   1.377950e+01 7.698966e-01 2.540000e+00
      vertex   1.562738e+01 6.286179e-01 2.540000e+00
    endloop
  endfacet
  facet normal 0.000000e+00 0.000000e+00 1.000000e+00
    outer loop
      vertex   1.562738e+01 6.286179e-01 2.540000e+00
      vertex   1.377950e+01 7.698966e-01 2.540000e+00
      vertex   1.396362e+01 6.286179e-01 2.540000e+00
    endloop
  endfacet
  facet normal 0.000000e+00 0.000000e+00 1.000000e+00
    outer loop
      vertex   1.562738e+01 6.286179e-01 2.540000e+00
      vertex   1.396362e+01 6.286179e-01 2.540000e+00
      vertex   1.548610e+01 4.445000e-01 2.540000e+00
    endloop
  endfacet
  facet normal 0.000000e+00 0.000000e+00 1.000000e+00
    outer loop
      vertex   1.548610e+01 4.445000e-01 2.540000e+00
      vertex   1.396362e+01 6.286179e-01 2.540000e+00
      vertex   1.410490e+01 4.445000e-01 2.540000e+00
    endloop
  endfacet
  facet normal 0.000000e+00 0.000000e+00 1.000000e+00
    outer loop
      vertex   1.548610e+01 4.445000e-01 2.540000e+00
      vertex   1.410490e+01 4.445000e-01 2.540000e+00
      vertex   1.539729e+01 2.300901e-01 2.540000e+00
    endloop
  endfacet
  facet normal 0.000000e+00 0.000000e+00 1.000000e+00
    outer loop
      vertex   1.539729e+01 2.300901e-01 2.540000e+00
      vertex   1.410490e+01 4.445000e-01 2.540000e+00
      vertex   1.419371e+01 2.300901e-01 2.540000e+00
    endloop
  endfacet
  facet normal 0.000000e+00 0.000000e+00 1.000000e+00
    outer loop
      vertex   1.539729e+01 2.300901e-01 2.540000e+00
      vertex   1.419371e+01 2.300901e-01 2.540000e+00
      vertex   1.536700e+01 1.606912e-11 2.540000e+00
    endloop
  endfacet
  facet normal 0.000000e+00 0.000000e+00 1.000000e+00
    outer loop
      vertex   1.536700e+01 1.606912e-11 2.540000e+00
      vertex   1.419371e+01 2.300901e-01 2.540000e+00
      vertex   1.422400e+01 1.606923e-11 2.540000e+00
    endloop
  endfacet
  facet normal 0.000000e+00 0.000000e+00 1.000000e+00
    outer loop
      vertex   1.536700e+01 1.606912e-11 2.540000e+00
      vertex   1.422400e+01 1.606923e-11 2.540000e+00
      vertex   1.539729e+01 -2.300901e-01 2.540000e+00
    endloop
  endfacet
  facet normal 0.000000e+00 0.000000e+00 1.000000e+00
    outer loop
      vertex   1.539729e+01 -2.300901e-01 2.540000e+00
      vertex   1.422400e+01 1.606923e-11 2.540000e+00
      vertex   1.419371e+01 -2.300901e-01 2.540000e+00
    endloop
  endfacet
  facet normal 0.000000e+00 0.000000e+00 1.000000e+00
    outer loop
      vertex   1.539729e+01 -2.300901e-01 2.540000e+00
      vertex   1.419371e+01 -2.300901e-01 2.540000e+00
      vertex   1.548610e+01 -4.445000e-01 2.540000e+00
    endloop
  endfacet
  facet normal 0.000000e+00 0.000000e+00 1.000000e+00
    outer loop
      vertex   1.548610e+01 -4.445000e-01 2.540000e+00
      vertex   1.419371e+01 -2.300901e-01 2.540000e+00
      vertex   1.410490e+01 -4.445000e-01 2.540000e+00
    endloop
  endfacet
  facet normal 0.000000e+00 0.000000e+00 1.000000e+00
    outer loop
      vertex   1.548610e+01 -4.445000e-01 2.540000e+00
      vertex   1.410490e+01 -4.445000e-01 2.540000e+00
      vertex   1.562738e+01 -6.286179e-01 2.540000e+00
    endloop
  endfacet
  facet normal 0.000000e+00 0.000000e+00 1.000000e+00
    outer loop
      vertex   1.562738e+01 -6.286179e-01 2.540000e+00
      vertex   1.410490e+01 -4.445000e-01 2.540000e+00
      vertex   1.396362e+01 -6.286179e-01 2.540000e+00
    endloop
  endfacet
  facet normal 0.000000e+00 0.000000e+00 1.000000e+00
    outer loop
      vertex   1.562738e+01 -6.286179e-01 2.540000e+00
      vertex   1.396362e+01 -6.286179e-01 2.540000e+00
      vertex   1.581150e+01 -7.698966e-01 2.540000e+00
    endloop
  endfacet
  facet normal 0.000000e+00 0.000000e+00 1.000000e+00
    outer loop
      vertex   1.581150e+01 -7.698966e-01 2.540000e+00
      vertex   1.396362e+01 -6.286179e-01 2.540000e+00
      vertex   1.377950e+01 -7.698966e-01 2.540000e+00
    endloop
  endfacet
  facet normal 0.000000e+00 0.000000e+00 1.000000e+00
    outer loop
      vertex   1.581150e+01 -7.698966e-01 2.540000e+00
      vertex   1.377950e+01 -7.698966e-01 2.540000e+00
      vertex   1.678790e+01 -2.042480e+00 2.540000e+00
    endloop
  endfacet
  facet normal 0.000000e+00 0.000000e+00 1.000000e+00
    outer loop
      vertex   1.678790e+01 -2.042480e+00 2.540000e+00
      vertex   1.377950e+01 -7.698966e-01 2.540000e+00
      vertex   1.356509e+01 -8.587081e-01 2.540000e+00
    endloop
  endfacet
  facet normal 0.000000e+00 0.000000e+00 1.000000e+00
    outer loop
      vertex   1.678790e+01 -2.042480e+00 2.540000e+00
      vertex   1.356509e+01 -8.587081e-01 2.540000e+00
      vertex   1.333500e+01 -8.890000e-01 2.540000e+00
    endloop
  endfacet
  facet normal 0.000000e+00 0.000000e+00 1.000000e+00
    outer loop
      vertex   9.080500e+00 3.810000e+00 2.540000e+00
      vertex   1.333500e+01 8.890000e-01 2.540000e+00
      vertex   1.678790e+01 2.042480e+00 2.540000e+00
    endloop
  endfacet
  facet normal 0.000000e+00 0.000000e+00 1.000000e+00
    outer loop
      vertex   1.678790e+01 2.042480e+00 2.540000e+00
      vertex   1.333500e+01 8.890000e-01 2.540000e+00
      vertex   1.356509e+01 8.587081e-01 2.540000e+00
    endloop
  endfacet
  facet normal 0.000000e+00 0.000000e+00 1.000000e+00
    outer loop
      vertex   1.678790e+01 2.042480e+00 2.540000e+00
      vertex   1.356509e+01 8.587081e-01 2.540000e+00
      vertex   1.377950e+01 7.698966e-01 2.540000e+00
    endloop
  endfacet
  facet normal 0.000000e+00 0.000000e+00 1.000000e+00
    outer loop
      vertex   6.699113e+00 4.059215e+00 2.540000e+00
      vertex   7.493000e+00 8.890000e-01 2.540000e+00
      vertex   9.080500e+00 3.810000e+00 2.540000e+00
    endloop
  endfacet
  facet normal 0.000000e+00 0.000000e+00 1.000000e+00
    outer loop
      vertex   9.080500e+00 3.810000e+00 2.540000e+00
      vertex   7.493000e+00 8.890000e-01 2.540000e+00
      vertex   7.723090e+00 8.587081e-01 2.540000e+00
    endloop
  endfacet
  facet normal 0.000000e+00 0.000000e+00 1.000000e+00
    outer loop
      vertex   9.080500e+00 3.810000e+00 2.540000e+00
      vertex   7.723090e+00 8.587081e-01 2.540000e+00
      vertex   7.937500e+00 7.698966e-01 2.540000e+00
    endloop
  endfacet
  facet normal 0.000000e+00 0.000000e+00 1.000000e+00
    outer loop
      vertex   6.274846e+00 4.140551e+00 2.540000e+00
      vertex   4.678692e+00 2.136687e+00 2.540000e+00
      vertex   6.699113e+00 4.059215e+00 2.540000e+00
    endloop
  endfacet
  facet normal 0.000000e+00 0.000000e+00 1.000000e+00
    outer loop
      vertex   6.699113e+00 4.059215e+00 2.540000e+00
      vertex   4.678692e+00 2.136687e+00 2.540000e+00
      vertex   4.935152e+00 1.449091e+00 2.540000e+00
    endloop
  endfacet
  facet normal 0.000000e+00 0.000000e+00 1.000000e+00
    outer loop
      vertex   6.699113e+00 4.059215e+00 2.540000e+00
      vertex   4.935152e+00 1.449091e+00 2.540000e+00
      vertex   7.048500e+00 7.698966e-01 2.540000e+00
    endloop
  endfacet
  facet normal 0.000000e+00 0.000000e+00 1.000000e+00
    outer loop
      vertex   7.048500e+00 7.698966e-01 2.540000e+00
      vertex   4.935152e+00 1.449091e+00 2.540000e+00
      vertex   6.864382e+00 6.286179e-01 2.540000e+00
    endloop
  endfacet
  facet normal 0.000000e+00 0.000000e+00 1.000000e+00
    outer loop
      vertex   6.864382e+00 6.286179e-01 2.540000e+00
      vertex   4.935152e+00 1.449091e+00 2.540000e+00
      vertex   5.091147e+00 7.319964e-01 2.540000e+00
    endloop
  endfacet
  facet normal 0.000000e+00 0.000000e+00 1.000000e+00
    outer loop
      vertex   6.864382e+00 6.286179e-01 2.540000e+00
      vertex   5.091147e+00 7.319964e-01 2.540000e+00
      vertex   6.723103e+00 4.445000e-01 2.540000e+00
    endloop
  endfacet
  facet normal 0.000000e+00 0.000000e+00 1.000000e+00
    outer loop
      vertex   6.723103e+00 4.445000e-01 2.540000e+00
      vertex   5.091147e+00 7.319964e-01 2.540000e+00
      vertex   6.634292e+00 2.300901e-01 2.540000e+00
    endloop
  endfacet
  facet normal 0.000000e+00 0.000000e+00 1.000000e+00
    outer loop
      vertex   6.634292e+00 2.300901e-01 2.540000e+00
      vertex   5.091147e+00 7.319964e-01 2.540000e+00
      vertex   5.143500e+00 6.298971e-16 2.540000e+00
    endloop
  endfacet
  facet normal 0.000000e+00 0.000000e+00 1.000000e+00
    outer loop
      vertex   6.634292e+00 2.300901e-01 2.540000e+00
      vertex   5.143500e+00 6.298971e-16 2.540000e+00
      vertex   6.604000e+00 1.606912e-11 2.540000e+00
    endloop
  endfacet
  facet normal 0.000000e+00 0.000000e+00 1.000000e+00
    outer loop
      vertex   6.604000e+00 1.606912e-11 2.540000e+00
      vertex   5.143500e+00 6.298971e-16 2.540000e+00
      vertex   6.634292e+00 -2.300901e-01 2.540000e+00
    endloop
  endfacet
  facet normal 0.000000e+00 0.000000e+00 1.000000e+00
    outer loop
      vertex   6.634292e+00 -2.300901e-01 2.540000e+00
      vertex   5.143500e+00 6.298971e-16 2.540000e+00
      vertex   5.091147e+00 -7.319964e-01 2.540000e+00
    endloop
  endfacet
  facet normal 0.000000e+00 0.000000e+00 1.000000e+00
    outer loop
      vertex   6.634292e+00 -2.300901e-01 2.540000e+00
      vertex   5.091147e+00 -7.319964e-01 2.540000e+00
      vertex   6.723103e+00 -4.445000e-01 2.540000e+00
    endloop
  endfacet
  facet normal 0.000000e+00 0.000000e+00 1.000000e+00
    outer loop
      vertex   6.723103e+00 -4.445000e-01 2.540000e+00
      vertex   5.091147e+00 -7.319964e-01 2.540000e+00
      vertex   6.864382e+00 -6.286179e-01 2.540000e+00
    endloop
  endfacet
  facet normal 0.000000e+00 0.000000e+00 1.000000e+00
    outer loop
      vertex   6.864382e+00 -6.286179e-01 2.540000e+00
      vertex   5.091147e+00 -7.319964e-01 2.540000e+00
      vertex   4.935152e+00 -1.449091e+00 2.540000e+00
    endloop
  endfacet
  facet normal 0.000000e+00 0.000000e+00 1.000000e+00
    outer loop
      vertex   6.864382e+00 -6.286179e-01 2.540000e+00
      vertex   4.935152e+00 -1.449091e+00 2.540000e+00
      vertex   7.048500e+00 -7.698966e-01 2.540000e+00
    endloop
  endfacet
  facet normal 0.000000e+00 0.000000e+00 1.000000e+00
    outer loop
      vertex   7.048500e+00 -7.698966e-01 2.540000e+00
      vertex   4.935152e+00 -1.449091e+00 2.540000e+00
      vertex   6.699113e+00 -4.059215e+00 2.540000e+00
    endloop
  endfacet
  facet normal 0.000000e+00 0.000000e+00 1.000000e+00
    outer loop
      vertex   7.048500e+00 -7.698966e-01 2.540000e+00
      vertex   6.699113e+00 -4.059215e+00 2.540000e+00
      vertex   7.262910e+00 -8.587081e-01 2.540000e+00
    endloop
  endfacet
  facet normal 0.000000e+00 0.000000e+00 1.000000e+00
    outer loop
      vertex   7.262910e+00 -8.587081e-01 2.540000e+00
      vertex   6.699113e+00 -4.059215e+00 2.540000e+00
      vertex   7.493000e+00 -8.890000e-01 2.540000e+00
    endloop
  endfacet
  facet normal 0.000000e+00 0.000000e+00 1.000000e+00
    outer loop
      vertex   7.493000e+00 -8.890000e-01 2.540000e+00
      vertex   6.699113e+00 -4.059215e+00 2.540000e+00
      vertex   9.080500e+00 -3.810000e+00 2.540000e+00
    endloop
  endfacet
  facet normal -0.000000e+00 0.000000e+00 1.000000e+00
    outer loop
      vertex   7.493000e+00 -8.890000e-01 2.540000e+00
      vertex   9.080500e+00 -3.810000e+00 2.540000e+00
      vertex   7.723090e+00 -8.587081e-01 2.540000e+00
    endloop
  endfacet
  facet normal -0.000000e+00 0.000000e+00 1.000000e+00
    outer loop
      vertex   7.723090e+00 -8.587081e-01 2.540000e+00
      vertex   9.080500e+00 -3.810000e+00 2.540000e+00
      vertex   7.937500e+00 -7.698966e-01 2.540000e+00
    endloop
  endfacet
  facet normal -0.000000e+00 0.000000e+00 1.000000e+00
    outer loop
      vertex   7.937500e+00 -7.698966e-01 2.540000e+00
      vertex   9.080500e+00 -3.810000e+00 2.540000e+00
      vertex   9.969500e+00 -7.698966e-01 2.540000e+00
    endloop
  endfacet
  facet normal 0.000000e+00 0.000000e+00 1.000000e+00
    outer loop
      vertex   7.937500e+00 -7.698966e-01 2.540000e+00
      vertex   9.969500e+00 -7.698966e-01 2.540000e+00
      vertex   8.121618e+00 -6.286179e-01 2.540000e+00
    endloop
  endfacet
  facet normal -0.000000e+00 0.000000e+00 1.000000e+00
    outer loop
      vertex   8.121618e+00 -6.286179e-01 2.540000e+00
      vertex   9.969500e+00 -7.698966e-01 2.540000e+00
      vertex   9.785382e+00 -6.286179e-01 2.540000e+00
    endloop
  endfacet
  facet normal 0.000000e+00 0.000000e+00 1.000000e+00
    outer loop
      vertex   8.121618e+00 -6.286179e-01 2.540000e+00
      vertex   9.785382e+00 -6.286179e-01 2.540000e+00
      vertex   8.262897e+00 -4.445000e-01 2.540000e+00
    endloop
  endfacet
  facet normal -0.000000e+00 0.000000e+00 1.000000e+00
    outer loop
      vertex   8.262897e+00 -4.445000e-01 2.540000e+00
      vertex   9.785382e+00 -6.286179e-01 2.540000e+00
      vertex   9.644103e+00 -4.445000e-01 2.540000e+00
    endloop
  endfacet
  facet normal 0.000000e+00 0.000000e+00 1.000000e+00
    outer loop
      vertex   8.262897e+00 -4.445000e-01 2.540000e+00
      vertex   9.644103e+00 -4.445000e-01 2.540000e+00
      vertex   8.351708e+00 -2.300901e-01 2.540000e+00
    endloop
  endfacet
  facet normal -0.000000e+00 0.000000e+00 1.000000e+00
    outer loop
      vertex   8.351708e+00 -2.300901e-01 2.540000e+00
      vertex   9.644103e+00 -4.445000e-01 2.540000e+00
      vertex   9.555292e+00 -2.300901e-01 2.540000e+00
    endloop
  endfacet
  facet normal 0.000000e+00 0.000000e+00 1.000000e+00
    outer loop
      vertex   8.351708e+00 -2.300901e-01 2.540000e+00
      vertex   9.555292e+00 -2.300901e-01 2.540000e+00
      vertex   8.382000e+00 1.606923e-11 2.540000e+00
    endloop
  endfacet
  facet normal 0.000000e+00 0.000000e+00 1.000000e+00
    outer loop
      vertex   8.382000e+00 1.606923e-11 2.540000e+00
      vertex   9.555292e+00 -2.300901e-01 2.540000e+00
      vertex   9.525000e+00 1.606912e-11 2.540000e+00
    endloop
  endfacet
  facet normal -0.000000e+00 -0.000000e+00 1.000000e+00
    outer loop
      vertex   8.382000e+00 1.606923e-11 2.540000e+00
      vertex   9.525000e+00 1.606912e-11 2.540000e+00
      vertex   8.351708e+00 2.300901e-01 2.540000e+00
    endloop
  endfacet
  facet normal 0.000000e+00 0.000000e+00 1.000000e+00
    outer loop
      vertex   8.351708e+00 2.300901e-01 2.540000e+00
      vertex   9.525000e+00 1.606912e-11 2.540000e+00
      vertex   9.555292e+00 2.300901e-01 2.540000e+00
    endloop
  endfacet
  facet normal -0.000000e+00 -0.000000e+00 1.000000e+00
    outer loop
      vertex   8.351708e+00 2.300901e-01 2.540000e+00
      vertex   9.555292e+00 2.300901e-01 2.540000e+00
      vertex   8.262897e+00 4.445000e-01 2.540000e+00
    endloop
  endfacet
  facet normal -0.000000e+00 0.000000e+00 1.000000e+00
    outer loop
      vertex   8.262897e+00 4.445000e-01 2.540000e+00
      vertex   9.555292e+00 2.300901e-01 2.540000e+00
      vertex   9.644103e+00 4.445000e-01 2.540000e+00
    endloop
  endfacet
  facet normal 0.000000e+00 -0.000000e+00 1.000000e+00
    outer loop
      vertex   8.262897e+00 4.445000e-01 2.540000e+00
      vertex   9.644103e+00 4.445000e-01 2.540000e+00
      vertex   8.121618e+00 6.286179e-01 2.540000e+00
    endloop
  endfacet
  facet normal -0.000000e+00 0.000000e+00 1.000000e+00
    outer loop
      vertex   8.121618e+00 6.286179e-01 2.540000e+00
      vertex   9.644103e+00 4.445000e-01 2.540000e+00
      vertex   9.785382e+00 6.286179e-01 2.540000e+00
    endloop
  endfacet
  facet normal 0.000000e+00 -0.000000e+00 1.000000e+00
    outer loop
      vertex   8.121618e+00 6.286179e-01 2.540000e+00
      vertex   9.785382e+00 6.286179e-01 2.540000e+00
      vertex   7.937500e+00 7.698966e-01 2.540000e+00
    endloop
  endfacet
  facet normal -0.000000e+00 0.000000e+00 1.000000e+00
    outer loop
      vertex   7.937500e+00 7.698966e-01 2.540000e+00
      vertex   9.785382e+00 6.286179e-01 2.540000e+00
      vertex   9.969500e+00 7.698966e-01 2.540000e+00
    endloop
  endfacet
  facet normal 0.000000e+00 0.000000e+00 1.000000e+00
    outer loop
      vertex   7.937500e+00 7.698966e-01 2.540000e+00
      vertex   9.969500e+00 7.698966e-01 2.540000e+00
      vertex   9.080500e+00 3.810000e+00 2.540000e+00
    endloop
  endfacet
  facet normal 0.000000e+00 0.000000e+00 1.000000e+00
    outer loop
      vertex   9.080500e+00 3.810000e+00 2.540000e+00
      vertex   9.969500e+00 7.698966e-01 2.540000e+00
      vertex   1.018391e+01 8.587081e-01 2.540000e+00
    endloop
  endfacet
  facet normal 0.000000e+00 0.000000e+00 1.000000e+00
    outer loop
      vertex   9.080500e+00 3.810000e+00 2.540000e+00
      vertex   1.018391e+01 8.587081e-01 2.540000e+00
      vertex   1.041400e+01 8.890000e-01 2.540000e+00
    endloop
  endfacet
  facet normal 0.000000e+00 0.000000e+00 1.000000e+00
    outer loop
      vertex   6.274846e+00 4.140551e+00 2.540000e+00
      vertex   5.870499e+00 4.292608e+00 2.540000e+00
      vertex   4.678692e+00 2.136687e+00 2.540000e+00
    endloop
  endfacet
  facet normal 0.000000e+00 -0.000000e+00 1.000000e+00
    outer loop
      vertex   4.678692e+00 2.136687e+00 2.540000e+00
      vertex   5.870499e+00 4.292608e+00 2.540000e+00
      vertex   4.326988e+00 2.780786e+00 2.540000e+00
    endloop
  endfacet
  facet normal 0.000000e+00 0.000000e+00 1.000000e+00
    outer loop
      vertex   4.326988e+00 2.780786e+00 2.540000e+00
      vertex   5.870499e+00 4.292608e+00 2.540000e+00
      vertex   5.497767e+00 4.510985e+00 2.540000e+00
    endloop
  endfacet
  facet normal 0.000000e+00 -0.000000e+00 1.000000e+00
    outer loop
      vertex   4.326988e+00 2.780786e+00 2.540000e+00
      vertex   5.497767e+00 4.510985e+00 2.540000e+00
      vertex   3.887198e+00 3.368276e+00 2.540000e+00
    endloop
  endfacet
  facet normal 0.000000e+00 0.000000e+00 1.000000e+00
    outer loop
      vertex   3.887198e+00 3.368276e+00 2.540000e+00
      vertex   5.497767e+00 4.510985e+00 2.540000e+00
      vertex   5.167432e+00 4.789368e+00 2.540000e+00
    endloop
  endfacet
  facet normal 0.000000e+00 -0.000000e+00 1.000000e+00
    outer loop
      vertex   3.887198e+00 3.368276e+00 2.540000e+00
      vertex   5.167432e+00 4.789368e+00 2.540000e+00
      vertex   3.368276e+00 3.887198e+00 2.540000e+00
    endloop
  endfacet
  facet normal 0.000000e+00 0.000000e+00 1.000000e+00
    outer loop
      vertex   3.368276e+00 3.887198e+00 2.540000e+00
      vertex   5.167432e+00 4.789368e+00 2.540000e+00
      vertex   4.789368e+00 5.167432e+00 2.540000e+00
    endloop
  endfacet
  facet normal 0.000000e+00 0.000000e+00 1.000000e+00
    outer loop
      vertex   3.368276e+00 3.887198e+00 2.540000e+00
      vertex   4.789368e+00 5.167432e+00 2.540000e+00
      vertex   4.510985e+00 5.497767e+00 2.540000e+00
    endloop
  endfacet
  facet normal 0.000000e+00 -0.000000e+00 1.000000e+00
    outer loop
      vertex   3.368276e+00 3.887198e+00 2.540000e+00
      vertex   4.510985e+00 5.497767e+00 2.540000e+00
      vertex   2.780786e+00 4.326988e+00 2.540000e+00
    endloop
  endfacet
  facet normal 0.000000e+00 0.000000e+00 1.000000e+00
    outer loop
      vertex   2.780786e+00 4.326988e+00 2.540000e+00
      vertex   4.510985e+00 5.497767e+00 2.540000e+00
      vertex   4.292608e+00 5.870499e+00 2.540000e+00
    endloop
  endfacet
  facet normal 0.000000e+00 -0.000000e+00 1.000000e+00
    outer loop
      vertex   2.780786e+00 4.326988e+00 2.540000e+00
      vertex   4.292608e+00 5.870499e+00 2.540000e+00
      vertex   2.136687e+00 4.678692e+00 2.540000e+00
    endloop
  endfacet
  facet normal 0.000000e+00 0.000000e+00 1.000000e+00
    outer loop
      vertex   2.136687e+00 4.678692e+00 2.540000e+00
      vertex   4.292608e+00 5.870499e+00 2.540000e+00
      vertex   4.140551e+00 6.274846e+00 2.540000e+00
    endloop
  endfacet
  facet normal 0.000000e+00 0.000000e+00 1.000000e+00
    outer loop
      vertex   2.136687e+00 4.678692e+00 2.540000e+00
      vertex   4.140551e+00 6.274846e+00 2.540000e+00
      vertex   4.059215e+00 6.699113e+00 2.540000e+00
    endloop
  endfacet
  facet normal 0.000000e+00 0.000000e+00 1.000000e+00
    outer loop
      vertex   2.042480e+00 1.678790e+01 2.540000e+00
      vertex   8.890000e-01 1.333500e+01 2.540000e+00
      vertex   3.810000e+00 9.080500e+00 2.540000e+00
    endloop
  endfacet
  facet normal 0.000000e+00 0.000000e+00 1.000000e+00
    outer loop
      vertex   3.810000e+00 9.080500e+00 2.540000e+00
      vertex   8.890000e-01 1.333500e+01 2.540000e+00
      vertex   8.587081e-01 1.310491e+01 2.540000e+00
    endloop
  endfacet
  facet normal 0.000000e+00 0.000000e+00 1.000000e+00
    outer loop
      vertex   3.810000e+00 9.080500e+00 2.540000e+00
      vertex   8.587081e-01 1.310491e+01 2.540000e+00
      vertex   7.698966e-01 1.289050e+01 2.540000e+00
    endloop
  endfacet
  facet normal 0.000000e+00 0.000000e+00 1.000000e+00
    outer loop
      vertex   1.887199e+00 1.723032e+01 2.540000e+00
      vertex   8.587081e-01 1.648609e+01 2.540000e+00
      vertex   2.042480e+00 1.678790e+01 2.540000e+00
    endloop
  endfacet
  facet normal 0.000000e+00 0.000000e+00 1.000000e+00
    outer loop
      vertex   2.042480e+00 1.678790e+01 2.540000e+00
      vertex   8.587081e-01 1.648609e+01 2.540000e+00
      vertex   8.890000e-01 1.625600e+01 2.540000e+00
    endloop
  endfacet
  facet normal 0.000000e+00 0.000000e+00 1.000000e+00
    outer loop
      vertex   2.042480e+00 1.678790e+01 2.540000e+00
      vertex   8.890000e-01 1.625600e+01 2.540000e+00
      vertex   8.587081e-01 1.602591e+01 2.540000e+00
    endloop
  endfacet
  facet normal 0.000000e+00 -0.000000e+00 1.000000e+00
    outer loop
      vertex   8.587081e-01 1.648609e+01 2.540000e+00
      vertex   1.887199e+00 1.723032e+01 2.540000e+00
      vertex   7.698966e-01 1.670050e+01 2.540000e+00
    endloop
  endfacet
  facet normal 0.000000e+00 0.000000e+00 1.000000e+00
    outer loop
      vertex   7.698966e-01 1.670050e+01 2.540000e+00
      vertex   1.887199e+00 1.723032e+01 2.540000e+00
      vertex   1.637430e+00 1.762715e+01 2.540000e+00
    endloop
  endfacet
  facet normal 0.000000e+00 -0.000000e+00 1.000000e+00
    outer loop
      vertex   7.698966e-01 1.670050e+01 2.540000e+00
      vertex   1.637430e+00 1.762715e+01 2.540000e+00
      vertex   6.286179e-01 1.688462e+01 2.540000e+00
    endloop
  endfacet
  facet normal 0.000000e+00 0.000000e+00 1.000000e+00
    outer loop
      vertex   6.286179e-01 1.688462e+01 2.540000e+00
      vertex   1.637430e+00 1.762715e+01 2.540000e+00
      vertex   1.305679e+00 1.795850e+01 2.540000e+00
    endloop
  endfacet
  facet normal 0.000000e+00 -0.000000e+00 1.000000e+00
    outer loop
      vertex   6.286179e-01 1.688462e+01 2.540000e+00
      vertex   1.305679e+00 1.795850e+01 2.540000e+00
      vertex   4.445000e-01 1.702590e+01 2.540000e+00
    endloop
  endfacet
  facet normal 0.000000e+00 0.000000e+00 1.000000e+00
    outer loop
      vertex   4.445000e-01 1.702590e+01 2.540000e+00
      vertex   1.305679e+00 1.795850e+01 2.540000e+00
      vertex   9.085549e-01 1.820779e+01 2.540000e+00
    endloop
  endfacet
  facet normal 0.000000e+00 -0.000000e+00 1.000000e+00
    outer loop
      vertex   4.445000e-01 1.702590e+01 2.540000e+00
      vertex   9.085549e-01 1.820779e+01 2.540000e+00
      vertex   2.300901e-01 1.711471e+01 2.540000e+00
    endloop
  endfacet
  facet normal 0.000000e+00 0.000000e+00 1.000000e+00
    outer loop
      vertex   2.300901e-01 1.711471e+01 2.540000e+00
      vertex   9.085549e-01 1.820779e+01 2.540000e+00
      vertex   4.659418e-01 1.836254e+01 2.540000e+00
    endloop
  endfacet
  facet normal 0.000000e+00 -0.000000e+00 1.000000e+00
    outer loop
      vertex   2.300901e-01 1.711471e+01 2.540000e+00
      vertex   4.659418e-01 1.836254e+01 2.540000e+00
      vertex   -1.606621e-11 1.714500e+01 2.540000e+00
    endloop
  endfacet
  facet normal 0.000000e+00 0.000000e+00 1.000000e+00
    outer loop
      vertex   -1.606621e-11 1.714500e+01 2.540000e+00
      vertex   4.659418e-01 1.836254e+01 2.540000e+00
      vertex   1.239842e-12 1.841500e+01 2.540000e+00
    endloop
  endfacet
  facet normal 0.000000e+00 -0.000000e+00 1.000000e+00
    outer loop
      vertex   -1.606621e-11 1.714500e+01 2.540000e+00
      vertex   1.239842e-12 1.841500e+01 2.540000e+00
      vertex   -4.659418e-01 1.836254e+01 2.540000e+00
    endloop
  endfacet
  facet normal 0.000000e+00 0.000000e+00 1.000000e+00
    outer loop
      vertex   -1.606621e-11 1.714500e+01 2.540000e+00
      vertex   -4.659418e-01 1.836254e+01 2.540000e+00
      vertex   -2.300901e-01 1.711471e+01 2.540000e+00
    endloop
  endfacet
  facet normal 0.000000e+00 0.000000e+00 1.000000e+00
    outer loop
      vertex   -2.300901e-01 1.711471e+01 2.540000e+00
      vertex   -4.659418e-01 1.836254e+01 2.540000e+00
      vertex   -9.085549e-01 1.820779e+01 2.540000e+00
    endloop
  endfacet
  facet normal 0.000000e+00 0.000000e+00 1.000000e+00
    outer loop
      vertex   -2.300901e-01 1.711471e+01 2.540000e+00
      vertex   -9.085549e-01 1.820779e+01 2.540000e+00
      vertex   -4.445000e-01 1.702590e+01 2.540000e+00
    endloop
  endfacet
  facet normal 0.000000e+00 0.000000e+00 1.000000e+00
    outer loop
      vertex   -4.445000e-01 1.702590e+01 2.540000e+00
      vertex   -9.085549e-01 1.820779e+01 2.540000e+00
      vertex   -1.305679e+00 1.795850e+01 2.540000e+00
    endloop
  endfacet
  facet normal 0.000000e+00 0.000000e+00 1.000000e+00
    outer loop
      vertex   -4.445000e-01 1.702590e+01 2.540000e+00
      vertex   -1.305679e+00 1.795850e+01 2.540000e+00
      vertex   -6.286179e-01 1.688462e+01 2.540000e+00
    endloop
  endfacet
  facet normal 0.000000e+00 0.000000e+00 1.000000e+00
    outer loop
      vertex   -6.286179e-01 1.688462e+01 2.540000e+00
      vertex   -1.305679e+00 1.795850e+01 2.540000e+00
      vertex   -1.637430e+00 1.762715e+01 2.540000e+00
    endloop
  endfacet
  facet normal 0.000000e+00 0.000000e+00 1.000000e+00
    outer loop
      vertex   -6.286179e-01 1.688462e+01 2.540000e+00
      vertex   -1.637430e+00 1.762715e+01 2.540000e+00
      vertex   -7.698966e-01 1.670050e+01 2.540000e+00
    endloop
  endfacet
  facet normal 0.000000e+00 0.000000e+00 1.000000e+00
    outer loop
      vertex   -7.698966e-01 1.670050e+01 2.540000e+00
      vertex   -1.637430e+00 1.762715e+01 2.540000e+00
      vertex   -1.887199e+00 1.723032e+01 2.540000e+00
    endloop
  endfacet
  facet normal 0.000000e+00 0.000000e+00 1.000000e+00
    outer loop
      vertex   -7.698966e-01 1.670050e+01 2.540000e+00
      vertex   -1.887199e+00 1.723032e+01 2.540000e+00
      vertex   -8.587081e-01 1.648609e+01 2.540000e+00
    endloop
  endfacet
  facet normal 0.000000e+00 0.000000e+00 1.000000e+00
    outer loop
      vertex   -8.587081e-01 1.648609e+01 2.540000e+00
      vertex   -1.887199e+00 1.723032e+01 2.540000e+00
      vertex   -2.042480e+00 1.678790e+01 2.540000e+00
    endloop
  endfacet
  facet normal 0.000000e+00 0.000000e+00 1.000000e+00
    outer loop
      vertex   -8.587081e-01 1.648609e+01 2.540000e+00
      vertex   -2.042480e+00 1.678790e+01 2.540000e+00
      vertex   -8.890000e-01 1.625600e+01 2.540000e+00
    endloop
  endfacet
  facet normal 0.000000e+00 0.000000e+00 1.000000e+00
    outer loop
      vertex   -8.890000e-01 1.625600e+01 2.540000e+00
      vertex   -2.042480e+00 1.678790e+01 2.540000e+00
      vertex   -8.587081e-01 1.602591e+01 2.540000e+00
    endloop
  endfacet
  facet normal 0.000000e+00 0.000000e+00 1.000000e+00
    outer loop
      vertex   -8.587081e-01 1.602591e+01 2.540000e+00
      vertex   -2.042480e+00 1.678790e+01 2.540000e+00
      vertex   -7.698966e-01 1.581150e+01 2.540000e+00
    endloop
  endfacet
  facet normal 0.000000e+00 0.000000e+00 1.000000e+00
    outer loop
      vertex   -7.698966e-01 1.581150e+01 2.540000e+00
      vertex   -2.042480e+00 1.678790e+01 2.540000e+00
      vertex   -7.698966e-01 1.377950e+01 2.540000e+00
    endloop
  endfacet
  facet normal 0.000000e+00 0.000000e+00 1.000000e+00
    outer loop
      vertex   -7.698966e-01 1.581150e+01 2.540000e+00
      vertex   -7.698966e-01 1.377950e+01 2.540000e+00
      vertex   -6.286179e-01 1.562738e+01 2.540000e+00
    endloop
  endfacet
  facet normal 0.000000e+00 0.000000e+00 1.000000e+00
    outer loop
      vertex   -6.286179e-01 1.562738e+01 2.540000e+00
      vertex   -7.698966e-01 1.377950e+01 2.540000e+00
      vertex   -6.286179e-01 1.396362e+01 2.540000e+00
    endloop
  endfacet
  facet normal 0.000000e+00 0.000000e+00 1.000000e+00
    outer loop
      vertex   -6.286179e-01 1.562738e+01 2.540000e+00
      vertex   -6.286179e-01 1.396362e+01 2.540000e+00
      vertex   -4.445000e-01 1.410490e+01 2.540000e+00
    endloop
  endfacet
  facet normal 0.000000e+00 0.000000e+00 1.000000e+00
    outer loop
      vertex   -3.810000e+00 9.080500e+00 2.540000e+00
      vertex   -8.890000e-01 1.333500e+01 2.540000e+00
      vertex   -2.042480e+00 1.678790e+01 2.540000e+00
    endloop
  endfacet
  facet normal 0.000000e+00 0.000000e+00 1.000000e+00
    outer loop
      vertex   -2.042480e+00 1.678790e+01 2.540000e+00
      vertex   -8.890000e-01 1.333500e+01 2.540000e+00
      vertex   -8.587081e-01 1.356509e+01 2.540000e+00
    endloop
  endfacet
  facet normal 0.000000e+00 0.000000e+00 1.000000e+00
    outer loop
      vertex   -2.042480e+00 1.678790e+01 2.540000e+00
      vertex   -8.587081e-01 1.356509e+01 2.540000e+00
      vertex   -7.698966e-01 1.377950e+01 2.540000e+00
    endloop
  endfacet
  facet normal 0.000000e+00 0.000000e+00 1.000000e+00
    outer loop
      vertex   -1.449091e+00 4.935152e+00 2.540000e+00
      vertex   -4.059215e+00 6.699113e+00 2.540000e+00
      vertex   -2.136687e+00 4.678692e+00 2.540000e+00
    endloop
  endfacet
  facet normal 0.000000e+00 0.000000e+00 1.000000e+00
    outer loop
      vertex   -2.136687e+00 4.678692e+00 2.540000e+00
      vertex   -4.059215e+00 6.699113e+00 2.540000e+00
      vertex   -4.140551e+00 6.274846e+00 2.540000e+00
    endloop
  endfacet
  facet normal 0.000000e+00 0.000000e+00 1.000000e+00
    outer loop
      vertex   -2.136687e+00 4.678692e+00 2.540000e+00
      vertex   -4.140551e+00 6.274846e+00 2.540000e+00
      vertex   -4.292608e+00 5.870499e+00 2.540000e+00
    endloop
  endfacet
  facet normal 0.000000e+00 0.000000e+00 1.000000e+00
    outer loop
      vertex   -2.136687e+00 4.678692e+00 2.540000e+00
      vertex   -4.292608e+00 5.870499e+00 2.540000e+00
      vertex   -2.780786e+00 4.326988e+00 2.540000e+00
    endloop
  endfacet
  facet normal 0.000000e+00 0.000000e+00 1.000000e+00
    outer loop
      vertex   -2.780786e+00 4.326988e+00 2.540000e+00
      vertex   -4.292608e+00 5.870499e+00 2.540000e+00
      vertex   -4.510985e+00 5.497767e+00 2.540000e+00
    endloop
  endfacet
  facet normal 0.000000e+00 0.000000e+00 1.000000e+00
    outer loop
      vertex   -2.780786e+00 4.326988e+00 2.540000e+00
      vertex   -4.510985e+00 5.497767e+00 2.540000e+00
      vertex   -3.368276e+00 3.887198e+00 2.540000e+00
    endloop
  endfacet
  facet normal 0.000000e+00 0.000000e+00 1.000000e+00
    outer loop
      vertex   -3.368276e+00 3.887198e+00 2.540000e+00
      vertex   -4.510985e+00 5.497767e+00 2.540000e+00
      vertex   -4.789368e+00 5.167432e+00 2.540000e+00
    endloop
  endfacet
  facet normal 0.000000e+00 0.000000e+00 1.000000e+00
    outer loop
      vertex   -3.368276e+00 3.887198e+00 2.540000e+00
      vertex   -4.789368e+00 5.167432e+00 2.540000e+00
      vertex   -5.167432e+00 4.789368e+00 2.540000e+00
    endloop
  endfacet
  facet normal 0.000000e+00 0.000000e+00 1.000000e+00
    outer loop
      vertex   -3.368276e+00 3.887198e+00 2.540000e+00
      vertex   -5.167432e+00 4.789368e+00 2.540000e+00
      vertex   -3.887198e+00 3.368276e+00 2.540000e+00
    endloop
  endfacet
  facet normal 0.000000e+00 0.000000e+00 1.000000e+00
    outer loop
      vertex   -3.887198e+00 3.368276e+00 2.540000e+00
      vertex   -5.167432e+00 4.789368e+00 2.540000e+00
      vertex   -5.497767e+00 4.510985e+00 2.540000e+00
    endloop
  endfacet
  facet normal 0.000000e+00 0.000000e+00 1.000000e+00
    outer loop
      vertex   -3.887198e+00 3.368276e+00 2.540000e+00
      vertex   -5.497767e+00 4.510985e+00 2.540000e+00
      vertex   -4.326988e+00 2.780786e+00 2.540000e+00
    endloop
  endfacet
  facet normal 0.000000e+00 0.000000e+00 1.000000e+00
    outer loop
      vertex   -4.326988e+00 2.780786e+00 2.540000e+00
      vertex   -5.497767e+00 4.510985e+00 2.540000e+00
      vertex   -5.870499e+00 4.292608e+00 2.540000e+00
    endloop
  endfacet
  facet normal 0.000000e+00 0.000000e+00 1.000000e+00
    outer loop
      vertex   -4.326988e+00 2.780786e+00 2.540000e+00
      vertex   -5.870499e+00 4.292608e+00 2.540000e+00
      vertex   -4.678692e+00 2.136687e+00 2.540000e+00
    endloop
  endfacet
  facet normal 0.000000e+00 0.000000e+00 1.000000e+00
    outer loop
      vertex   -4.678692e+00 2.136687e+00 2.540000e+00
      vertex   -5.870499e+00 4.292608e+00 2.540000e+00
      vertex   -6.274846e+00 4.140551e+00 2.540000e+00
    endloop
  endfacet
  facet normal 0.000000e+00 0.000000e+00 1.000000e+00
    outer loop
      vertex   -4.678692e+00 2.136687e+00 2.540000e+00
      vertex   -6.274846e+00 4.140551e+00 2.540000e+00
      vertex   -6.699113e+00 4.059215e+00 2.540000e+00
    endloop
  endfacet
  facet normal -0.000000e+00 0.000000e+00 1.000000e+00
    outer loop
      vertex   -9.080500e+00 3.810000e+00 2.540000e+00
      vertex   -7.493000e+00 8.890000e-01 2.540000e+00
      vertex   -6.699113e+00 4.059215e+00 2.540000e+00
    endloop
  endfacet
  facet normal 0.000000e+00 0.000000e+00 1.000000e+00
    outer loop
      vertex   -6.699113e+00 4.059215e+00 2.540000e+00
      vertex   -7.493000e+00 8.890000e-01 2.540000e+00
      vertex   -7.262910e+00 8.587081e-01 2.540000e+00
    endloop
  endfacet
  facet normal 0.000000e+00 0.000000e+00 1.000000e+00
    outer loop
      vertex   -6.699113e+00 4.059215e+00 2.540000e+00
      vertex   -7.262910e+00 8.587081e-01 2.540000e+00
      vertex   -7.048500e+00 7.698966e-01 2.540000e+00
    endloop
  endfacet
  facet normal -0.000000e+00 0.000000e+00 1.000000e+00
    outer loop
      vertex   -1.678790e+01 2.042480e+00 2.540000e+00
      vertex   -1.333500e+01 8.890000e-01 2.540000e+00
      vertex   -9.080500e+00 3.810000e+00 2.540000e+00
    endloop
  endfacet
  facet normal 0.000000e+00 0.000000e+00 1.000000e+00
    outer loop
      vertex   -9.080500e+00 3.810000e+00 2.540000e+00
      vertex   -1.333500e+01 8.890000e-01 2.540000e+00
      vertex   -1.310491e+01 8.587081e-01 2.540000e+00
    endloop
  endfacet
  facet normal 0.000000e+00 0.000000e+00 1.000000e+00
    outer loop
      vertex   -9.080500e+00 3.810000e+00 2.540000e+00
      vertex   -1.310491e+01 8.587081e-01 2.540000e+00
      vertex   -1.289050e+01 7.698966e-01 2.540000e+00
    endloop
  endfacet
  facet normal -0.000000e+00 0.000000e+00 1.000000e+00
    outer loop
      vertex   -1.723032e+01 1.887199e+00 2.540000e+00
      vertex   -1.648609e+01 8.587081e-01 2.540000e+00
      vertex   -1.678790e+01 2.042480e+00 2.540000e+00
    endloop
  endfacet
  facet normal 0.000000e+00 0.000000e+00 1.000000e+00
    outer loop
      vertex   -1.678790e+01 2.042480e+00 2.540000e+00
      vertex   -1.648609e+01 8.587081e-01 2.540000e+00
      vertex   -1.625600e+01 8.890000e-01 2.540000e+00
    endloop
  endfacet
  facet normal 0.000000e+00 0.000000e+00 1.000000e+00
    outer loop
      vertex   -1.678790e+01 2.042480e+00 2.540000e+00
      vertex   -1.625600e+01 8.890000e-01 2.540000e+00
      vertex   -1.602591e+01 8.587081e-01 2.540000e+00
    endloop
  endfacet
  facet normal 0.000000e+00 0.000000e+00 1.000000e+00
    outer loop
      vertex   -1.648609e+01 8.587081e-01 2.540000e+00
      vertex   -1.723032e+01 1.887199e+00 2.540000e+00
      vertex   -1.670050e+01 7.698966e-01 2.540000e+00
    endloop
  endfacet
  facet normal 0.000000e+00 0.000000e+00 1.000000e+00
    outer loop
      vertex   -1.670050e+01 7.698966e-01 2.540000e+00
      vertex   -1.723032e+01 1.887199e+00 2.540000e+00
      vertex   -1.762715e+01 1.637430e+00 2.540000e+00
    endloop
  endfacet
  facet normal 0.000000e+00 0.000000e+00 1.000000e+00
    outer loop
      vertex   -1.670050e+01 7.698966e-01 2.540000e+00
      vertex   -1.762715e+01 1.637430e+00 2.540000e+00
      vertex   -1.688462e+01 6.286179e-01 2.540000e+00
    endloop
  endfacet
  facet normal 0.000000e+00 0.000000e+00 1.000000e+00
    outer loop
      vertex   -1.688462e+01 6.286179e-01 2.540000e+00
      vertex   -1.762715e+01 1.637430e+00 2.540000e+00
      vertex   -1.795850e+01 1.305679e+00 2.540000e+00
    endloop
  endfacet
  facet normal 0.000000e+00 0.000000e+00 1.000000e+00
    outer loop
      vertex   -1.688462e+01 6.286179e-01 2.540000e+00
      vertex   -1.795850e+01 1.305679e+00 2.540000e+00
      vertex   -1.702590e+01 4.445000e-01 2.540000e+00
    endloop
  endfacet
  facet normal 0.000000e+00 0.000000e+00 1.000000e+00
    outer loop
      vertex   -1.702590e+01 4.445000e-01 2.540000e+00
      vertex   -1.795850e+01 1.305679e+00 2.540000e+00
      vertex   -1.820779e+01 9.085549e-01 2.540000e+00
    endloop
  endfacet
  facet normal 0.000000e+00 0.000000e+00 1.000000e+00
    outer loop
      vertex   -1.702590e+01 4.445000e-01 2.540000e+00
      vertex   -1.820779e+01 9.085549e-01 2.540000e+00
      vertex   -1.711471e+01 2.300901e-01 2.540000e+00
    endloop
  endfacet
  facet normal 0.000000e+00 0.000000e+00 1.000000e+00
    outer loop
      vertex   -1.711471e+01 2.300901e-01 2.540000e+00
      vertex   -1.820779e+01 9.085549e-01 2.540000e+00
      vertex   -1.836254e+01 4.659418e-01 2.540000e+00
    endloop
  endfacet
  facet normal 0.000000e+00 0.000000e+00 1.000000e+00
    outer loop
      vertex   -1.711471e+01 2.300901e-01 2.540000e+00
      vertex   -1.836254e+01 4.659418e-01 2.540000e+00
      vertex   -1.714500e+01 -1.606318e-11 2.540000e+00
    endloop
  endfacet
  facet normal 0.000000e+00 0.000000e+00 1.000000e+00
    outer loop
      vertex   -1.714500e+01 -1.606318e-11 2.540000e+00
      vertex   -1.836254e+01 4.659418e-01 2.540000e+00
      vertex   -1.841500e+01 3.072216e-11 2.540000e+00
    endloop
  endfacet
  facet normal 0.000000e+00 0.000000e+00 1.000000e+00
    outer loop
      vertex   -1.714500e+01 -1.606318e-11 2.540000e+00
      vertex   -1.841500e+01 3.072216e-11 2.540000e+00
      vertex   -1.836254e+01 -4.659418e-01 2.540000e+00
    endloop
  endfacet
  facet normal 0.000000e+00 0.000000e+00 1.000000e+00
    outer loop
      vertex   -1.714500e+01 -1.606318e-11 2.540000e+00
      vertex   -1.836254e+01 -4.659418e-01 2.540000e+00
      vertex   -1.711471e+01 -2.300901e-01 2.540000e+00
    endloop
  endfacet
  facet normal 0.000000e+00 0.000000e+00 1.000000e+00
    outer loop
      vertex   -1.711471e+01 -2.300901e-01 2.540000e+00
      vertex   -1.836254e+01 -4.659418e-01 2.540000e+00
      vertex   -1.820779e+01 -9.085549e-01 2.540000e+00
    endloop
  endfacet
  facet normal 0.000000e+00 0.000000e+00 1.000000e+00
    outer loop
      vertex   -1.711471e+01 -2.300901e-01 2.540000e+00
      vertex   -1.820779e+01 -9.085549e-01 2.540000e+00
      vertex   -1.702590e+01 -4.445000e-01 2.540000e+00
    endloop
  endfacet
  facet normal 0.000000e+00 0.000000e+00 1.000000e+00
    outer loop
      vertex   -1.702590e+01 -4.445000e-01 2.540000e+00
      vertex   -1.820779e+01 -9.085549e-01 2.540000e+00
      vertex   -1.795850e+01 -1.305679e+00 2.540000e+00
    endloop
  endfacet
  facet normal 0.000000e+00 0.000000e+00 1.000000e+00
    outer loop
      vertex   -1.702590e+01 -4.445000e-01 2.540000e+00
      vertex   -1.795850e+01 -1.305679e+00 2.540000e+00
      vertex   -1.688462e+01 -6.286179e-01 2.540000e+00
    endloop
  endfacet
  facet normal 0.000000e+00 0.000000e+00 1.000000e+00
    outer loop
      vertex   -1.688462e+01 -6.286179e-01 2.540000e+00
      vertex   -1.795850e+01 -1.305679e+00 2.540000e+00
      vertex   -1.762715e+01 -1.637430e+00 2.540000e+00
    endloop
  endfacet
  facet normal 0.000000e+00 0.000000e+00 1.000000e+00
    outer loop
      vertex   -1.688462e+01 -6.286179e-01 2.540000e+00
      vertex   -1.762715e+01 -1.637430e+00 2.540000e+00
      vertex   -1.670050e+01 -7.698966e-01 2.540000e+00
    endloop
  endfacet
  facet normal 0.000000e+00 0.000000e+00 1.000000e+00
    outer loop
      vertex   -1.670050e+01 -7.698966e-01 2.540000e+00
      vertex   -1.762715e+01 -1.637430e+00 2.540000e+00
      vertex   -1.723032e+01 -1.887199e+00 2.540000e+00
    endloop
  endfacet
  facet normal 0.000000e+00 0.000000e+00 1.000000e+00
    outer loop
      vertex   -1.670050e+01 -7.698966e-01 2.540000e+00
      vertex   -1.723032e+01 -1.887199e+00 2.540000e+00
      vertex   -1.648609e+01 -8.587081e-01 2.540000e+00
    endloop
  endfacet
  facet normal 0.000000e+00 0.000000e+00 1.000000e+00
    outer loop
      vertex   -1.648609e+01 -8.587081e-01 2.540000e+00
      vertex   -1.723032e+01 -1.887199e+00 2.540000e+00
      vertex   -1.678790e+01 -2.042480e+00 2.540000e+00
    endloop
  endfacet
  facet normal 0.000000e+00 0.000000e+00 1.000000e+00
    outer loop
      vertex   -1.648609e+01 -8.587081e-01 2.540000e+00
      vertex   -1.678790e+01 -2.042480e+00 2.540000e+00
      vertex   -1.625600e+01 -8.890000e-01 2.540000e+00
    endloop
  endfacet
  facet normal -0.000000e+00 0.000000e+00 1.000000e+00
    outer loop
      vertex   -1.625600e+01 -8.890000e-01 2.540000e+00
      vertex   -1.678790e+01 -2.042480e+00 2.540000e+00
      vertex   -1.602591e+01 -8.587081e-01 2.540000e+00
    endloop
  endfacet
  facet normal -0.000000e+00 0.000000e+00 1.000000e+00
    outer loop
      vertex   -1.602591e+01 -8.587081e-01 2.540000e+00
      vertex   -1.678790e+01 -2.042480e+00 2.540000e+00
      vertex   -1.581150e+01 -7.698966e-01 2.540000e+00
    endloop
  endfacet
  facet normal -0.000000e+00 0.000000e+00 1.000000e+00
    outer loop
      vertex   -1.581150e+01 -7.698966e-01 2.540000e+00
      vertex   -1.678790e+01 -2.042480e+00 2.540000e+00
      vertex   -1.377950e+01 -7.698966e-01 2.540000e+00
    endloop
  endfacet
  facet normal 0.000000e+00 0.000000e+00 1.000000e+00
    outer loop
      vertex   -1.581150e+01 -7.698966e-01 2.540000e+00
      vertex   -1.377950e+01 -7.698966e-01 2.540000e+00
      vertex   -1.562738e+01 -6.286179e-01 2.540000e+00
    endloop
  endfacet
  facet normal 0.000000e+00 0.000000e+00 1.000000e+00
    outer loop
      vertex   -1.562738e+01 -6.286179e-01 2.540000e+00
      vertex   -1.377950e+01 -7.698966e-01 2.540000e+00
      vertex   -1.396362e+01 -6.286179e-01 2.540000e+00
    endloop
  endfacet
  facet normal -0.000000e+00 0.000000e+00 1.000000e+00
    outer loop
      vertex   -1.562738e+01 -6.286179e-01 2.540000e+00
      vertex   -1.396362e+01 -6.286179e-01 2.540000e+00
      vertex   -1.548610e+01 -4.445000e-01 2.540000e+00
    endloop
  endfacet
  facet normal -0.000000e+00 0.000000e+00 1.000000e+00
    outer loop
      vertex   -1.548610e+01 -4.445000e-01 2.540000e+00
      vertex   -1.396362e+01 -6.286179e-01 2.540000e+00
      vertex   -1.410490e+01 -4.445000e-01 2.540000e+00
    endloop
  endfacet
  facet normal 0.000000e+00 0.000000e+00 1.000000e+00
    outer loop
      vertex   -1.548610e+01 -4.445000e-01 2.540000e+00
      vertex   -1.410490e+01 -4.445000e-01 2.540000e+00
      vertex   -1.539729e+01 -2.300901e-01 2.540000e+00
    endloop
  endfacet
  facet normal -0.000000e+00 0.000000e+00 1.000000e+00
    outer loop
      vertex   -1.539729e+01 -2.300901e-01 2.540000e+00
      vertex   -1.410490e+01 -4.445000e-01 2.540000e+00
      vertex   -1.419371e+01 -2.300901e-01 2.540000e+00
    endloop
  endfacet
  facet normal 0.000000e+00 0.000000e+00 1.000000e+00
    outer loop
      vertex   -1.539729e+01 -2.300901e-01 2.540000e+00
      vertex   -1.419371e+01 -2.300901e-01 2.540000e+00
      vertex   -1.536700e+01 -1.606307e-11 2.540000e+00
    endloop
  endfacet
  facet normal 0.000000e+00 0.000000e+00 1.000000e+00
    outer loop
      vertex   -1.536700e+01 -1.606307e-11 2.540000e+00
      vertex   -1.419371e+01 -2.300901e-01 2.540000e+00
      vertex   -1.422400e+01 -1.606354e-11 2.540000e+00
    endloop
  endfacet
  facet normal -0.000000e+00 -0.000000e+00 1.000000e+00
    outer loop
      vertex   -1.536700e+01 -1.606307e-11 2.540000e+00
      vertex   -1.422400e+01 -1.606354e-11 2.540000e+00
      vertex   -1.539729e+01 2.300901e-01 2.540000e+00
    endloop
  endfacet
  facet normal 0.000000e+00 0.000000e+00 1.000000e+00
    outer loop
      vertex   -1.539729e+01 2.300901e-01 2.540000e+00
      vertex   -1.422400e+01 -1.606354e-11 2.540000e+00
      vertex   -1.419371e+01 2.300901e-01 2.540000e+00
    endloop
  endfacet
  facet normal -0.000000e+00 -0.000000e+00 1.000000e+00
    outer loop
      vertex   -1.539729e+01 2.300901e-01 2.540000e+00
      vertex   -1.419371e+01 2.300901e-01 2.540000e+00
      vertex   -1.548610e+01 4.445000e-01 2.540000e+00
    endloop
  endfacet
  facet normal 0.000000e+00 0.000000e+00 1.000000e+00
    outer loop
      vertex   -1.548610e+01 4.445000e-01 2.540000e+00
      vertex   -1.419371e+01 2.300901e-01 2.540000e+00
      vertex   -1.410490e+01 4.445000e-01 2.540000e+00
    endloop
  endfacet
  facet normal -0.000000e+00 -0.000000e+00 1.000000e+00
    outer loop
      vertex   -1.548610e+01 4.445000e-01 2.540000e+00
      vertex   -1.410490e+01 4.445000e-01 2.540000e+00
      vertex   -1.562738e+01 6.286179e-01 2.540000e+00
    endloop
  endfacet
  facet normal 0.000000e+00 0.000000e+00 1.000000e+00
    outer loop
      vertex   -1.562738e+01 6.286179e-01 2.540000e+00
      vertex   -1.410490e+01 4.445000e-01 2.540000e+00
      vertex   -1.396362e+01 6.286179e-01 2.540000e+00
    endloop
  endfacet
  facet normal -0.000000e+00 -0.000000e+00 1.000000e+00
    outer loop
      vertex   -1.562738e+01 6.286179e-01 2.540000e+00
      vertex   -1.396362e+01 6.286179e-01 2.540000e+00
      vertex   -1.581150e+01 7.698966e-01 2.540000e+00
    endloop
  endfacet
  facet normal 0.000000e+00 0.000000e+00 1.000000e+00
    outer loop
      vertex   -1.581150e+01 7.698966e-01 2.540000e+00
      vertex   -1.396362e+01 6.286179e-01 2.540000e+00
      vertex   -1.377950e+01 7.698966e-01 2.540000e+00
    endloop
  endfacet
  facet normal -0.000000e+00 -0.000000e+00 1.000000e+00
    outer loop
      vertex   -1.581150e+01 7.698966e-01 2.540000e+00
      vertex   -1.377950e+01 7.698966e-01 2.540000e+00
      vertex   -1.678790e+01 2.042480e+00 2.540000e+00
    endloop
  endfacet
  facet normal 0.000000e+00 0.000000e+00 1.000000e+00
    outer loop
      vertex   -1.678790e+01 2.042480e+00 2.540000e+00
      vertex   -1.377950e+01 7.698966e-01 2.540000e+00
      vertex   -1.356509e+01 8.587081e-01 2.540000e+00
    endloop
  endfacet
  facet normal 0.000000e+00 0.000000e+00 1.000000e+00
    outer loop
      vertex   -1.678790e+01 2.042480e+00 2.540000e+00
      vertex   -1.356509e+01 8.587081e-01 2.540000e+00
      vertex   -1.333500e+01 8.890000e-01 2.540000e+00
    endloop
  endfacet
  facet normal 0.000000e+00 0.000000e+00 1.000000e+00
    outer loop
      vertex   -9.080500e+00 -3.810000e+00 2.540000e+00
      vertex   -1.333500e+01 -8.890000e-01 2.540000e+00
      vertex   -1.678790e+01 -2.042480e+00 2.540000e+00
    endloop
  endfacet
  facet normal 0.000000e+00 0.000000e+00 1.000000e+00
    outer loop
      vertex   -1.678790e+01 -2.042480e+00 2.540000e+00
      vertex   -1.333500e+01 -8.890000e-01 2.540000e+00
      vertex   -1.356509e+01 -8.587081e-01 2.540000e+00
    endloop
  endfacet
  facet normal 0.000000e+00 0.000000e+00 1.000000e+00
    outer loop
      vertex   -1.678790e+01 -2.042480e+00 2.540000e+00
      vertex   -1.356509e+01 -8.587081e-01 2.540000e+00
      vertex   -1.377950e+01 -7.698966e-01 2.540000e+00
    endloop
  endfacet
  facet normal 0.000000e+00 0.000000e+00 1.000000e+00
    outer loop
      vertex   -6.699113e+00 -4.059215e+00 2.540000e+00
      vertex   -7.493000e+00 -8.890000e-01 2.540000e+00
      vertex   -9.080500e+00 -3.810000e+00 2.540000e+00
    endloop
  endfacet
  facet normal 0.000000e+00 0.000000e+00 1.000000e+00
    outer loop
      vertex   -9.080500e+00 -3.810000e+00 2.540000e+00
      vertex   -7.493000e+00 -8.890000e-01 2.540000e+00
      vertex   -7.723090e+00 -8.587081e-01 2.540000e+00
    endloop
  endfacet
  facet normal 0.000000e+00 0.000000e+00 1.000000e+00
    outer loop
      vertex   -9.080500e+00 -3.810000e+00 2.540000e+00
      vertex   -7.723090e+00 -8.587081e-01 2.540000e+00
      vertex   -7.937500e+00 -7.698966e-01 2.540000e+00
    endloop
  endfacet
  facet normal 0.000000e+00 -0.000000e+00 1.000000e+00
    outer loop
      vertex   -6.274846e+00 -4.140551e+00 2.540000e+00
      vertex   -4.678692e+00 -2.136687e+00 2.540000e+00
      vertex   -6.699113e+00 -4.059215e+00 2.540000e+00
    endloop
  endfacet
  facet normal 0.000000e+00 0.000000e+00 1.000000e+00
    outer loop
      vertex   -6.699113e+00 -4.059215e+00 2.540000e+00
      vertex   -4.678692e+00 -2.136687e+00 2.540000e+00
      vertex   -4.935152e+00 -1.449091e+00 2.540000e+00
    endloop
  endfacet
  facet normal 0.000000e+00 -0.000000e+00 1.000000e+00
    outer loop
      vertex   -6.699113e+00 -4.059215e+00 2.540000e+00
      vertex   -4.935152e+00 -1.449091e+00 2.540000e+00
      vertex   -7.048500e+00 -7.698966e-01 2.540000e+00
    endloop
  endfacet
  facet normal -0.000000e+00 0.000000e+00 1.000000e+00
    outer loop
      vertex   -7.048500e+00 -7.698966e-01 2.540000e+00
      vertex   -4.935152e+00 -1.449091e+00 2.540000e+00
      vertex   -6.864382e+00 -6.286179e-01 2.540000e+00
    endloop
  endfacet
  facet normal 0.000000e+00 0.000000e+00 1.000000e+00
    outer loop
      vertex   -6.864382e+00 -6.286179e-01 2.540000e+00
      vertex   -4.935152e+00 -1.449091e+00 2.540000e+00
      vertex   -5.091147e+00 -7.319964e-01 2.540000e+00
    endloop
  endfacet
  facet normal -0.000000e+00 0.000000e+00 1.000000e+00
    outer loop
      vertex   -6.864382e+00 -6.286179e-01 2.540000e+00
      vertex   -5.091147e+00 -7.319964e-01 2.540000e+00
      vertex   -6.723103e+00 -4.445000e-01 2.540000e+00
    endloop
  endfacet
  facet normal -0.000000e+00 0.000000e+00 1.000000e+00
    outer loop
      vertex   -6.723103e+00 -4.445000e-01 2.540000e+00
      vertex   -5.091147e+00 -7.319964e-01 2.540000e+00
      vertex   -6.634292e+00 -2.300901e-01 2.540000e+00
    endloop
  endfacet
  facet normal -0.000000e+00 0.000000e+00 1.000000e+00
    outer loop
      vertex   -6.634292e+00 -2.300901e-01 2.540000e+00
      vertex   -5.091147e+00 -7.319964e-01 2.540000e+00
      vertex   -5.143500e+00 0.000000e+00 2.540000e+00
    endloop
  endfacet
  facet normal 0.000000e+00 0.000000e+00 1.000000e+00
    outer loop
      vertex   -6.634292e+00 -2.300901e-01 2.540000e+00
      vertex   -5.143500e+00 0.000000e+00 2.540000e+00
      vertex   -6.604000e+00 -1.606415e-11 2.540000e+00
    endloop
  endfacet
  facet normal 0.000000e+00 -0.000000e+00 1.000000e+00
    outer loop
      vertex   -6.604000e+00 -1.606415e-11 2.540000e+00
      vertex   -5.143500e+00 0.000000e+00 2.540000e+00
      vertex   -6.634292e+00 2.300901e-01 2.540000e+00
    endloop
  endfacet
  facet normal -0.000000e+00 0.000000e+00 1.000000e+00
    outer loop
      vertex   -6.634292e+00 2.300901e-01 2.540000e+00
      vertex   -5.143500e+00 0.000000e+00 2.540000e+00
      vertex   -5.091147e+00 7.319964e-01 2.540000e+00
    endloop
  endfacet
  facet normal 0.000000e+00 -0.000000e+00 1.000000e+00
    outer loop
      vertex   -6.634292e+00 2.300901e-01 2.540000e+00
      vertex   -5.091147e+00 7.319964e-01 2.540000e+00
      vertex   -6.723103e+00 4.445000e-01 2.540000e+00
    endloop
  endfacet
  facet normal 0.000000e+00 -0.000000e+00 1.000000e+00
    outer loop
      vertex   -6.723103e+00 4.445000e-01 2.540000e+00
      vertex   -5.091147e+00 7.319964e-01 2.540000e+00
      vertex   -6.864382e+00 6.286179e-01 2.540000e+00
    endloop
  endfacet
  facet normal 0.000000e+00 0.000000e+00 1.000000e+00
    outer loop
      vertex   -6.864382e+00 6.286179e-01 2.540000e+00
      vertex   -5.091147e+00 7.319964e-01 2.540000e+00
      vertex   -4.935152e+00 1.449091e+00 2.540000e+00
    endloop
  endfacet
  facet normal 0.000000e+00 -0.000000e+00 1.000000e+00
    outer loop
      vertex   -6.864382e+00 6.286179e-01 2.540000e+00
      vertex   -4.935152e+00 1.449091e+00 2.540000e+00
      vertex   -7.048500e+00 7.698966e-01 2.540000e+00
    endloop
  endfacet
  facet normal 0.000000e+00 0.000000e+00 1.000000e+00
    outer loop
      vertex   -7.048500e+00 7.698966e-01 2.540000e+00
      vertex   -4.935152e+00 1.449091e+00 2.540000e+00
      vertex   -6.699113e+00 4.059215e+00 2.540000e+00
    endloop
  endfacet
  facet normal -0.000000e+00 0.000000e+00 1.000000e+00
    outer loop
      vertex   -6.274846e+00 -4.140551e+00 2.540000e+00
      vertex   -5.870499e+00 -4.292608e+00 2.540000e+00
      vertex   -4.678692e+00 -2.136687e+00 2.540000e+00
    endloop
  endfacet
  facet normal 0.000000e+00 0.000000e+00 1.000000e+00
    outer loop
      vertex   -4.678692e+00 -2.136687e+00 2.540000e+00
      vertex   -5.870499e+00 -4.292608e+00 2.540000e+00
      vertex   -4.326988e+00 -2.780786e+00 2.540000e+00
    endloop
  endfacet
  facet normal 0.000000e+00 0.000000e+00 1.000000e+00
    outer loop
      vertex   -4.326988e+00 -2.780786e+00 2.540000e+00
      vertex   -5.870499e+00 -4.292608e+00 2.540000e+00
      vertex   -5.497767e+00 -4.510985e+00 2.540000e+00
    endloop
  endfacet
  facet normal 0.000000e+00 0.000000e+00 1.000000e+00
    outer loop
      vertex   -4.326988e+00 -2.780786e+00 2.540000e+00
      vertex   -5.497767e+00 -4.510985e+00 2.540000e+00
      vertex   -3.887198e+00 -3.368276e+00 2.540000e+00
    endloop
  endfacet
  facet normal 0.000000e+00 0.000000e+00 1.000000e+00
    outer loop
      vertex   -3.887198e+00 -3.368276e+00 2.540000e+00
      vertex   -5.497767e+00 -4.510985e+00 2.540000e+00
      vertex   -5.167432e+00 -4.789368e+00 2.540000e+00
    endloop
  endfacet
  facet normal 0.000000e+00 0.000000e+00 1.000000e+00
    outer loop
      vertex   -3.887198e+00 -3.368276e+00 2.540000e+00
      vertex   -5.167432e+00 -4.789368e+00 2.540000e+00
      vertex   -3.368276e+00 -3.887198e+00 2.540000e+00
    endloop
  endfacet
  facet normal 0.000000e+00 0.000000e+00 1.000000e+00
    outer loop
      vertex   -3.368276e+00 -3.887198e+00 2.540000e+00
      vertex   -5.167432e+00 -4.789368e+00 2.540000e+00
      vertex   -4.789368e+00 -5.167432e+00 2.540000e+00
    endloop
  endfacet
  facet normal 0.000000e+00 0.000000e+00 1.000000e+00
    outer loop
      vertex   -3.368276e+00 -3.887198e+00 2.540000e+00
      vertex   -4.789368e+00 -5.167432e+00 2.540000e+00
      vertex   -4.510985e+00 -5.497767e+00 2.540000e+00
    endloop
  endfacet
  facet normal 0.000000e+00 0.000000e+00 1.000000e+00
    outer loop
      vertex   -3.368276e+00 -3.887198e+00 2.540000e+00
      vertex   -4.510985e+00 -5.497767e+00 2.540000e+00
      vertex   -2.780786e+00 -4.326988e+00 2.540000e+00
    endloop
  endfacet
  facet normal 0.000000e+00 0.000000e+00 1.000000e+00
    outer loop
      vertex   -2.780786e+00 -4.326988e+00 2.540000e+00
      vertex   -4.510985e+00 -5.497767e+00 2.540000e+00
      vertex   -4.292608e+00 -5.870499e+00 2.540000e+00
    endloop
  endfacet
  facet normal 0.000000e+00 0.000000e+00 1.000000e+00
    outer loop
      vertex   -2.780786e+00 -4.326988e+00 2.540000e+00
      vertex   -4.292608e+00 -5.870499e+00 2.540000e+00
      vertex   -2.136687e+00 -4.678692e+00 2.540000e+00
    endloop
  endfacet
  facet normal 0.000000e+00 0.000000e+00 1.000000e+00
    outer loop
      vertex   -2.136687e+00 -4.678692e+00 2.540000e+00
      vertex   -4.292608e+00 -5.870499e+00 2.540000e+00
      vertex   -4.140551e+00 -6.274846e+00 2.540000e+00
    endloop
  endfacet
  facet normal 0.000000e+00 0.000000e+00 1.000000e+00
    outer loop
      vertex   -2.136687e+00 -4.678692e+00 2.540000e+00
      vertex   -4.140551e+00 -6.274846e+00 2.540000e+00
      vertex   -4.059215e+00 -6.699113e+00 2.540000e+00
    endloop
  endfacet
  facet normal 0.000000e+00 -0.000000e+00 1.000000e+00
    outer loop
      vertex   -2.042480e+00 -1.678790e+01 2.540000e+00
      vertex   -8.890000e-01 -1.333500e+01 2.540000e+00
      vertex   -3.810000e+00 -9.080500e+00 2.540000e+00
    endloop
  endfacet
  facet normal 0.000000e+00 0.000000e+00 1.000000e+00
    outer loop
      vertex   -3.810000e+00 -9.080500e+00 2.540000e+00
      vertex   -8.890000e-01 -1.333500e+01 2.540000e+00
      vertex   -8.587081e-01 -1.310491e+01 2.540000e+00
    endloop
  endfacet
  facet normal 0.000000e+00 0.000000e+00 1.000000e+00
    outer loop
      vertex   -3.810000e+00 -9.080500e+00 2.540000e+00
      vertex   -8.587081e-01 -1.310491e+01 2.540000e+00
      vertex   -7.698966e-01 -1.289050e+01 2.540000e+00
    endloop
  endfacet
  facet normal 0.000000e+00 0.000000e+00 1.000000e+00
    outer loop
      vertex   3.810000e+00 -9.080500e+00 2.540000e+00
      vertex   8.890000e-01 -1.333500e+01 2.540000e+00
      vertex   2.042480e+00 -1.678790e+01 2.540000e+00
    endloop
  endfacet
  facet normal 0.000000e+00 0.000000e+00 1.000000e+00
    outer loop
      vertex   2.042480e+00 -1.678790e+01 2.540000e+00
      vertex   8.890000e-01 -1.333500e+01 2.540000e+00
      vertex   8.587081e-01 -1.356509e+01 2.540000e+00
    endloop
  endfacet
  facet normal 0.000000e+00 0.000000e+00 1.000000e+00
    outer loop
      vertex   2.042480e+00 -1.678790e+01 2.540000e+00
      vertex   8.587081e-01 -1.356509e+01 2.540000e+00
      vertex   7.698966e-01 -1.377950e+01 2.540000e+00
    endloop
  endfacet
  facet normal -0.000000e+00 0.000000e+00 1.000000e+00
    outer loop
      vertex   1.449091e+00 -4.935152e+00 2.540000e+00
      vertex   4.059215e+00 -6.699113e+00 2.540000e+00
      vertex   2.136687e+00 -4.678692e+00 2.540000e+00
    endloop
  endfacet
  facet normal 0.000000e+00 0.000000e+00 1.000000e+00
    outer loop
      vertex   2.136687e+00 -4.678692e+00 2.540000e+00
      vertex   4.059215e+00 -6.699113e+00 2.540000e+00
      vertex   4.140551e+00 -6.274846e+00 2.540000e+00
    endloop
  endfacet
  facet normal 0.000000e+00 0.000000e+00 1.000000e+00
    outer loop
      vertex   2.136687e+00 -4.678692e+00 2.540000e+00
      vertex   4.140551e+00 -6.274846e+00 2.540000e+00
      vertex   4.292608e+00 -5.870499e+00 2.540000e+00
    endloop
  endfacet
  facet normal -0.000000e+00 0.000000e+00 1.000000e+00
    outer loop
      vertex   2.136687e+00 -4.678692e+00 2.540000e+00
      vertex   4.292608e+00 -5.870499e+00 2.540000e+00
      vertex   2.780786e+00 -4.326988e+00 2.540000e+00
    endloop
  endfacet
  facet normal 0.000000e+00 0.000000e+00 1.000000e+00
    outer loop
      vertex   2.780786e+00 -4.326988e+00 2.540000e+00
      vertex   4.292608e+00 -5.870499e+00 2.540000e+00
      vertex   4.510985e+00 -5.497767e+00 2.540000e+00
    endloop
  endfacet
  facet normal -0.000000e+00 0.000000e+00 1.000000e+00
    outer loop
      vertex   2.780786e+00 -4.326988e+00 2.540000e+00
      vertex   4.510985e+00 -5.497767e+00 2.540000e+00
      vertex   3.368276e+00 -3.887198e+00 2.540000e+00
    endloop
  endfacet
  facet normal 0.000000e+00 0.000000e+00 1.000000e+00
    outer loop
      vertex   3.368276e+00 -3.887198e+00 2.540000e+00
      vertex   4.510985e+00 -5.497767e+00 2.540000e+00
      vertex   4.789368e+00 -5.167432e+00 2.540000e+00
    endloop
  endfacet
  facet normal 0.000000e+00 0.000000e+00 1.000000e+00
    outer loop
      vertex   3.368276e+00 -3.887198e+00 2.540000e+00
      vertex   4.789368e+00 -5.167432e+00 2.540000e+00
      vertex   5.167432e+00 -4.789368e+00 2.540000e+00
    endloop
  endfacet
  facet normal -0.000000e+00 0.000000e+00 1.000000e+00
    outer loop
      vertex   3.368276e+00 -3.887198e+00 2.540000e+00
      vertex   5.167432e+00 -4.789368e+00 2.540000e+00
      vertex   3.887198e+00 -3.368276e+00 2.540000e+00
    endloop
  endfacet
  facet normal 0.000000e+00 0.000000e+00 1.000000e+00
    outer loop
      vertex   3.887198e+00 -3.368276e+00 2.540000e+00
      vertex   5.167432e+00 -4.789368e+00 2.540000e+00
      vertex   5.497767e+00 -4.510985e+00 2.540000e+00
    endloop
  endfacet
  facet normal -0.000000e+00 0.000000e+00 1.000000e+00
    outer loop
      vertex   3.887198e+00 -3.368276e+00 2.540000e+00
      vertex   5.497767e+00 -4.510985e+00 2.540000e+00
      vertex   4.326988e+00 -2.780786e+00 2.540000e+00
    endloop
  endfacet
  facet normal 0.000000e+00 0.000000e+00 1.000000e+00
    outer loop
      vertex   4.326988e+00 -2.780786e+00 2.540000e+00
      vertex   5.497767e+00 -4.510985e+00 2.540000e+00
      vertex   5.870499e+00 -4.292608e+00 2.540000e+00
    endloop
  endfacet
  facet normal -0.000000e+00 0.000000e+00 1.000000e+00
    outer loop
      vertex   4.326988e+00 -2.780786e+00 2.540000e+00
      vertex   5.870499e+00 -4.292608e+00 2.540000e+00
      vertex   4.678692e+00 -2.136687e+00 2.540000e+00
    endloop
  endfacet
  facet normal 0.000000e+00 0.000000e+00 1.000000e+00
    outer loop
      vertex   4.678692e+00 -2.136687e+00 2.540000e+00
      vertex   5.870499e+00 -4.292608e+00 2.540000e+00
      vertex   6.274846e+00 -4.140551e+00 2.540000e+00
    endloop
  endfacet
  facet normal 0.000000e+00 0.000000e+00 1.000000e+00
    outer loop
      vertex   4.678692e+00 -2.136687e+00 2.540000e+00
      vertex   6.274846e+00 -4.140551e+00 2.540000e+00
      vertex   6.699113e+00 -4.059215e+00 2.540000e+00
    endloop
  endfacet
  facet normal 0.000000e+00 0.000000e+00 1.000000e+00
    outer loop
      vertex   -8.587081e-01 -1.356509e+01 2.540000e+00
      vertex   -8.890000e-01 -1.333500e+01 2.540000e+00
      vertex   -2.042480e+00 -1.678790e+01 2.540000e+00
    endloop
  endfacet
  facet normal 0.000000e+00 -0.000000e+00 1.000000e+00
    outer loop
      vertex   -6.286179e-01 -1.270638e+01 2.540000e+00
      vertex   -6.286179e-01 -1.104262e+01 2.540000e+00
      vertex   -7.698966e-01 -1.289050e+01 2.540000e+00
    endloop
  endfacet
  facet normal 0.000000e+00 0.000000e+00 1.000000e+00
    outer loop
      vertex   -7.698966e-01 -1.289050e+01 2.540000e+00
      vertex   -6.286179e-01 -1.104262e+01 2.540000e+00
      vertex   -7.698966e-01 -1.085850e+01 2.540000e+00
    endloop
  endfacet
  facet normal 0.000000e+00 -0.000000e+00 1.000000e+00
    outer loop
      vertex   -7.698966e-01 -1.289050e+01 2.540000e+00
      vertex   -7.698966e-01 -1.085850e+01 2.540000e+00
      vertex   -3.810000e+00 -9.080500e+00 2.540000e+00
    endloop
  endfacet
  facet normal 0.000000e+00 0.000000e+00 1.000000e+00
    outer loop
      vertex   -3.810000e+00 -9.080500e+00 2.540000e+00
      vertex   -7.698966e-01 -1.085850e+01 2.540000e+00
      vertex   -8.587081e-01 -1.064409e+01 2.540000e+00
    endloop
  endfacet
  facet normal 0.000000e+00 0.000000e+00 1.000000e+00
    outer loop
      vertex   -3.810000e+00 -9.080500e+00 2.540000e+00
      vertex   -8.587081e-01 -1.064409e+01 2.540000e+00
      vertex   -8.890000e-01 -1.041400e+01 2.540000e+00
    endloop
  endfacet
  facet normal 0.000000e+00 0.000000e+00 1.000000e+00
    outer loop
      vertex   -6.286179e-01 -1.104262e+01 2.540000e+00
      vertex   -6.286179e-01 -1.270638e+01 2.540000e+00
      vertex   -4.445000e-01 -1.118390e+01 2.540000e+00
    endloop
  endfacet
  facet normal 0.000000e+00 0.000000e+00 1.000000e+00
    outer loop
      vertex   -4.445000e-01 -1.118390e+01 2.540000e+00
      vertex   -6.286179e-01 -1.270638e+01 2.540000e+00
      vertex   -4.445000e-01 -1.256510e+01 2.540000e+00
    endloop
  endfacet
  facet normal 0.000000e+00 0.000000e+00 1.000000e+00
    outer loop
      vertex   -4.445000e-01 -1.118390e+01 2.540000e+00
      vertex   -4.445000e-01 -1.256510e+01 2.540000e+00
      vertex   -2.300901e-01 -1.247629e+01 2.540000e+00
    endloop
  endfacet
  facet normal 0.000000e+00 0.000000e+00 1.000000e+00
    outer loop
      vertex   -4.445000e-01 -1.118390e+01 2.540000e+00
      vertex   -2.300901e-01 -1.247629e+01 2.540000e+00
      vertex   -2.300901e-01 -1.127271e+01 2.540000e+00
    endloop
  endfacet
  facet normal 0.000000e+00 0.000000e+00 1.000000e+00
    outer loop
      vertex   -2.300901e-01 -1.127271e+01 2.540000e+00
      vertex   -2.300901e-01 -1.247629e+01 2.540000e+00
      vertex   1.606464e-11 -1.244600e+01 2.540000e+00
    endloop
  endfacet
  facet normal 0.000000e+00 0.000000e+00 1.000000e+00
    outer loop
      vertex   -2.300901e-01 -1.127271e+01 2.540000e+00
      vertex   1.606464e-11 -1.244600e+01 2.540000e+00
      vertex   1.606518e-11 -1.130300e+01 2.540000e+00
    endloop
  endfacet
  facet normal -0.000000e+00 0.000000e+00 1.000000e+00
    outer loop
      vertex   1.606518e-11 -1.130300e+01 2.540000e+00
      vertex   1.606464e-11 -1.244600e+01 2.540000e+00
      vertex   2.300901e-01 -1.127271e+01 2.540000e+00
    endloop
  endfacet
  facet normal 0.000000e+00 0.000000e+00 1.000000e+00
    outer loop
      vertex   2.300901e-01 -1.127271e+01 2.540000e+00
      vertex   1.606464e-11 -1.244600e+01 2.540000e+00
      vertex   2.300901e-01 -1.247629e+01 2.540000e+00
    endloop
  endfacet
  facet normal -0.000000e+00 0.000000e+00 1.000000e+00
    outer loop
      vertex   2.300901e-01 -1.127271e+01 2.540000e+00
      vertex   2.300901e-01 -1.247629e+01 2.540000e+00
      vertex   4.445000e-01 -1.118390e+01 2.540000e+00
    endloop
  endfacet
  facet normal 0.000000e+00 0.000000e+00 1.000000e+00
    outer loop
      vertex   4.445000e-01 -1.118390e+01 2.540000e+00
      vertex   2.300901e-01 -1.247629e+01 2.540000e+00
      vertex   4.445000e-01 -1.256510e+01 2.540000e+00
    endloop
  endfacet
  facet normal 0.000000e+00 0.000000e+00 1.000000e+00
    outer loop
      vertex   4.445000e-01 -1.118390e+01 2.540000e+00
      vertex   4.445000e-01 -1.256510e+01 2.540000e+00
      vertex   6.286179e-01 -1.270638e+01 2.540000e+00
    endloop
  endfacet
  facet normal -0.000000e+00 0.000000e+00 1.000000e+00
    outer loop
      vertex   4.445000e-01 -1.118390e+01 2.540000e+00
      vertex   6.286179e-01 -1.270638e+01 2.540000e+00
      vertex   6.286179e-01 -1.104262e+01 2.540000e+00
    endloop
  endfacet
  facet normal 0.000000e+00 0.000000e+00 1.000000e+00
    outer loop
      vertex   6.286179e-01 -1.104262e+01 2.540000e+00
      vertex   6.286179e-01 -1.270638e+01 2.540000e+00
      vertex   7.698966e-01 -1.289050e+01 2.540000e+00
    endloop
  endfacet
  facet normal -0.000000e+00 0.000000e+00 1.000000e+00
    outer loop
      vertex   6.286179e-01 -1.104262e+01 2.540000e+00
      vertex   7.698966e-01 -1.289050e+01 2.540000e+00
      vertex   7.698966e-01 -1.085850e+01 2.540000e+00
    endloop
  endfacet
  facet normal -0.000000e+00 0.000000e+00 1.000000e+00
    outer loop
      vertex   7.698966e-01 -1.085850e+01 2.540000e+00
      vertex   7.698966e-01 -1.289050e+01 2.540000e+00
      vertex   3.810000e+00 -9.080500e+00 2.540000e+00
    endloop
  endfacet
  facet normal 0.000000e+00 0.000000e+00 1.000000e+00
    outer loop
      vertex   7.698966e-01 -1.085850e+01 2.540000e+00
      vertex   3.810000e+00 -9.080500e+00 2.540000e+00
      vertex   8.587081e-01 -1.064409e+01 2.540000e+00
    endloop
  endfacet
  facet normal 0.000000e+00 0.000000e+00 1.000000e+00
    outer loop
      vertex   8.587081e-01 -1.064409e+01 2.540000e+00
      vertex   3.810000e+00 -9.080500e+00 2.540000e+00
      vertex   8.890000e-01 -1.041400e+01 2.540000e+00
    endloop
  endfacet
  facet normal 0.000000e+00 -0.000000e+00 1.000000e+00
    outer loop
      vertex   8.890000e-01 -1.041400e+01 2.540000e+00
      vertex   3.810000e+00 -9.080500e+00 2.540000e+00
      vertex   8.587081e-01 -1.018391e+01 2.540000e+00
    endloop
  endfacet
  facet normal -0.000000e+00 0.000000e+00 1.000000e+00
    outer loop
      vertex   7.698966e-01 -1.289050e+01 2.540000e+00
      vertex   8.587081e-01 -1.310491e+01 2.540000e+00
      vertex   3.810000e+00 -9.080500e+00 2.540000e+00
    endloop
  endfacet
  facet normal 0.000000e+00 0.000000e+00 1.000000e+00
    outer loop
      vertex   3.810000e+00 -9.080500e+00 2.540000e+00
      vertex   8.587081e-01 -1.310491e+01 2.540000e+00
      vertex   8.890000e-01 -1.333500e+01 2.540000e+00
    endloop
  endfacet
  facet normal 0.000000e+00 -0.000000e+00 1.000000e+00
    outer loop
      vertex   7.048500e+00 7.698966e-01 2.540000e+00
      vertex   7.262910e+00 8.587081e-01 2.540000e+00
      vertex   6.699113e+00 4.059215e+00 2.540000e+00
    endloop
  endfacet
  facet normal 0.000000e+00 0.000000e+00 1.000000e+00
    outer loop
      vertex   6.699113e+00 4.059215e+00 2.540000e+00
      vertex   7.262910e+00 8.587081e-01 2.540000e+00
      vertex   7.493000e+00 8.890000e-01 2.540000e+00
    endloop
  endfacet
  facet normal -0.000000e+00 0.000000e+00 1.000000e+00
    outer loop
      vertex   8.587081e-01 1.602591e+01 2.540000e+00
      vertex   7.698966e-01 1.581150e+01 2.540000e+00
      vertex   2.042480e+00 1.678790e+01 2.540000e+00
    endloop
  endfacet
  facet normal 0.000000e+00 0.000000e+00 1.000000e+00
    outer loop
      vertex   2.042480e+00 1.678790e+01 2.540000e+00
      vertex   7.698966e-01 1.581150e+01 2.540000e+00
      vertex   7.698966e-01 1.377950e+01 2.540000e+00
    endloop
  endfacet
  facet normal 0.000000e+00 0.000000e+00 1.000000e+00
    outer loop
      vertex   2.042480e+00 1.678790e+01 2.540000e+00
      vertex   7.698966e-01 1.377950e+01 2.540000e+00
      vertex   8.587081e-01 1.356509e+01 2.540000e+00
    endloop
  endfacet
  facet normal 0.000000e+00 0.000000e+00 1.000000e+00
    outer loop
      vertex   7.698966e-01 1.581150e+01 2.540000e+00
      vertex   6.286179e-01 1.562738e+01 2.540000e+00
      vertex   7.698966e-01 1.377950e+01 2.540000e+00
    endloop
  endfacet
  facet normal 0.000000e+00 0.000000e+00 1.000000e+00
    outer loop
      vertex   7.698966e-01 1.377950e+01 2.540000e+00
      vertex   6.286179e-01 1.562738e+01 2.540000e+00
      vertex   6.286179e-01 1.396362e+01 2.540000e+00
    endloop
  endfacet
  facet normal 0.000000e+00 -0.000000e+00 1.000000e+00
    outer loop
      vertex   6.286179e-01 1.396362e+01 2.540000e+00
      vertex   6.286179e-01 1.562738e+01 2.540000e+00
      vertex   4.445000e-01 1.410490e+01 2.540000e+00
    endloop
  endfacet
  facet normal 0.000000e+00 -0.000000e+00 1.000000e+00
    outer loop
      vertex   4.445000e-01 1.410490e+01 2.540000e+00
      vertex   6.286179e-01 1.562738e+01 2.540000e+00
      vertex   4.445000e-01 1.548610e+01 2.540000e+00
    endloop
  endfacet
  facet normal 0.000000e+00 0.000000e+00 1.000000e+00
    outer loop
      vertex   4.445000e-01 1.410490e+01 2.540000e+00
      vertex   4.445000e-01 1.548610e+01 2.540000e+00
      vertex   2.300901e-01 1.419371e+01 2.540000e+00
    endloop
  endfacet
  facet normal 0.000000e+00 -0.000000e+00 1.000000e+00
    outer loop
      vertex   2.300901e-01 1.419371e+01 2.540000e+00
      vertex   4.445000e-01 1.548610e+01 2.540000e+00
      vertex   2.300901e-01 1.539729e+01 2.540000e+00
    endloop
  endfacet
  facet normal 0.000000e+00 0.000000e+00 1.000000e+00
    outer loop
      vertex   2.300901e-01 1.419371e+01 2.540000e+00
      vertex   2.300901e-01 1.539729e+01 2.540000e+00
      vertex   -1.606639e-11 1.422400e+01 2.540000e+00
    endloop
  endfacet
  facet normal 0.000000e+00 0.000000e+00 1.000000e+00
    outer loop
      vertex   -1.606639e-11 1.422400e+01 2.540000e+00
      vertex   2.300901e-01 1.539729e+01 2.540000e+00
      vertex   -1.606621e-11 1.536700e+01 2.540000e+00
    endloop
  endfacet
  facet normal 0.000000e+00 -0.000000e+00 1.000000e+00
    outer loop
      vertex   -1.606639e-11 1.422400e+01 2.540000e+00
      vertex   -1.606621e-11 1.536700e+01 2.540000e+00
      vertex   -2.300901e-01 1.539729e+01 2.540000e+00
    endloop
  endfacet
  facet normal 0.000000e+00 0.000000e+00 1.000000e+00
    outer loop
      vertex   -1.606639e-11 1.422400e+01 2.540000e+00
      vertex   -2.300901e-01 1.539729e+01 2.540000e+00
      vertex   -2.300901e-01 1.419371e+01 2.540000e+00
    endloop
  endfacet
  facet normal 0.000000e+00 0.000000e+00 1.000000e+00
    outer loop
      vertex   -2.300901e-01 1.419371e+01 2.540000e+00
      vertex   -2.300901e-01 1.539729e+01 2.540000e+00
      vertex   -4.445000e-01 1.548610e+01 2.540000e+00
    endloop
  endfacet
  facet normal 0.000000e+00 0.000000e+00 1.000000e+00
    outer loop
      vertex   -2.300901e-01 1.419371e+01 2.540000e+00
      vertex   -4.445000e-01 1.548610e+01 2.540000e+00
      vertex   -4.445000e-01 1.410490e+01 2.540000e+00
    endloop
  endfacet
  facet normal 0.000000e+00 0.000000e+00 1.000000e+00
    outer loop
      vertex   -4.445000e-01 1.410490e+01 2.540000e+00
      vertex   -4.445000e-01 1.548610e+01 2.540000e+00
      vertex   -6.286179e-01 1.562738e+01 2.540000e+00
    endloop
  endfacet
  facet normal 0.000000e+00 0.000000e+00 1.000000e+00
    outer loop
      vertex   -7.048500e+00 -7.698966e-01 2.540000e+00
      vertex   -7.262910e+00 -8.587081e-01 2.540000e+00
      vertex   -6.699113e+00 -4.059215e+00 2.540000e+00
    endloop
  endfacet
  facet normal 0.000000e+00 0.000000e+00 1.000000e+00
    outer loop
      vertex   -6.699113e+00 -4.059215e+00 2.540000e+00
      vertex   -7.262910e+00 -8.587081e-01 2.540000e+00
      vertex   -7.493000e+00 -8.890000e-01 2.540000e+00
    endloop
  endfacet
  facet normal 0.000000e+00 0.000000e+00 1.000000e+00
    outer loop
      vertex   1.270638e+01 -6.286179e-01 2.540000e+00
      vertex   1.104262e+01 -6.286179e-01 2.540000e+00
      vertex   1.289050e+01 -7.698966e-01 2.540000e+00
    endloop
  endfacet
  facet normal 0.000000e+00 0.000000e+00 1.000000e+00
    outer loop
      vertex   1.289050e+01 -7.698966e-01 2.540000e+00
      vertex   1.104262e+01 -6.286179e-01 2.540000e+00
      vertex   1.085850e+01 -7.698966e-01 2.540000e+00
    endloop
  endfacet
  facet normal 0.000000e+00 0.000000e+00 1.000000e+00
    outer loop
      vertex   1.289050e+01 -7.698966e-01 2.540000e+00
      vertex   1.085850e+01 -7.698966e-01 2.540000e+00
      vertex   9.080500e+00 -3.810000e+00 2.540000e+00
    endloop
  endfacet
  facet normal 0.000000e+00 0.000000e+00 1.000000e+00
    outer loop
      vertex   9.080500e+00 -3.810000e+00 2.540000e+00
      vertex   1.085850e+01 -7.698966e-01 2.540000e+00
      vertex   1.064409e+01 -8.587081e-01 2.540000e+00
    endloop
  endfacet
  facet normal 0.000000e+00 0.000000e+00 1.000000e+00
    outer loop
      vertex   9.080500e+00 -3.810000e+00 2.540000e+00
      vertex   1.064409e+01 -8.587081e-01 2.540000e+00
      vertex   1.041400e+01 -8.890000e-01 2.540000e+00
    endloop
  endfacet
  facet normal -0.000000e+00 0.000000e+00 1.000000e+00
    outer loop
      vertex   1.104262e+01 -6.286179e-01 2.540000e+00
      vertex   1.270638e+01 -6.286179e-01 2.540000e+00
      vertex   1.118390e+01 -4.445000e-01 2.540000e+00
    endloop
  endfacet
  facet normal 0.000000e+00 0.000000e+00 1.000000e+00
    outer loop
      vertex   1.118390e+01 -4.445000e-01 2.540000e+00
      vertex   1.270638e+01 -6.286179e-01 2.540000e+00
      vertex   1.256510e+01 -4.445000e-01 2.540000e+00
    endloop
  endfacet
  facet normal -0.000000e+00 0.000000e+00 1.000000e+00
    outer loop
      vertex   1.118390e+01 -4.445000e-01 2.540000e+00
      vertex   1.256510e+01 -4.445000e-01 2.540000e+00
      vertex   1.127271e+01 -2.300901e-01 2.540000e+00
    endloop
  endfacet
  facet normal -0.000000e+00 0.000000e+00 1.000000e+00
    outer loop
      vertex   1.127271e+01 -2.300901e-01 2.540000e+00
      vertex   1.256510e+01 -4.445000e-01 2.540000e+00
      vertex   1.247629e+01 -2.300901e-01 2.540000e+00
    endloop
  endfacet
  facet normal 0.000000e+00 0.000000e+00 1.000000e+00
    outer loop
      vertex   1.127271e+01 -2.300901e-01 2.540000e+00
      vertex   1.247629e+01 -2.300901e-01 2.540000e+00
      vertex   1.130300e+01 1.606923e-11 2.540000e+00
    endloop
  endfacet
  facet normal 0.000000e+00 0.000000e+00 1.000000e+00
    outer loop
      vertex   1.130300e+01 1.606923e-11 2.540000e+00
      vertex   1.247629e+01 -2.300901e-01 2.540000e+00
      vertex   1.244600e+01 1.606912e-11 2.540000e+00
    endloop
  endfacet
  facet normal -0.000000e+00 -0.000000e+00 1.000000e+00
    outer loop
      vertex   1.130300e+01 1.606923e-11 2.540000e+00
      vertex   1.244600e+01 1.606912e-11 2.540000e+00
      vertex   1.127271e+01 2.300901e-01 2.540000e+00
    endloop
  endfacet
  facet normal -0.000000e+00 0.000000e+00 1.000000e+00
    outer loop
      vertex   1.127271e+01 2.300901e-01 2.540000e+00
      vertex   1.244600e+01 1.606912e-11 2.540000e+00
      vertex   1.247629e+01 2.300901e-01 2.540000e+00
    endloop
  endfacet
  facet normal 0.000000e+00 -0.000000e+00 1.000000e+00
    outer loop
      vertex   1.127271e+01 2.300901e-01 2.540000e+00
      vertex   1.247629e+01 2.300901e-01 2.540000e+00
      vertex   1.118390e+01 4.445000e-01 2.540000e+00
    endloop
  endfacet
  facet normal -0.000000e+00 0.000000e+00 1.000000e+00
    outer loop
      vertex   1.118390e+01 4.445000e-01 2.540000e+00
      vertex   1.247629e+01 2.300901e-01 2.540000e+00
      vertex   1.256510e+01 4.445000e-01 2.540000e+00
    endloop
  endfacet
  facet normal 0.000000e+00 -0.000000e+00 1.000000e+00
    outer loop
      vertex   1.118390e+01 4.445000e-01 2.540000e+00
      vertex   1.256510e+01 4.445000e-01 2.540000e+00
      vertex   1.104262e+01 6.286179e-01 2.540000e+00
    endloop
  endfacet
  facet normal -0.000000e+00 0.000000e+00 1.000000e+00
    outer loop
      vertex   1.104262e+01 6.286179e-01 2.540000e+00
      vertex   1.256510e+01 4.445000e-01 2.540000e+00
      vertex   1.270638e+01 6.286179e-01 2.540000e+00
    endloop
  endfacet
  facet normal 0.000000e+00 -0.000000e+00 1.000000e+00
    outer loop
      vertex   1.104262e+01 6.286179e-01 2.540000e+00
      vertex   1.270638e+01 6.286179e-01 2.540000e+00
      vertex   1.085850e+01 7.698966e-01 2.540000e+00
    endloop
  endfacet
  facet normal -0.000000e+00 0.000000e+00 1.000000e+00
    outer loop
      vertex   1.085850e+01 7.698966e-01 2.540000e+00
      vertex   1.270638e+01 6.286179e-01 2.540000e+00
      vertex   1.289050e+01 7.698966e-01 2.540000e+00
    endloop
  endfacet
  facet normal 0.000000e+00 -0.000000e+00 1.000000e+00
    outer loop
      vertex   1.085850e+01 7.698966e-01 2.540000e+00
      vertex   1.289050e+01 7.698966e-01 2.540000e+00
      vertex   9.080500e+00 3.810000e+00 2.540000e+00
    endloop
  endfacet
  facet normal 0.000000e+00 0.000000e+00 1.000000e+00
    outer loop
      vertex   9.080500e+00 3.810000e+00 2.540000e+00
      vertex   1.289050e+01 7.698966e-01 2.540000e+00
      vertex   1.310491e+01 8.587081e-01 2.540000e+00
    endloop
  endfacet
  facet normal 0.000000e+00 0.000000e+00 1.000000e+00
    outer loop
      vertex   9.080500e+00 3.810000e+00 2.540000e+00
      vertex   1.310491e+01 8.587081e-01 2.540000e+00
      vertex   1.333500e+01 8.890000e-01 2.540000e+00
    endloop
  endfacet
  facet normal 0.000000e+00 0.000000e+00 1.000000e+00
    outer loop
      vertex   -1.289050e+01 -7.698966e-01 2.540000e+00
      vertex   -1.310491e+01 -8.587081e-01 2.540000e+00
      vertex   -9.080500e+00 -3.810000e+00 2.540000e+00
    endloop
  endfacet
  facet normal 0.000000e+00 0.000000e+00 1.000000e+00
    outer loop
      vertex   -9.080500e+00 -3.810000e+00 2.540000e+00
      vertex   -1.310491e+01 -8.587081e-01 2.540000e+00
      vertex   -1.333500e+01 -8.890000e-01 2.540000e+00
    endloop
  endfacet
  facet normal 0.000000e+00 0.000000e+00 1.000000e+00
    outer loop
      vertex   -8.587081e-01 1.310491e+01 2.540000e+00
      vertex   -8.890000e-01 1.333500e+01 2.540000e+00
      vertex   -3.810000e+00 9.080500e+00 2.540000e+00
    endloop
  endfacet
  facet normal -0.000000e+00 0.000000e+00 1.000000e+00
    outer loop
      vertex   8.587081e-01 1.356509e+01 2.540000e+00
      vertex   8.890000e-01 1.333500e+01 2.540000e+00
      vertex   2.042480e+00 1.678790e+01 2.540000e+00
    endloop
  endfacet
  facet normal 0.000000e+00 -0.000000e+00 1.000000e+00
    outer loop
      vertex   -8.890000e-01 -1.041400e+01 2.540000e+00
      vertex   -8.587081e-01 -1.018391e+01 2.540000e+00
      vertex   -3.810000e+00 -9.080500e+00 2.540000e+00
    endloop
  endfacet
  facet normal 0.000000e+00 0.000000e+00 1.000000e+00
    outer loop
      vertex   -3.810000e+00 -9.080500e+00 2.540000e+00
      vertex   -8.587081e-01 -1.018391e+01 2.540000e+00
      vertex   -7.698966e-01 -9.969500e+00 2.540000e+00
    endloop
  endfacet
  facet normal 0.000000e+00 0.000000e+00 1.000000e+00
    outer loop
      vertex   1.602591e+01 -8.587081e-01 2.540000e+00
      vertex   1.581150e+01 -7.698966e-01 2.540000e+00
      vertex   1.678790e+01 -2.042480e+00 2.540000e+00
    endloop
  endfacet
  facet normal -0.000000e+00 -0.000000e+00 1.000000e+00
    outer loop
      vertex   -1.602591e+01 8.587081e-01 2.540000e+00
      vertex   -1.581150e+01 7.698966e-01 2.540000e+00
      vertex   -1.678790e+01 2.042480e+00 2.540000e+00
    endloop
  endfacet
  facet normal 0.000000e+00 0.000000e+00 1.000000e+00
    outer loop
      vertex   1.041400e+01 -8.890000e-01 2.540000e+00
      vertex   1.018391e+01 -8.587081e-01 2.540000e+00
      vertex   9.080500e+00 -3.810000e+00 2.540000e+00
    endloop
  endfacet
  facet normal 0.000000e+00 0.000000e+00 1.000000e+00
    outer loop
      vertex   9.080500e+00 -3.810000e+00 2.540000e+00
      vertex   1.018391e+01 -8.587081e-01 2.540000e+00
      vertex   9.969500e+00 -7.698966e-01 2.540000e+00
    endloop
  endfacet
  facet normal -0.000000e+00 -0.000000e+00 1.000000e+00
    outer loop
      vertex   1.041400e+01 8.890000e-01 2.540000e+00
      vertex   1.064409e+01 8.587081e-01 2.540000e+00
      vertex   9.080500e+00 3.810000e+00 2.540000e+00
    endloop
  endfacet
  facet normal 0.000000e+00 0.000000e+00 1.000000e+00
    outer loop
      vertex   9.080500e+00 3.810000e+00 2.540000e+00
      vertex   1.064409e+01 8.587081e-01 2.540000e+00
      vertex   1.085850e+01 7.698966e-01 2.540000e+00
    endloop
  endfacet
  facet normal 0.000000e+00 0.000000e+00 1.000000e+00
    outer loop
      vertex   4.935152e+00 -1.449091e+00 2.540000e+00
      vertex   4.678692e+00 -2.136687e+00 2.540000e+00
      vertex   6.699113e+00 -4.059215e+00 2.540000e+00
    endloop
  endfacet
  facet normal 0.000000e+00 0.000000e+00 1.000000e+00
    outer loop
      vertex   -1.449091e+00 -4.935152e+00 2.540000e+00
      vertex   -2.136687e+00 -4.678692e+00 2.540000e+00
      vertex   -4.059215e+00 -6.699113e+00 2.540000e+00
    endloop
  endfacet
  facet normal 0.000000e+00 -0.000000e+00 1.000000e+00
    outer loop
      vertex   -4.935152e+00 1.449091e+00 2.540000e+00
      vertex   -4.678692e+00 2.136687e+00 2.540000e+00
      vertex   -6.699113e+00 4.059215e+00 2.540000e+00
    endloop
  endfacet
  facet normal -0.000000e+00 0.000000e+00 1.000000e+00
    outer loop
      vertex   1.449091e+00 4.935152e+00 2.540000e+00
      vertex   2.136687e+00 4.678692e+00 2.540000e+00
      vertex   4.059215e+00 6.699113e+00 2.540000e+00
    endloop
  endfacet
  facet normal -9.970658e-01 7.654925e-02 7.584119e-17
    outer loop
      vertex   4.455662e+00 -6.882193e-01 0.000000e+00
      vertex   4.455662e+00 -6.882193e-01 1.905000e+00
      vertex   4.508500e+00 5.521320e-16 0.000000e+00
    endloop
  endfacet
  facet normal -9.970658e-01 7.654925e-02 4.437301e-17
    outer loop
      vertex   4.508500e+00 5.521320e-16 0.000000e+00
      vertex   4.455662e+00 -6.882193e-01 1.905000e+00
      vertex   4.508500e+00 -5.521320e-16 1.905000e+00
    endloop
  endfacet
  facet normal -9.970658e-01 -7.654925e-02 -4.437301e-17
    outer loop
      vertex   4.508500e+00 5.521320e-16 0.000000e+00
      vertex   4.508500e+00 -5.521320e-16 1.905000e+00
      vertex   4.455662e+00 6.882193e-01 0.000000e+00
    endloop
  endfacet
  facet normal -9.970658e-01 -7.654925e-02 -7.584119e-17
    outer loop
      vertex   4.455662e+00 6.882193e-01 0.000000e+00
      vertex   4.508500e+00 -5.521320e-16 1.905000e+00
      vertex   4.455662e+00 6.882193e-01 1.905000e+00
    endloop
  endfacet
  facet normal -9.736954e-01 -2.278535e-01 -2.257459e-16
    outer loop
      vertex   4.455662e+00 6.882193e-01 0.000000e+00
      vertex   4.455662e+00 6.882193e-01 1.905000e+00
      vertex   4.298388e+00 1.360307e+00 0.000000e+00
    endloop
  endfacet
  facet normal -9.736954e-01 -2.278535e-01 0.000000e+00
    outer loop
      vertex   4.298388e+00 1.360307e+00 0.000000e+00
      vertex   4.455662e+00 6.882193e-01 1.905000e+00
      vertex   4.298388e+00 1.360307e+00 1.905000e+00
    endloop
  endfacet
  facet normal -9.275025e-01 -3.738171e-01 0.000000e+00
    outer loop
      vertex   4.298388e+00 1.360307e+00 0.000000e+00
      vertex   4.298388e+00 1.360307e+00 1.905000e+00
      vertex   4.040362e+00 2.000511e+00 0.000000e+00
    endloop
  endfacet
  facet normal -9.275025e-01 -3.738171e-01 1.677219e-16
    outer loop
      vertex   4.040362e+00 2.000511e+00 0.000000e+00
      vertex   4.298388e+00 1.360307e+00 1.905000e+00
      vertex   4.040362e+00 2.000511e+00 1.905000e+00
    endloop
  endfacet
  facet normal -8.595696e-01 -5.110187e-01 -1.514964e-16
    outer loop
      vertex   4.040362e+00 2.000511e+00 0.000000e+00
      vertex   4.040362e+00 2.000511e+00 1.905000e+00
      vertex   3.687635e+00 2.593824e+00 0.000000e+00
    endloop
  endfacet
  facet normal -8.595696e-01 -5.110187e-01 -1.948757e-16
    outer loop
      vertex   3.687635e+00 2.593824e+00 0.000000e+00
      vertex   4.040362e+00 2.000511e+00 1.905000e+00
      vertex   3.687635e+00 2.593824e+00 1.905000e+00
    endloop
  endfacet
  facet normal -7.714892e-01 -6.362424e-01 -3.819013e-16
    outer loop
      vertex   3.687635e+00 2.593824e+00 0.000000e+00
      vertex   3.687635e+00 2.593824e+00 1.905000e+00
      vertex   3.248472e+00 3.126340e+00 0.000000e+00
    endloop
  endfacet
  facet normal -7.714892e-01 -6.362424e-01 0.000000e+00
    outer loop
      vertex   3.248472e+00 3.126340e+00 0.000000e+00
      vertex   3.687635e+00 2.593824e+00 1.905000e+00
      vertex   3.248472e+00 3.126340e+00 1.905000e+00
    endloop
  endfacet
  facet normal -6.653257e-01 -7.465532e-01 0.000000e+00
    outer loop
      vertex   3.248472e+00 3.126340e+00 0.000000e+00
      vertex   3.248472e+00 3.126340e+00 1.905000e+00
      vertex   2.733167e+00 3.585578e+00 0.000000e+00
    endloop
  endfacet
  facet normal -6.653257e-01 -7.465532e-01 -1.136134e-16
    outer loop
      vertex   2.733167e+00 3.585578e+00 0.000000e+00
      vertex   3.248472e+00 3.126340e+00 1.905000e+00
      vertex   2.733167e+00 3.585578e+00 1.905000e+00
    endloop
  endfacet
  facet normal -5.435676e-01 -8.393654e-01 -4.137343e-16
    outer loop
      vertex   2.733167e+00 3.585578e+00 0.000000e+00
      vertex   2.733167e+00 3.585578e+00 1.905000e+00
      vertex   2.153800e+00 3.960772e+00 0.000000e+00
    endloop
  endfacet
  facet normal -5.435676e-01 -8.393654e-01 4.656327e-17
    outer loop
      vertex   2.153800e+00 3.960772e+00 0.000000e+00
      vertex   2.733167e+00 3.585578e+00 1.905000e+00
      vertex   2.153800e+00 3.960772e+00 1.905000e+00
    endloop
  endfacet
  facet normal -4.090686e-01 -9.125036e-01 -1.613565e-16
    outer loop
      vertex   2.153800e+00 3.960772e+00 0.000000e+00
      vertex   2.153800e+00 3.960772e+00 1.905000e+00
      vertex   1.523949e+00 4.243130e+00 0.000000e+00
    endloop
  endfacet
  facet normal -4.090686e-01 -9.125036e-01 -8.799386e-17
    outer loop
      vertex   1.523949e+00 4.243130e+00 0.000000e+00
      vertex   2.153800e+00 3.960772e+00 1.905000e+00
      vertex   1.523949e+00 4.243130e+00 1.905000e+00
    endloop
  endfacet
  facet normal -2.649815e-01 -9.642535e-01 -4.049632e-16
    outer loop
      vertex   1.523949e+00 4.243130e+00 0.000000e+00
      vertex   1.523949e+00 4.243130e+00 1.905000e+00
      vertex   8.583783e-01 4.426032e+00 0.000000e+00
    endloop
  endfacet
  facet normal -2.649815e-01 -9.642535e-01 2.779734e-16
    outer loop
      vertex   8.583783e-01 4.426032e+00 0.000000e+00
      vertex   1.523949e+00 4.243130e+00 1.905000e+00
      vertex   8.583783e-01 4.426032e+00 1.905000e+00
    endloop
  endfacet
  facet normal -1.146834e-01 -9.934021e-01 1.203063e-16
    outer loop
      vertex   8.583783e-01 4.426032e+00 0.000000e+00
      vertex   8.583783e-01 4.426032e+00 1.905000e+00
      vertex   1.726879e-01 4.505192e+00 0.000000e+00
    endloop
  endfacet
  facet normal -1.146834e-01 -9.934021e-01 6.015316e-17
    outer loop
      vertex   1.726879e-01 4.505192e+00 0.000000e+00
      vertex   8.583783e-01 4.426032e+00 1.905000e+00
      vertex   1.726879e-01 4.505192e+00 1.905000e+00
    endloop
  endfacet
  facet normal 3.830273e-02 -9.992662e-01 -2.009035e-17
    outer loop
      vertex   1.726879e-01 4.505192e+00 0.000000e+00
      vertex   1.726879e-01 4.505192e+00 1.905000e+00
      vertex   -5.170502e-01 4.478753e+00 0.000000e+00
    endloop
  endfacet
  facet normal 3.830273e-02 -9.992662e-01 -8.036141e-17
    outer loop
      vertex   -5.170502e-01 4.478753e+00 0.000000e+00
      vertex   1.726879e-01 4.505192e+00 1.905000e+00
      vertex   -5.170502e-01 4.478753e+00 1.905000e+00
    endloop
  endfacet
  facet normal 1.903911e-01 -9.817083e-01 -3.994518e-16
    outer loop
      vertex   -5.170502e-01 4.478753e+00 0.000000e+00
      vertex   -5.170502e-01 4.478753e+00 1.905000e+00
      vertex   -1.194669e+00 4.347337e+00 0.000000e+00
    endloop
  endfacet
  facet normal 1.903911e-01 -9.817083e-01 2.579812e-16
    outer loop
      vertex   -1.194669e+00 4.347337e+00 0.000000e+00
      vertex   -5.170502e-01 4.478753e+00 1.905000e+00
      vertex   -1.194669e+00 4.347337e+00 1.905000e+00
    endloop
  endfacet
  facet normal 3.380169e-01 -9.411400e-01 8.420308e-17
    outer loop
      vertex   -1.194669e+00 4.347337e+00 0.000000e+00
      vertex   -1.194669e+00 4.347337e+00 1.905000e+00
      vertex   -1.844286e+00 4.114023e+00 0.000000e+00
    endloop
  endfacet
  facet normal 3.380169e-01 -9.411400e-01 -1.915889e-16
    outer loop
      vertex   -1.844286e+00 4.114023e+00 0.000000e+00
      vertex   -1.194669e+00 4.347337e+00 1.905000e+00
      vertex   -1.844286e+00 4.114023e+00 1.905000e+00
    endloop
  endfacet
  facet normal 4.777198e-01 -8.785123e-01 -4.813260e-16
    outer loop
      vertex   -1.844286e+00 4.114023e+00 0.000000e+00
      vertex   -1.844286e+00 4.114023e+00 1.905000e+00
      vertex   -2.450674e+00 3.784279e+00 0.000000e+00
    endloop
  endfacet
  facet normal 4.777198e-01 -8.785123e-01 2.444292e-16
    outer loop
      vertex   -2.450674e+00 3.784279e+00 0.000000e+00
      vertex   -1.844286e+00 4.114023e+00 1.905000e+00
      vertex   -2.450674e+00 3.784279e+00 1.905000e+00
    endloop
  endfacet
  facet normal 6.062254e-01 -7.952929e-01 -6.226889e-17
    outer loop
      vertex   -2.450674e+00 3.784279e+00 0.000000e+00
      vertex   -2.450674e+00 3.784279e+00 1.905000e+00
      vertex   -2.999621e+00 3.365835e+00 0.000000e+00
    endloop
  endfacet
  facet normal 6.062254e-01 -7.952929e-01 -9.096959e-18
    outer loop
      vertex   -2.999621e+00 3.365835e+00 0.000000e+00
      vertex   -2.450674e+00 3.784279e+00 1.905000e+00
      vertex   -2.999621e+00 3.365835e+00 1.905000e+00
    endloop
  endfacet
  facet normal 7.205216e-01 -6.934325e-01 -1.869112e-16
    outer loop
      vertex   -2.999621e+00 3.365835e+00 0.000000e+00
      vertex   -2.999621e+00 3.365835e+00 1.905000e+00
      vertex   -3.478259e+00 2.868499e+00 0.000000e+00
    endloop
  endfacet
  facet normal 7.205216e-01 -6.934325e-01 -2.525979e-17
    outer loop
      vertex   -3.478259e+00 2.868499e+00 0.000000e+00
      vertex   -2.999621e+00 3.365835e+00 1.905000e+00
      vertex   -3.478259e+00 2.868499e+00 1.905000e+00
    endloop
  endfacet
  facet normal 8.179294e-01 -5.753187e-01 -2.262274e-16
    outer loop
      vertex   -3.478259e+00 2.868499e+00 0.000000e+00
      vertex   -3.478259e+00 2.868499e+00 1.905000e+00
      vertex   -3.875370e+00 2.303928e+00 0.000000e+00
    endloop
  endfacet
  facet normal 8.179294e-01 -5.753187e-01 9.856338e-17
    outer loop
      vertex   -3.875370e+00 2.303928e+00 0.000000e+00
      vertex   -3.478259e+00 2.868499e+00 1.905000e+00
      vertex   -3.875370e+00 2.303928e+00 1.905000e+00
    endloop
  endfacet
  facet normal 8.961656e-01 -4.437198e-01 -1.095414e-16
    outer loop
      vertex   -3.875370e+00 2.303928e+00 0.000000e+00
      vertex   -3.875370e+00 2.303928e+00 1.905000e+00
      vertex   -4.181645e+00 1.685354e+00 0.000000e+00
    endloop
  endfacet
  facet normal 8.961656e-01 -4.437198e-01 -3.701729e-16
    outer loop
      vertex   -4.181645e+00 1.685354e+00 0.000000e+00
      vertex   -3.875370e+00 2.303928e+00 1.905000e+00
      vertex   -4.181645e+00 1.685354e+00 1.905000e+00
    endloop
  endfacet
  facet normal 9.533964e-01 -3.017206e-01 -5.725004e-16
    outer loop
      vertex   -4.181645e+00 1.685354e+00 0.000000e+00
      vertex   -4.181645e+00 1.685354e+00 1.905000e+00
      vertex   -4.389906e+00 1.027278e+00 0.000000e+00
    endloop
  endfacet
  facet normal 9.533964e-01 -3.017206e-01 6.330277e-16
    outer loop
      vertex   -4.389906e+00 1.027278e+00 0.000000e+00
      vertex   -4.181645e+00 1.685354e+00 1.905000e+00
      vertex   -4.389906e+00 1.027278e+00 1.905000e+00
    endloop
  endfacet
  facet normal 9.882804e-01 -1.526493e-01 3.202672e-16
    outer loop
      vertex   -4.389906e+00 1.027278e+00 0.000000e+00
      vertex   -4.389906e+00 1.027278e+00 1.905000e+00
      vertex   -4.495271e+00 3.451223e-01 0.000000e+00
    endloop
  endfacet
  facet normal 9.882804e-01 -1.526493e-01 1.601336e-16
    outer loop
      vertex   -4.495271e+00 3.451223e-01 0.000000e+00
      vertex   -4.389906e+00 1.027278e+00 1.905000e+00
      vertex   -4.495271e+00 3.451223e-01 1.905000e+00
    endloop
  endfacet
  facet normal 1.000000e+00 0.000000e+00 -0.000000e+00
    outer loop
      vertex   -4.495271e+00 3.451223e-01 0.000000e+00
      vertex   -4.495271e+00 3.451223e-01 1.905000e+00
      vertex   -4.495271e+00 -3.451223e-01 0.000000e+00
    endloop
  endfacet
  facet normal 1.000000e+00 0.000000e+00 0.000000e+00
    outer loop
      vertex   -4.495271e+00 -3.451223e-01 0.000000e+00
      vertex   -4.495271e+00 3.451223e-01 1.905000e+00
      vertex   -4.495271e+00 -3.451223e-01 1.905000e+00
    endloop
  endfacet
  facet normal 9.882804e-01 1.526493e-01 -1.601336e-16
    outer loop
      vertex   -4.495271e+00 -3.451223e-01 0.000000e+00
      vertex   -4.495271e+00 -3.451223e-01 1.905000e+00
      vertex   -4.389906e+00 -1.027278e+00 0.000000e+00
    endloop
  endfacet
  facet normal 9.882804e-01 1.526493e-01 -3.202672e-16
    outer loop
      vertex   -4.389906e+00 -1.027278e+00 0.000000e+00
      vertex   -4.495271e+00 -3.451223e-01 1.905000e+00
      vertex   -4.389906e+00 -1.027278e+00 1.905000e+00
    endloop
  endfacet
  facet normal 9.533964e-01 3.017206e-01 -6.330277e-16
    outer loop
      vertex   -4.389906e+00 -1.027278e+00 0.000000e+00
      vertex   -4.389906e+00 -1.027278e+00 1.905000e+00
      vertex   -4.181645e+00 -1.685354e+00 0.000000e+00
    endloop
  endfacet
  facet normal 9.533964e-01 3.017206e-01 5.725004e-16
    outer loop
      vertex   -4.181645e+00 -1.685354e+00 0.000000e+00
      vertex   -4.389906e+00 -1.027278e+00 1.905000e+00
      vertex   -4.181645e+00 -1.685354e+00 1.905000e+00
    endloop
  endfacet
  facet normal 8.961656e-01 4.437198e-01 3.701729e-16
    outer loop
      vertex   -4.181645e+00 -1.685354e+00 0.000000e+00
      vertex   -4.181645e+00 -1.685354e+00 1.905000e+00
      vertex   -3.875370e+00 -2.303928e+00 0.000000e+00
    endloop
  endfacet
  facet normal 8.961656e-01 4.437198e-01 1.095414e-16
    outer loop
      vertex   -3.875370e+00 -2.303928e+00 0.000000e+00
      vertex   -4.181645e+00 -1.685354e+00 1.905000e+00
      vertex   -3.875370e+00 -2.303928e+00 1.905000e+00
    endloop
  endfacet
  facet normal 8.179294e-01 5.753187e-01 -9.856338e-17
    outer loop
      vertex   -3.875370e+00 -2.303928e+00 0.000000e+00
      vertex   -3.875370e+00 -2.303928e+00 1.905000e+00
      vertex   -3.478259e+00 -2.868499e+00 0.000000e+00
    endloop
  endfacet
  facet normal 8.179294e-01 5.753187e-01 2.262274e-16
    outer loop
      vertex   -3.478259e+00 -2.868499e+00 0.000000e+00
      vertex   -3.875370e+00 -2.303928e+00 1.905000e+00
      vertex   -3.478259e+00 -2.868499e+00 1.905000e+00
    endloop
  endfacet
  facet normal 7.205216e-01 6.934325e-01 2.525979e-17
    outer loop
      vertex   -3.478259e+00 -2.868499e+00 0.000000e+00
      vertex   -3.478259e+00 -2.868499e+00 1.905000e+00
      vertex   -2.999621e+00 -3.365835e+00 0.000000e+00
    endloop
  endfacet
  facet normal 7.205216e-01 6.934325e-01 1.869112e-16
    outer loop
      vertex   -2.999621e+00 -3.365835e+00 0.000000e+00
      vertex   -3.478259e+00 -2.868499e+00 1.905000e+00
      vertex   -2.999621e+00 -3.365835e+00 1.905000e+00
    endloop
  endfacet
  facet normal 6.062254e-01 7.952929e-01 9.096959e-18
    outer loop
      vertex   -2.999621e+00 -3.365835e+00 0.000000e+00
      vertex   -2.999621e+00 -3.365835e+00 1.905000e+00
      vertex   -2.450674e+00 -3.784279e+00 0.000000e+00
    endloop
  endfacet
  facet normal 6.062254e-01 7.952929e-01 6.226889e-17
    outer loop
      vertex   -2.450674e+00 -3.784279e+00 0.000000e+00
      vertex   -2.999621e+00 -3.365835e+00 1.905000e+00
      vertex   -2.450674e+00 -3.784279e+00 1.905000e+00
    endloop
  endfacet
  facet normal 4.777198e-01 8.785123e-01 -2.444292e-16
    outer loop
      vertex   -2.450674e+00 -3.784279e+00 0.000000e+00
      vertex   -2.450674e+00 -3.784279e+00 1.905000e+00
      vertex   -1.844286e+00 -4.114023e+00 0.000000e+00
    endloop
  endfacet
  facet normal 4.777198e-01 8.785123e-01 4.813260e-16
    outer loop
      vertex   -1.844286e+00 -4.114023e+00 0.000000e+00
      vertex   -2.450674e+00 -3.784279e+00 1.905000e+00
      vertex   -1.844286e+00 -4.114023e+00 1.905000e+00
    endloop
  endfacet
  facet normal 3.380169e-01 9.411400e-01 1.915889e-16
    outer loop
      vertex   -1.844286e+00 -4.114023e+00 0.000000e+00
      vertex   -1.844286e+00 -4.114023e+00 1.905000e+00
      vertex   -1.194669e+00 -4.347337e+00 0.000000e+00
    endloop
  endfacet
  facet normal 3.380169e-01 9.411400e-01 -8.420308e-17
    outer loop
      vertex   -1.194669e+00 -4.347337e+00 0.000000e+00
      vertex   -1.844286e+00 -4.114023e+00 1.905000e+00
      vertex   -1.194669e+00 -4.347337e+00 1.905000e+00
    endloop
  endfacet
  facet normal 1.903911e-01 9.817083e-01 -2.579812e-16
    outer loop
      vertex   -1.194669e+00 -4.347337e+00 0.000000e+00
      vertex   -1.194669e+00 -4.347337e+00 1.905000e+00
      vertex   -5.170502e-01 -4.478753e+00 0.000000e+00
    endloop
  endfacet
  facet normal 1.903911e-01 9.817083e-01 3.994518e-16
    outer loop
      vertex   -5.170502e-01 -4.478753e+00 0.000000e+00
      vertex   -1.194669e+00 -4.347337e+00 1.905000e+00
      vertex   -5.170502e-01 -4.478753e+00 1.905000e+00
    endloop
  endfacet
  facet normal 3.830273e-02 9.992662e-01 8.036141e-17
    outer loop
      vertex   -5.170502e-01 -4.478753e+00 0.000000e+00
      vertex   -5.170502e-01 -4.478753e+00 1.905000e+00
      vertex   1.726879e-01 -4.505192e+00 0.000000e+00
    endloop
  endfacet
  facet normal 3.830273e-02 9.992662e-01 2.009035e-17
    outer loop
      vertex   1.726879e-01 -4.505192e+00 0.000000e+00
      vertex   -5.170502e-01 -4.478753e+00 1.905000e+00
      vertex   1.726879e-01 -4.505192e+00 1.905000e+00
    endloop
  endfacet
  facet normal -1.146834e-01 9.934021e-01 -6.015316e-17
    outer loop
      vertex   1.726879e-01 -4.505192e+00 0.000000e+00
      vertex   1.726879e-01 -4.505192e+00 1.905000e+00
      vertex   8.583783e-01 -4.426032e+00 0.000000e+00
    endloop
  endfacet
  facet normal -1.146834e-01 9.934021e-01 -1.203063e-16
    outer loop
      vertex   8.583783e-01 -4.426032e+00 0.000000e+00
      vertex   1.726879e-01 -4.505192e+00 1.905000e+00
      vertex   8.583783e-01 -4.426032e+00 1.905000e+00
    endloop
  endfacet
  facet normal -2.649815e-01 9.642535e-01 -2.779734e-16
    outer loop
      vertex   8.583783e-01 -4.426032e+00 0.000000e+00
      vertex   8.583783e-01 -4.426032e+00 1.905000e+00
      vertex   1.523949e+00 -4.243130e+00 0.000000e+00
    endloop
  endfacet
  facet normal -2.649815e-01 9.642535e-01 4.049632e-16
    outer loop
      vertex   1.523949e+00 -4.243130e+00 0.000000e+00
      vertex   8.583783e-01 -4.426032e+00 1.905000e+00
      vertex   1.523949e+00 -4.243130e+00 1.905000e+00
    endloop
  endfacet
  facet normal -4.090686e-01 9.125036e-01 8.799386e-17
    outer loop
      vertex   1.523949e+00 -4.243130e+00 0.000000e+00
      vertex   1.523949e+00 -4.243130e+00 1.905000e+00
      vertex   2.153800e+00 -3.960772e+00 0.000000e+00
    endloop
  endfacet
  facet normal -4.090686e-01 9.125036e-01 1.613565e-16
    outer loop
      vertex   2.153800e+00 -3.960772e+00 0.000000e+00
      vertex   1.523949e+00 -4.243130e+00 1.905000e+00
      vertex   2.153800e+00 -3.960772e+00 1.905000e+00
    endloop
  endfacet
  facet normal -5.435676e-01 8.393654e-01 -4.656327e-17
    outer loop
      vertex   2.153800e+00 -3.960772e+00 0.000000e+00
      vertex   2.153800e+00 -3.960772e+00 1.905000e+00
      vertex   2.733167e+00 -3.585578e+00 0.000000e+00
    endloop
  endfacet
  facet normal -5.435676e-01 8.393654e-01 4.137343e-16
    outer loop
      vertex   2.733167e+00 -3.585578e+00 0.000000e+00
      vertex   2.153800e+00 -3.960772e+00 1.905000e+00
      vertex   2.733167e+00 -3.585578e+00 1.905000e+00
    endloop
  endfacet
  facet normal -6.653257e-01 7.465532e-01 1.136134e-16
    outer loop
      vertex   2.733167e+00 -3.585578e+00 0.000000e+00
      vertex   2.733167e+00 -3.585578e+00 1.905000e+00
      vertex   3.248472e+00 -3.126340e+00 0.000000e+00
    endloop
  endfacet
  facet normal -6.653257e-01 7.465532e-01 0.000000e+00
    outer loop
      vertex   3.248472e+00 -3.126340e+00 0.000000e+00
      vertex   2.733167e+00 -3.585578e+00 1.905000e+00
      vertex   3.248472e+00 -3.126340e+00 1.905000e+00
    endloop
  endfacet
  facet normal -7.714892e-01 6.362424e-01 0.000000e+00
    outer loop
      vertex   3.248472e+00 -3.126340e+00 0.000000e+00
      vertex   3.248472e+00 -3.126340e+00 1.905000e+00
      vertex   3.687635e+00 -2.593824e+00 0.000000e+00
    endloop
  endfacet
  facet normal -7.714892e-01 6.362424e-01 3.819013e-16
    outer loop
      vertex   3.687635e+00 -2.593824e+00 0.000000e+00
      vertex   3.248472e+00 -3.126340e+00 1.905000e+00
      vertex   3.687635e+00 -2.593824e+00 1.905000e+00
    endloop
  endfacet
  facet normal -8.595696e-01 5.110187e-01 1.948757e-16
    outer loop
      vertex   3.687635e+00 -2.593824e+00 0.000000e+00
      vertex   3.687635e+00 -2.593824e+00 1.905000e+00
      vertex   4.040362e+00 -2.000511e+00 0.000000e+00
    endloop
  endfacet
  facet normal -8.595696e-01 5.110187e-01 1.514964e-16
    outer loop
      vertex   4.040362e+00 -2.000511e+00 0.000000e+00
      vertex   3.687635e+00 -2.593824e+00 1.905000e+00
      vertex   4.040362e+00 -2.000511e+00 1.905000e+00
    endloop
  endfacet
  facet normal -9.275025e-01 3.738171e-01 -1.677219e-16
    outer loop
      vertex   4.040362e+00 -2.000511e+00 0.000000e+00
      vertex   4.040362e+00 -2.000511e+00 1.905000e+00
      vertex   4.298388e+00 -1.360307e+00 0.000000e+00
    endloop
  endfacet
  facet normal -9.275025e-01 3.738171e-01 0.000000e+00
    outer loop
      vertex   4.298388e+00 -1.360307e+00 0.000000e+00
      vertex   4.040362e+00 -2.000511e+00 1.905000e+00
      vertex   4.298388e+00 -1.360307e+00 1.905000e+00
    endloop
  endfacet
  facet normal -9.736954e-01 2.278535e-01 0.000000e+00
    outer loop
      vertex   4.298388e+00 -1.360307e+00 0.000000e+00
      vertex   4.298388e+00 -1.360307e+00 1.905000e+00
      vertex   4.455662e+00 -6.882193e-01 0.000000e+00
    endloop
  endfacet
  facet normal -9.736954e-01 2.278535e-01 2.257459e-16
    outer loop
      vertex   4.455662e+00 -6.882193e-01 0.000000e+00
      vertex   4.298388e+00 -1.360307e+00 1.905000e+00
      vertex   4.455662e+00 -6.882193e-01 1.905000e+00
    endloop
  endfacet
  facet normal -9.914449e-01 -1.305262e-01 -0.000000e+00
    outer loop
      vertex   -1.247629e+01 2.300901e-01 2.540000e+00
      vertex   -1.247629e+01 2.300901e-01 0.000000e+00
      vertex   -1.244600e+01 -1.606343e-11 2.540000e+00
    endloop
  endfacet
  facet normal -9.914449e-01 -1.305262e-01 -0.000000e+00
    outer loop
      vertex   -1.244600e+01 -1.606343e-11 2.540000e+00
      vertex   -1.247629e+01 2.300901e-01 0.000000e+00
      vertex   -1.244600e+01 -1.606343e-11 0.000000e+00
    endloop
  endfacet
  facet normal -9.914449e-01 1.305262e-01 0.000000e+00
    outer loop
      vertex   -1.244600e+01 -1.606343e-11 2.540000e+00
      vertex   -1.244600e+01 -1.606343e-11 0.000000e+00
      vertex   -1.247629e+01 -2.300901e-01 2.540000e+00
    endloop
  endfacet
  facet normal -9.914449e-01 1.305262e-01 0.000000e+00
    outer loop
      vertex   -1.247629e+01 -2.300901e-01 2.540000e+00
      vertex   -1.244600e+01 -1.606343e-11 0.000000e+00
      vertex   -1.247629e+01 -2.300901e-01 0.000000e+00
    endloop
  endfacet
  facet normal -9.238795e-01 3.826834e-01 0.000000e+00
    outer loop
      vertex   -1.247629e+01 -2.300901e-01 2.540000e+00
      vertex   -1.247629e+01 -2.300901e-01 0.000000e+00
      vertex   -1.256510e+01 -4.445000e-01 2.540000e+00
    endloop
  endfacet
  facet normal -9.238795e-01 3.826834e-01 0.000000e+00
    outer loop
      vertex   -1.256510e+01 -4.445000e-01 2.540000e+00
      vertex   -1.247629e+01 -2.300901e-01 0.000000e+00
      vertex   -1.256510e+01 -4.445000e-01 0.000000e+00
    endloop
  endfacet
  facet normal -7.933533e-01 6.087614e-01 0.000000e+00
    outer loop
      vertex   -1.256510e+01 -4.445000e-01 2.540000e+00
      vertex   -1.256510e+01 -4.445000e-01 0.000000e+00
      vertex   -1.270638e+01 -6.286179e-01 2.540000e+00
    endloop
  endfacet
  facet normal -7.933533e-01 6.087614e-01 0.000000e+00
    outer loop
      vertex   -1.270638e+01 -6.286179e-01 2.540000e+00
      vertex   -1.256510e+01 -4.445000e-01 0.000000e+00
      vertex   -1.270638e+01 -6.286179e-01 0.000000e+00
    endloop
  endfacet
  facet normal -6.087614e-01 7.933533e-01 0.000000e+00
    outer loop
      vertex   -1.270638e+01 -6.286179e-01 2.540000e+00
      vertex   -1.270638e+01 -6.286179e-01 0.000000e+00
      vertex   -1.289050e+01 -7.698966e-01 2.540000e+00
    endloop
  endfacet
  facet normal -6.087614e-01 7.933533e-01 0.000000e+00
    outer loop
      vertex   -1.289050e+01 -7.698966e-01 2.540000e+00
      vertex   -1.270638e+01 -6.286179e-01 0.000000e+00
      vertex   -1.289050e+01 -7.698966e-01 0.000000e+00
    endloop
  endfacet
  facet normal -3.826834e-01 9.238795e-01 0.000000e+00
    outer loop
      vertex   -1.289050e+01 -7.698966e-01 2.540000e+00
      vertex   -1.289050e+01 -7.698966e-01 0.000000e+00
      vertex   -1.310491e+01 -8.587081e-01 2.540000e+00
    endloop
  endfacet
  facet normal -3.826834e-01 9.238795e-01 0.000000e+00
    outer loop
      vertex   -1.310491e+01 -8.587081e-01 2.540000e+00
      vertex   -1.289050e+01 -7.698966e-01 0.000000e+00
      vertex   -1.310491e+01 -8.587081e-01 0.000000e+00
    endloop
  endfacet
  facet normal -1.305262e-01 9.914449e-01 0.000000e+00
    outer loop
      vertex   -1.310491e+01 -8.587081e-01 2.540000e+00
      vertex   -1.310491e+01 -8.587081e-01 0.000000e+00
      vertex   -1.333500e+01 -8.890000e-01 2.540000e+00
    endloop
  endfacet
  facet normal -1.305262e-01 9.914449e-01 0.000000e+00
    outer loop
      vertex   -1.333500e+01 -8.890000e-01 2.540000e+00
      vertex   -1.310491e+01 -8.587081e-01 0.000000e+00
      vertex   -1.333500e+01 -8.890000e-01 0.000000e+00
    endloop
  endfacet
  facet normal 1.305262e-01 9.914449e-01 0.000000e+00
    outer loop
      vertex   -1.333500e+01 -8.890000e-01 2.540000e+00
      vertex   -1.333500e+01 -8.890000e-01 0.000000e+00
      vertex   -1.356509e+01 -8.587081e-01 2.540000e+00
    endloop
  endfacet
  facet normal 1.305262e-01 9.914449e-01 0.000000e+00
    outer loop
      vertex   -1.356509e+01 -8.587081e-01 2.540000e+00
      vertex   -1.333500e+01 -8.890000e-01 0.000000e+00
      vertex   -1.356509e+01 -8.587081e-01 0.000000e+00
    endloop
  endfacet
  facet normal 3.826834e-01 9.238795e-01 0.000000e+00
    outer loop
      vertex   -1.356509e+01 -8.587081e-01 2.540000e+00
      vertex   -1.356509e+01 -8.587081e-01 0.000000e+00
      vertex   -1.377950e+01 -7.698966e-01 2.540000e+00
    endloop
  endfacet
  facet normal 3.826834e-01 9.238795e-01 0.000000e+00
    outer loop
      vertex   -1.377950e+01 -7.698966e-01 2.540000e+00
      vertex   -1.356509e+01 -8.587081e-01 0.000000e+00
      vertex   -1.377950e+01 -7.698966e-01 0.000000e+00
    endloop
  endfacet
  facet normal 6.087614e-01 7.933533e-01 0.000000e+00
    outer loop
      vertex   -1.377950e+01 -7.698966e-01 2.540000e+00
      vertex   -1.377950e+01 -7.698966e-01 0.000000e+00
      vertex   -1.396362e+01 -6.286179e-01 2.540000e+00
    endloop
  endfacet
  facet normal 6.087614e-01 7.933533e-01 0.000000e+00
    outer loop
      vertex   -1.396362e+01 -6.286179e-01 2.540000e+00
      vertex   -1.377950e+01 -7.698966e-01 0.000000e+00
      vertex   -1.396362e+01 -6.286179e-01 0.000000e+00
    endloop
  endfacet
  facet normal 7.933533e-01 6.087614e-01 0.000000e+00
    outer loop
      vertex   -1.396362e+01 -6.286179e-01 2.540000e+00
      vertex   -1.396362e+01 -6.286179e-01 0.000000e+00
      vertex   -1.410490e+01 -4.445000e-01 2.540000e+00
    endloop
  endfacet
  facet normal 7.933533e-01 6.087614e-01 0.000000e+00
    outer loop
      vertex   -1.410490e+01 -4.445000e-01 2.540000e+00
      vertex   -1.396362e+01 -6.286179e-01 0.000000e+00
      vertex   -1.410490e+01 -4.445000e-01 0.000000e+00
    endloop
  endfacet
  facet normal 9.238795e-01 3.826834e-01 0.000000e+00
    outer loop
      vertex   -1.410490e+01 -4.445000e-01 2.540000e+00
      vertex   -1.410490e+01 -4.445000e-01 0.000000e+00
      vertex   -1.419371e+01 -2.300901e-01 2.540000e+00
    endloop
  endfacet
  facet normal 9.238795e-01 3.826834e-01 0.000000e+00
    outer loop
      vertex   -1.419371e+01 -2.300901e-01 2.540000e+00
      vertex   -1.410490e+01 -4.445000e-01 0.000000e+00
      vertex   -1.419371e+01 -2.300901e-01 0.000000e+00
    endloop
  endfacet
  facet normal 9.914449e-01 1.305262e-01 0.000000e+00
    outer loop
      vertex   -1.419371e+01 -2.300901e-01 2.540000e+00
      vertex   -1.419371e+01 -2.300901e-01 0.000000e+00
      vertex   -1.422400e+01 -1.606354e-11 2.540000e+00
    endloop
  endfacet
  facet normal 9.914449e-01 1.305262e-01 0.000000e+00
    outer loop
      vertex   -1.422400e+01 -1.606354e-11 2.540000e+00
      vertex   -1.419371e+01 -2.300901e-01 0.000000e+00
      vertex   -1.422400e+01 -1.606354e-11 0.000000e+00
    endloop
  endfacet
  facet normal 9.914449e-01 -1.305262e-01 0.000000e+00
    outer loop
      vertex   -1.422400e+01 -1.606354e-11 2.540000e+00
      vertex   -1.422400e+01 -1.606354e-11 0.000000e+00
      vertex   -1.419371e+01 2.300901e-01 2.540000e+00
    endloop
  endfacet
  facet normal 9.914449e-01 -1.305262e-01 0.000000e+00
    outer loop
      vertex   -1.419371e+01 2.300901e-01 2.540000e+00
      vertex   -1.422400e+01 -1.606354e-11 0.000000e+00
      vertex   -1.419371e+01 2.300901e-01 0.000000e+00
    endloop
  endfacet
  facet normal 9.238795e-01 -3.826834e-01 0.000000e+00
    outer loop
      vertex   -1.419371e+01 2.300901e-01 2.540000e+00
      vertex   -1.419371e+01 2.300901e-01 0.000000e+00
      vertex   -1.410490e+01 4.445000e-01 2.540000e+00
    endloop
  endfacet
  facet normal 9.238795e-01 -3.826834e-01 0.000000e+00
    outer loop
      vertex   -1.410490e+01 4.445000e-01 2.540000e+00
      vertex   -1.419371e+01 2.300901e-01 0.000000e+00
      vertex   -1.410490e+01 4.445000e-01 0.000000e+00
    endloop
  endfacet
  facet normal 7.933533e-01 -6.087614e-01 0.000000e+00
    outer loop
      vertex   -1.410490e+01 4.445000e-01 2.540000e+00
      vertex   -1.410490e+01 4.445000e-01 0.000000e+00
      vertex   -1.396362e+01 6.286179e-01 2.540000e+00
    endloop
  endfacet
  facet normal 7.933533e-01 -6.087614e-01 0.000000e+00
    outer loop
      vertex   -1.396362e+01 6.286179e-01 2.540000e+00
      vertex   -1.410490e+01 4.445000e-01 0.000000e+00
      vertex   -1.396362e+01 6.286179e-01 0.000000e+00
    endloop
  endfacet
  facet normal 6.087614e-01 -7.933533e-01 0.000000e+00
    outer loop
      vertex   -1.396362e+01 6.286179e-01 2.540000e+00
      vertex   -1.396362e+01 6.286179e-01 0.000000e+00
      vertex   -1.377950e+01 7.698966e-01 2.540000e+00
    endloop
  endfacet
  facet normal 6.087614e-01 -7.933533e-01 0.000000e+00
    outer loop
      vertex   -1.377950e+01 7.698966e-01 2.540000e+00
      vertex   -1.396362e+01 6.286179e-01 0.000000e+00
      vertex   -1.377950e+01 7.698966e-01 0.000000e+00
    endloop
  endfacet
  facet normal 3.826834e-01 -9.238795e-01 0.000000e+00
    outer loop
      vertex   -1.377950e+01 7.698966e-01 2.540000e+00
      vertex   -1.377950e+01 7.698966e-01 0.000000e+00
      vertex   -1.356509e+01 8.587081e-01 2.540000e+00
    endloop
  endfacet
  facet normal 3.826834e-01 -9.238795e-01 0.000000e+00
    outer loop
      vertex   -1.356509e+01 8.587081e-01 2.540000e+00
      vertex   -1.377950e+01 7.698966e-01 0.000000e+00
      vertex   -1.356509e+01 8.587081e-01 0.000000e+00
    endloop
  endfacet
  facet normal 1.305262e-01 -9.914449e-01 0.000000e+00
    outer loop
      vertex   -1.356509e+01 8.587081e-01 2.540000e+00
      vertex   -1.356509e+01 8.587081e-01 0.000000e+00
      vertex   -1.333500e+01 8.890000e-01 2.540000e+00
    endloop
  endfacet
  facet normal 1.305262e-01 -9.914449e-01 0.000000e+00
    outer loop
      vertex   -1.333500e+01 8.890000e-01 2.540000e+00
      vertex   -1.356509e+01 8.587081e-01 0.000000e+00
      vertex   -1.333500e+01 8.890000e-01 0.000000e+00
    endloop
  endfacet
  facet normal -1.305262e-01 -9.914449e-01 -0.000000e+00
    outer loop
      vertex   -1.333500e+01 8.890000e-01 2.540000e+00
      vertex   -1.333500e+01 8.890000e-01 0.000000e+00
      vertex   -1.310491e+01 8.587081e-01 2.540000e+00
    endloop
  endfacet
  facet normal -1.305262e-01 -9.914449e-01 -0.000000e+00
    outer loop
      vertex   -1.310491e+01 8.587081e-01 2.540000e+00
      vertex   -1.333500e+01 8.890000e-01 0.000000e+00
      vertex   -1.310491e+01 8.587081e-01 0.000000e+00
    endloop
  endfacet
  facet normal -3.826834e-01 -9.238795e-01 -0.000000e+00
    outer loop
      vertex   -1.310491e+01 8.587081e-01 2.540000e+00
      vertex   -1.310491e+01 8.587081e-01 0.000000e+00
      vertex   -1.289050e+01 7.698966e-01 2.540000e+00
    endloop
  endfacet
  facet normal -3.826834e-01 -9.238795e-01 -0.000000e+00
    outer loop
      vertex   -1.289050e+01 7.698966e-01 2.540000e+00
      vertex   -1.310491e+01 8.587081e-01 0.000000e+00
      vertex   -1.289050e+01 7.698966e-01 0.000000e+00
    endloop
  endfacet
  facet normal -6.087614e-01 -7.933533e-01 -0.000000e+00
    outer loop
      vertex   -1.289050e+01 7.698966e-01 2.540000e+00
      vertex   -1.289050e+01 7.698966e-01 0.000000e+00
      vertex   -1.270638e+01 6.286179e-01 2.540000e+00
    endloop
  endfacet
  facet normal -6.087614e-01 -7.933533e-01 -0.000000e+00
    outer loop
      vertex   -1.270638e+01 6.286179e-01 2.540000e+00
      vertex   -1.289050e+01 7.698966e-01 0.000000e+00
      vertex   -1.270638e+01 6.286179e-01 0.000000e+00
    endloop
  endfacet
  facet normal -7.933533e-01 -6.087614e-01 -0.000000e+00
    outer loop
      vertex   -1.270638e+01 6.286179e-01 2.540000e+00
      vertex   -1.270638e+01 6.286179e-01 0.000000e+00
      vertex   -1.256510e+01 4.445000e-01 2.540000e+00
    endloop
  endfacet
  facet normal -7.933533e-01 -6.087614e-01 -0.000000e+00
    outer loop
      vertex   -1.256510e+01 4.445000e-01 2.540000e+00
      vertex   -1.270638e+01 6.286179e-01 0.000000e+00
      vertex   -1.256510e+01 4.445000e-01 0.000000e+00
    endloop
  endfacet
  facet normal -9.238795e-01 -3.826834e-01 -0.000000e+00
    outer loop
      vertex   -1.256510e+01 4.445000e-01 2.540000e+00
      vertex   -1.256510e+01 4.445000e-01 0.000000e+00
      vertex   -1.247629e+01 2.300901e-01 2.540000e+00
    endloop
  endfacet
  facet normal -9.238795e-01 -3.826834e-01 -0.000000e+00
    outer loop
      vertex   -1.247629e+01 2.300901e-01 2.540000e+00
      vertex   -1.256510e+01 4.445000e-01 0.000000e+00
      vertex   -1.247629e+01 2.300901e-01 0.000000e+00
    endloop
  endfacet
  facet normal -9.914449e-01 -1.305262e-01 -0.000000e+00
    outer loop
      vertex   -6.634292e+00 2.300901e-01 2.540000e+00
      vertex   -6.634292e+00 2.300901e-01 0.000000e+00
      vertex   -6.604000e+00 -1.606415e-11 2.540000e+00
    endloop
  endfacet
  facet normal -9.914449e-01 -1.305262e-01 -0.000000e+00
    outer loop
      vertex   -6.604000e+00 -1.606415e-11 2.540000e+00
      vertex   -6.634292e+00 2.300901e-01 0.000000e+00
      vertex   -6.604000e+00 -1.606415e-11 0.000000e+00
    endloop
  endfacet
  facet normal -9.914449e-01 1.305262e-01 0.000000e+00
    outer loop
      vertex   -6.604000e+00 -1.606415e-11 2.540000e+00
      vertex   -6.604000e+00 -1.606415e-11 0.000000e+00
      vertex   -6.634292e+00 -2.300901e-01 2.540000e+00
    endloop
  endfacet
  facet normal -9.914449e-01 1.305262e-01 0.000000e+00
    outer loop
      vertex   -6.634292e+00 -2.300901e-01 2.540000e+00
      vertex   -6.604000e+00 -1.606415e-11 0.000000e+00
      vertex   -6.634292e+00 -2.300901e-01 0.000000e+00
    endloop
  endfacet
  facet normal -9.238795e-01 3.826834e-01 0.000000e+00
    outer loop
      vertex   -6.634292e+00 -2.300901e-01 2.540000e+00
      vertex   -6.634292e+00 -2.300901e-01 0.000000e+00
      vertex   -6.723103e+00 -4.445000e-01 2.540000e+00
    endloop
  endfacet
  facet normal -9.238795e-01 3.826834e-01 0.000000e+00
    outer loop
      vertex   -6.723103e+00 -4.445000e-01 2.540000e+00
      vertex   -6.634292e+00 -2.300901e-01 0.000000e+00
      vertex   -6.723103e+00 -4.445000e-01 0.000000e+00
    endloop
  endfacet
  facet normal -7.933533e-01 6.087614e-01 0.000000e+00
    outer loop
      vertex   -6.723103e+00 -4.445000e-01 2.540000e+00
      vertex   -6.723103e+00 -4.445000e-01 0.000000e+00
      vertex   -6.864382e+00 -6.286179e-01 2.540000e+00
    endloop
  endfacet
  facet normal -7.933533e-01 6.087614e-01 0.000000e+00
    outer loop
      vertex   -6.864382e+00 -6.286179e-01 2.540000e+00
      vertex   -6.723103e+00 -4.445000e-01 0.000000e+00
      vertex   -6.864382e+00 -6.286179e-01 0.000000e+00
    endloop
  endfacet
  facet normal -6.087614e-01 7.933533e-01 0.000000e+00
    outer loop
      vertex   -6.864382e+00 -6.286179e-01 2.540000e+00
      vertex   -6.864382e+00 -6.286179e-01 0.000000e+00
      vertex   -7.048500e+00 -7.698966e-01 2.540000e+00
    endloop
  endfacet
  facet normal -6.087614e-01 7.933533e-01 0.000000e+00
    outer loop
      vertex   -7.048500e+00 -7.698966e-01 2.540000e+00
      vertex   -6.864382e+00 -6.286179e-01 0.000000e+00
      vertex   -7.048500e+00 -7.698966e-01 0.000000e+00
    endloop
  endfacet
  facet normal -3.826834e-01 9.238795e-01 0.000000e+00
    outer loop
      vertex   -7.048500e+00 -7.698966e-01 2.540000e+00
      vertex   -7.048500e+00 -7.698966e-01 0.000000e+00
      vertex   -7.262910e+00 -8.587081e-01 2.540000e+00
    endloop
  endfacet
  facet normal -3.826834e-01 9.238795e-01 0.000000e+00
    outer loop
      vertex   -7.262910e+00 -8.587081e-01 2.540000e+00
      vertex   -7.048500e+00 -7.698966e-01 0.000000e+00
      vertex   -7.262910e+00 -8.587081e-01 0.000000e+00
    endloop
  endfacet
  facet normal -1.305262e-01 9.914449e-01 0.000000e+00
    outer loop
      vertex   -7.262910e+00 -8.587081e-01 2.540000e+00
      vertex   -7.262910e+00 -8.587081e-01 0.000000e+00
      vertex   -7.493000e+00 -8.890000e-01 2.540000e+00
    endloop
  endfacet
  facet normal -1.305262e-01 9.914449e-01 0.000000e+00
    outer loop
      vertex   -7.493000e+00 -8.890000e-01 2.540000e+00
      vertex   -7.262910e+00 -8.587081e-01 0.000000e+00
      vertex   -7.493000e+00 -8.890000e-01 0.000000e+00
    endloop
  endfacet
  facet normal 1.305262e-01 9.914449e-01 0.000000e+00
    outer loop
      vertex   -7.493000e+00 -8.890000e-01 2.540000e+00
      vertex   -7.493000e+00 -8.890000e-01 0.000000e+00
      vertex   -7.723090e+00 -8.587081e-01 2.540000e+00
    endloop
  endfacet
  facet normal 1.305262e-01 9.914449e-01 0.000000e+00
    outer loop
      vertex   -7.723090e+00 -8.587081e-01 2.540000e+00
      vertex   -7.493000e+00 -8.890000e-01 0.000000e+00
      vertex   -7.723090e+00 -8.587081e-01 0.000000e+00
    endloop
  endfacet
  facet normal 3.826834e-01 9.238795e-01 0.000000e+00
    outer loop
      vertex   -7.723090e+00 -8.587081e-01 2.540000e+00
      vertex   -7.723090e+00 -8.587081e-01 0.000000e+00
      vertex   -7.937500e+00 -7.698966e-01 2.540000e+00
    endloop
  endfacet
  facet normal 3.826834e-01 9.238795e-01 0.000000e+00
    outer loop
      vertex   -7.937500e+00 -7.698966e-01 2.540000e+00
      vertex   -7.723090e+00 -8.587081e-01 0.000000e+00
      vertex   -7.937500e+00 -7.698966e-01 0.000000e+00
    endloop
  endfacet
  facet normal 6.087614e-01 7.933533e-01 0.000000e+00
    outer loop
      vertex   -7.937500e+00 -7.698966e-01 2.540000e+00
      vertex   -7.937500e+00 -7.698966e-01 0.000000e+00
      vertex   -8.121618e+00 -6.286179e-01 2.540000e+00
    endloop
  endfacet
  facet normal 6.087614e-01 7.933533e-01 0.000000e+00
    outer loop
      vertex   -8.121618e+00 -6.286179e-01 2.540000e+00
      vertex   -7.937500e+00 -7.698966e-01 0.000000e+00
      vertex   -8.121618e+00 -6.286179e-01 0.000000e+00
    endloop
  endfacet
  facet normal 7.933533e-01 6.087614e-01 0.000000e+00
    outer loop
      vertex   -8.121618e+00 -6.286179e-01 2.540000e+00
      vertex   -8.121618e+00 -6.286179e-01 0.000000e+00
      vertex   -8.262897e+00 -4.445000e-01 2.540000e+00
    endloop
  endfacet
  facet normal 7.933533e-01 6.087614e-01 0.000000e+00
    outer loop
      vertex   -8.262897e+00 -4.445000e-01 2.540000e+00
      vertex   -8.121618e+00 -6.286179e-01 0.000000e+00
      vertex   -8.262897e+00 -4.445000e-01 0.000000e+00
    endloop
  endfacet
  facet normal 9.238795e-01 3.826834e-01 0.000000e+00
    outer loop
      vertex   -8.262897e+00 -4.445000e-01 2.540000e+00
      vertex   -8.262897e+00 -4.445000e-01 0.000000e+00
      vertex   -8.351708e+00 -2.300901e-01 2.540000e+00
    endloop
  endfacet
  facet normal 9.238795e-01 3.826834e-01 0.000000e+00
    outer loop
      vertex   -8.351708e+00 -2.300901e-01 2.540000e+00
      vertex   -8.262897e+00 -4.445000e-01 0.000000e+00
      vertex   -8.351708e+00 -2.300901e-01 0.000000e+00
    endloop
  endfacet
  facet normal 9.914449e-01 1.305262e-01 0.000000e+00
    outer loop
      vertex   -8.351708e+00 -2.300901e-01 2.540000e+00
      vertex   -8.351708e+00 -2.300901e-01 0.000000e+00
      vertex   -8.382000e+00 -1.606426e-11 2.540000e+00
    endloop
  endfacet
  facet normal 9.914449e-01 1.305262e-01 0.000000e+00
    outer loop
      vertex   -8.382000e+00 -1.606426e-11 2.540000e+00
      vertex   -8.351708e+00 -2.300901e-01 0.000000e+00
      vertex   -8.382000e+00 -1.606426e-11 0.000000e+00
    endloop
  endfacet
  facet normal 9.914449e-01 -1.305262e-01 0.000000e+00
    outer loop
      vertex   -8.382000e+00 -1.606426e-11 2.540000e+00
      vertex   -8.382000e+00 -1.606426e-11 0.000000e+00
      vertex   -8.351708e+00 2.300901e-01 2.540000e+00
    endloop
  endfacet
  facet normal 9.914449e-01 -1.305262e-01 0.000000e+00
    outer loop
      vertex   -8.351708e+00 2.300901e-01 2.540000e+00
      vertex   -8.382000e+00 -1.606426e-11 0.000000e+00
      vertex   -8.351708e+00 2.300901e-01 0.000000e+00
    endloop
  endfacet
  facet normal 9.238795e-01 -3.826834e-01 0.000000e+00
    outer loop
      vertex   -8.351708e+00 2.300901e-01 2.540000e+00
      vertex   -8.351708e+00 2.300901e-01 0.000000e+00
      vertex   -8.262897e+00 4.445000e-01 2.540000e+00
    endloop
  endfacet
  facet normal 9.238795e-01 -3.826834e-01 0.000000e+00
    outer loop
      vertex   -8.262897e+00 4.445000e-01 2.540000e+00
      vertex   -8.351708e+00 2.300901e-01 0.000000e+00
      vertex   -8.262897e+00 4.445000e-01 0.000000e+00
    endloop
  endfacet
  facet normal 7.933533e-01 -6.087614e-01 0.000000e+00
    outer loop
      vertex   -8.262897e+00 4.445000e-01 2.540000e+00
      vertex   -8.262897e+00 4.445000e-01 0.000000e+00
      vertex   -8.121618e+00 6.286179e-01 2.540000e+00
    endloop
  endfacet
  facet normal 7.933533e-01 -6.087614e-01 0.000000e+00
    outer loop
      vertex   -8.121618e+00 6.286179e-01 2.540000e+00
      vertex   -8.262897e+00 4.445000e-01 0.000000e+00
      vertex   -8.121618e+00 6.286179e-01 0.000000e+00
    endloop
  endfacet
  facet normal 6.087614e-01 -7.933533e-01 0.000000e+00
    outer loop
      vertex   -8.121618e+00 6.286179e-01 2.540000e+00
      vertex   -8.121618e+00 6.286179e-01 0.000000e+00
      vertex   -7.937500e+00 7.698966e-01 2.540000e+00
    endloop
  endfacet
  facet normal 6.087614e-01 -7.933533e-01 0.000000e+00
    outer loop
      vertex   -7.937500e+00 7.698966e-01 2.540000e+00
      vertex   -8.121618e+00 6.286179e-01 0.000000e+00
      vertex   -7.937500e+00 7.698966e-01 0.000000e+00
    endloop
  endfacet
  facet normal 3.826834e-01 -9.238795e-01 0.000000e+00
    outer loop
      vertex   -7.937500e+00 7.698966e-01 2.540000e+00
      vertex   -7.937500e+00 7.698966e-01 0.000000e+00
      vertex   -7.723090e+00 8.587081e-01 2.540000e+00
    endloop
  endfacet
  facet normal 3.826834e-01 -9.238795e-01 0.000000e+00
    outer loop
      vertex   -7.723090e+00 8.587081e-01 2.540000e+00
      vertex   -7.937500e+00 7.698966e-01 0.000000e+00
      vertex   -7.723090e+00 8.587081e-01 0.000000e+00
    endloop
  endfacet
  facet normal 1.305262e-01 -9.914449e-01 0.000000e+00
    outer loop
      vertex   -7.723090e+00 8.587081e-01 2.540000e+00
      vertex   -7.723090e+00 8.587081e-01 0.000000e+00
      vertex   -7.493000e+00 8.890000e-01 2.540000e+00
    endloop
  endfacet
  facet normal 1.305262e-01 -9.914449e-01 0.000000e+00
    outer loop
      vertex   -7.493000e+00 8.890000e-01 2.540000e+00
      vertex   -7.723090e+00 8.587081e-01 0.000000e+00
      vertex   -7.493000e+00 8.890000e-01 0.000000e+00
    endloop
  endfacet
  facet normal -1.305262e-01 -9.914449e-01 -0.000000e+00
    outer loop
      vertex   -7.493000e+00 8.890000e-01 2.540000e+00
      vertex   -7.493000e+00 8.890000e-01 0.000000e+00
      vertex   -7.262910e+00 8.587081e-01 2.540000e+00
    endloop
  endfacet
  facet normal -1.305262e-01 -9.914449e-01 -0.000000e+00
    outer loop
      vertex   -7.262910e+00 8.587081e-01 2.540000e+00
      vertex   -7.493000e+00 8.890000e-01 0.000000e+00
      vertex   -7.262910e+00 8.587081e-01 0.000000e+00
    endloop
  endfacet
  facet normal -3.826834e-01 -9.238795e-01 -0.000000e+00
    outer loop
      vertex   -7.262910e+00 8.587081e-01 2.540000e+00
      vertex   -7.262910e+00 8.587081e-01 0.000000e+00
      vertex   -7.048500e+00 7.698966e-01 2.540000e+00
    endloop
  endfacet
  facet normal -3.826834e-01 -9.238795e-01 -0.000000e+00
    outer loop
      vertex   -7.048500e+00 7.698966e-01 2.540000e+00
      vertex   -7.262910e+00 8.587081e-01 0.000000e+00
      vertex   -7.048500e+00 7.698966e-01 0.000000e+00
    endloop
  endfacet
  facet normal -6.087614e-01 -7.933533e-01 -0.000000e+00
    outer loop
      vertex   -7.048500e+00 7.698966e-01 2.540000e+00
      vertex   -7.048500e+00 7.698966e-01 0.000000e+00
      vertex   -6.864382e+00 6.286179e-01 2.540000e+00
    endloop
  endfacet
  facet normal -6.087614e-01 -7.933533e-01 -0.000000e+00
    outer loop
      vertex   -6.864382e+00 6.286179e-01 2.540000e+00
      vertex   -7.048500e+00 7.698966e-01 0.000000e+00
      vertex   -6.864382e+00 6.286179e-01 0.000000e+00
    endloop
  endfacet
  facet normal -7.933533e-01 -6.087614e-01 -0.000000e+00
    outer loop
      vertex   -6.864382e+00 6.286179e-01 2.540000e+00
      vertex   -6.864382e+00 6.286179e-01 0.000000e+00
      vertex   -6.723103e+00 4.445000e-01 2.540000e+00
    endloop
  endfacet
  facet normal -7.933533e-01 -6.087614e-01 -0.000000e+00
    outer loop
      vertex   -6.723103e+00 4.445000e-01 2.540000e+00
      vertex   -6.864382e+00 6.286179e-01 0.000000e+00
      vertex   -6.723103e+00 4.445000e-01 0.000000e+00
    endloop
  endfacet
  facet normal -9.238795e-01 -3.826834e-01 -0.000000e+00
    outer loop
      vertex   -6.723103e+00 4.445000e-01 2.540000e+00
      vertex   -6.723103e+00 4.445000e-01 0.000000e+00
      vertex   -6.634292e+00 2.300901e-01 2.540000e+00
    endloop
  endfacet
  facet normal -9.238795e-01 -3.826834e-01 -0.000000e+00
    outer loop
      vertex   -6.634292e+00 2.300901e-01 2.540000e+00
      vertex   -6.723103e+00 4.445000e-01 0.000000e+00
      vertex   -6.634292e+00 2.300901e-01 0.000000e+00
    endloop
  endfacet
  facet normal -9.914449e-01 -1.305262e-01 -0.000000e+00
    outer loop
      vertex   8.587081e-01 -1.310491e+01 2.540000e+00
      vertex   8.587081e-01 -1.310491e+01 0.000000e+00
      vertex   8.890000e-01 -1.333500e+01 2.540000e+00
    endloop
  endfacet
  facet normal -9.914449e-01 -1.305262e-01 -3.900206e-16
    outer loop
      vertex   8.890000e-01 -1.333500e+01 2.540000e+00
      vertex   8.587081e-01 -1.310491e+01 0.000000e+00
      vertex   8.890000e-01 -1.333500e+01 0.000000e+00
    endloop
  endfacet
  facet normal -9.914449e-01 1.305262e-01 -3.900206e-16
    outer loop
      vertex   8.890000e-01 -1.333500e+01 2.540000e+00
      vertex   8.890000e-01 -1.333500e+01 0.000000e+00
      vertex   8.587081e-01 -1.356509e+01 2.540000e+00
    endloop
  endfacet
  facet normal -9.914449e-01 1.305262e-01 0.000000e+00
    outer loop
      vertex   8.587081e-01 -1.356509e+01 2.540000e+00
      vertex   8.890000e-01 -1.333500e+01 0.000000e+00
      vertex   8.587081e-01 -1.356509e+01 0.000000e+00
    endloop
  endfacet
  facet normal -9.238795e-01 3.826834e-01 0.000000e+00
    outer loop
      vertex   8.587081e-01 -1.356509e+01 2.540000e+00
      vertex   8.587081e-01 -1.356509e+01 0.000000e+00
      vertex   7.698966e-01 -1.377950e+01 2.540000e+00
    endloop
  endfacet
  facet normal -9.238795e-01 3.826834e-01 0.000000e+00
    outer loop
      vertex   7.698966e-01 -1.377950e+01 2.540000e+00
      vertex   8.587081e-01 -1.356509e+01 0.000000e+00
      vertex   7.698966e-01 -1.377950e+01 0.000000e+00
    endloop
  endfacet
  facet normal -7.933533e-01 6.087614e-01 0.000000e+00
    outer loop
      vertex   7.698966e-01 -1.377950e+01 2.540000e+00
      vertex   7.698966e-01 -1.377950e+01 0.000000e+00
      vertex   6.286179e-01 -1.396362e+01 2.540000e+00
    endloop
  endfacet
  facet normal -7.933533e-01 6.087614e-01 0.000000e+00
    outer loop
      vertex   6.286179e-01 -1.396362e+01 2.540000e+00
      vertex   7.698966e-01 -1.377950e+01 0.000000e+00
      vertex   6.286179e-01 -1.396362e+01 0.000000e+00
    endloop
  endfacet
  facet normal -6.087614e-01 7.933533e-01 0.000000e+00
    outer loop
      vertex   6.286179e-01 -1.396362e+01 2.540000e+00
      vertex   6.286179e-01 -1.396362e+01 0.000000e+00
      vertex   4.445000e-01 -1.410490e+01 2.540000e+00
    endloop
  endfacet
  facet normal -6.087614e-01 7.933533e-01 0.000000e+00
    outer loop
      vertex   4.445000e-01 -1.410490e+01 2.540000e+00
      vertex   6.286179e-01 -1.396362e+01 0.000000e+00
      vertex   4.445000e-01 -1.410490e+01 0.000000e+00
    endloop
  endfacet
  facet normal -3.826834e-01 9.238795e-01 0.000000e+00
    outer loop
      vertex   4.445000e-01 -1.410490e+01 2.540000e+00
      vertex   4.445000e-01 -1.410490e+01 0.000000e+00
      vertex   2.300901e-01 -1.419371e+01 2.540000e+00
    endloop
  endfacet
  facet normal -3.826834e-01 9.238795e-01 0.000000e+00
    outer loop
      vertex   2.300901e-01 -1.419371e+01 2.540000e+00
      vertex   4.445000e-01 -1.410490e+01 0.000000e+00
      vertex   2.300901e-01 -1.419371e+01 0.000000e+00
    endloop
  endfacet
  facet normal -1.305262e-01 9.914449e-01 0.000000e+00
    outer loop
      vertex   2.300901e-01 -1.419371e+01 2.540000e+00
      vertex   2.300901e-01 -1.419371e+01 0.000000e+00
      vertex   1.606464e-11 -1.422400e+01 2.540000e+00
    endloop
  endfacet
  facet normal -1.305262e-01 9.914449e-01 0.000000e+00
    outer loop
      vertex   1.606464e-11 -1.422400e+01 2.540000e+00
      vertex   2.300901e-01 -1.419371e+01 0.000000e+00
      vertex   1.606464e-11 -1.422400e+01 0.000000e+00
    endloop
  endfacet
  facet normal 1.305262e-01 9.914449e-01 0.000000e+00
    outer loop
      vertex   1.606464e-11 -1.422400e+01 2.540000e+00
      vertex   1.606464e-11 -1.422400e+01 0.000000e+00
      vertex   -2.300901e-01 -1.419371e+01 2.540000e+00
    endloop
  endfacet
  facet normal 1.305262e-01 9.914449e-01 0.000000e+00
    outer loop
      vertex   -2.300901e-01 -1.419371e+01 2.540000e+00
      vertex   1.606464e-11 -1.422400e+01 0.000000e+00
      vertex   -2.300901e-01 -1.419371e+01 0.000000e+00
    endloop
  endfacet
  facet normal 3.826834e-01 9.238795e-01 0.000000e+00
    outer loop
      vertex   -2.300901e-01 -1.419371e+01 2.540000e+00
      vertex   -2.300901e-01 -1.419371e+01 0.000000e+00
      vertex   -4.445000e-01 -1.410490e+01 2.540000e+00
    endloop
  endfacet
  facet normal 3.826834e-01 9.238795e-01 0.000000e+00
    outer loop
      vertex   -4.445000e-01 -1.410490e+01 2.540000e+00
      vertex   -2.300901e-01 -1.419371e+01 0.000000e+00
      vertex   -4.445000e-01 -1.410490e+01 0.000000e+00
    endloop
  endfacet
  facet normal 6.087614e-01 7.933533e-01 0.000000e+00
    outer loop
      vertex   -4.445000e-01 -1.410490e+01 2.540000e+00
      vertex   -4.445000e-01 -1.410490e+01 0.000000e+00
      vertex   -6.286179e-01 -1.396362e+01 2.540000e+00
    endloop
  endfacet
  facet normal 6.087614e-01 7.933533e-01 0.000000e+00
    outer loop
      vertex   -6.286179e-01 -1.396362e+01 2.540000e+00
      vertex   -4.445000e-01 -1.410490e+01 0.000000e+00
      vertex   -6.286179e-01 -1.396362e+01 0.000000e+00
    endloop
  endfacet
  facet normal 7.933533e-01 6.087614e-01 0.000000e+00
    outer loop
      vertex   -6.286179e-01 -1.396362e+01 2.540000e+00
      vertex   -6.286179e-01 -1.396362e+01 0.000000e+00
      vertex   -7.698966e-01 -1.377950e+01 2.540000e+00
    endloop
  endfacet
  facet normal 7.933533e-01 6.087614e-01 0.000000e+00
    outer loop
      vertex   -7.698966e-01 -1.377950e+01 2.540000e+00
      vertex   -6.286179e-01 -1.396362e+01 0.000000e+00
      vertex   -7.698966e-01 -1.377950e+01 0.000000e+00
    endloop
  endfacet
  facet normal 9.238795e-01 3.826834e-01 0.000000e+00
    outer loop
      vertex   -7.698966e-01 -1.377950e+01 2.540000e+00
      vertex   -7.698966e-01 -1.377950e+01 0.000000e+00
      vertex   -8.587081e-01 -1.356509e+01 2.540000e+00
    endloop
  endfacet
  facet normal 9.238795e-01 3.826834e-01 0.000000e+00
    outer loop
      vertex   -8.587081e-01 -1.356509e+01 2.540000e+00
      vertex   -7.698966e-01 -1.377950e+01 0.000000e+00
      vertex   -8.587081e-01 -1.356509e+01 0.000000e+00
    endloop
  endfacet
  facet normal 9.914449e-01 1.305262e-01 0.000000e+00
    outer loop
      vertex   -8.587081e-01 -1.356509e+01 2.540000e+00
      vertex   -8.587081e-01 -1.356509e+01 0.000000e+00
      vertex   -8.890000e-01 -1.333500e+01 2.540000e+00
    endloop
  endfacet
  facet normal 9.914449e-01 1.305262e-01 0.000000e+00
    outer loop
      vertex   -8.890000e-01 -1.333500e+01 2.540000e+00
      vertex   -8.587081e-01 -1.356509e+01 0.000000e+00
      vertex   -8.890000e-01 -1.333500e+01 0.000000e+00
    endloop
  endfacet
  facet normal 9.914449e-01 -1.305262e-01 0.000000e+00
    outer loop
      vertex   -8.890000e-01 -1.333500e+01 2.540000e+00
      vertex   -8.890000e-01 -1.333500e+01 0.000000e+00
      vertex   -8.587081e-01 -1.310491e+01 2.540000e+00
    endloop
  endfacet
  facet normal 9.914449e-01 -1.305262e-01 0.000000e+00
    outer loop
      vertex   -8.587081e-01 -1.310491e+01 2.540000e+00
      vertex   -8.890000e-01 -1.333500e+01 0.000000e+00
      vertex   -8.587081e-01 -1.310491e+01 0.000000e+00
    endloop
  endfacet
  facet normal 9.238795e-01 -3.826834e-01 0.000000e+00
    outer loop
      vertex   -8.587081e-01 -1.310491e+01 2.540000e+00
      vertex   -8.587081e-01 -1.310491e+01 0.000000e+00
      vertex   -7.698966e-01 -1.289050e+01 2.540000e+00
    endloop
  endfacet
  facet normal 9.238795e-01 -3.826834e-01 0.000000e+00
    outer loop
      vertex   -7.698966e-01 -1.289050e+01 2.540000e+00
      vertex   -8.587081e-01 -1.310491e+01 0.000000e+00
      vertex   -7.698966e-01 -1.289050e+01 0.000000e+00
    endloop
  endfacet
  facet normal 7.933533e-01 -6.087614e-01 0.000000e+00
    outer loop
      vertex   -7.698966e-01 -1.289050e+01 2.540000e+00
      vertex   -7.698966e-01 -1.289050e+01 0.000000e+00
      vertex   -6.286179e-01 -1.270638e+01 2.540000e+00
    endloop
  endfacet
  facet normal 7.933533e-01 -6.087614e-01 0.000000e+00
    outer loop
      vertex   -6.286179e-01 -1.270638e+01 2.540000e+00
      vertex   -7.698966e-01 -1.289050e+01 0.000000e+00
      vertex   -6.286179e-01 -1.270638e+01 0.000000e+00
    endloop
  endfacet
  facet normal 6.087614e-01 -7.933533e-01 0.000000e+00
    outer loop
      vertex   -6.286179e-01 -1.270638e+01 2.540000e+00
      vertex   -6.286179e-01 -1.270638e+01 0.000000e+00
      vertex   -4.445000e-01 -1.256510e+01 2.540000e+00
    endloop
  endfacet
  facet normal 6.087614e-01 -7.933533e-01 0.000000e+00
    outer loop
      vertex   -4.445000e-01 -1.256510e+01 2.540000e+00
      vertex   -6.286179e-01 -1.270638e+01 0.000000e+00
      vertex   -4.445000e-01 -1.256510e+01 0.000000e+00
    endloop
  endfacet
  facet normal 3.826834e-01 -9.238795e-01 0.000000e+00
    outer loop
      vertex   -4.445000e-01 -1.256510e+01 2.540000e+00
      vertex   -4.445000e-01 -1.256510e+01 0.000000e+00
      vertex   -2.300901e-01 -1.247629e+01 2.540000e+00
    endloop
  endfacet
  facet normal 3.826834e-01 -9.238795e-01 0.000000e+00
    outer loop
      vertex   -2.300901e-01 -1.247629e+01 2.540000e+00
      vertex   -4.445000e-01 -1.256510e+01 0.000000e+00
      vertex   -2.300901e-01 -1.247629e+01 0.000000e+00
    endloop
  endfacet
  facet normal 1.305262e-01 -9.914449e-01 0.000000e+00
    outer loop
      vertex   -2.300901e-01 -1.247629e+01 2.540000e+00
      vertex   -2.300901e-01 -1.247629e+01 0.000000e+00
      vertex   1.606464e-11 -1.244600e+01 2.540000e+00
    endloop
  endfacet
  facet normal 1.305262e-01 -9.914449e-01 0.000000e+00
    outer loop
      vertex   1.606464e-11 -1.244600e+01 2.540000e+00
      vertex   -2.300901e-01 -1.247629e+01 0.000000e+00
      vertex   1.606464e-11 -1.244600e+01 0.000000e+00
    endloop
  endfacet
  facet normal -1.305262e-01 -9.914449e-01 -0.000000e+00
    outer loop
      vertex   1.606464e-11 -1.244600e+01 2.540000e+00
      vertex   1.606464e-11 -1.244600e+01 0.000000e+00
      vertex   2.300901e-01 -1.247629e+01 2.540000e+00
    endloop
  endfacet
  facet normal -1.305262e-01 -9.914449e-01 -0.000000e+00
    outer loop
      vertex   2.300901e-01 -1.247629e+01 2.540000e+00
      vertex   1.606464e-11 -1.244600e+01 0.000000e+00
      vertex   2.300901e-01 -1.247629e+01 0.000000e+00
    endloop
  endfacet
  facet normal -3.826834e-01 -9.238795e-01 -0.000000e+00
    outer loop
      vertex   2.300901e-01 -1.247629e+01 2.540000e+00
      vertex   2.300901e-01 -1.247629e+01 0.000000e+00
      vertex   4.445000e-01 -1.256510e+01 2.540000e+00
    endloop
  endfacet
  facet normal -3.826834e-01 -9.238795e-01 -0.000000e+00
    outer loop
      vertex   4.445000e-01 -1.256510e+01 2.540000e+00
      vertex   2.300901e-01 -1.247629e+01 0.000000e+00
      vertex   4.445000e-01 -1.256510e+01 0.000000e+00
    endloop
  endfacet
  facet normal -6.087614e-01 -7.933533e-01 -0.000000e+00
    outer loop
      vertex   4.445000e-01 -1.256510e+01 2.540000e+00
      vertex   4.445000e-01 -1.256510e+01 0.000000e+00
      vertex   6.286179e-01 -1.270638e+01 2.540000e+00
    endloop
  endfacet
  facet normal -6.087614e-01 -7.933533e-01 -0.000000e+00
    outer loop
      vertex   6.286179e-01 -1.270638e+01 2.540000e+00
      vertex   4.445000e-01 -1.256510e+01 0.000000e+00
      vertex   6.286179e-01 -1.270638e+01 0.000000e+00
    endloop
  endfacet
  facet normal -7.933533e-01 -6.087614e-01 -0.000000e+00
    outer loop
      vertex   6.286179e-01 -1.270638e+01 2.540000e+00
      vertex   6.286179e-01 -1.270638e+01 0.000000e+00
      vertex   7.698966e-01 -1.289050e+01 2.540000e+00
    endloop
  endfacet
  facet normal -7.933533e-01 -6.087614e-01 -0.000000e+00
    outer loop
      vertex   7.698966e-01 -1.289050e+01 2.540000e+00
      vertex   6.286179e-01 -1.270638e+01 0.000000e+00
      vertex   7.698966e-01 -1.289050e+01 0.000000e+00
    endloop
  endfacet
  facet normal -9.238795e-01 -3.826834e-01 -0.000000e+00
    outer loop
      vertex   7.698966e-01 -1.289050e+01 2.540000e+00
      vertex   7.698966e-01 -1.289050e+01 0.000000e+00
      vertex   8.587081e-01 -1.310491e+01 2.540000e+00
    endloop
  endfacet
  facet normal -9.238795e-01 -3.826834e-01 -0.000000e+00
    outer loop
      vertex   8.587081e-01 -1.310491e+01 2.540000e+00
      vertex   7.698966e-01 -1.289050e+01 0.000000e+00
      vertex   8.587081e-01 -1.310491e+01 0.000000e+00
    endloop
  endfacet
  facet normal -9.914449e-01 -1.305262e-01 -0.000000e+00
    outer loop
      vertex   8.587081e-01 -7.262910e+00 2.540000e+00
      vertex   8.587081e-01 -7.262910e+00 0.000000e+00
      vertex   8.890000e-01 -7.493000e+00 2.540000e+00
    endloop
  endfacet
  facet normal -9.914449e-01 -1.305262e-01 4.333563e-17
    outer loop
      vertex   8.890000e-01 -7.493000e+00 2.540000e+00
      vertex   8.587081e-01 -7.262910e+00 0.000000e+00
      vertex   8.890000e-01 -7.493000e+00 0.000000e+00
    endloop
  endfacet
  facet normal -9.914449e-01 1.305262e-01 4.333563e-17
    outer loop
      vertex   8.890000e-01 -7.493000e+00 2.540000e+00
      vertex   8.890000e-01 -7.493000e+00 0.000000e+00
      vertex   8.587081e-01 -7.723090e+00 2.540000e+00
    endloop
  endfacet
  facet normal -9.914449e-01 1.305262e-01 0.000000e+00
    outer loop
      vertex   8.587081e-01 -7.723090e+00 2.540000e+00
      vertex   8.890000e-01 -7.493000e+00 0.000000e+00
      vertex   8.587081e-01 -7.723090e+00 0.000000e+00
    endloop
  endfacet
  facet normal -9.238795e-01 3.826834e-01 0.000000e+00
    outer loop
      vertex   8.587081e-01 -7.723090e+00 2.540000e+00
      vertex   8.587081e-01 -7.723090e+00 0.000000e+00
      vertex   7.698966e-01 -7.937500e+00 2.540000e+00
    endloop
  endfacet
  facet normal -9.238795e-01 3.826834e-01 0.000000e+00
    outer loop
      vertex   7.698966e-01 -7.937500e+00 2.540000e+00
      vertex   8.587081e-01 -7.723090e+00 0.000000e+00
      vertex   7.698966e-01 -7.937500e+00 0.000000e+00
    endloop
  endfacet
  facet normal -7.933533e-01 6.087614e-01 0.000000e+00
    outer loop
      vertex   7.698966e-01 -7.937500e+00 2.540000e+00
      vertex   7.698966e-01 -7.937500e+00 0.000000e+00
      vertex   6.286179e-01 -8.121618e+00 2.540000e+00
    endloop
  endfacet
  facet normal -7.933533e-01 6.087614e-01 0.000000e+00
    outer loop
      vertex   6.286179e-01 -8.121618e+00 2.540000e+00
      vertex   7.698966e-01 -7.937500e+00 0.000000e+00
      vertex   6.286179e-01 -8.121618e+00 0.000000e+00
    endloop
  endfacet
  facet normal -6.087614e-01 7.933533e-01 0.000000e+00
    outer loop
      vertex   6.286179e-01 -8.121618e+00 2.540000e+00
      vertex   6.286179e-01 -8.121618e+00 0.000000e+00
      vertex   4.445000e-01 -8.262897e+00 2.540000e+00
    endloop
  endfacet
  facet normal -6.087614e-01 7.933533e-01 0.000000e+00
    outer loop
      vertex   4.445000e-01 -8.262897e+00 2.540000e+00
      vertex   6.286179e-01 -8.121618e+00 0.000000e+00
      vertex   4.445000e-01 -8.262897e+00 0.000000e+00
    endloop
  endfacet
  facet normal -3.826834e-01 9.238795e-01 0.000000e+00
    outer loop
      vertex   4.445000e-01 -8.262897e+00 2.540000e+00
      vertex   4.445000e-01 -8.262897e+00 0.000000e+00
      vertex   2.300901e-01 -8.351708e+00 2.540000e+00
    endloop
  endfacet
  facet normal -3.826834e-01 9.238795e-01 0.000000e+00
    outer loop
      vertex   2.300901e-01 -8.351708e+00 2.540000e+00
      vertex   4.445000e-01 -8.262897e+00 0.000000e+00
      vertex   2.300901e-01 -8.351708e+00 0.000000e+00
    endloop
  endfacet
  facet normal -1.305262e-01 9.914449e-01 0.000000e+00
    outer loop
      vertex   2.300901e-01 -8.351708e+00 2.540000e+00
      vertex   2.300901e-01 -8.351708e+00 0.000000e+00
      vertex   1.606572e-11 -8.382000e+00 2.540000e+00
    endloop
  endfacet
  facet normal -1.305262e-01 9.914449e-01 0.000000e+00
    outer loop
      vertex   1.606572e-11 -8.382000e+00 2.540000e+00
      vertex   2.300901e-01 -8.351708e+00 0.000000e+00
      vertex   1.606572e-11 -8.382000e+00 0.000000e+00
    endloop
  endfacet
  facet normal 1.305262e-01 9.914449e-01 0.000000e+00
    outer loop
      vertex   1.606572e-11 -8.382000e+00 2.540000e+00
      vertex   1.606572e-11 -8.382000e+00 0.000000e+00
      vertex   -2.300901e-01 -8.351708e+00 2.540000e+00
    endloop
  endfacet
  facet normal 1.305262e-01 9.914449e-01 0.000000e+00
    outer loop
      vertex   -2.300901e-01 -8.351708e+00 2.540000e+00
      vertex   1.606572e-11 -8.382000e+00 0.000000e+00
      vertex   -2.300901e-01 -8.351708e+00 0.000000e+00
    endloop
  endfacet
  facet normal 3.826834e-01 9.238795e-01 0.000000e+00
    outer loop
      vertex   -2.300901e-01 -8.351708e+00 2.540000e+00
      vertex   -2.300901e-01 -8.351708e+00 0.000000e+00
      vertex   -4.445000e-01 -8.262897e+00 2.540000e+00
    endloop
  endfacet
  facet normal 3.826834e-01 9.238795e-01 0.000000e+00
    outer loop
      vertex   -4.445000e-01 -8.262897e+00 2.540000e+00
      vertex   -2.300901e-01 -8.351708e+00 0.000000e+00
      vertex   -4.445000e-01 -8.262897e+00 0.000000e+00
    endloop
  endfacet
  facet normal 6.087614e-01 7.933533e-01 0.000000e+00
    outer loop
      vertex   -4.445000e-01 -8.262897e+00 2.540000e+00
      vertex   -4.445000e-01 -8.262897e+00 0.000000e+00
      vertex   -6.286179e-01 -8.121618e+00 2.540000e+00
    endloop
  endfacet
  facet normal 6.087614e-01 7.933533e-01 0.000000e+00
    outer loop
      vertex   -6.286179e-01 -8.121618e+00 2.540000e+00
      vertex   -4.445000e-01 -8.262897e+00 0.000000e+00
      vertex   -6.286179e-01 -8.121618e+00 0.000000e+00
    endloop
  endfacet
  facet normal 7.933533e-01 6.087614e-01 0.000000e+00
    outer loop
      vertex   -6.286179e-01 -8.121618e+00 2.540000e+00
      vertex   -6.286179e-01 -8.121618e+00 0.000000e+00
      vertex   -7.698966e-01 -7.937500e+00 2.540000e+00
    endloop
  endfacet
  facet normal 7.933533e-01 6.087614e-01 0.000000e+00
    outer loop
      vertex   -7.698966e-01 -7.937500e+00 2.540000e+00
      vertex   -6.286179e-01 -8.121618e+00 0.000000e+00
      vertex   -7.698966e-01 -7.937500e+00 0.000000e+00
    endloop
  endfacet
  facet normal 9.238795e-01 3.826834e-01 0.000000e+00
    outer loop
      vertex   -7.698966e-01 -7.937500e+00 2.540000e+00
      vertex   -7.698966e-01 -7.937500e+00 0.000000e+00
      vertex   -8.587081e-01 -7.723090e+00 2.540000e+00
    endloop
  endfacet
  facet normal 9.238795e-01 3.826834e-01 0.000000e+00
    outer loop
      vertex   -8.587081e-01 -7.723090e+00 2.540000e+00
      vertex   -7.698966e-01 -7.937500e+00 0.000000e+00
      vertex   -8.587081e-01 -7.723090e+00 0.000000e+00
    endloop
  endfacet
  facet normal 9.914449e-01 1.305262e-01 0.000000e+00
    outer loop
      vertex   -8.587081e-01 -7.723090e+00 2.540000e+00
      vertex   -8.587081e-01 -7.723090e+00 0.000000e+00
      vertex   -8.890000e-01 -7.493000e+00 2.540000e+00
    endloop
  endfacet
  facet normal 9.914449e-01 1.305262e-01 0.000000e+00
    outer loop
      vertex   -8.890000e-01 -7.493000e+00 2.540000e+00
      vertex   -8.587081e-01 -7.723090e+00 0.000000e+00
      vertex   -8.890000e-01 -7.493000e+00 0.000000e+00
    endloop
  endfacet
  facet normal 9.914449e-01 -1.305262e-01 0.000000e+00
    outer loop
      vertex   -8.890000e-01 -7.493000e+00 2.540000e+00
      vertex   -8.890000e-01 -7.493000e+00 0.000000e+00
      vertex   -8.587081e-01 -7.262910e+00 2.540000e+00
    endloop
  endfacet
  facet normal 9.914449e-01 -1.305262e-01 0.000000e+00
    outer loop
      vertex   -8.587081e-01 -7.262910e+00 2.540000e+00
      vertex   -8.890000e-01 -7.493000e+00 0.000000e+00
      vertex   -8.587081e-01 -7.262910e+00 0.000000e+00
    endloop
  endfacet
  facet normal 9.238795e-01 -3.826834e-01 0.000000e+00
    outer loop
      vertex   -8.587081e-01 -7.262910e+00 2.540000e+00
      vertex   -8.587081e-01 -7.262910e+00 0.000000e+00
      vertex   -7.698966e-01 -7.048500e+00 2.540000e+00
    endloop
  endfacet
  facet normal 9.238795e-01 -3.826834e-01 0.000000e+00
    outer loop
      vertex   -7.698966e-01 -7.048500e+00 2.540000e+00
      vertex   -8.587081e-01 -7.262910e+00 0.000000e+00
      vertex   -7.698966e-01 -7.048500e+00 0.000000e+00
    endloop
  endfacet
  facet normal 7.933533e-01 -6.087614e-01 0.000000e+00
    outer loop
      vertex   -7.698966e-01 -7.048500e+00 2.540000e+00
      vertex   -7.698966e-01 -7.048500e+00 0.000000e+00
      vertex   -6.286179e-01 -6.864382e+00 2.540000e+00
    endloop
  endfacet
  facet normal 7.933533e-01 -6.087614e-01 0.000000e+00
    outer loop
      vertex   -6.286179e-01 -6.864382e+00 2.540000e+00
      vertex   -7.698966e-01 -7.048500e+00 0.000000e+00
      vertex   -6.286179e-01 -6.864382e+00 0.000000e+00
    endloop
  endfacet
  facet normal 6.087614e-01 -7.933533e-01 0.000000e+00
    outer loop
      vertex   -6.286179e-01 -6.864382e+00 2.540000e+00
      vertex   -6.286179e-01 -6.864382e+00 0.000000e+00
      vertex   -4.445000e-01 -6.723103e+00 2.540000e+00
    endloop
  endfacet
  facet normal 6.087614e-01 -7.933533e-01 0.000000e+00
    outer loop
      vertex   -4.445000e-01 -6.723103e+00 2.540000e+00
      vertex   -6.286179e-01 -6.864382e+00 0.000000e+00
      vertex   -4.445000e-01 -6.723103e+00 0.000000e+00
    endloop
  endfacet
  facet normal 3.826834e-01 -9.238795e-01 0.000000e+00
    outer loop
      vertex   -4.445000e-01 -6.723103e+00 2.540000e+00
      vertex   -4.445000e-01 -6.723103e+00 0.000000e+00
      vertex   -2.300901e-01 -6.634292e+00 2.540000e+00
    endloop
  endfacet
  facet normal 3.826834e-01 -9.238795e-01 0.000000e+00
    outer loop
      vertex   -2.300901e-01 -6.634292e+00 2.540000e+00
      vertex   -4.445000e-01 -6.723103e+00 0.000000e+00
      vertex   -2.300901e-01 -6.634292e+00 0.000000e+00
    endloop
  endfacet
  facet normal 1.305262e-01 -9.914449e-01 0.000000e+00
    outer loop
      vertex   -2.300901e-01 -6.634292e+00 2.540000e+00
      vertex   -2.300901e-01 -6.634292e+00 0.000000e+00
      vertex   1.606572e-11 -6.604000e+00 2.540000e+00
    endloop
  endfacet
  facet normal 1.305262e-01 -9.914449e-01 0.000000e+00
    outer loop
      vertex   1.606572e-11 -6.604000e+00 2.540000e+00
      vertex   -2.300901e-01 -6.634292e+00 0.000000e+00
      vertex   1.606572e-11 -6.604000e+00 0.000000e+00
    endloop
  endfacet
  facet normal -1.305262e-01 -9.914449e-01 -0.000000e+00
    outer loop
      vertex   1.606572e-11 -6.604000e+00 2.540000e+00
      vertex   1.606572e-11 -6.604000e+00 0.000000e+00
      vertex   2.300901e-01 -6.634292e+00 2.540000e+00
    endloop
  endfacet
  facet normal -1.305262e-01 -9.914449e-01 -0.000000e+00
    outer loop
      vertex   2.300901e-01 -6.634292e+00 2.540000e+00
      vertex   1.606572e-11 -6.604000e+00 0.000000e+00
      vertex   2.300901e-01 -6.634292e+00 0.000000e+00
    endloop
  endfacet
  facet normal -3.826834e-01 -9.238795e-01 -0.000000e+00
    outer loop
      vertex   2.300901e-01 -6.634292e+00 2.540000e+00
      vertex   2.300901e-01 -6.634292e+00 0.000000e+00
      vertex   4.445000e-01 -6.723103e+00 2.540000e+00
    endloop
  endfacet
  facet normal -3.826834e-01 -9.238795e-01 -0.000000e+00
    outer loop
      vertex   4.445000e-01 -6.723103e+00 2.540000e+00
      vertex   2.300901e-01 -6.634292e+00 0.000000e+00
      vertex   4.445000e-01 -6.723103e+00 0.000000e+00
    endloop
  endfacet
  facet normal -6.087614e-01 -7.933533e-01 -0.000000e+00
    outer loop
      vertex   4.445000e-01 -6.723103e+00 2.540000e+00
      vertex   4.445000e-01 -6.723103e+00 0.000000e+00
      vertex   6.286179e-01 -6.864382e+00 2.540000e+00
    endloop
  endfacet
  facet normal -6.087614e-01 -7.933533e-01 -0.000000e+00
    outer loop
      vertex   6.286179e-01 -6.864382e+00 2.540000e+00
      vertex   4.445000e-01 -6.723103e+00 0.000000e+00
      vertex   6.286179e-01 -6.864382e+00 0.000000e+00
    endloop
  endfacet
  facet normal -7.933533e-01 -6.087614e-01 -0.000000e+00
    outer loop
      vertex   6.286179e-01 -6.864382e+00 2.540000e+00
      vertex   6.286179e-01 -6.864382e+00 0.000000e+00
      vertex   7.698966e-01 -7.048500e+00 2.540000e+00
    endloop
  endfacet
  facet normal -7.933533e-01 -6.087614e-01 -0.000000e+00
    outer loop
      vertex   7.698966e-01 -7.048500e+00 2.540000e+00
      vertex   6.286179e-01 -6.864382e+00 0.000000e+00
      vertex   7.698966e-01 -7.048500e+00 0.000000e+00
    endloop
  endfacet
  facet normal -9.238795e-01 -3.826834e-01 -0.000000e+00
    outer loop
      vertex   7.698966e-01 -7.048500e+00 2.540000e+00
      vertex   7.698966e-01 -7.048500e+00 0.000000e+00
      vertex   8.587081e-01 -7.262910e+00 2.540000e+00
    endloop
  endfacet
  facet normal -9.238795e-01 -3.826834e-01 -0.000000e+00
    outer loop
      vertex   8.587081e-01 -7.262910e+00 2.540000e+00
      vertex   7.698966e-01 -7.048500e+00 0.000000e+00
      vertex   8.587081e-01 -7.262910e+00 0.000000e+00
    endloop
  endfacet
  facet normal -9.914449e-01 -1.305262e-01 -0.000000e+00
    outer loop
      vertex   1.419371e+01 2.300901e-01 2.540000e+00
      vertex   1.419371e+01 2.300901e-01 0.000000e+00
      vertex   1.422400e+01 1.606923e-11 2.540000e+00
    endloop
  endfacet
  facet normal -9.914449e-01 -1.305262e-01 -1.660444e-28
    outer loop
      vertex   1.422400e+01 1.606923e-11 2.540000e+00
      vertex   1.419371e+01 2.300901e-01 0.000000e+00
      vertex   1.422400e+01 1.606923e-11 0.000000e+00
    endloop
  endfacet
  facet normal -9.914449e-01 1.305262e-01 1.660444e-28
    outer loop
      vertex   1.422400e+01 1.606923e-11 2.540000e+00
      vertex   1.422400e+01 1.606923e-11 0.000000e+00
      vertex   1.419371e+01 -2.300901e-01 2.540000e+00
    endloop
  endfacet
  facet normal -9.914449e-01 1.305262e-01 0.000000e+00
    outer loop
      vertex   1.419371e+01 -2.300901e-01 2.540000e+00
      vertex   1.422400e+01 1.606923e-11 0.000000e+00
      vertex   1.419371e+01 -2.300901e-01 0.000000e+00
    endloop
  endfacet
  facet normal -9.238795e-01 3.826834e-01 0.000000e+00
    outer loop
      vertex   1.419371e+01 -2.300901e-01 2.540000e+00
      vertex   1.419371e+01 -2.300901e-01 0.000000e+00
      vertex   1.410490e+01 -4.445000e-01 2.540000e+00
    endloop
  endfacet
  facet normal -9.238795e-01 3.826834e-01 0.000000e+00
    outer loop
      vertex   1.410490e+01 -4.445000e-01 2.540000e+00
      vertex   1.419371e+01 -2.300901e-01 0.000000e+00
      vertex   1.410490e+01 -4.445000e-01 0.000000e+00
    endloop
  endfacet
  facet normal -7.933533e-01 6.087614e-01 0.000000e+00
    outer loop
      vertex   1.410490e+01 -4.445000e-01 2.540000e+00
      vertex   1.410490e+01 -4.445000e-01 0.000000e+00
      vertex   1.396362e+01 -6.286179e-01 2.540000e+00
    endloop
  endfacet
  facet normal -7.933533e-01 6.087614e-01 0.000000e+00
    outer loop
      vertex   1.396362e+01 -6.286179e-01 2.540000e+00
      vertex   1.410490e+01 -4.445000e-01 0.000000e+00
      vertex   1.396362e+01 -6.286179e-01 0.000000e+00
    endloop
  endfacet
  facet normal -6.087614e-01 7.933533e-01 0.000000e+00
    outer loop
      vertex   1.396362e+01 -6.286179e-01 2.540000e+00
      vertex   1.396362e+01 -6.286179e-01 0.000000e+00
      vertex   1.377950e+01 -7.698966e-01 2.540000e+00
    endloop
  endfacet
  facet normal -6.087614e-01 7.933533e-01 0.000000e+00
    outer loop
      vertex   1.377950e+01 -7.698966e-01 2.540000e+00
      vertex   1.396362e+01 -6.286179e-01 0.000000e+00
      vertex   1.377950e+01 -7.698966e-01 0.000000e+00
    endloop
  endfacet
  facet normal -3.826834e-01 9.238795e-01 0.000000e+00
    outer loop
      vertex   1.377950e+01 -7.698966e-01 2.540000e+00
      vertex   1.377950e+01 -7.698966e-01 0.000000e+00
      vertex   1.356509e+01 -8.587081e-01 2.540000e+00
    endloop
  endfacet
  facet normal -3.826834e-01 9.238795e-01 0.000000e+00
    outer loop
      vertex   1.356509e+01 -8.587081e-01 2.540000e+00
      vertex   1.377950e+01 -7.698966e-01 0.000000e+00
      vertex   1.356509e+01 -8.587081e-01 0.000000e+00
    endloop
  endfacet
  facet normal -1.305262e-01 9.914449e-01 0.000000e+00
    outer loop
      vertex   1.356509e+01 -8.587081e-01 2.540000e+00
      vertex   1.356509e+01 -8.587081e-01 0.000000e+00
      vertex   1.333500e+01 -8.890000e-01 2.540000e+00
    endloop
  endfacet
  facet normal -1.305262e-01 9.914449e-01 0.000000e+00
    outer loop
      vertex   1.333500e+01 -8.890000e-01 2.540000e+00
      vertex   1.356509e+01 -8.587081e-01 0.000000e+00
      vertex   1.333500e+01 -8.890000e-01 0.000000e+00
    endloop
  endfacet
  facet normal 1.305262e-01 9.914449e-01 0.000000e+00
    outer loop
      vertex   1.333500e+01 -8.890000e-01 2.540000e+00
      vertex   1.333500e+01 -8.890000e-01 0.000000e+00
      vertex   1.310491e+01 -8.587081e-01 2.540000e+00
    endloop
  endfacet
  facet normal 1.305262e-01 9.914449e-01 0.000000e+00
    outer loop
      vertex   1.310491e+01 -8.587081e-01 2.540000e+00
      vertex   1.333500e+01 -8.890000e-01 0.000000e+00
      vertex   1.310491e+01 -8.587081e-01 0.000000e+00
    endloop
  endfacet
  facet normal 3.826834e-01 9.238795e-01 0.000000e+00
    outer loop
      vertex   1.310491e+01 -8.587081e-01 2.540000e+00
      vertex   1.310491e+01 -8.587081e-01 0.000000e+00
      vertex   1.289050e+01 -7.698966e-01 2.540000e+00
    endloop
  endfacet
  facet normal 3.826834e-01 9.238795e-01 0.000000e+00
    outer loop
      vertex   1.289050e+01 -7.698966e-01 2.540000e+00
      vertex   1.310491e+01 -8.587081e-01 0.000000e+00
      vertex   1.289050e+01 -7.698966e-01 0.000000e+00
    endloop
  endfacet
  facet normal 6.087614e-01 7.933533e-01 0.000000e+00
    outer loop
      vertex   1.289050e+01 -7.698966e-01 2.540000e+00
      vertex   1.289050e+01 -7.698966e-01 0.000000e+00
      vertex   1.270638e+01 -6.286179e-01 2.540000e+00
    endloop
  endfacet
  facet normal 6.087614e-01 7.933533e-01 0.000000e+00
    outer loop
      vertex   1.270638e+01 -6.286179e-01 2.540000e+00
      vertex   1.289050e+01 -7.698966e-01 0.000000e+00
      vertex   1.270638e+01 -6.286179e-01 0.000000e+00
    endloop
  endfacet
  facet normal 7.933533e-01 6.087614e-01 0.000000e+00
    outer loop
      vertex   1.270638e+01 -6.286179e-01 2.540000e+00
      vertex   1.270638e+01 -6.286179e-01 0.000000e+00
      vertex   1.256510e+01 -4.445000e-01 2.540000e+00
    endloop
  endfacet
  facet normal 7.933533e-01 6.087614e-01 0.000000e+00
    outer loop
      vertex   1.256510e+01 -4.445000e-01 2.540000e+00
      vertex   1.270638e+01 -6.286179e-01 0.000000e+00
      vertex   1.256510e+01 -4.445000e-01 0.000000e+00
    endloop
  endfacet
  facet normal 9.238795e-01 3.826834e-01 0.000000e+00
    outer loop
      vertex   1.256510e+01 -4.445000e-01 2.540000e+00
      vertex   1.256510e+01 -4.445000e-01 0.000000e+00
      vertex   1.247629e+01 -2.300901e-01 2.540000e+00
    endloop
  endfacet
  facet normal 9.238795e-01 3.826834e-01 0.000000e+00
    outer loop
      vertex   1.247629e+01 -2.300901e-01 2.540000e+00
      vertex   1.256510e+01 -4.445000e-01 0.000000e+00
      vertex   1.247629e+01 -2.300901e-01 0.000000e+00
    endloop
  endfacet
  facet normal 9.914449e-01 1.305262e-01 0.000000e+00
    outer loop
      vertex   1.247629e+01 -2.300901e-01 2.540000e+00
      vertex   1.247629e+01 -2.300901e-01 0.000000e+00
      vertex   1.244600e+01 1.606912e-11 2.540000e+00
    endloop
  endfacet
  facet normal 9.914449e-01 1.305262e-01 0.000000e+00
    outer loop
      vertex   1.244600e+01 1.606912e-11 2.540000e+00
      vertex   1.247629e+01 -2.300901e-01 0.000000e+00
      vertex   1.244600e+01 1.606912e-11 0.000000e+00
    endloop
  endfacet
  facet normal 9.914449e-01 -1.305262e-01 0.000000e+00
    outer loop
      vertex   1.244600e+01 1.606912e-11 2.540000e+00
      vertex   1.244600e+01 1.606912e-11 0.000000e+00
      vertex   1.247629e+01 2.300901e-01 2.540000e+00
    endloop
  endfacet
  facet normal 9.914449e-01 -1.305262e-01 0.000000e+00
    outer loop
      vertex   1.247629e+01 2.300901e-01 2.540000e+00
      vertex   1.244600e+01 1.606912e-11 0.000000e+00
      vertex   1.247629e+01 2.300901e-01 0.000000e+00
    endloop
  endfacet
  facet normal 9.238795e-01 -3.826834e-01 0.000000e+00
    outer loop
      vertex   1.247629e+01 2.300901e-01 2.540000e+00
      vertex   1.247629e+01 2.300901e-01 0.000000e+00
      vertex   1.256510e+01 4.445000e-01 2.540000e+00
    endloop
  endfacet
  facet normal 9.238795e-01 -3.826834e-01 0.000000e+00
    outer loop
      vertex   1.256510e+01 4.445000e-01 2.540000e+00
      vertex   1.247629e+01 2.300901e-01 0.000000e+00
      vertex   1.256510e+01 4.445000e-01 0.000000e+00
    endloop
  endfacet
  facet normal 7.933533e-01 -6.087614e-01 0.000000e+00
    outer loop
      vertex   1.256510e+01 4.445000e-01 2.540000e+00
      vertex   1.256510e+01 4.445000e-01 0.000000e+00
      vertex   1.270638e+01 6.286179e-01 2.540000e+00
    endloop
  endfacet
  facet normal 7.933533e-01 -6.087614e-01 0.000000e+00
    outer loop
      vertex   1.270638e+01 6.286179e-01 2.540000e+00
      vertex   1.256510e+01 4.445000e-01 0.000000e+00
      vertex   1.270638e+01 6.286179e-01 0.000000e+00
    endloop
  endfacet
  facet normal 6.087614e-01 -7.933533e-01 0.000000e+00
    outer loop
      vertex   1.270638e+01 6.286179e-01 2.540000e+00
      vertex   1.270638e+01 6.286179e-01 0.000000e+00
      vertex   1.289050e+01 7.698966e-01 2.540000e+00
    endloop
  endfacet
  facet normal 6.087614e-01 -7.933533e-01 0.000000e+00
    outer loop
      vertex   1.289050e+01 7.698966e-01 2.540000e+00
      vertex   1.270638e+01 6.286179e-01 0.000000e+00
      vertex   1.289050e+01 7.698966e-01 0.000000e+00
    endloop
  endfacet
  facet normal 3.826834e-01 -9.238795e-01 0.000000e+00
    outer loop
      vertex   1.289050e+01 7.698966e-01 2.540000e+00
      vertex   1.289050e+01 7.698966e-01 0.000000e+00
      vertex   1.310491e+01 8.587081e-01 2.540000e+00
    endloop
  endfacet
  facet normal 3.826834e-01 -9.238795e-01 0.000000e+00
    outer loop
      vertex   1.310491e+01 8.587081e-01 2.540000e+00
      vertex   1.289050e+01 7.698966e-01 0.000000e+00
      vertex   1.310491e+01 8.587081e-01 0.000000e+00
    endloop
  endfacet
  facet normal 1.305262e-01 -9.914449e-01 0.000000e+00
    outer loop
      vertex   1.310491e+01 8.587081e-01 2.540000e+00
      vertex   1.310491e+01 8.587081e-01 0.000000e+00
      vertex   1.333500e+01 8.890000e-01 2.540000e+00
    endloop
  endfacet
  facet normal 1.305262e-01 -9.914449e-01 0.000000e+00
    outer loop
      vertex   1.333500e+01 8.890000e-01 2.540000e+00
      vertex   1.310491e+01 8.587081e-01 0.000000e+00
      vertex   1.333500e+01 8.890000e-01 0.000000e+00
    endloop
  endfacet
  facet normal -1.305262e-01 -9.914449e-01 -0.000000e+00
    outer loop
      vertex   1.333500e+01 8.890000e-01 2.540000e+00
      vertex   1.333500e+01 8.890000e-01 0.000000e+00
      vertex   1.356509e+01 8.587081e-01 2.540000e+00
    endloop
  endfacet
  facet normal -1.305262e-01 -9.914449e-01 -0.000000e+00
    outer loop
      vertex   1.356509e+01 8.587081e-01 2.540000e+00
      vertex   1.333500e+01 8.890000e-01 0.000000e+00
      vertex   1.356509e+01 8.587081e-01 0.000000e+00
    endloop
  endfacet
  facet normal -3.826834e-01 -9.238795e-01 -0.000000e+00
    outer loop
      vertex   1.356509e+01 8.587081e-01 2.540000e+00
      vertex   1.356509e+01 8.587081e-01 0.000000e+00
      vertex   1.377950e+01 7.698966e-01 2.540000e+00
    endloop
  endfacet
  facet normal -3.826834e-01 -9.238795e-01 -0.000000e+00
    outer loop
      vertex   1.377950e+01 7.698966e-01 2.540000e+00
      vertex   1.356509e+01 8.587081e-01 0.000000e+00
      vertex   1.377950e+01 7.698966e-01 0.000000e+00
    endloop
  endfacet
  facet normal -6.087614e-01 -7.933533e-01 -0.000000e+00
    outer loop
      vertex   1.377950e+01 7.698966e-01 2.540000e+00
      vertex   1.377950e+01 7.698966e-01 0.000000e+00
      vertex   1.396362e+01 6.286179e-01 2.540000e+00
    endloop
  endfacet
  facet normal -6.087614e-01 -7.933533e-01 -0.000000e+00
    outer loop
      vertex   1.396362e+01 6.286179e-01 2.540000e+00
      vertex   1.377950e+01 7.698966e-01 0.000000e+00
      vertex   1.396362e+01 6.286179e-01 0.000000e+00
    endloop
  endfacet
  facet normal -7.933533e-01 -6.087614e-01 -0.000000e+00
    outer loop
      vertex   1.396362e+01 6.286179e-01 2.540000e+00
      vertex   1.396362e+01 6.286179e-01 0.000000e+00
      vertex   1.410490e+01 4.445000e-01 2.540000e+00
    endloop
  endfacet
  facet normal -7.933533e-01 -6.087614e-01 -0.000000e+00
    outer loop
      vertex   1.410490e+01 4.445000e-01 2.540000e+00
      vertex   1.396362e+01 6.286179e-01 0.000000e+00
      vertex   1.410490e+01 4.445000e-01 0.000000e+00
    endloop
  endfacet
  facet normal -9.238795e-01 -3.826834e-01 -0.000000e+00
    outer loop
      vertex   1.410490e+01 4.445000e-01 2.540000e+00
      vertex   1.410490e+01 4.445000e-01 0.000000e+00
      vertex   1.419371e+01 2.300901e-01 2.540000e+00
    endloop
  endfacet
  facet normal -9.238795e-01 -3.826834e-01 -0.000000e+00
    outer loop
      vertex   1.419371e+01 2.300901e-01 2.540000e+00
      vertex   1.410490e+01 4.445000e-01 0.000000e+00
      vertex   1.419371e+01 2.300901e-01 0.000000e+00
    endloop
  endfacet
  facet normal -9.914449e-01 -1.305262e-01 -0.000000e+00
    outer loop
      vertex   8.351708e+00 2.300901e-01 2.540000e+00
      vertex   8.351708e+00 2.300901e-01 0.000000e+00
      vertex   8.382000e+00 1.606923e-11 2.540000e+00
    endloop
  endfacet
  facet normal -9.914449e-01 -1.305262e-01 6.933700e-16
    outer loop
      vertex   8.382000e+00 1.606923e-11 2.540000e+00
      vertex   8.351708e+00 2.300901e-01 0.000000e+00
      vertex   8.382000e+00 1.606923e-11 0.000000e+00
    endloop
  endfacet
  facet normal -9.914449e-01 1.305262e-01 6.933700e-16
    outer loop
      vertex   8.382000e+00 1.606923e-11 2.540000e+00
      vertex   8.382000e+00 1.606923e-11 0.000000e+00
      vertex   8.351708e+00 -2.300901e-01 2.540000e+00
    endloop
  endfacet
  facet normal -9.914449e-01 1.305262e-01 0.000000e+00
    outer loop
      vertex   8.351708e+00 -2.300901e-01 2.540000e+00
      vertex   8.382000e+00 1.606923e-11 0.000000e+00
      vertex   8.351708e+00 -2.300901e-01 0.000000e+00
    endloop
  endfacet
  facet normal -9.238795e-01 3.826834e-01 0.000000e+00
    outer loop
      vertex   8.351708e+00 -2.300901e-01 2.540000e+00
      vertex   8.351708e+00 -2.300901e-01 0.000000e+00
      vertex   8.262897e+00 -4.445000e-01 2.540000e+00
    endloop
  endfacet
  facet normal -9.238795e-01 3.826834e-01 0.000000e+00
    outer loop
      vertex   8.262897e+00 -4.445000e-01 2.540000e+00
      vertex   8.351708e+00 -2.300901e-01 0.000000e+00
      vertex   8.262897e+00 -4.445000e-01 0.000000e+00
    endloop
  endfacet
  facet normal -7.933533e-01 6.087614e-01 0.000000e+00
    outer loop
      vertex   8.262897e+00 -4.445000e-01 2.540000e+00
      vertex   8.262897e+00 -4.445000e-01 0.000000e+00
      vertex   8.121618e+00 -6.286179e-01 2.540000e+00
    endloop
  endfacet
  facet normal -7.933533e-01 6.087614e-01 0.000000e+00
    outer loop
      vertex   8.121618e+00 -6.286179e-01 2.540000e+00
      vertex   8.262897e+00 -4.445000e-01 0.000000e+00
      vertex   8.121618e+00 -6.286179e-01 0.000000e+00
    endloop
  endfacet
  facet normal -6.087614e-01 7.933533e-01 0.000000e+00
    outer loop
      vertex   8.121618e+00 -6.286179e-01 2.540000e+00
      vertex   8.121618e+00 -6.286179e-01 0.000000e+00
      vertex   7.937500e+00 -7.698966e-01 2.540000e+00
    endloop
  endfacet
  facet normal -6.087614e-01 7.933533e-01 0.000000e+00
    outer loop
      vertex   7.937500e+00 -7.698966e-01 2.540000e+00
      vertex   8.121618e+00 -6.286179e-01 0.000000e+00
      vertex   7.937500e+00 -7.698966e-01 0.000000e+00
    endloop
  endfacet
  facet normal -3.826834e-01 9.238795e-01 0.000000e+00
    outer loop
      vertex   7.937500e+00 -7.698966e-01 2.540000e+00
      vertex   7.937500e+00 -7.698966e-01 0.000000e+00
      vertex   7.723090e+00 -8.587081e-01 2.540000e+00
    endloop
  endfacet
  facet normal -3.826834e-01 9.238795e-01 0.000000e+00
    outer loop
      vertex   7.723090e+00 -8.587081e-01 2.540000e+00
      vertex   7.937500e+00 -7.698966e-01 0.000000e+00
      vertex   7.723090e+00 -8.587081e-01 0.000000e+00
    endloop
  endfacet
  facet normal -1.305262e-01 9.914449e-01 0.000000e+00
    outer loop
      vertex   7.723090e+00 -8.587081e-01 2.540000e+00
      vertex   7.723090e+00 -8.587081e-01 0.000000e+00
      vertex   7.493000e+00 -8.890000e-01 2.540000e+00
    endloop
  endfacet
  facet normal -1.305262e-01 9.914449e-01 0.000000e+00
    outer loop
      vertex   7.493000e+00 -8.890000e-01 2.540000e+00
      vertex   7.723090e+00 -8.587081e-01 0.000000e+00
      vertex   7.493000e+00 -8.890000e-01 0.000000e+00
    endloop
  endfacet
  facet normal 1.305262e-01 9.914449e-01 0.000000e+00
    outer loop
      vertex   7.493000e+00 -8.890000e-01 2.540000e+00
      vertex   7.493000e+00 -8.890000e-01 0.000000e+00
      vertex   7.262910e+00 -8.587081e-01 2.540000e+00
    endloop
  endfacet
  facet normal 1.305262e-01 9.914449e-01 0.000000e+00
    outer loop
      vertex   7.262910e+00 -8.587081e-01 2.540000e+00
      vertex   7.493000e+00 -8.890000e-01 0.000000e+00
      vertex   7.262910e+00 -8.587081e-01 0.000000e+00
    endloop
  endfacet
  facet normal 3.826834e-01 9.238795e-01 0.000000e+00
    outer loop
      vertex   7.262910e+00 -8.587081e-01 2.540000e+00
      vertex   7.262910e+00 -8.587081e-01 0.000000e+00
      vertex   7.048500e+00 -7.698966e-01 2.540000e+00
    endloop
  endfacet
  facet normal 3.826834e-01 9.238795e-01 0.000000e+00
    outer loop
      vertex   7.048500e+00 -7.698966e-01 2.540000e+00
      vertex   7.262910e+00 -8.587081e-01 0.000000e+00
      vertex   7.048500e+00 -7.698966e-01 0.000000e+00
    endloop
  endfacet
  facet normal 6.087614e-01 7.933533e-01 0.000000e+00
    outer loop
      vertex   7.048500e+00 -7.698966e-01 2.540000e+00
      vertex   7.048500e+00 -7.698966e-01 0.000000e+00
      vertex   6.864382e+00 -6.286179e-01 2.540000e+00
    endloop
  endfacet
  facet normal 6.087614e-01 7.933533e-01 0.000000e+00
    outer loop
      vertex   6.864382e+00 -6.286179e-01 2.540000e+00
      vertex   7.048500e+00 -7.698966e-01 0.000000e+00
      vertex   6.864382e+00 -6.286179e-01 0.000000e+00
    endloop
  endfacet
  facet normal 7.933533e-01 6.087614e-01 0.000000e+00
    outer loop
      vertex   6.864382e+00 -6.286179e-01 2.540000e+00
      vertex   6.864382e+00 -6.286179e-01 0.000000e+00
      vertex   6.723103e+00 -4.445000e-01 2.540000e+00
    endloop
  endfacet
  facet normal 7.933533e-01 6.087614e-01 0.000000e+00
    outer loop
      vertex   6.723103e+00 -4.445000e-01 2.540000e+00
      vertex   6.864382e+00 -6.286179e-01 0.000000e+00
      vertex   6.723103e+00 -4.445000e-01 0.000000e+00
    endloop
  endfacet
  facet normal 9.238795e-01 3.826834e-01 0.000000e+00
    outer loop
      vertex   6.723103e+00 -4.445000e-01 2.540000e+00
      vertex   6.723103e+00 -4.445000e-01 0.000000e+00
      vertex   6.634292e+00 -2.300901e-01 2.540000e+00
    endloop
  endfacet
  facet normal 9.238795e-01 3.826834e-01 0.000000e+00
    outer loop
      vertex   6.634292e+00 -2.300901e-01 2.540000e+00
      vertex   6.723103e+00 -4.445000e-01 0.000000e+00
      vertex   6.634292e+00 -2.300901e-01 0.000000e+00
    endloop
  endfacet
  facet normal 9.914449e-01 1.305262e-01 0.000000e+00
    outer loop
      vertex   6.634292e+00 -2.300901e-01 2.540000e+00
      vertex   6.634292e+00 -2.300901e-01 0.000000e+00
      vertex   6.604000e+00 1.606912e-11 2.540000e+00
    endloop
  endfacet
  facet normal 9.914449e-01 1.305262e-01 0.000000e+00
    outer loop
      vertex   6.604000e+00 1.606912e-11 2.540000e+00
      vertex   6.634292e+00 -2.300901e-01 0.000000e+00
      vertex   6.604000e+00 1.606912e-11 0.000000e+00
    endloop
  endfacet
  facet normal 9.914449e-01 -1.305262e-01 0.000000e+00
    outer loop
      vertex   6.604000e+00 1.606912e-11 2.540000e+00
      vertex   6.604000e+00 1.606912e-11 0.000000e+00
      vertex   6.634292e+00 2.300901e-01 2.540000e+00
    endloop
  endfacet
  facet normal 9.914449e-01 -1.305262e-01 0.000000e+00
    outer loop
      vertex   6.634292e+00 2.300901e-01 2.540000e+00
      vertex   6.604000e+00 1.606912e-11 0.000000e+00
      vertex   6.634292e+00 2.300901e-01 0.000000e+00
    endloop
  endfacet
  facet normal 9.238795e-01 -3.826834e-01 0.000000e+00
    outer loop
      vertex   6.634292e+00 2.300901e-01 2.540000e+00
      vertex   6.634292e+00 2.300901e-01 0.000000e+00
      vertex   6.723103e+00 4.445000e-01 2.540000e+00
    endloop
  endfacet
  facet normal 9.238795e-01 -3.826834e-01 0.000000e+00
    outer loop
      vertex   6.723103e+00 4.445000e-01 2.540000e+00
      vertex   6.634292e+00 2.300901e-01 0.000000e+00
      vertex   6.723103e+00 4.445000e-01 0.000000e+00
    endloop
  endfacet
  facet normal 7.933533e-01 -6.087614e-01 0.000000e+00
    outer loop
      vertex   6.723103e+00 4.445000e-01 2.540000e+00
      vertex   6.723103e+00 4.445000e-01 0.000000e+00
      vertex   6.864382e+00 6.286179e-01 2.540000e+00
    endloop
  endfacet
  facet normal 7.933533e-01 -6.087614e-01 0.000000e+00
    outer loop
      vertex   6.864382e+00 6.286179e-01 2.540000e+00
      vertex   6.723103e+00 4.445000e-01 0.000000e+00
      vertex   6.864382e+00 6.286179e-01 0.000000e+00
    endloop
  endfacet
  facet normal 6.087614e-01 -7.933533e-01 0.000000e+00
    outer loop
      vertex   6.864382e+00 6.286179e-01 2.540000e+00
      vertex   6.864382e+00 6.286179e-01 0.000000e+00
      vertex   7.048500e+00 7.698966e-01 2.540000e+00
    endloop
  endfacet
  facet normal 6.087614e-01 -7.933533e-01 0.000000e+00
    outer loop
      vertex   7.048500e+00 7.698966e-01 2.540000e+00
      vertex   6.864382e+00 6.286179e-01 0.000000e+00
      vertex   7.048500e+00 7.698966e-01 0.000000e+00
    endloop
  endfacet
  facet normal 3.826834e-01 -9.238795e-01 0.000000e+00
    outer loop
      vertex   7.048500e+00 7.698966e-01 2.540000e+00
      vertex   7.048500e+00 7.698966e-01 0.000000e+00
      vertex   7.262910e+00 8.587081e-01 2.540000e+00
    endloop
  endfacet
  facet normal 3.826834e-01 -9.238795e-01 0.000000e+00
    outer loop
      vertex   7.262910e+00 8.587081e-01 2.540000e+00
      vertex   7.048500e+00 7.698966e-01 0.000000e+00
      vertex   7.262910e+00 8.587081e-01 0.000000e+00
    endloop
  endfacet
  facet normal 1.305262e-01 -9.914449e-01 0.000000e+00
    outer loop
      vertex   7.262910e+00 8.587081e-01 2.540000e+00
      vertex   7.262910e+00 8.587081e-01 0.000000e+00
      vertex   7.493000e+00 8.890000e-01 2.540000e+00
    endloop
  endfacet
  facet normal 1.305262e-01 -9.914449e-01 0.000000e+00
    outer loop
      vertex   7.493000e+00 8.890000e-01 2.540000e+00
      vertex   7.262910e+00 8.587081e-01 0.000000e+00
      vertex   7.493000e+00 8.890000e-01 0.000000e+00
    endloop
  endfacet
  facet normal -1.305262e-01 -9.914449e-01 -0.000000e+00
    outer loop
      vertex   7.493000e+00 8.890000e-01 2.540000e+00
      vertex   7.493000e+00 8.890000e-01 0.000000e+00
      vertex   7.723090e+00 8.587081e-01 2.540000e+00
    endloop
  endfacet
  facet normal -1.305262e-01 -9.914449e-01 -0.000000e+00
    outer loop
      vertex   7.723090e+00 8.587081e-01 2.540000e+00
      vertex   7.493000e+00 8.890000e-01 0.000000e+00
      vertex   7.723090e+00 8.587081e-01 0.000000e+00
    endloop
  endfacet
  facet normal -3.826834e-01 -9.238795e-01 -0.000000e+00
    outer loop
      vertex   7.723090e+00 8.587081e-01 2.540000e+00
      vertex   7.723090e+00 8.587081e-01 0.000000e+00
      vertex   7.937500e+00 7.698966e-01 2.540000e+00
    endloop
  endfacet
  facet normal -3.826834e-01 -9.238795e-01 -0.000000e+00
    outer loop
      vertex   7.937500e+00 7.698966e-01 2.540000e+00
      vertex   7.723090e+00 8.587081e-01 0.000000e+00
      vertex   7.937500e+00 7.698966e-01 0.000000e+00
    endloop
  endfacet
  facet normal -6.087614e-01 -7.933533e-01 -0.000000e+00
    outer loop
      vertex   7.937500e+00 7.698966e-01 2.540000e+00
      vertex   7.937500e+00 7.698966e-01 0.000000e+00
      vertex   8.121618e+00 6.286179e-01 2.540000e+00
    endloop
  endfacet
  facet normal -6.087614e-01 -7.933533e-01 -0.000000e+00
    outer loop
      vertex   8.121618e+00 6.286179e-01 2.540000e+00
      vertex   7.937500e+00 7.698966e-01 0.000000e+00
      vertex   8.121618e+00 6.286179e-01 0.000000e+00
    endloop
  endfacet
  facet normal -7.933533e-01 -6.087614e-01 -0.000000e+00
    outer loop
      vertex   8.121618e+00 6.286179e-01 2.540000e+00
      vertex   8.121618e+00 6.286179e-01 0.000000e+00
      vertex   8.262897e+00 4.445000e-01 2.540000e+00
    endloop
  endfacet
  facet normal -7.933533e-01 -6.087614e-01 -0.000000e+00
    outer loop
      vertex   8.262897e+00 4.445000e-01 2.540000e+00
      vertex   8.121618e+00 6.286179e-01 0.000000e+00
      vertex   8.262897e+00 4.445000e-01 0.000000e+00
    endloop
  endfacet
  facet normal -9.238795e-01 -3.826834e-01 -0.000000e+00
    outer loop
      vertex   8.262897e+00 4.445000e-01 2.540000e+00
      vertex   8.262897e+00 4.445000e-01 0.000000e+00
      vertex   8.351708e+00 2.300901e-01 2.540000e+00
    endloop
  endfacet
  facet normal -9.238795e-01 -3.826834e-01 -0.000000e+00
    outer loop
      vertex   8.351708e+00 2.300901e-01 2.540000e+00
      vertex   8.262897e+00 4.445000e-01 0.000000e+00
      vertex   8.351708e+00 2.300901e-01 0.000000e+00
    endloop
  endfacet
  facet normal -9.914449e-01 -1.305262e-01 -0.000000e+00
    outer loop
      vertex   8.587081e-01 1.064409e+01 2.540000e+00
      vertex   8.587081e-01 1.064409e+01 0.000000e+00
      vertex   8.890000e-01 1.041400e+01 2.540000e+00
    endloop
  endfacet
  facet normal -9.914449e-01 -1.305262e-01 8.667125e-17
    outer loop
      vertex   8.890000e-01 1.041400e+01 2.540000e+00
      vertex   8.587081e-01 1.064409e+01 0.000000e+00
      vertex   8.890000e-01 1.041400e+01 0.000000e+00
    endloop
  endfacet
  facet normal -9.914449e-01 1.305262e-01 8.667125e-17
    outer loop
      vertex   8.890000e-01 1.041400e+01 2.540000e+00
      vertex   8.890000e-01 1.041400e+01 0.000000e+00
      vertex   8.587081e-01 1.018391e+01 2.540000e+00
    endloop
  endfacet
  facet normal -9.914449e-01 1.305262e-01 0.000000e+00
    outer loop
      vertex   8.587081e-01 1.018391e+01 2.540000e+00
      vertex   8.890000e-01 1.041400e+01 0.000000e+00
      vertex   8.587081e-01 1.018391e+01 0.000000e+00
    endloop
  endfacet
  facet normal -9.238795e-01 3.826834e-01 0.000000e+00
    outer loop
      vertex   8.587081e-01 1.018391e+01 2.540000e+00
      vertex   8.587081e-01 1.018391e+01 0.000000e+00
      vertex   7.698966e-01 9.969500e+00 2.540000e+00
    endloop
  endfacet
  facet normal -9.238795e-01 3.826834e-01 0.000000e+00
    outer loop
      vertex   7.698966e-01 9.969500e+00 2.540000e+00
      vertex   8.587081e-01 1.018391e+01 0.000000e+00
      vertex   7.698966e-01 9.969500e+00 0.000000e+00
    endloop
  endfacet
  facet normal -7.933533e-01 6.087614e-01 0.000000e+00
    outer loop
      vertex   7.698966e-01 9.969500e+00 2.540000e+00
      vertex   7.698966e-01 9.969500e+00 0.000000e+00
      vertex   6.286179e-01 9.785382e+00 2.540000e+00
    endloop
  endfacet
  facet normal -7.933533e-01 6.087614e-01 0.000000e+00
    outer loop
      vertex   6.286179e-01 9.785382e+00 2.540000e+00
      vertex   7.698966e-01 9.969500e+00 0.000000e+00
      vertex   6.286179e-01 9.785382e+00 0.000000e+00
    endloop
  endfacet
  facet normal -6.087614e-01 7.933533e-01 0.000000e+00
    outer loop
      vertex   6.286179e-01 9.785382e+00 2.540000e+00
      vertex   6.286179e-01 9.785382e+00 0.000000e+00
      vertex   4.445000e-01 9.644103e+00 2.540000e+00
    endloop
  endfacet
  facet normal -6.087614e-01 7.933533e-01 0.000000e+00
    outer loop
      vertex   4.445000e-01 9.644103e+00 2.540000e+00
      vertex   6.286179e-01 9.785382e+00 0.000000e+00
      vertex   4.445000e-01 9.644103e+00 0.000000e+00
    endloop
  endfacet
  facet normal -3.826834e-01 9.238795e-01 0.000000e+00
    outer loop
      vertex   4.445000e-01 9.644103e+00 2.540000e+00
      vertex   4.445000e-01 9.644103e+00 0.000000e+00
      vertex   2.300901e-01 9.555292e+00 2.540000e+00
    endloop
  endfacet
  facet normal -3.826834e-01 9.238795e-01 0.000000e+00
    outer loop
      vertex   2.300901e-01 9.555292e+00 2.540000e+00
      vertex   4.445000e-01 9.644103e+00 0.000000e+00
      vertex   2.300901e-01 9.555292e+00 0.000000e+00
    endloop
  endfacet
  facet normal -1.305262e-01 9.914449e-01 0.000000e+00
    outer loop
      vertex   2.300901e-01 9.555292e+00 2.540000e+00
      vertex   2.300901e-01 9.555292e+00 0.000000e+00
      vertex   -1.606656e-11 9.525000e+00 2.540000e+00
    endloop
  endfacet
  facet normal -1.305262e-01 9.914449e-01 0.000000e+00
    outer loop
      vertex   -1.606656e-11 9.525000e+00 2.540000e+00
      vertex   2.300901e-01 9.555292e+00 0.000000e+00
      vertex   -1.606656e-11 9.525000e+00 0.000000e+00
    endloop
  endfacet
  facet normal 1.305262e-01 9.914449e-01 0.000000e+00
    outer loop
      vertex   -1.606656e-11 9.525000e+00 2.540000e+00
      vertex   -1.606656e-11 9.525000e+00 0.000000e+00
      vertex   -2.300901e-01 9.555292e+00 2.540000e+00
    endloop
  endfacet
  facet normal 1.305262e-01 9.914449e-01 0.000000e+00
    outer loop
      vertex   -2.300901e-01 9.555292e+00 2.540000e+00
      vertex   -1.606656e-11 9.525000e+00 0.000000e+00
      vertex   -2.300901e-01 9.555292e+00 0.000000e+00
    endloop
  endfacet
  facet normal 3.826834e-01 9.238795e-01 0.000000e+00
    outer loop
      vertex   -2.300901e-01 9.555292e+00 2.540000e+00
      vertex   -2.300901e-01 9.555292e+00 0.000000e+00
      vertex   -4.445000e-01 9.644103e+00 2.540000e+00
    endloop
  endfacet
  facet normal 3.826834e-01 9.238795e-01 0.000000e+00
    outer loop
      vertex   -4.445000e-01 9.644103e+00 2.540000e+00
      vertex   -2.300901e-01 9.555292e+00 0.000000e+00
      vertex   -4.445000e-01 9.644103e+00 0.000000e+00
    endloop
  endfacet
  facet normal 6.087614e-01 7.933533e-01 0.000000e+00
    outer loop
      vertex   -4.445000e-01 9.644103e+00 2.540000e+00
      vertex   -4.445000e-01 9.644103e+00 0.000000e+00
      vertex   -6.286179e-01 9.785382e+00 2.540000e+00
    endloop
  endfacet
  facet normal 6.087614e-01 7.933533e-01 0.000000e+00
    outer loop
      vertex   -6.286179e-01 9.785382e+00 2.540000e+00
      vertex   -4.445000e-01 9.644103e+00 0.000000e+00
      vertex   -6.286179e-01 9.785382e+00 0.000000e+00
    endloop
  endfacet
  facet normal 7.933533e-01 6.087614e-01 0.000000e+00
    outer loop
      vertex   -6.286179e-01 9.785382e+00 2.540000e+00
      vertex   -6.286179e-01 9.785382e+00 0.000000e+00
      vertex   -7.698966e-01 9.969500e+00 2.540000e+00
    endloop
  endfacet
  facet normal 7.933533e-01 6.087614e-01 0.000000e+00
    outer loop
      vertex   -7.698966e-01 9.969500e+00 2.540000e+00
      vertex   -6.286179e-01 9.785382e+00 0.000000e+00
      vertex   -7.698966e-01 9.969500e+00 0.000000e+00
    endloop
  endfacet
  facet normal 9.238795e-01 3.826834e-01 0.000000e+00
    outer loop
      vertex   -7.698966e-01 9.969500e+00 2.540000e+00
      vertex   -7.698966e-01 9.969500e+00 0.000000e+00
      vertex   -8.587081e-01 1.018391e+01 2.540000e+00
    endloop
  endfacet
  facet normal 9.238795e-01 3.826834e-01 0.000000e+00
    outer loop
      vertex   -8.587081e-01 1.018391e+01 2.540000e+00
      vertex   -7.698966e-01 9.969500e+00 0.000000e+00
      vertex   -8.587081e-01 1.018391e+01 0.000000e+00
    endloop
  endfacet
  facet normal 9.914449e-01 1.305262e-01 0.000000e+00
    outer loop
      vertex   -8.587081e-01 1.018391e+01 2.540000e+00
      vertex   -8.587081e-01 1.018391e+01 0.000000e+00
      vertex   -8.890000e-01 1.041400e+01 2.540000e+00
    endloop
  endfacet
  facet normal 9.914449e-01 1.305262e-01 0.000000e+00
    outer loop
      vertex   -8.890000e-01 1.041400e+01 2.540000e+00
      vertex   -8.587081e-01 1.018391e+01 0.000000e+00
      vertex   -8.890000e-01 1.041400e+01 0.000000e+00
    endloop
  endfacet
  facet normal 9.914449e-01 -1.305262e-01 0.000000e+00
    outer loop
      vertex   -8.890000e-01 1.041400e+01 2.540000e+00
      vertex   -8.890000e-01 1.041400e+01 0.000000e+00
      vertex   -8.587081e-01 1.064409e+01 2.540000e+00
    endloop
  endfacet
  facet normal 9.914449e-01 -1.305262e-01 0.000000e+00
    outer loop
      vertex   -8.587081e-01 1.064409e+01 2.540000e+00
      vertex   -8.890000e-01 1.041400e+01 0.000000e+00
      vertex   -8.587081e-01 1.064409e+01 0.000000e+00
    endloop
  endfacet
  facet normal 9.238795e-01 -3.826834e-01 0.000000e+00
    outer loop
      vertex   -8.587081e-01 1.064409e+01 2.540000e+00
      vertex   -8.587081e-01 1.064409e+01 0.000000e+00
      vertex   -7.698966e-01 1.085850e+01 2.540000e+00
    endloop
  endfacet
  facet normal 9.238795e-01 -3.826834e-01 0.000000e+00
    outer loop
      vertex   -7.698966e-01 1.085850e+01 2.540000e+00
      vertex   -8.587081e-01 1.064409e+01 0.000000e+00
      vertex   -7.698966e-01 1.085850e+01 0.000000e+00
    endloop
  endfacet
  facet normal 7.933533e-01 -6.087614e-01 0.000000e+00
    outer loop
      vertex   -7.698966e-01 1.085850e+01 2.540000e+00
      vertex   -7.698966e-01 1.085850e+01 0.000000e+00
      vertex   -6.286179e-01 1.104262e+01 2.540000e+00
    endloop
  endfacet
  facet normal 7.933533e-01 -6.087614e-01 0.000000e+00
    outer loop
      vertex   -6.286179e-01 1.104262e+01 2.540000e+00
      vertex   -7.698966e-01 1.085850e+01 0.000000e+00
      vertex   -6.286179e-01 1.104262e+01 0.000000e+00
    endloop
  endfacet
  facet normal 6.087614e-01 -7.933533e-01 0.000000e+00
    outer loop
      vertex   -6.286179e-01 1.104262e+01 2.540000e+00
      vertex   -6.286179e-01 1.104262e+01 0.000000e+00
      vertex   -4.445000e-01 1.118390e+01 2.540000e+00
    endloop
  endfacet
  facet normal 6.087614e-01 -7.933533e-01 0.000000e+00
    outer loop
      vertex   -4.445000e-01 1.118390e+01 2.540000e+00
      vertex   -6.286179e-01 1.104262e+01 0.000000e+00
      vertex   -4.445000e-01 1.118390e+01 0.000000e+00
    endloop
  endfacet
  facet normal 3.826834e-01 -9.238795e-01 0.000000e+00
    outer loop
      vertex   -4.445000e-01 1.118390e+01 2.540000e+00
      vertex   -4.445000e-01 1.118390e+01 0.000000e+00
      vertex   -2.300901e-01 1.127271e+01 2.540000e+00
    endloop
  endfacet
  facet normal 3.826834e-01 -9.238795e-01 0.000000e+00
    outer loop
      vertex   -2.300901e-01 1.127271e+01 2.540000e+00
      vertex   -4.445000e-01 1.118390e+01 0.000000e+00
      vertex   -2.300901e-01 1.127271e+01 0.000000e+00
    endloop
  endfacet
  facet normal 1.305262e-01 -9.914449e-01 0.000000e+00
    outer loop
      vertex   -2.300901e-01 1.127271e+01 2.540000e+00
      vertex   -2.300901e-01 1.127271e+01 0.000000e+00
      vertex   -1.606656e-11 1.130300e+01 2.540000e+00
    endloop
  endfacet
  facet normal 1.305262e-01 -9.914449e-01 0.000000e+00
    outer loop
      vertex   -1.606656e-11 1.130300e+01 2.540000e+00
      vertex   -2.300901e-01 1.127271e+01 0.000000e+00
      vertex   -1.606656e-11 1.130300e+01 0.000000e+00
    endloop
  endfacet
  facet normal -1.305262e-01 -9.914449e-01 -0.000000e+00
    outer loop
      vertex   -1.606656e-11 1.130300e+01 2.540000e+00
      vertex   -1.606656e-11 1.130300e+01 0.000000e+00
      vertex   2.300901e-01 1.127271e+01 2.540000e+00
    endloop
  endfacet
  facet normal -1.305262e-01 -9.914449e-01 -0.000000e+00
    outer loop
      vertex   2.300901e-01 1.127271e+01 2.540000e+00
      vertex   -1.606656e-11 1.130300e+01 0.000000e+00
      vertex   2.300901e-01 1.127271e+01 0.000000e+00
    endloop
  endfacet
  facet normal -3.826834e-01 -9.238795e-01 -0.000000e+00
    outer loop
      vertex   2.300901e-01 1.127271e+01 2.540000e+00
      vertex   2.300901e-01 1.127271e+01 0.000000e+00
      vertex   4.445000e-01 1.118390e+01 2.540000e+00
    endloop
  endfacet
  facet normal -3.826834e-01 -9.238795e-01 -0.000000e+00
    outer loop
      vertex   4.445000e-01 1.118390e+01 2.540000e+00
      vertex   2.300901e-01 1.127271e+01 0.000000e+00
      vertex   4.445000e-01 1.118390e+01 0.000000e+00
    endloop
  endfacet
  facet normal -6.087614e-01 -7.933533e-01 -0.000000e+00
    outer loop
      vertex   4.445000e-01 1.118390e+01 2.540000e+00
      vertex   4.445000e-01 1.118390e+01 0.000000e+00
      vertex   6.286179e-01 1.104262e+01 2.540000e+00
    endloop
  endfacet
  facet normal -6.087614e-01 -7.933533e-01 -0.000000e+00
    outer loop
      vertex   6.286179e-01 1.104262e+01 2.540000e+00
      vertex   4.445000e-01 1.118390e+01 0.000000e+00
      vertex   6.286179e-01 1.104262e+01 0.000000e+00
    endloop
  endfacet
  facet normal -7.933533e-01 -6.087614e-01 -0.000000e+00
    outer loop
      vertex   6.286179e-01 1.104262e+01 2.540000e+00
      vertex   6.286179e-01 1.104262e+01 0.000000e+00
      vertex   7.698966e-01 1.085850e+01 2.540000e+00
    endloop
  endfacet
  facet normal -7.933533e-01 -6.087614e-01 -0.000000e+00
    outer loop
      vertex   7.698966e-01 1.085850e+01 2.540000e+00
      vertex   6.286179e-01 1.104262e+01 0.000000e+00
      vertex   7.698966e-01 1.085850e+01 0.000000e+00
    endloop
  endfacet
  facet normal -9.238795e-01 -3.826834e-01 -0.000000e+00
    outer loop
      vertex   7.698966e-01 1.085850e+01 2.540000e+00
      vertex   7.698966e-01 1.085850e+01 0.000000e+00
      vertex   8.587081e-01 1.064409e+01 2.540000e+00
    endloop
  endfacet
  facet normal -9.238795e-01 -3.826834e-01 -0.000000e+00
    outer loop
      vertex   8.587081e-01 1.064409e+01 2.540000e+00
      vertex   7.698966e-01 1.085850e+01 0.000000e+00
      vertex   8.587081e-01 1.064409e+01 0.000000e+00
    endloop
  endfacet
  facet normal -9.914449e-01 -1.305262e-01 -0.000000e+00
    outer loop
      vertex   8.587081e-01 1.648609e+01 2.540000e+00
      vertex   8.587081e-01 1.648609e+01 0.000000e+00
      vertex   8.890000e-01 1.625600e+01 2.540000e+00
    endloop
  endfacet
  facet normal -9.914449e-01 -1.305262e-01 -0.000000e+00
    outer loop
      vertex   8.890000e-01 1.625600e+01 2.540000e+00
      vertex   8.587081e-01 1.648609e+01 0.000000e+00
      vertex   8.890000e-01 1.625600e+01 0.000000e+00
    endloop
  endfacet
  facet normal -9.914449e-01 1.305262e-01 0.000000e+00
    outer loop
      vertex   8.890000e-01 1.625600e+01 2.540000e+00
      vertex   8.890000e-01 1.625600e+01 0.000000e+00
      vertex   8.587081e-01 1.602591e+01 2.540000e+00
    endloop
  endfacet
  facet normal -9.914449e-01 1.305262e-01 0.000000e+00
    outer loop
      vertex   8.587081e-01 1.602591e+01 2.540000e+00
      vertex   8.890000e-01 1.625600e+01 0.000000e+00
      vertex   8.587081e-01 1.602591e+01 0.000000e+00
    endloop
  endfacet
  facet normal -9.238795e-01 3.826834e-01 0.000000e+00
    outer loop
      vertex   8.587081e-01 1.602591e+01 2.540000e+00
      vertex   8.587081e-01 1.602591e+01 0.000000e+00
      vertex   7.698966e-01 1.581150e+01 2.540000e+00
    endloop
  endfacet
  facet normal -9.238795e-01 3.826834e-01 0.000000e+00
    outer loop
      vertex   7.698966e-01 1.581150e+01 2.540000e+00
      vertex   8.587081e-01 1.602591e+01 0.000000e+00
      vertex   7.698966e-01 1.581150e+01 0.000000e+00
    endloop
  endfacet
  facet normal -7.933533e-01 6.087614e-01 0.000000e+00
    outer loop
      vertex   7.698966e-01 1.581150e+01 2.540000e+00
      vertex   7.698966e-01 1.581150e+01 0.000000e+00
      vertex   6.286179e-01 1.562738e+01 2.540000e+00
    endloop
  endfacet
  facet normal -7.933533e-01 6.087614e-01 0.000000e+00
    outer loop
      vertex   6.286179e-01 1.562738e+01 2.540000e+00
      vertex   7.698966e-01 1.581150e+01 0.000000e+00
      vertex   6.286179e-01 1.562738e+01 0.000000e+00
    endloop
  endfacet
  facet normal -6.087614e-01 7.933533e-01 0.000000e+00
    outer loop
      vertex   6.286179e-01 1.562738e+01 2.540000e+00
      vertex   6.286179e-01 1.562738e+01 0.000000e+00
      vertex   4.445000e-01 1.548610e+01 2.540000e+00
    endloop
  endfacet
  facet normal -6.087614e-01 7.933533e-01 0.000000e+00
    outer loop
      vertex   4.445000e-01 1.548610e+01 2.540000e+00
      vertex   6.286179e-01 1.562738e+01 0.000000e+00
      vertex   4.445000e-01 1.548610e+01 0.000000e+00
    endloop
  endfacet
  facet normal -3.826834e-01 9.238795e-01 0.000000e+00
    outer loop
      vertex   4.445000e-01 1.548610e+01 2.540000e+00
      vertex   4.445000e-01 1.548610e+01 0.000000e+00
      vertex   2.300901e-01 1.539729e+01 2.540000e+00
    endloop
  endfacet
  facet normal -3.826834e-01 9.238795e-01 0.000000e+00
    outer loop
      vertex   2.300901e-01 1.539729e+01 2.540000e+00
      vertex   4.445000e-01 1.548610e+01 0.000000e+00
      vertex   2.300901e-01 1.539729e+01 0.000000e+00
    endloop
  endfacet
  facet normal -1.305262e-01 9.914449e-01 0.000000e+00
    outer loop
      vertex   2.300901e-01 1.539729e+01 2.540000e+00
      vertex   2.300901e-01 1.539729e+01 0.000000e+00
      vertex   -1.606621e-11 1.536700e+01 2.540000e+00
    endloop
  endfacet
  facet normal -1.305262e-01 9.914449e-01 0.000000e+00
    outer loop
      vertex   -1.606621e-11 1.536700e+01 2.540000e+00
      vertex   2.300901e-01 1.539729e+01 0.000000e+00
      vertex   -1.606621e-11 1.536700e+01 0.000000e+00
    endloop
  endfacet
  facet normal 1.305262e-01 9.914449e-01 0.000000e+00
    outer loop
      vertex   -1.606621e-11 1.536700e+01 2.540000e+00
      vertex   -1.606621e-11 1.536700e+01 0.000000e+00
      vertex   -2.300901e-01 1.539729e+01 2.540000e+00
    endloop
  endfacet
  facet normal 1.305262e-01 9.914449e-01 0.000000e+00
    outer loop
      vertex   -2.300901e-01 1.539729e+01 2.540000e+00
      vertex   -1.606621e-11 1.536700e+01 0.000000e+00
      vertex   -2.300901e-01 1.539729e+01 0.000000e+00
    endloop
  endfacet
  facet normal 3.826834e-01 9.238795e-01 0.000000e+00
    outer loop
      vertex   -2.300901e-01 1.539729e+01 2.540000e+00
      vertex   -2.300901e-01 1.539729e+01 0.000000e+00
      vertex   -4.445000e-01 1.548610e+01 2.540000e+00
    endloop
  endfacet
  facet normal 3.826834e-01 9.238795e-01 0.000000e+00
    outer loop
      vertex   -4.445000e-01 1.548610e+01 2.540000e+00
      vertex   -2.300901e-01 1.539729e+01 0.000000e+00
      vertex   -4.445000e-01 1.548610e+01 0.000000e+00
    endloop
  endfacet
  facet normal 6.087614e-01 7.933533e-01 0.000000e+00
    outer loop
      vertex   -4.445000e-01 1.548610e+01 2.540000e+00
      vertex   -4.445000e-01 1.548610e+01 0.000000e+00
      vertex   -6.286179e-01 1.562738e+01 2.540000e+00
    endloop
  endfacet
  facet normal 6.087614e-01 7.933533e-01 0.000000e+00
    outer loop
      vertex   -6.286179e-01 1.562738e+01 2.540000e+00
      vertex   -4.445000e-01 1.548610e+01 0.000000e+00
      vertex   -6.286179e-01 1.562738e+01 0.000000e+00
    endloop
  endfacet
  facet normal 7.933533e-01 6.087614e-01 0.000000e+00
    outer loop
      vertex   -6.286179e-01 1.562738e+01 2.540000e+00
      vertex   -6.286179e-01 1.562738e+01 0.000000e+00
      vertex   -7.698966e-01 1.581150e+01 2.540000e+00
    endloop
  endfacet
  facet normal 7.933533e-01 6.087614e-01 0.000000e+00
    outer loop
      vertex   -7.698966e-01 1.581150e+01 2.540000e+00
      vertex   -6.286179e-01 1.562738e+01 0.000000e+00
      vertex   -7.698966e-01 1.581150e+01 0.000000e+00
    endloop
  endfacet
  facet normal 9.238795e-01 3.826834e-01 0.000000e+00
    outer loop
      vertex   -7.698966e-01 1.581150e+01 2.540000e+00
      vertex   -7.698966e-01 1.581150e+01 0.000000e+00
      vertex   -8.587081e-01 1.602591e+01 2.540000e+00
    endloop
  endfacet
  facet normal 9.238795e-01 3.826834e-01 0.000000e+00
    outer loop
      vertex   -8.587081e-01 1.602591e+01 2.540000e+00
      vertex   -7.698966e-01 1.581150e+01 0.000000e+00
      vertex   -8.587081e-01 1.602591e+01 0.000000e+00
    endloop
  endfacet
  facet normal 9.914449e-01 1.305262e-01 0.000000e+00
    outer loop
      vertex   -8.587081e-01 1.602591e+01 2.540000e+00
      vertex   -8.587081e-01 1.602591e+01 0.000000e+00
      vertex   -8.890000e-01 1.625600e+01 2.540000e+00
    endloop
  endfacet
  facet normal 9.914449e-01 1.305262e-01 0.000000e+00
    outer loop
      vertex   -8.890000e-01 1.625600e+01 2.540000e+00
      vertex   -8.587081e-01 1.602591e+01 0.000000e+00
      vertex   -8.890000e-01 1.625600e+01 0.000000e+00
    endloop
  endfacet
  facet normal 9.914449e-01 -1.305262e-01 0.000000e+00
    outer loop
      vertex   -8.890000e-01 1.625600e+01 2.540000e+00
      vertex   -8.890000e-01 1.625600e+01 0.000000e+00
      vertex   -8.587081e-01 1.648609e+01 2.540000e+00
    endloop
  endfacet
  facet normal 9.914449e-01 -1.305262e-01 0.000000e+00
    outer loop
      vertex   -8.587081e-01 1.648609e+01 2.540000e+00
      vertex   -8.890000e-01 1.625600e+01 0.000000e+00
      vertex   -8.587081e-01 1.648609e+01 0.000000e+00
    endloop
  endfacet
  facet normal 9.238795e-01 -3.826834e-01 0.000000e+00
    outer loop
      vertex   -8.587081e-01 1.648609e+01 2.540000e+00
      vertex   -8.587081e-01 1.648609e+01 0.000000e+00
      vertex   -7.698966e-01 1.670050e+01 2.540000e+00
    endloop
  endfacet
  facet normal 9.238795e-01 -3.826834e-01 0.000000e+00
    outer loop
      vertex   -7.698966e-01 1.670050e+01 2.540000e+00
      vertex   -8.587081e-01 1.648609e+01 0.000000e+00
      vertex   -7.698966e-01 1.670050e+01 0.000000e+00
    endloop
  endfacet
  facet normal 7.933533e-01 -6.087614e-01 0.000000e+00
    outer loop
      vertex   -7.698966e-01 1.670050e+01 2.540000e+00
      vertex   -7.698966e-01 1.670050e+01 0.000000e+00
      vertex   -6.286179e-01 1.688462e+01 2.540000e+00
    endloop
  endfacet
  facet normal 7.933533e-01 -6.087614e-01 0.000000e+00
    outer loop
      vertex   -6.286179e-01 1.688462e+01 2.540000e+00
      vertex   -7.698966e-01 1.670050e+01 0.000000e+00
      vertex   -6.286179e-01 1.688462e+01 0.000000e+00
    endloop
  endfacet
  facet normal 6.087614e-01 -7.933533e-01 0.000000e+00
    outer loop
      vertex   -6.286179e-01 1.688462e+01 2.540000e+00
      vertex   -6.286179e-01 1.688462e+01 0.000000e+00
      vertex   -4.445000e-01 1.702590e+01 2.540000e+00
    endloop
  endfacet
  facet normal 6.087614e-01 -7.933533e-01 0.000000e+00
    outer loop
      vertex   -4.445000e-01 1.702590e+01 2.540000e+00
      vertex   -6.286179e-01 1.688462e+01 0.000000e+00
      vertex   -4.445000e-01 1.702590e+01 0.000000e+00
    endloop
  endfacet
  facet normal 3.826834e-01 -9.238795e-01 0.000000e+00
    outer loop
      vertex   -4.445000e-01 1.702590e+01 2.540000e+00
      vertex   -4.445000e-01 1.702590e+01 0.000000e+00
      vertex   -2.300901e-01 1.711471e+01 2.540000e+00
    endloop
  endfacet
  facet normal 3.826834e-01 -9.238795e-01 0.000000e+00
    outer loop
      vertex   -2.300901e-01 1.711471e+01 2.540000e+00
      vertex   -4.445000e-01 1.702590e+01 0.000000e+00
      vertex   -2.300901e-01 1.711471e+01 0.000000e+00
    endloop
  endfacet
  facet normal 1.305262e-01 -9.914449e-01 0.000000e+00
    outer loop
      vertex   -2.300901e-01 1.711471e+01 2.540000e+00
      vertex   -2.300901e-01 1.711471e+01 0.000000e+00
      vertex   -1.606621e-11 1.714500e+01 2.540000e+00
    endloop
  endfacet
  facet normal 1.305262e-01 -9.914449e-01 0.000000e+00
    outer loop
      vertex   -1.606621e-11 1.714500e+01 2.540000e+00
      vertex   -2.300901e-01 1.711471e+01 0.000000e+00
      vertex   -1.606621e-11 1.714500e+01 0.000000e+00
    endloop
  endfacet
  facet normal -1.305262e-01 -9.914449e-01 -0.000000e+00
    outer loop
      vertex   -1.606621e-11 1.714500e+01 2.540000e+00
      vertex   -1.606621e-11 1.714500e+01 0.000000e+00
      vertex   2.300901e-01 1.711471e+01 2.540000e+00
    endloop
  endfacet
  facet normal -1.305262e-01 -9.914449e-01 -0.000000e+00
    outer loop
      vertex   2.300901e-01 1.711471e+01 2.540000e+00
      vertex   -1.606621e-11 1.714500e+01 0.000000e+00
      vertex   2.300901e-01 1.711471e+01 0.000000e+00
    endloop
  endfacet
  facet normal -3.826834e-01 -9.238795e-01 -0.000000e+00
    outer loop
      vertex   2.300901e-01 1.711471e+01 2.540000e+00
      vertex   2.300901e-01 1.711471e+01 0.000000e+00
      vertex   4.445000e-01 1.702590e+01 2.540000e+00
    endloop
  endfacet
  facet normal -3.826834e-01 -9.238795e-01 -0.000000e+00
    outer loop
      vertex   4.445000e-01 1.702590e+01 2.540000e+00
      vertex   2.300901e-01 1.711471e+01 0.000000e+00
      vertex   4.445000e-01 1.702590e+01 0.000000e+00
    endloop
  endfacet
  facet normal -6.087614e-01 -7.933533e-01 -0.000000e+00
    outer loop
      vertex   4.445000e-01 1.702590e+01 2.540000e+00
      vertex   4.445000e-01 1.702590e+01 0.000000e+00
      vertex   6.286179e-01 1.688462e+01 2.540000e+00
    endloop
  endfacet
  facet normal -6.087614e-01 -7.933533e-01 -0.000000e+00
    outer loop
      vertex   6.286179e-01 1.688462e+01 2.540000e+00
      vertex   4.445000e-01 1.702590e+01 0.000000e+00
      vertex   6.286179e-01 1.688462e+01 0.000000e+00
    endloop
  endfacet
  facet normal -7.933533e-01 -6.087614e-01 -0.000000e+00
    outer loop
      vertex   6.286179e-01 1.688462e+01 2.540000e+00
      vertex   6.286179e-01 1.688462e+01 0.000000e+00
      vertex   7.698966e-01 1.670050e+01 2.540000e+00
    endloop
  endfacet
  facet normal -7.933533e-01 -6.087614e-01 -0.000000e+00
    outer loop
      vertex   7.698966e-01 1.670050e+01 2.540000e+00
      vertex   6.286179e-01 1.688462e+01 0.000000e+00
      vertex   7.698966e-01 1.670050e+01 0.000000e+00
    endloop
  endfacet
  facet normal -9.238795e-01 -3.826834e-01 -0.000000e+00
    outer loop
      vertex   7.698966e-01 1.670050e+01 2.540000e+00
      vertex   7.698966e-01 1.670050e+01 0.000000e+00
      vertex   8.587081e-01 1.648609e+01 2.540000e+00
    endloop
  endfacet
  facet normal -9.238795e-01 -3.826834e-01 -0.000000e+00
    outer loop
      vertex   8.587081e-01 1.648609e+01 2.540000e+00
      vertex   7.698966e-01 1.670050e+01 0.000000e+00
      vertex   8.587081e-01 1.648609e+01 0.000000e+00
    endloop
  endfacet
  facet normal -9.914449e-01 -1.305262e-01 -0.000000e+00
    outer loop
      vertex   8.587081e-01 1.356509e+01 2.540000e+00
      vertex   8.587081e-01 1.356509e+01 0.000000e+00
      vertex   8.890000e-01 1.333500e+01 2.540000e+00
    endloop
  endfacet
  facet normal -9.914449e-01 -1.305262e-01 4.333563e-17
    outer loop
      vertex   8.890000e-01 1.333500e+01 2.540000e+00
      vertex   8.587081e-01 1.356509e+01 0.000000e+00
      vertex   8.890000e-01 1.333500e+01 0.000000e+00
    endloop
  endfacet
  facet normal -9.914449e-01 1.305262e-01 4.333563e-17
    outer loop
      vertex   8.890000e-01 1.333500e+01 2.540000e+00
      vertex   8.890000e-01 1.333500e+01 0.000000e+00
      vertex   8.587081e-01 1.310491e+01 2.540000e+00
    endloop
  endfacet
  facet normal -9.914449e-01 1.305262e-01 0.000000e+00
    outer loop
      vertex   8.587081e-01 1.310491e+01 2.540000e+00
      vertex   8.890000e-01 1.333500e+01 0.000000e+00
      vertex   8.587081e-01 1.310491e+01 0.000000e+00
    endloop
  endfacet
  facet normal -9.238795e-01 3.826834e-01 0.000000e+00
    outer loop
      vertex   8.587081e-01 1.310491e+01 2.540000e+00
      vertex   8.587081e-01 1.310491e+01 0.000000e+00
      vertex   7.698966e-01 1.289050e+01 2.540000e+00
    endloop
  endfacet
  facet normal -9.238795e-01 3.826834e-01 0.000000e+00
    outer loop
      vertex   7.698966e-01 1.289050e+01 2.540000e+00
      vertex   8.587081e-01 1.310491e+01 0.000000e+00
      vertex   7.698966e-01 1.289050e+01 0.000000e+00
    endloop
  endfacet
  facet normal -7.933533e-01 6.087614e-01 0.000000e+00
    outer loop
      vertex   7.698966e-01 1.289050e+01 2.540000e+00
      vertex   7.698966e-01 1.289050e+01 0.000000e+00
      vertex   6.286179e-01 1.270638e+01 2.540000e+00
    endloop
  endfacet
  facet normal -7.933533e-01 6.087614e-01 0.000000e+00
    outer loop
      vertex   6.286179e-01 1.270638e+01 2.540000e+00
      vertex   7.698966e-01 1.289050e+01 0.000000e+00
      vertex   6.286179e-01 1.270638e+01 0.000000e+00
    endloop
  endfacet
  facet normal -6.087614e-01 7.933533e-01 0.000000e+00
    outer loop
      vertex   6.286179e-01 1.270638e+01 2.540000e+00
      vertex   6.286179e-01 1.270638e+01 0.000000e+00
      vertex   4.445000e-01 1.256510e+01 2.540000e+00
    endloop
  endfacet
  facet normal -6.087614e-01 7.933533e-01 0.000000e+00
    outer loop
      vertex   4.445000e-01 1.256510e+01 2.540000e+00
      vertex   6.286179e-01 1.270638e+01 0.000000e+00
      vertex   4.445000e-01 1.256510e+01 0.000000e+00
    endloop
  endfacet
  facet normal -3.826834e-01 9.238795e-01 0.000000e+00
    outer loop
      vertex   4.445000e-01 1.256510e+01 2.540000e+00
      vertex   4.445000e-01 1.256510e+01 0.000000e+00
      vertex   2.300901e-01 1.247629e+01 2.540000e+00
    endloop
  endfacet
  facet normal -3.826834e-01 9.238795e-01 0.000000e+00
    outer loop
      vertex   2.300901e-01 1.247629e+01 2.540000e+00
      vertex   4.445000e-01 1.256510e+01 0.000000e+00
      vertex   2.300901e-01 1.247629e+01 0.000000e+00
    endloop
  endfacet
  facet normal -1.305262e-01 9.914449e-01 0.000000e+00
    outer loop
      vertex   2.300901e-01 1.247629e+01 2.540000e+00
      vertex   2.300901e-01 1.247629e+01 0.000000e+00
      vertex   -1.606639e-11 1.244600e+01 2.540000e+00
    endloop
  endfacet
  facet normal -1.305262e-01 9.914449e-01 0.000000e+00
    outer loop
      vertex   -1.606639e-11 1.244600e+01 2.540000e+00
      vertex   2.300901e-01 1.247629e+01 0.000000e+00
      vertex   -1.606639e-11 1.244600e+01 0.000000e+00
    endloop
  endfacet
  facet normal 1.305262e-01 9.914449e-01 0.000000e+00
    outer loop
      vertex   -1.606639e-11 1.244600e+01 2.540000e+00
      vertex   -1.606639e-11 1.244600e+01 0.000000e+00
      vertex   -2.300901e-01 1.247629e+01 2.540000e+00
    endloop
  endfacet
  facet normal 1.305262e-01 9.914449e-01 0.000000e+00
    outer loop
      vertex   -2.300901e-01 1.247629e+01 2.540000e+00
      vertex   -1.606639e-11 1.244600e+01 0.000000e+00
      vertex   -2.300901e-01 1.247629e+01 0.000000e+00
    endloop
  endfacet
  facet normal 3.826834e-01 9.238795e-01 0.000000e+00
    outer loop
      vertex   -2.300901e-01 1.247629e+01 2.540000e+00
      vertex   -2.300901e-01 1.247629e+01 0.000000e+00
      vertex   -4.445000e-01 1.256510e+01 2.540000e+00
    endloop
  endfacet
  facet normal 3.826834e-01 9.238795e-01 0.000000e+00
    outer loop
      vertex   -4.445000e-01 1.256510e+01 2.540000e+00
      vertex   -2.300901e-01 1.247629e+01 0.000000e+00
      vertex   -4.445000e-01 1.256510e+01 0.000000e+00
    endloop
  endfacet
  facet normal 6.087614e-01 7.933533e-01 0.000000e+00
    outer loop
      vertex   -4.445000e-01 1.256510e+01 2.540000e+00
      vertex   -4.445000e-01 1.256510e+01 0.000000e+00
      vertex   -6.286179e-01 1.270638e+01 2.540000e+00
    endloop
  endfacet
  facet normal 6.087614e-01 7.933533e-01 0.000000e+00
    outer loop
      vertex   -6.286179e-01 1.270638e+01 2.540000e+00
      vertex   -4.445000e-01 1.256510e+01 0.000000e+00
      vertex   -6.286179e-01 1.270638e+01 0.000000e+00
    endloop
  endfacet
  facet normal 7.933533e-01 6.087614e-01 0.000000e+00
    outer loop
      vertex   -6.286179e-01 1.270638e+01 2.540000e+00
      vertex   -6.286179e-01 1.270638e+01 0.000000e+00
      vertex   -7.698966e-01 1.289050e+01 2.540000e+00
    endloop
  endfacet
  facet normal 7.933533e-01 6.087614e-01 0.000000e+00
    outer loop
      vertex   -7.698966e-01 1.289050e+01 2.540000e+00
      vertex   -6.286179e-01 1.270638e+01 0.000000e+00
      vertex   -7.698966e-01 1.289050e+01 0.000000e+00
    endloop
  endfacet
  facet normal 9.238795e-01 3.826834e-01 0.000000e+00
    outer loop
      vertex   -7.698966e-01 1.289050e+01 2.540000e+00
      vertex   -7.698966e-01 1.289050e+01 0.000000e+00
      vertex   -8.587081e-01 1.310491e+01 2.540000e+00
    endloop
  endfacet
  facet normal 9.238795e-01 3.826834e-01 0.000000e+00
    outer loop
      vertex   -8.587081e-01 1.310491e+01 2.540000e+00
      vertex   -7.698966e-01 1.289050e+01 0.000000e+00
      vertex   -8.587081e-01 1.310491e+01 0.000000e+00
    endloop
  endfacet
  facet normal 9.914449e-01 1.305262e-01 0.000000e+00
    outer loop
      vertex   -8.587081e-01 1.310491e+01 2.540000e+00
      vertex   -8.587081e-01 1.310491e+01 0.000000e+00
      vertex   -8.890000e-01 1.333500e+01 2.540000e+00
    endloop
  endfacet
  facet normal 9.914449e-01 1.305262e-01 0.000000e+00
    outer loop
      vertex   -8.890000e-01 1.333500e+01 2.540000e+00
      vertex   -8.587081e-01 1.310491e+01 0.000000e+00
      vertex   -8.890000e-01 1.333500e+01 0.000000e+00
    endloop
  endfacet
  facet normal 9.914449e-01 -1.305262e-01 0.000000e+00
    outer loop
      vertex   -8.890000e-01 1.333500e+01 2.540000e+00
      vertex   -8.890000e-01 1.333500e+01 0.000000e+00
      vertex   -8.587081e-01 1.356509e+01 2.540000e+00
    endloop
  endfacet
  facet normal 9.914449e-01 -1.305262e-01 0.000000e+00
    outer loop
      vertex   -8.587081e-01 1.356509e+01 2.540000e+00
      vertex   -8.890000e-01 1.333500e+01 0.000000e+00
      vertex   -8.587081e-01 1.356509e+01 0.000000e+00
    endloop
  endfacet
  facet normal 9.238795e-01 -3.826834e-01 0.000000e+00
    outer loop
      vertex   -8.587081e-01 1.356509e+01 2.540000e+00
      vertex   -8.587081e-01 1.356509e+01 0.000000e+00
      vertex   -7.698966e-01 1.377950e+01 2.540000e+00
    endloop
  endfacet
  facet normal 9.238795e-01 -3.826834e-01 0.000000e+00
    outer loop
      vertex   -7.698966e-01 1.377950e+01 2.540000e+00
      vertex   -8.587081e-01 1.356509e+01 0.000000e+00
      vertex   -7.698966e-01 1.377950e+01 0.000000e+00
    endloop
  endfacet
  facet normal 7.933533e-01 -6.087614e-01 0.000000e+00
    outer loop
      vertex   -7.698966e-01 1.377950e+01 2.540000e+00
      vertex   -7.698966e-01 1.377950e+01 0.000000e+00
      vertex   -6.286179e-01 1.396362e+01 2.540000e+00
    endloop
  endfacet
  facet normal 7.933533e-01 -6.087614e-01 0.000000e+00
    outer loop
      vertex   -6.286179e-01 1.396362e+01 2.540000e+00
      vertex   -7.698966e-01 1.377950e+01 0.000000e+00
      vertex   -6.286179e-01 1.396362e+01 0.000000e+00
    endloop
  endfacet
  facet normal 6.087614e-01 -7.933533e-01 0.000000e+00
    outer loop
      vertex   -6.286179e-01 1.396362e+01 2.540000e+00
      vertex   -6.286179e-01 1.396362e+01 0.000000e+00
      vertex   -4.445000e-01 1.410490e+01 2.540000e+00
    endloop
  endfacet
  facet normal 6.087614e-01 -7.933533e-01 0.000000e+00
    outer loop
      vertex   -4.445000e-01 1.410490e+01 2.540000e+00
      vertex   -6.286179e-01 1.396362e+01 0.000000e+00
      vertex   -4.445000e-01 1.410490e+01 0.000000e+00
    endloop
  endfacet
  facet normal 3.826834e-01 -9.238795e-01 0.000000e+00
    outer loop
      vertex   -4.445000e-01 1.410490e+01 2.540000e+00
      vertex   -4.445000e-01 1.410490e+01 0.000000e+00
      vertex   -2.300901e-01 1.419371e+01 2.540000e+00
    endloop
  endfacet
  facet normal 3.826834e-01 -9.238795e-01 0.000000e+00
    outer loop
      vertex   -2.300901e-01 1.419371e+01 2.540000e+00
      vertex   -4.445000e-01 1.410490e+01 0.000000e+00
      vertex   -2.300901e-01 1.419371e+01 0.000000e+00
    endloop
  endfacet
  facet normal 1.305262e-01 -9.914449e-01 0.000000e+00
    outer loop
      vertex   -2.300901e-01 1.419371e+01 2.540000e+00
      vertex   -2.300901e-01 1.419371e+01 0.000000e+00
      vertex   -1.606639e-11 1.422400e+01 2.540000e+00
    endloop
  endfacet
  facet normal 1.305262e-01 -9.914449e-01 0.000000e+00
    outer loop
      vertex   -1.606639e-11 1.422400e+01 2.540000e+00
      vertex   -2.300901e-01 1.419371e+01 0.000000e+00
      vertex   -1.606639e-11 1.422400e+01 0.000000e+00
    endloop
  endfacet
  facet normal -1.305262e-01 -9.914449e-01 -0.000000e+00
    outer loop
      vertex   -1.606639e-11 1.422400e+01 2.540000e+00
      vertex   -1.606639e-11 1.422400e+01 0.000000e+00
      vertex   2.300901e-01 1.419371e+01 2.540000e+00
    endloop
  endfacet
  facet normal -1.305262e-01 -9.914449e-01 -0.000000e+00
    outer loop
      vertex   2.300901e-01 1.419371e+01 2.540000e+00
      vertex   -1.606639e-11 1.422400e+01 0.000000e+00
      vertex   2.300901e-01 1.419371e+01 0.000000e+00
    endloop
  endfacet
  facet normal -3.826834e-01 -9.238795e-01 -0.000000e+00
    outer loop
      vertex   2.300901e-01 1.419371e+01 2.540000e+00
      vertex   2.300901e-01 1.419371e+01 0.000000e+00
      vertex   4.445000e-01 1.410490e+01 2.540000e+00
    endloop
  endfacet
  facet normal -3.826834e-01 -9.238795e-01 -0.000000e+00
    outer loop
      vertex   4.445000e-01 1.410490e+01 2.540000e+00
      vertex   2.300901e-01 1.419371e+01 0.000000e+00
      vertex   4.445000e-01 1.410490e+01 0.000000e+00
    endloop
  endfacet
  facet normal -6.087614e-01 -7.933533e-01 -0.000000e+00
    outer loop
      vertex   4.445000e-01 1.410490e+01 2.540000e+00
      vertex   4.445000e-01 1.410490e+01 0.000000e+00
      vertex   6.286179e-01 1.396362e+01 2.540000e+00
    endloop
  endfacet
  facet normal -6.087614e-01 -7.933533e-01 -0.000000e+00
    outer loop
      vertex   6.286179e-01 1.396362e+01 2.540000e+00
      vertex   4.445000e-01 1.410490e+01 0.000000e+00
      vertex   6.286179e-01 1.396362e+01 0.000000e+00
    endloop
  endfacet
  facet normal -7.933533e-01 -6.087614e-01 -0.000000e+00
    outer loop
      vertex   6.286179e-01 1.396362e+01 2.540000e+00
      vertex   6.286179e-01 1.396362e+01 0.000000e+00
      vertex   7.698966e-01 1.377950e+01 2.540000e+00
    endloop
  endfacet
  facet normal -7.933533e-01 -6.087614e-01 -0.000000e+00
    outer loop
      vertex   7.698966e-01 1.377950e+01 2.540000e+00
      vertex   6.286179e-01 1.396362e+01 0.000000e+00
      vertex   7.698966e-01 1.377950e+01 0.000000e+00
    endloop
  endfacet
  facet normal -9.238795e-01 -3.826834e-01 -0.000000e+00
    outer loop
      vertex   7.698966e-01 1.377950e+01 2.540000e+00
      vertex   7.698966e-01 1.377950e+01 0.000000e+00
      vertex   8.587081e-01 1.356509e+01 2.540000e+00
    endloop
  endfacet
  facet normal -9.238795e-01 -3.826834e-01 -0.000000e+00
    outer loop
      vertex   8.587081e-01 1.356509e+01 2.540000e+00
      vertex   7.698966e-01 1.377950e+01 0.000000e+00
      vertex   8.587081e-01 1.356509e+01 0.000000e+00
    endloop
  endfacet
  facet normal -9.914449e-01 -1.305262e-01 -0.000000e+00
    outer loop
      vertex   8.587081e-01 7.723090e+00 2.540000e+00
      vertex   8.587081e-01 7.723090e+00 0.000000e+00
      vertex   8.890000e-01 7.493000e+00 2.540000e+00
    endloop
  endfacet
  facet normal -9.914449e-01 -1.305262e-01 2.166781e-16
    outer loop
      vertex   8.890000e-01 7.493000e+00 2.540000e+00
      vertex   8.587081e-01 7.723090e+00 0.000000e+00
      vertex   8.890000e-01 7.493000e+00 0.000000e+00
    endloop
  endfacet
  facet normal -9.914449e-01 1.305262e-01 2.166781e-16
    outer loop
      vertex   8.890000e-01 7.493000e+00 2.540000e+00
      vertex   8.890000e-01 7.493000e+00 0.000000e+00
      vertex   8.587081e-01 7.262910e+00 2.540000e+00
    endloop
  endfacet
  facet normal -9.914449e-01 1.305262e-01 0.000000e+00
    outer loop
      vertex   8.587081e-01 7.262910e+00 2.540000e+00
      vertex   8.890000e-01 7.493000e+00 0.000000e+00
      vertex   8.587081e-01 7.262910e+00 0.000000e+00
    endloop
  endfacet
  facet normal -9.238795e-01 3.826834e-01 0.000000e+00
    outer loop
      vertex   8.587081e-01 7.262910e+00 2.540000e+00
      vertex   8.587081e-01 7.262910e+00 0.000000e+00
      vertex   7.698966e-01 7.048500e+00 2.540000e+00
    endloop
  endfacet
  facet normal -9.238795e-01 3.826834e-01 0.000000e+00
    outer loop
      vertex   7.698966e-01 7.048500e+00 2.540000e+00
      vertex   8.587081e-01 7.262910e+00 0.000000e+00
      vertex   7.698966e-01 7.048500e+00 0.000000e+00
    endloop
  endfacet
  facet normal -7.933533e-01 6.087614e-01 0.000000e+00
    outer loop
      vertex   7.698966e-01 7.048500e+00 2.540000e+00
      vertex   7.698966e-01 7.048500e+00 0.000000e+00
      vertex   6.286179e-01 6.864382e+00 2.540000e+00
    endloop
  endfacet
  facet normal -7.933533e-01 6.087614e-01 0.000000e+00
    outer loop
      vertex   6.286179e-01 6.864382e+00 2.540000e+00
      vertex   7.698966e-01 7.048500e+00 0.000000e+00
      vertex   6.286179e-01 6.864382e+00 0.000000e+00
    endloop
  endfacet
  facet normal -6.087614e-01 7.933533e-01 0.000000e+00
    outer loop
      vertex   6.286179e-01 6.864382e+00 2.540000e+00
      vertex   6.286179e-01 6.864382e+00 0.000000e+00
      vertex   4.445000e-01 6.723103e+00 2.540000e+00
    endloop
  endfacet
  facet normal -6.087614e-01 7.933533e-01 0.000000e+00
    outer loop
      vertex   4.445000e-01 6.723103e+00 2.540000e+00
      vertex   6.286179e-01 6.864382e+00 0.000000e+00
      vertex   4.445000e-01 6.723103e+00 0.000000e+00
    endloop
  endfacet
  facet normal -3.826834e-01 9.238795e-01 0.000000e+00
    outer loop
      vertex   4.445000e-01 6.723103e+00 2.540000e+00
      vertex   4.445000e-01 6.723103e+00 0.000000e+00
      vertex   2.300901e-01 6.634292e+00 2.540000e+00
    endloop
  endfacet
  facet normal -3.826834e-01 9.238795e-01 0.000000e+00
    outer loop
      vertex   2.300901e-01 6.634292e+00 2.540000e+00
      vertex   4.445000e-01 6.723103e+00 0.000000e+00
      vertex   2.300901e-01 6.634292e+00 0.000000e+00
    endloop
  endfacet
  facet normal -1.305262e-01 9.914449e-01 0.000000e+00
    outer loop
      vertex   2.300901e-01 6.634292e+00 2.540000e+00
      vertex   2.300901e-01 6.634292e+00 0.000000e+00
      vertex   -1.606674e-11 6.604000e+00 2.540000e+00
    endloop
  endfacet
  facet normal -1.305262e-01 9.914449e-01 0.000000e+00
    outer loop
      vertex   -1.606674e-11 6.604000e+00 2.540000e+00
      vertex   2.300901e-01 6.634292e+00 0.000000e+00
      vertex   -1.606674e-11 6.604000e+00 0.000000e+00
    endloop
  endfacet
  facet normal 1.305262e-01 9.914449e-01 0.000000e+00
    outer loop
      vertex   -1.606674e-11 6.604000e+00 2.540000e+00
      vertex   -1.606674e-11 6.604000e+00 0.000000e+00
      vertex   -2.300901e-01 6.634292e+00 2.540000e+00
    endloop
  endfacet
  facet normal 1.305262e-01 9.914449e-01 0.000000e+00
    outer loop
      vertex   -2.300901e-01 6.634292e+00 2.540000e+00
      vertex   -1.606674e-11 6.604000e+00 0.000000e+00
      vertex   -2.300901e-01 6.634292e+00 0.000000e+00
    endloop
  endfacet
  facet normal 3.826834e-01 9.238795e-01 0.000000e+00
    outer loop
      vertex   -2.300901e-01 6.634292e+00 2.540000e+00
      vertex   -2.300901e-01 6.634292e+00 0.000000e+00
      vertex   -4.445000e-01 6.723103e+00 2.540000e+00
    endloop
  endfacet
  facet normal 3.826834e-01 9.238795e-01 0.000000e+00
    outer loop
      vertex   -4.445000e-01 6.723103e+00 2.540000e+00
      vertex   -2.300901e-01 6.634292e+00 0.000000e+00
      vertex   -4.445000e-01 6.723103e+00 0.000000e+00
    endloop
  endfacet
  facet normal 6.087614e-01 7.933533e-01 0.000000e+00
    outer loop
      vertex   -4.445000e-01 6.723103e+00 2.540000e+00
      vertex   -4.445000e-01 6.723103e+00 0.000000e+00
      vertex   -6.286179e-01 6.864382e+00 2.540000e+00
    endloop
  endfacet
  facet normal 6.087614e-01 7.933533e-01 0.000000e+00
    outer loop
      vertex   -6.286179e-01 6.864382e+00 2.540000e+00
      vertex   -4.445000e-01 6.723103e+00 0.000000e+00
      vertex   -6.286179e-01 6.864382e+00 0.000000e+00
    endloop
  endfacet
  facet normal 7.933533e-01 6.087614e-01 0.000000e+00
    outer loop
      vertex   -6.286179e-01 6.864382e+00 2.540000e+00
      vertex   -6.286179e-01 6.864382e+00 0.000000e+00
      vertex   -7.698966e-01 7.048500e+00 2.540000e+00
    endloop
  endfacet
  facet normal 7.933533e-01 6.087614e-01 0.000000e+00
    outer loop
      vertex   -7.698966e-01 7.048500e+00 2.540000e+00
      vertex   -6.286179e-01 6.864382e+00 0.000000e+00
      vertex   -7.698966e-01 7.048500e+00 0.000000e+00
    endloop
  endfacet
  facet normal 9.238795e-01 3.826834e-01 0.000000e+00
    outer loop
      vertex   -7.698966e-01 7.048500e+00 2.540000e+00
      vertex   -7.698966e-01 7.048500e+00 0.000000e+00
      vertex   -8.587081e-01 7.262910e+00 2.540000e+00
    endloop
  endfacet
  facet normal 9.238795e-01 3.826834e-01 0.000000e+00
    outer loop
      vertex   -8.587081e-01 7.262910e+00 2.540000e+00
      vertex   -7.698966e-01 7.048500e+00 0.000000e+00
      vertex   -8.587081e-01 7.262910e+00 0.000000e+00
    endloop
  endfacet
  facet normal 9.914449e-01 1.305262e-01 0.000000e+00
    outer loop
      vertex   -8.587081e-01 7.262910e+00 2.540000e+00
      vertex   -8.587081e-01 7.262910e+00 0.000000e+00
      vertex   -8.890000e-01 7.493000e+00 2.540000e+00
    endloop
  endfacet
  facet normal 9.914449e-01 1.305262e-01 0.000000e+00
    outer loop
      vertex   -8.890000e-01 7.493000e+00 2.540000e+00
      vertex   -8.587081e-01 7.262910e+00 0.000000e+00
      vertex   -8.890000e-01 7.493000e+00 0.000000e+00
    endloop
  endfacet
  facet normal 9.914449e-01 -1.305262e-01 0.000000e+00
    outer loop
      vertex   -8.890000e-01 7.493000e+00 2.540000e+00
      vertex   -8.890000e-01 7.493000e+00 0.000000e+00
      vertex   -8.587081e-01 7.723090e+00 2.540000e+00
    endloop
  endfacet
  facet normal 9.914449e-01 -1.305262e-01 0.000000e+00
    outer loop
      vertex   -8.587081e-01 7.723090e+00 2.540000e+00
      vertex   -8.890000e-01 7.493000e+00 0.000000e+00
      vertex   -8.587081e-01 7.723090e+00 0.000000e+00
    endloop
  endfacet
  facet normal 9.238795e-01 -3.826834e-01 0.000000e+00
    outer loop
      vertex   -8.587081e-01 7.723090e+00 2.540000e+00
      vertex   -8.587081e-01 7.723090e+00 0.000000e+00
      vertex   -7.698966e-01 7.937500e+00 2.540000e+00
    endloop
  endfacet
  facet normal 9.238795e-01 -3.826834e-01 0.000000e+00
    outer loop
      vertex   -7.698966e-01 7.937500e+00 2.540000e+00
      vertex   -8.587081e-01 7.723090e+00 0.000000e+00
      vertex   -7.698966e-01 7.937500e+00 0.000000e+00
    endloop
  endfacet
  facet normal 7.933533e-01 -6.087614e-01 0.000000e+00
    outer loop
      vertex   -7.698966e-01 7.937500e+00 2.540000e+00
      vertex   -7.698966e-01 7.937500e+00 0.000000e+00
      vertex   -6.286179e-01 8.121618e+00 2.540000e+00
    endloop
  endfacet
  facet normal 7.933533e-01 -6.087614e-01 0.000000e+00
    outer loop
      vertex   -6.286179e-01 8.121618e+00 2.540000e+00
      vertex   -7.698966e-01 7.937500e+00 0.000000e+00
      vertex   -6.286179e-01 8.121618e+00 0.000000e+00
    endloop
  endfacet
  facet normal 6.087614e-01 -7.933533e-01 0.000000e+00
    outer loop
      vertex   -6.286179e-01 8.121618e+00 2.540000e+00
      vertex   -6.286179e-01 8.121618e+00 0.000000e+00
      vertex   -4.445000e-01 8.262897e+00 2.540000e+00
    endloop
  endfacet
  facet normal 6.087614e-01 -7.933533e-01 0.000000e+00
    outer loop
      vertex   -4.445000e-01 8.262897e+00 2.540000e+00
      vertex   -6.286179e-01 8.121618e+00 0.000000e+00
      vertex   -4.445000e-01 8.262897e+00 0.000000e+00
    endloop
  endfacet
  facet normal 3.826834e-01 -9.238795e-01 0.000000e+00
    outer loop
      vertex   -4.445000e-01 8.262897e+00 2.540000e+00
      vertex   -4.445000e-01 8.262897e+00 0.000000e+00
      vertex   -2.300901e-01 8.351708e+00 2.540000e+00
    endloop
  endfacet
  facet normal 3.826834e-01 -9.238795e-01 0.000000e+00
    outer loop
      vertex   -2.300901e-01 8.351708e+00 2.540000e+00
      vertex   -4.445000e-01 8.262897e+00 0.000000e+00
      vertex   -2.300901e-01 8.351708e+00 0.000000e+00
    endloop
  endfacet
  facet normal 1.305262e-01 -9.914449e-01 0.000000e+00
    outer loop
      vertex   -2.300901e-01 8.351708e+00 2.540000e+00
      vertex   -2.300901e-01 8.351708e+00 0.000000e+00
      vertex   -1.606674e-11 8.382000e+00 2.540000e+00
    endloop
  endfacet
  facet normal 1.305262e-01 -9.914449e-01 0.000000e+00
    outer loop
      vertex   -1.606674e-11 8.382000e+00 2.540000e+00
      vertex   -2.300901e-01 8.351708e+00 0.000000e+00
      vertex   -1.606674e-11 8.382000e+00 0.000000e+00
    endloop
  endfacet
  facet normal -1.305262e-01 -9.914449e-01 -0.000000e+00
    outer loop
      vertex   -1.606674e-11 8.382000e+00 2.540000e+00
      vertex   -1.606674e-11 8.382000e+00 0.000000e+00
      vertex   2.300901e-01 8.351708e+00 2.540000e+00
    endloop
  endfacet
  facet normal -1.305262e-01 -9.914449e-01 -0.000000e+00
    outer loop
      vertex   2.300901e-01 8.351708e+00 2.540000e+00
      vertex   -1.606674e-11 8.382000e+00 0.000000e+00
      vertex   2.300901e-01 8.351708e+00 0.000000e+00
    endloop
  endfacet
  facet normal -3.826834e-01 -9.238795e-01 -0.000000e+00
    outer loop
      vertex   2.300901e-01 8.351708e+00 2.540000e+00
      vertex   2.300901e-01 8.351708e+00 0.000000e+00
      vertex   4.445000e-01 8.262897e+00 2.540000e+00
    endloop
  endfacet
  facet normal -3.826834e-01 -9.238795e-01 -0.000000e+00
    outer loop
      vertex   4.445000e-01 8.262897e+00 2.540000e+00
      vertex   2.300901e-01 8.351708e+00 0.000000e+00
      vertex   4.445000e-01 8.262897e+00 0.000000e+00
    endloop
  endfacet
  facet normal -6.087614e-01 -7.933533e-01 -0.000000e+00
    outer loop
      vertex   4.445000e-01 8.262897e+00 2.540000e+00
      vertex   4.445000e-01 8.262897e+00 0.000000e+00
      vertex   6.286179e-01 8.121618e+00 2.540000e+00
    endloop
  endfacet
  facet normal -6.087614e-01 -7.933533e-01 -0.000000e+00
    outer loop
      vertex   6.286179e-01 8.121618e+00 2.540000e+00
      vertex   4.445000e-01 8.262897e+00 0.000000e+00
      vertex   6.286179e-01 8.121618e+00 0.000000e+00
    endloop
  endfacet
  facet normal -7.933533e-01 -6.087614e-01 -0.000000e+00
    outer loop
      vertex   6.286179e-01 8.121618e+00 2.540000e+00
      vertex   6.286179e-01 8.121618e+00 0.000000e+00
      vertex   7.698966e-01 7.937500e+00 2.540000e+00
    endloop
  endfacet
  facet normal -7.933533e-01 -6.087614e-01 -0.000000e+00
    outer loop
      vertex   7.698966e-01 7.937500e+00 2.540000e+00
      vertex   6.286179e-01 8.121618e+00 0.000000e+00
      vertex   7.698966e-01 7.937500e+00 0.000000e+00
    endloop
  endfacet
  facet normal -9.238795e-01 -3.826834e-01 -0.000000e+00
    outer loop
      vertex   7.698966e-01 7.937500e+00 2.540000e+00
      vertex   7.698966e-01 7.937500e+00 0.000000e+00
      vertex   8.587081e-01 7.723090e+00 2.540000e+00
    endloop
  endfacet
  facet normal -9.238795e-01 -3.826834e-01 -0.000000e+00
    outer loop
      vertex   8.587081e-01 7.723090e+00 2.540000e+00
      vertex   7.698966e-01 7.937500e+00 0.000000e+00
      vertex   8.587081e-01 7.723090e+00 0.000000e+00
    endloop
  endfacet
  facet normal -9.914449e-01 -1.305262e-01 -0.000000e+00
    outer loop
      vertex   1.127271e+01 2.300901e-01 2.540000e+00
      vertex   1.127271e+01 2.300901e-01 0.000000e+00
      vertex   1.130300e+01 1.606923e-11 2.540000e+00
    endloop
  endfacet
  facet normal -9.914449e-01 -1.305262e-01 -6.933700e-16
    outer loop
      vertex   1.130300e+01 1.606923e-11 2.540000e+00
      vertex   1.127271e+01 2.300901e-01 0.000000e+00
      vertex   1.130300e+01 1.606923e-11 0.000000e+00
    endloop
  endfacet
  facet normal -9.914449e-01 1.305262e-01 -6.933700e-16
    outer loop
      vertex   1.130300e+01 1.606923e-11 2.540000e+00
      vertex   1.130300e+01 1.606923e-11 0.000000e+00
      vertex   1.127271e+01 -2.300901e-01 2.540000e+00
    endloop
  endfacet
  facet normal -9.914449e-01 1.305262e-01 0.000000e+00
    outer loop
      vertex   1.127271e+01 -2.300901e-01 2.540000e+00
      vertex   1.130300e+01 1.606923e-11 0.000000e+00
      vertex   1.127271e+01 -2.300901e-01 0.000000e+00
    endloop
  endfacet
  facet normal -9.238795e-01 3.826834e-01 0.000000e+00
    outer loop
      vertex   1.127271e+01 -2.300901e-01 2.540000e+00
      vertex   1.127271e+01 -2.300901e-01 0.000000e+00
      vertex   1.118390e+01 -4.445000e-01 2.540000e+00
    endloop
  endfacet
  facet normal -9.238795e-01 3.826834e-01 0.000000e+00
    outer loop
      vertex   1.118390e+01 -4.445000e-01 2.540000e+00
      vertex   1.127271e+01 -2.300901e-01 0.000000e+00
      vertex   1.118390e+01 -4.445000e-01 0.000000e+00
    endloop
  endfacet
  facet normal -7.933533e-01 6.087614e-01 0.000000e+00
    outer loop
      vertex   1.118390e+01 -4.445000e-01 2.540000e+00
      vertex   1.118390e+01 -4.445000e-01 0.000000e+00
      vertex   1.104262e+01 -6.286179e-01 2.540000e+00
    endloop
  endfacet
  facet normal -7.933533e-01 6.087614e-01 0.000000e+00
    outer loop
      vertex   1.104262e+01 -6.286179e-01 2.540000e+00
      vertex   1.118390e+01 -4.445000e-01 0.000000e+00
      vertex   1.104262e+01 -6.286179e-01 0.000000e+00
    endloop
  endfacet
  facet normal -6.087614e-01 7.933533e-01 0.000000e+00
    outer loop
      vertex   1.104262e+01 -6.286179e-01 2.540000e+00
      vertex   1.104262e+01 -6.286179e-01 0.000000e+00
      vertex   1.085850e+01 -7.698966e-01 2.540000e+00
    endloop
  endfacet
  facet normal -6.087614e-01 7.933533e-01 0.000000e+00
    outer loop
      vertex   1.085850e+01 -7.698966e-01 2.540000e+00
      vertex   1.104262e+01 -6.286179e-01 0.000000e+00
      vertex   1.085850e+01 -7.698966e-01 0.000000e+00
    endloop
  endfacet
  facet normal -3.826834e-01 9.238795e-01 0.000000e+00
    outer loop
      vertex   1.085850e+01 -7.698966e-01 2.540000e+00
      vertex   1.085850e+01 -7.698966e-01 0.000000e+00
      vertex   1.064409e+01 -8.587081e-01 2.540000e+00
    endloop
  endfacet
  facet normal -3.826834e-01 9.238795e-01 0.000000e+00
    outer loop
      vertex   1.064409e+01 -8.587081e-01 2.540000e+00
      vertex   1.085850e+01 -7.698966e-01 0.000000e+00
      vertex   1.064409e+01 -8.587081e-01 0.000000e+00
    endloop
  endfacet
  facet normal -1.305262e-01 9.914449e-01 0.000000e+00
    outer loop
      vertex   1.064409e+01 -8.587081e-01 2.540000e+00
      vertex   1.064409e+01 -8.587081e-01 0.000000e+00
      vertex   1.041400e+01 -8.890000e-01 2.540000e+00
    endloop
  endfacet
  facet normal -1.305262e-01 9.914449e-01 0.000000e+00
    outer loop
      vertex   1.041400e+01 -8.890000e-01 2.540000e+00
      vertex   1.064409e+01 -8.587081e-01 0.000000e+00
      vertex   1.041400e+01 -8.890000e-01 0.000000e+00
    endloop
  endfacet
  facet normal 1.305262e-01 9.914449e-01 0.000000e+00
    outer loop
      vertex   1.041400e+01 -8.890000e-01 2.540000e+00
      vertex   1.041400e+01 -8.890000e-01 0.000000e+00
      vertex   1.018391e+01 -8.587081e-01 2.540000e+00
    endloop
  endfacet
  facet normal 1.305262e-01 9.914449e-01 0.000000e+00
    outer loop
      vertex   1.018391e+01 -8.587081e-01 2.540000e+00
      vertex   1.041400e+01 -8.890000e-01 0.000000e+00
      vertex   1.018391e+01 -8.587081e-01 0.000000e+00
    endloop
  endfacet
  facet normal 3.826834e-01 9.238795e-01 0.000000e+00
    outer loop
      vertex   1.018391e+01 -8.587081e-01 2.540000e+00
      vertex   1.018391e+01 -8.587081e-01 0.000000e+00
      vertex   9.969500e+00 -7.698966e-01 2.540000e+00
    endloop
  endfacet
  facet normal 3.826834e-01 9.238795e-01 0.000000e+00
    outer loop
      vertex   9.969500e+00 -7.698966e-01 2.540000e+00
      vertex   1.018391e+01 -8.587081e-01 0.000000e+00
      vertex   9.969500e+00 -7.698966e-01 0.000000e+00
    endloop
  endfacet
  facet normal 6.087614e-01 7.933533e-01 0.000000e+00
    outer loop
      vertex   9.969500e+00 -7.698966e-01 2.540000e+00
      vertex   9.969500e+00 -7.698966e-01 0.000000e+00
      vertex   9.785382e+00 -6.286179e-01 2.540000e+00
    endloop
  endfacet
  facet normal 6.087614e-01 7.933533e-01 0.000000e+00
    outer loop
      vertex   9.785382e+00 -6.286179e-01 2.540000e+00
      vertex   9.969500e+00 -7.698966e-01 0.000000e+00
      vertex   9.785382e+00 -6.286179e-01 0.000000e+00
    endloop
  endfacet
  facet normal 7.933533e-01 6.087614e-01 0.000000e+00
    outer loop
      vertex   9.785382e+00 -6.286179e-01 2.540000e+00
      vertex   9.785382e+00 -6.286179e-01 0.000000e+00
      vertex   9.644103e+00 -4.445000e-01 2.540000e+00
    endloop
  endfacet
  facet normal 7.933533e-01 6.087614e-01 0.000000e+00
    outer loop
      vertex   9.644103e+00 -4.445000e-01 2.540000e+00
      vertex   9.785382e+00 -6.286179e-01 0.000000e+00
      vertex   9.644103e+00 -4.445000e-01 0.000000e+00
    endloop
  endfacet
  facet normal 9.238795e-01 3.826834e-01 0.000000e+00
    outer loop
      vertex   9.644103e+00 -4.445000e-01 2.540000e+00
      vertex   9.644103e+00 -4.445000e-01 0.000000e+00
      vertex   9.555292e+00 -2.300901e-01 2.540000e+00
    endloop
  endfacet
  facet normal 9.238795e-01 3.826834e-01 0.000000e+00
    outer loop
      vertex   9.555292e+00 -2.300901e-01 2.540000e+00
      vertex   9.644103e+00 -4.445000e-01 0.000000e+00
      vertex   9.555292e+00 -2.300901e-01 0.000000e+00
    endloop
  endfacet
  facet normal 9.914449e-01 1.305262e-01 0.000000e+00
    outer loop
      vertex   9.555292e+00 -2.300901e-01 2.540000e+00
      vertex   9.555292e+00 -2.300901e-01 0.000000e+00
      vertex   9.525000e+00 1.606912e-11 2.540000e+00
    endloop
  endfacet
  facet normal 9.914449e-01 1.305262e-01 0.000000e+00
    outer loop
      vertex   9.525000e+00 1.606912e-11 2.540000e+00
      vertex   9.555292e+00 -2.300901e-01 0.000000e+00
      vertex   9.525000e+00 1.606912e-11 0.000000e+00
    endloop
  endfacet
  facet normal 9.914449e-01 -1.305262e-01 0.000000e+00
    outer loop
      vertex   9.525000e+00 1.606912e-11 2.540000e+00
      vertex   9.525000e+00 1.606912e-11 0.000000e+00
      vertex   9.555292e+00 2.300901e-01 2.540000e+00
    endloop
  endfacet
  facet normal 9.914449e-01 -1.305262e-01 0.000000e+00
    outer loop
      vertex   9.555292e+00 2.300901e-01 2.540000e+00
      vertex   9.525000e+00 1.606912e-11 0.000000e+00
      vertex   9.555292e+00 2.300901e-01 0.000000e+00
    endloop
  endfacet
  facet normal 9.238795e-01 -3.826834e-01 0.000000e+00
    outer loop
      vertex   9.555292e+00 2.300901e-01 2.540000e+00
      vertex   9.555292e+00 2.300901e-01 0.000000e+00
      vertex   9.644103e+00 4.445000e-01 2.540000e+00
    endloop
  endfacet
  facet normal 9.238795e-01 -3.826834e-01 0.000000e+00
    outer loop
      vertex   9.644103e+00 4.445000e-01 2.540000e+00
      vertex   9.555292e+00 2.300901e-01 0.000000e+00
      vertex   9.644103e+00 4.445000e-01 0.000000e+00
    endloop
  endfacet
  facet normal 7.933533e-01 -6.087614e-01 0.000000e+00
    outer loop
      vertex   9.644103e+00 4.445000e-01 2.540000e+00
      vertex   9.644103e+00 4.445000e-01 0.000000e+00
      vertex   9.785382e+00 6.286179e-01 2.540000e+00
    endloop
  endfacet
  facet normal 7.933533e-01 -6.087614e-01 0.000000e+00
    outer loop
      vertex   9.785382e+00 6.286179e-01 2.540000e+00
      vertex   9.644103e+00 4.445000e-01 0.000000e+00
      vertex   9.785382e+00 6.286179e-01 0.000000e+00
    endloop
  endfacet
  facet normal 6.087614e-01 -7.933533e-01 0.000000e+00
    outer loop
      vertex   9.785382e+00 6.286179e-01 2.540000e+00
      vertex   9.785382e+00 6.286179e-01 0.000000e+00
      vertex   9.969500e+00 7.698966e-01 2.540000e+00
    endloop
  endfacet
  facet normal 6.087614e-01 -7.933533e-01 0.000000e+00
    outer loop
      vertex   9.969500e+00 7.698966e-01 2.540000e+00
      vertex   9.785382e+00 6.286179e-01 0.000000e+00
      vertex   9.969500e+00 7.698966e-01 0.000000e+00
    endloop
  endfacet
  facet normal 3.826834e-01 -9.238795e-01 0.000000e+00
    outer loop
      vertex   9.969500e+00 7.698966e-01 2.540000e+00
      vertex   9.969500e+00 7.698966e-01 0.000000e+00
      vertex   1.018391e+01 8.587081e-01 2.540000e+00
    endloop
  endfacet
  facet normal 3.826834e-01 -9.238795e-01 0.000000e+00
    outer loop
      vertex   1.018391e+01 8.587081e-01 2.540000e+00
      vertex   9.969500e+00 7.698966e-01 0.000000e+00
      vertex   1.018391e+01 8.587081e-01 0.000000e+00
    endloop
  endfacet
  facet normal 1.305262e-01 -9.914449e-01 0.000000e+00
    outer loop
      vertex   1.018391e+01 8.587081e-01 2.540000e+00
      vertex   1.018391e+01 8.587081e-01 0.000000e+00
      vertex   1.041400e+01 8.890000e-01 2.540000e+00
    endloop
  endfacet
  facet normal 1.305262e-01 -9.914449e-01 0.000000e+00
    outer loop
      vertex   1.041400e+01 8.890000e-01 2.540000e+00
      vertex   1.018391e+01 8.587081e-01 0.000000e+00
      vertex   1.041400e+01 8.890000e-01 0.000000e+00
    endloop
  endfacet
  facet normal -1.305262e-01 -9.914449e-01 -0.000000e+00
    outer loop
      vertex   1.041400e+01 8.890000e-01 2.540000e+00
      vertex   1.041400e+01 8.890000e-01 0.000000e+00
      vertex   1.064409e+01 8.587081e-01 2.540000e+00
    endloop
  endfacet
  facet normal -1.305262e-01 -9.914449e-01 -0.000000e+00
    outer loop
      vertex   1.064409e+01 8.587081e-01 2.540000e+00
      vertex   1.041400e+01 8.890000e-01 0.000000e+00
      vertex   1.064409e+01 8.587081e-01 0.000000e+00
    endloop
  endfacet
  facet normal -3.826834e-01 -9.238795e-01 -0.000000e+00
    outer loop
      vertex   1.064409e+01 8.587081e-01 2.540000e+00
      vertex   1.064409e+01 8.587081e-01 0.000000e+00
      vertex   1.085850e+01 7.698966e-01 2.540000e+00
    endloop
  endfacet
  facet normal -3.826834e-01 -9.238795e-01 -0.000000e+00
    outer loop
      vertex   1.085850e+01 7.698966e-01 2.540000e+00
      vertex   1.064409e+01 8.587081e-01 0.000000e+00
      vertex   1.085850e+01 7.698966e-01 0.000000e+00
    endloop
  endfacet
  facet normal -6.087614e-01 -7.933533e-01 -0.000000e+00
    outer loop
      vertex   1.085850e+01 7.698966e-01 2.540000e+00
      vertex   1.085850e+01 7.698966e-01 0.000000e+00
      vertex   1.104262e+01 6.286179e-01 2.540000e+00
    endloop
  endfacet
  facet normal -6.087614e-01 -7.933533e-01 -0.000000e+00
    outer loop
      vertex   1.104262e+01 6.286179e-01 2.540000e+00
      vertex   1.085850e+01 7.698966e-01 0.000000e+00
      vertex   1.104262e+01 6.286179e-01 0.000000e+00
    endloop
  endfacet
  facet normal -7.933533e-01 -6.087614e-01 -0.000000e+00
    outer loop
      vertex   1.104262e+01 6.286179e-01 2.540000e+00
      vertex   1.104262e+01 6.286179e-01 0.000000e+00
      vertex   1.118390e+01 4.445000e-01 2.540000e+00
    endloop
  endfacet
  facet normal -7.933533e-01 -6.087614e-01 -0.000000e+00
    outer loop
      vertex   1.118390e+01 4.445000e-01 2.540000e+00
      vertex   1.104262e+01 6.286179e-01 0.000000e+00
      vertex   1.118390e+01 4.445000e-01 0.000000e+00
    endloop
  endfacet
  facet normal -9.238795e-01 -3.826834e-01 -0.000000e+00
    outer loop
      vertex   1.118390e+01 4.445000e-01 2.540000e+00
      vertex   1.118390e+01 4.445000e-01 0.000000e+00
      vertex   1.127271e+01 2.300901e-01 2.540000e+00
    endloop
  endfacet
  facet normal -9.238795e-01 -3.826834e-01 -0.000000e+00
    outer loop
      vertex   1.127271e+01 2.300901e-01 2.540000e+00
      vertex   1.118390e+01 4.445000e-01 0.000000e+00
      vertex   1.127271e+01 2.300901e-01 0.000000e+00
    endloop
  endfacet
  facet normal -9.914449e-01 -1.305262e-01 -0.000000e+00
    outer loop
      vertex   1.711471e+01 2.300901e-01 2.540000e+00
      vertex   1.711471e+01 2.300901e-01 0.000000e+00
      vertex   1.714500e+01 1.606923e-11 2.540000e+00
    endloop
  endfacet
  facet normal -9.914449e-01 -1.305262e-01 -1.660444e-28
    outer loop
      vertex   1.714500e+01 1.606923e-11 2.540000e+00
      vertex   1.711471e+01 2.300901e-01 0.000000e+00
      vertex   1.714500e+01 1.606923e-11 0.000000e+00
    endloop
  endfacet
  facet normal -9.914449e-01 1.305262e-01 1.660444e-28
    outer loop
      vertex   1.714500e+01 1.606923e-11 2.540000e+00
      vertex   1.714500e+01 1.606923e-11 0.000000e+00
      vertex   1.711471e+01 -2.300901e-01 2.540000e+00
    endloop
  endfacet
  facet normal -9.914449e-01 1.305262e-01 0.000000e+00
    outer loop
      vertex   1.711471e+01 -2.300901e-01 2.540000e+00
      vertex   1.714500e+01 1.606923e-11 0.000000e+00
      vertex   1.711471e+01 -2.300901e-01 0.000000e+00
    endloop
  endfacet
  facet normal -9.238795e-01 3.826834e-01 0.000000e+00
    outer loop
      vertex   1.711471e+01 -2.300901e-01 2.540000e+00
      vertex   1.711471e+01 -2.300901e-01 0.000000e+00
      vertex   1.702590e+01 -4.445000e-01 2.540000e+00
    endloop
  endfacet
  facet normal -9.238795e-01 3.826834e-01 0.000000e+00
    outer loop
      vertex   1.702590e+01 -4.445000e-01 2.540000e+00
      vertex   1.711471e+01 -2.300901e-01 0.000000e+00
      vertex   1.702590e+01 -4.445000e-01 0.000000e+00
    endloop
  endfacet
  facet normal -7.933533e-01 6.087614e-01 0.000000e+00
    outer loop
      vertex   1.702590e+01 -4.445000e-01 2.540000e+00
      vertex   1.702590e+01 -4.445000e-01 0.000000e+00
      vertex   1.688462e+01 -6.286179e-01 2.540000e+00
    endloop
  endfacet
  facet normal -7.933533e-01 6.087614e-01 0.000000e+00
    outer loop
      vertex   1.688462e+01 -6.286179e-01 2.540000e+00
      vertex   1.702590e+01 -4.445000e-01 0.000000e+00
      vertex   1.688462e+01 -6.286179e-01 0.000000e+00
    endloop
  endfacet
  facet normal -6.087614e-01 7.933533e-01 0.000000e+00
    outer loop
      vertex   1.688462e+01 -6.286179e-01 2.540000e+00
      vertex   1.688462e+01 -6.286179e-01 0.000000e+00
      vertex   1.670050e+01 -7.698966e-01 2.540000e+00
    endloop
  endfacet
  facet normal -6.087614e-01 7.933533e-01 0.000000e+00
    outer loop
      vertex   1.670050e+01 -7.698966e-01 2.540000e+00
      vertex   1.688462e+01 -6.286179e-01 0.000000e+00
      vertex   1.670050e+01 -7.698966e-01 0.000000e+00
    endloop
  endfacet
  facet normal -3.826834e-01 9.238795e-01 0.000000e+00
    outer loop
      vertex   1.670050e+01 -7.698966e-01 2.540000e+00
      vertex   1.670050e+01 -7.698966e-01 0.000000e+00
      vertex   1.648609e+01 -8.587081e-01 2.540000e+00
    endloop
  endfacet
  facet normal -3.826834e-01 9.238795e-01 0.000000e+00
    outer loop
      vertex   1.648609e+01 -8.587081e-01 2.540000e+00
      vertex   1.670050e+01 -7.698966e-01 0.000000e+00
      vertex   1.648609e+01 -8.587081e-01 0.000000e+00
    endloop
  endfacet
  facet normal -1.305262e-01 9.914449e-01 0.000000e+00
    outer loop
      vertex   1.648609e+01 -8.587081e-01 2.540000e+00
      vertex   1.648609e+01 -8.587081e-01 0.000000e+00
      vertex   1.625600e+01 -8.890000e-01 2.540000e+00
    endloop
  endfacet
  facet normal -1.305262e-01 9.914449e-01 0.000000e+00
    outer loop
      vertex   1.625600e+01 -8.890000e-01 2.540000e+00
      vertex   1.648609e+01 -8.587081e-01 0.000000e+00
      vertex   1.625600e+01 -8.890000e-01 0.000000e+00
    endloop
  endfacet
  facet normal 1.305262e-01 9.914449e-01 0.000000e+00
    outer loop
      vertex   1.625600e+01 -8.890000e-01 2.540000e+00
      vertex   1.625600e+01 -8.890000e-01 0.000000e+00
      vertex   1.602591e+01 -8.587081e-01 2.540000e+00
    endloop
  endfacet
  facet normal 1.305262e-01 9.914449e-01 0.000000e+00
    outer loop
      vertex   1.602591e+01 -8.587081e-01 2.540000e+00
      vertex   1.625600e+01 -8.890000e-01 0.000000e+00
      vertex   1.602591e+01 -8.587081e-01 0.000000e+00
    endloop
  endfacet
  facet normal 3.826834e-01 9.238795e-01 0.000000e+00
    outer loop
      vertex   1.602591e+01 -8.587081e-01 2.540000e+00
      vertex   1.602591e+01 -8.587081e-01 0.000000e+00
      vertex   1.581150e+01 -7.698966e-01 2.540000e+00
    endloop
  endfacet
  facet normal 3.826834e-01 9.238795e-01 0.000000e+00
    outer loop
      vertex   1.581150e+01 -7.698966e-01 2.540000e+00
      vertex   1.602591e+01 -8.587081e-01 0.000000e+00
      vertex   1.581150e+01 -7.698966e-01 0.000000e+00
    endloop
  endfacet
  facet normal 6.087614e-01 7.933533e-01 0.000000e+00
    outer loop
      vertex   1.581150e+01 -7.698966e-01 2.540000e+00
      vertex   1.581150e+01 -7.698966e-01 0.000000e+00
      vertex   1.562738e+01 -6.286179e-01 2.540000e+00
    endloop
  endfacet
  facet normal 6.087614e-01 7.933533e-01 0.000000e+00
    outer loop
      vertex   1.562738e+01 -6.286179e-01 2.540000e+00
      vertex   1.581150e+01 -7.698966e-01 0.000000e+00
      vertex   1.562738e+01 -6.286179e-01 0.000000e+00
    endloop
  endfacet
  facet normal 7.933533e-01 6.087614e-01 0.000000e+00
    outer loop
      vertex   1.562738e+01 -6.286179e-01 2.540000e+00
      vertex   1.562738e+01 -6.286179e-01 0.000000e+00
      vertex   1.548610e+01 -4.445000e-01 2.540000e+00
    endloop
  endfacet
  facet normal 7.933533e-01 6.087614e-01 0.000000e+00
    outer loop
      vertex   1.548610e+01 -4.445000e-01 2.540000e+00
      vertex   1.562738e+01 -6.286179e-01 0.000000e+00
      vertex   1.548610e+01 -4.445000e-01 0.000000e+00
    endloop
  endfacet
  facet normal 9.238795e-01 3.826834e-01 0.000000e+00
    outer loop
      vertex   1.548610e+01 -4.445000e-01 2.540000e+00
      vertex   1.548610e+01 -4.445000e-01 0.000000e+00
      vertex   1.539729e+01 -2.300901e-01 2.540000e+00
    endloop
  endfacet
  facet normal 9.238795e-01 3.826834e-01 0.000000e+00
    outer loop
      vertex   1.539729e+01 -2.300901e-01 2.540000e+00
      vertex   1.548610e+01 -4.445000e-01 0.000000e+00
      vertex   1.539729e+01 -2.300901e-01 0.000000e+00
    endloop
  endfacet
  facet normal 9.914449e-01 1.305262e-01 0.000000e+00
    outer loop
      vertex   1.539729e+01 -2.300901e-01 2.540000e+00
      vertex   1.539729e+01 -2.300901e-01 0.000000e+00
      vertex   1.536700e+01 1.606912e-11 2.540000e+00
    endloop
  endfacet
  facet normal 9.914449e-01 1.305262e-01 0.000000e+00
    outer loop
      vertex   1.536700e+01 1.606912e-11 2.540000e+00
      vertex   1.539729e+01 -2.300901e-01 0.000000e+00
      vertex   1.536700e+01 1.606912e-11 0.000000e+00
    endloop
  endfacet
  facet normal 9.914449e-01 -1.305262e-01 0.000000e+00
    outer loop
      vertex   1.536700e+01 1.606912e-11 2.540000e+00
      vertex   1.536700e+01 1.606912e-11 0.000000e+00
      vertex   1.539729e+01 2.300901e-01 2.540000e+00
    endloop
  endfacet
  facet normal 9.914449e-01 -1.305262e-01 0.000000e+00
    outer loop
      vertex   1.539729e+01 2.300901e-01 2.540000e+00
      vertex   1.536700e+01 1.606912e-11 0.000000e+00
      vertex   1.539729e+01 2.300901e-01 0.000000e+00
    endloop
  endfacet
  facet normal 9.238795e-01 -3.826834e-01 0.000000e+00
    outer loop
      vertex   1.539729e+01 2.300901e-01 2.540000e+00
      vertex   1.539729e+01 2.300901e-01 0.000000e+00
      vertex   1.548610e+01 4.445000e-01 2.540000e+00
    endloop
  endfacet
  facet normal 9.238795e-01 -3.826834e-01 0.000000e+00
    outer loop
      vertex   1.548610e+01 4.445000e-01 2.540000e+00
      vertex   1.539729e+01 2.300901e-01 0.000000e+00
      vertex   1.548610e+01 4.445000e-01 0.000000e+00
    endloop
  endfacet
  facet normal 7.933533e-01 -6.087614e-01 0.000000e+00
    outer loop
      vertex   1.548610e+01 4.445000e-01 2.540000e+00
      vertex   1.548610e+01 4.445000e-01 0.000000e+00
      vertex   1.562738e+01 6.286179e-01 2.540000e+00
    endloop
  endfacet
  facet normal 7.933533e-01 -6.087614e-01 0.000000e+00
    outer loop
      vertex   1.562738e+01 6.286179e-01 2.540000e+00
      vertex   1.548610e+01 4.445000e-01 0.000000e+00
      vertex   1.562738e+01 6.286179e-01 0.000000e+00
    endloop
  endfacet
  facet normal 6.087614e-01 -7.933533e-01 0.000000e+00
    outer loop
      vertex   1.562738e+01 6.286179e-01 2.540000e+00
      vertex   1.562738e+01 6.286179e-01 0.000000e+00
      vertex   1.581150e+01 7.698966e-01 2.540000e+00
    endloop
  endfacet
  facet normal 6.087614e-01 -7.933533e-01 0.000000e+00
    outer loop
      vertex   1.581150e+01 7.698966e-01 2.540000e+00
      vertex   1.562738e+01 6.286179e-01 0.000000e+00
      vertex   1.581150e+01 7.698966e-01 0.000000e+00
    endloop
  endfacet
  facet normal 3.826834e-01 -9.238795e-01 0.000000e+00
    outer loop
      vertex   1.581150e+01 7.698966e-01 2.540000e+00
      vertex   1.581150e+01 7.698966e-01 0.000000e+00
      vertex   1.602591e+01 8.587081e-01 2.540000e+00
    endloop
  endfacet
  facet normal 3.826834e-01 -9.238795e-01 0.000000e+00
    outer loop
      vertex   1.602591e+01 8.587081e-01 2.540000e+00
      vertex   1.581150e+01 7.698966e-01 0.000000e+00
      vertex   1.602591e+01 8.587081e-01 0.000000e+00
    endloop
  endfacet
  facet normal 1.305262e-01 -9.914449e-01 0.000000e+00
    outer loop
      vertex   1.602591e+01 8.587081e-01 2.540000e+00
      vertex   1.602591e+01 8.587081e-01 0.000000e+00
      vertex   1.625600e+01 8.890000e-01 2.540000e+00
    endloop
  endfacet
  facet normal 1.305262e-01 -9.914449e-01 0.000000e+00
    outer loop
      vertex   1.625600e+01 8.890000e-01 2.540000e+00
      vertex   1.602591e+01 8.587081e-01 0.000000e+00
      vertex   1.625600e+01 8.890000e-01 0.000000e+00
    endloop
  endfacet
  facet normal -1.305262e-01 -9.914449e-01 -0.000000e+00
    outer loop
      vertex   1.625600e+01 8.890000e-01 2.540000e+00
      vertex   1.625600e+01 8.890000e-01 0.000000e+00
      vertex   1.648609e+01 8.587081e-01 2.540000e+00
    endloop
  endfacet
  facet normal -1.305262e-01 -9.914449e-01 -0.000000e+00
    outer loop
      vertex   1.648609e+01 8.587081e-01 2.540000e+00
      vertex   1.625600e+01 8.890000e-01 0.000000e+00
      vertex   1.648609e+01 8.587081e-01 0.000000e+00
    endloop
  endfacet
  facet normal -3.826834e-01 -9.238795e-01 -0.000000e+00
    outer loop
      vertex   1.648609e+01 8.587081e-01 2.540000e+00
      vertex   1.648609e+01 8.587081e-01 0.000000e+00
      vertex   1.670050e+01 7.698966e-01 2.540000e+00
    endloop
  endfacet
  facet normal -3.826834e-01 -9.238795e-01 -0.000000e+00
    outer loop
      vertex   1.670050e+01 7.698966e-01 2.540000e+00
      vertex   1.648609e+01 8.587081e-01 0.000000e+00
      vertex   1.670050e+01 7.698966e-01 0.000000e+00
    endloop
  endfacet
  facet normal -6.087614e-01 -7.933533e-01 -0.000000e+00
    outer loop
      vertex   1.670050e+01 7.698966e-01 2.540000e+00
      vertex   1.670050e+01 7.698966e-01 0.000000e+00
      vertex   1.688462e+01 6.286179e-01 2.540000e+00
    endloop
  endfacet
  facet normal -6.087614e-01 -7.933533e-01 -0.000000e+00
    outer loop
      vertex   1.688462e+01 6.286179e-01 2.540000e+00
      vertex   1.670050e+01 7.698966e-01 0.000000e+00
      vertex   1.688462e+01 6.286179e-01 0.000000e+00
    endloop
  endfacet
  facet normal -7.933533e-01 -6.087614e-01 -0.000000e+00
    outer loop
      vertex   1.688462e+01 6.286179e-01 2.540000e+00
      vertex   1.688462e+01 6.286179e-01 0.000000e+00
      vertex   1.702590e+01 4.445000e-01 2.540000e+00
    endloop
  endfacet
  facet normal -7.933533e-01 -6.087614e-01 -0.000000e+00
    outer loop
      vertex   1.702590e+01 4.445000e-01 2.540000e+00
      vertex   1.688462e+01 6.286179e-01 0.000000e+00
      vertex   1.702590e+01 4.445000e-01 0.000000e+00
    endloop
  endfacet
  facet normal -9.238795e-01 -3.826834e-01 -0.000000e+00
    outer loop
      vertex   1.702590e+01 4.445000e-01 2.540000e+00
      vertex   1.702590e+01 4.445000e-01 0.000000e+00
      vertex   1.711471e+01 2.300901e-01 2.540000e+00
    endloop
  endfacet
  facet normal -9.238795e-01 -3.826834e-01 -0.000000e+00
    outer loop
      vertex   1.711471e+01 2.300901e-01 2.540000e+00
      vertex   1.702590e+01 4.445000e-01 0.000000e+00
      vertex   1.711471e+01 2.300901e-01 0.000000e+00
    endloop
  endfacet
  facet normal -9.914449e-01 -1.305262e-01 -0.000000e+00
    outer loop
      vertex   8.587081e-01 -1.018391e+01 2.540000e+00
      vertex   8.587081e-01 -1.018391e+01 0.000000e+00
      vertex   8.890000e-01 -1.041400e+01 2.540000e+00
    endloop
  endfacet
  facet normal -9.914449e-01 -1.305262e-01 2.600138e-16
    outer loop
      vertex   8.890000e-01 -1.041400e+01 2.540000e+00
      vertex   8.587081e-01 -1.018391e+01 0.000000e+00
      vertex   8.890000e-01 -1.041400e+01 0.000000e+00
    endloop
  endfacet
  facet normal -9.914449e-01 1.305262e-01 2.600138e-16
    outer loop
      vertex   8.890000e-01 -1.041400e+01 2.540000e+00
      vertex   8.890000e-01 -1.041400e+01 0.000000e+00
      vertex   8.587081e-01 -1.064409e+01 2.540000e+00
    endloop
  endfacet
  facet normal -9.914449e-01 1.305262e-01 0.000000e+00
    outer loop
      vertex   8.587081e-01 -1.064409e+01 2.540000e+00
      vertex   8.890000e-01 -1.041400e+01 0.000000e+00
      vertex   8.587081e-01 -1.064409e+01 0.000000e+00
    endloop
  endfacet
  facet normal -9.238795e-01 3.826834e-01 0.000000e+00
    outer loop
      vertex   8.587081e-01 -1.064409e+01 2.540000e+00
      vertex   8.587081e-01 -1.064409e+01 0.000000e+00
      vertex   7.698966e-01 -1.085850e+01 2.540000e+00
    endloop
  endfacet
  facet normal -9.238795e-01 3.826834e-01 0.000000e+00
    outer loop
      vertex   7.698966e-01 -1.085850e+01 2.540000e+00
      vertex   8.587081e-01 -1.064409e+01 0.000000e+00
      vertex   7.698966e-01 -1.085850e+01 0.000000e+00
    endloop
  endfacet
  facet normal -7.933533e-01 6.087614e-01 0.000000e+00
    outer loop
      vertex   7.698966e-01 -1.085850e+01 2.540000e+00
      vertex   7.698966e-01 -1.085850e+01 0.000000e+00
      vertex   6.286179e-01 -1.104262e+01 2.540000e+00
    endloop
  endfacet
  facet normal -7.933533e-01 6.087614e-01 0.000000e+00
    outer loop
      vertex   6.286179e-01 -1.104262e+01 2.540000e+00
      vertex   7.698966e-01 -1.085850e+01 0.000000e+00
      vertex   6.286179e-01 -1.104262e+01 0.000000e+00
    endloop
  endfacet
  facet normal -6.087614e-01 7.933533e-01 0.000000e+00
    outer loop
      vertex   6.286179e-01 -1.104262e+01 2.540000e+00
      vertex   6.286179e-01 -1.104262e+01 0.000000e+00
      vertex   4.445000e-01 -1.118390e+01 2.540000e+00
    endloop
  endfacet
  facet normal -6.087614e-01 7.933533e-01 0.000000e+00
    outer loop
      vertex   4.445000e-01 -1.118390e+01 2.540000e+00
      vertex   6.286179e-01 -1.104262e+01 0.000000e+00
      vertex   4.445000e-01 -1.118390e+01 0.000000e+00
    endloop
  endfacet
  facet normal -3.826834e-01 9.238795e-01 0.000000e+00
    outer loop
      vertex   4.445000e-01 -1.118390e+01 2.540000e+00
      vertex   4.445000e-01 -1.118390e+01 0.000000e+00
      vertex   2.300901e-01 -1.127271e+01 2.540000e+00
    endloop
  endfacet
  facet normal -3.826834e-01 9.238795e-01 0.000000e+00
    outer loop
      vertex   2.300901e-01 -1.127271e+01 2.540000e+00
      vertex   4.445000e-01 -1.118390e+01 0.000000e+00
      vertex   2.300901e-01 -1.127271e+01 0.000000e+00
    endloop
  endfacet
  facet normal -1.305262e-01 9.914449e-01 0.000000e+00
    outer loop
      vertex   2.300901e-01 -1.127271e+01 2.540000e+00
      vertex   2.300901e-01 -1.127271e+01 0.000000e+00
      vertex   1.606518e-11 -1.130300e+01 2.540000e+00
    endloop
  endfacet
  facet normal -1.305262e-01 9.914449e-01 0.000000e+00
    outer loop
      vertex   1.606518e-11 -1.130300e+01 2.540000e+00
      vertex   2.300901e-01 -1.127271e+01 0.000000e+00
      vertex   1.606518e-11 -1.130300e+01 0.000000e+00
    endloop
  endfacet
  facet normal 1.305262e-01 9.914449e-01 0.000000e+00
    outer loop
      vertex   1.606518e-11 -1.130300e+01 2.540000e+00
      vertex   1.606518e-11 -1.130300e+01 0.000000e+00
      vertex   -2.300901e-01 -1.127271e+01 2.540000e+00
    endloop
  endfacet
  facet normal 1.305262e-01 9.914449e-01 0.000000e+00
    outer loop
      vertex   -2.300901e-01 -1.127271e+01 2.540000e+00
      vertex   1.606518e-11 -1.130300e+01 0.000000e+00
      vertex   -2.300901e-01 -1.127271e+01 0.000000e+00
    endloop
  endfacet
  facet normal 3.826834e-01 9.238795e-01 0.000000e+00
    outer loop
      vertex   -2.300901e-01 -1.127271e+01 2.540000e+00
      vertex   -2.300901e-01 -1.127271e+01 0.000000e+00
      vertex   -4.445000e-01 -1.118390e+01 2.540000e+00
    endloop
  endfacet
  facet normal 3.826834e-01 9.238795e-01 0.000000e+00
    outer loop
      vertex   -4.445000e-01 -1.118390e+01 2.540000e+00
      vertex   -2.300901e-01 -1.127271e+01 0.000000e+00
      vertex   -4.445000e-01 -1.118390e+01 0.000000e+00
    endloop
  endfacet
  facet normal 6.087614e-01 7.933533e-01 0.000000e+00
    outer loop
      vertex   -4.445000e-01 -1.118390e+01 2.540000e+00
      vertex   -4.445000e-01 -1.118390e+01 0.000000e+00
      vertex   -6.286179e-01 -1.104262e+01 2.540000e+00
    endloop
  endfacet
  facet normal 6.087614e-01 7.933533e-01 0.000000e+00
    outer loop
      vertex   -6.286179e-01 -1.104262e+01 2.540000e+00
      vertex   -4.445000e-01 -1.118390e+01 0.000000e+00
      vertex   -6.286179e-01 -1.104262e+01 0.000000e+00
    endloop
  endfacet
  facet normal 7.933533e-01 6.087614e-01 0.000000e+00
    outer loop
      vertex   -6.286179e-01 -1.104262e+01 2.540000e+00
      vertex   -6.286179e-01 -1.104262e+01 0.000000e+00
      vertex   -7.698966e-01 -1.085850e+01 2.540000e+00
    endloop
  endfacet
  facet normal 7.933533e-01 6.087614e-01 0.000000e+00
    outer loop
      vertex   -7.698966e-01 -1.085850e+01 2.540000e+00
      vertex   -6.286179e-01 -1.104262e+01 0.000000e+00
      vertex   -7.698966e-01 -1.085850e+01 0.000000e+00
    endloop
  endfacet
  facet normal 9.238795e-01 3.826834e-01 0.000000e+00
    outer loop
      vertex   -7.698966e-01 -1.085850e+01 2.540000e+00
      vertex   -7.698966e-01 -1.085850e+01 0.000000e+00
      vertex   -8.587081e-01 -1.064409e+01 2.540000e+00
    endloop
  endfacet
  facet normal 9.238795e-01 3.826834e-01 0.000000e+00
    outer loop
      vertex   -8.587081e-01 -1.064409e+01 2.540000e+00
      vertex   -7.698966e-01 -1.085850e+01 0.000000e+00
      vertex   -8.587081e-01 -1.064409e+01 0.000000e+00
    endloop
  endfacet
  facet normal 9.914449e-01 1.305262e-01 0.000000e+00
    outer loop
      vertex   -8.587081e-01 -1.064409e+01 2.540000e+00
      vertex   -8.587081e-01 -1.064409e+01 0.000000e+00
      vertex   -8.890000e-01 -1.041400e+01 2.540000e+00
    endloop
  endfacet
  facet normal 9.914449e-01 1.305262e-01 0.000000e+00
    outer loop
      vertex   -8.890000e-01 -1.041400e+01 2.540000e+00
      vertex   -8.587081e-01 -1.064409e+01 0.000000e+00
      vertex   -8.890000e-01 -1.041400e+01 0.000000e+00
    endloop
  endfacet
  facet normal 9.914449e-01 -1.305262e-01 0.000000e+00
    outer loop
      vertex   -8.890000e-01 -1.041400e+01 2.540000e+00
      vertex   -8.890000e-01 -1.041400e+01 0.000000e+00
      vertex   -8.587081e-01 -1.018391e+01 2.540000e+00
    endloop
  endfacet
  facet normal 9.914449e-01 -1.305262e-01 0.000000e+00
    outer loop
      vertex   -8.587081e-01 -1.018391e+01 2.540000e+00
      vertex   -8.890000e-01 -1.041400e+01 0.000000e+00
      vertex   -8.587081e-01 -1.018391e+01 0.000000e+00
    endloop
  endfacet
  facet normal 9.238795e-01 -3.826834e-01 0.000000e+00
    outer loop
      vertex   -8.587081e-01 -1.018391e+01 2.540000e+00
      vertex   -8.587081e-01 -1.018391e+01 0.000000e+00
      vertex   -7.698966e-01 -9.969500e+00 2.540000e+00
    endloop
  endfacet
  facet normal 9.238795e-01 -3.826834e-01 0.000000e+00
    outer loop
      vertex   -7.698966e-01 -9.969500e+00 2.540000e+00
      vertex   -8.587081e-01 -1.018391e+01 0.000000e+00
      vertex   -7.698966e-01 -9.969500e+00 0.000000e+00
    endloop
  endfacet
  facet normal 7.933533e-01 -6.087614e-01 0.000000e+00
    outer loop
      vertex   -7.698966e-01 -9.969500e+00 2.540000e+00
      vertex   -7.698966e-01 -9.969500e+00 0.000000e+00
      vertex   -6.286179e-01 -9.785382e+00 2.540000e+00
    endloop
  endfacet
  facet normal 7.933533e-01 -6.087614e-01 0.000000e+00
    outer loop
      vertex   -6.286179e-01 -9.785382e+00 2.540000e+00
      vertex   -7.698966e-01 -9.969500e+00 0.000000e+00
      vertex   -6.286179e-01 -9.785382e+00 0.000000e+00
    endloop
  endfacet
  facet normal 6.087614e-01 -7.933533e-01 0.000000e+00
    outer loop
      vertex   -6.286179e-01 -9.785382e+00 2.540000e+00
      vertex   -6.286179e-01 -9.785382e+00 0.000000e+00
      vertex   -4.445000e-01 -9.644103e+00 2.540000e+00
    endloop
  endfacet
  facet normal 6.087614e-01 -7.933533e-01 0.000000e+00
    outer loop
      vertex   -4.445000e-01 -9.644103e+00 2.540000e+00
      vertex   -6.286179e-01 -9.785382e+00 0.000000e+00
      vertex   -4.445000e-01 -9.644103e+00 0.000000e+00
    endloop
  endfacet
  facet normal 3.826834e-01 -9.238795e-01 0.000000e+00
    outer loop
      vertex   -4.445000e-01 -9.644103e+00 2.540000e+00
      vertex   -4.445000e-01 -9.644103e+00 0.000000e+00
      vertex   -2.300901e-01 -9.555292e+00 2.540000e+00
    endloop
  endfacet
  facet normal 3.826834e-01 -9.238795e-01 0.000000e+00
    outer loop
      vertex   -2.300901e-01 -9.555292e+00 2.540000e+00
      vertex   -4.445000e-01 -9.644103e+00 0.000000e+00
      vertex   -2.300901e-01 -9.555292e+00 0.000000e+00
    endloop
  endfacet
  facet normal 1.305262e-01 -9.914449e-01 0.000000e+00
    outer loop
      vertex   -2.300901e-01 -9.555292e+00 2.540000e+00
      vertex   -2.300901e-01 -9.555292e+00 0.000000e+00
      vertex   1.606518e-11 -9.525000e+00 2.540000e+00
    endloop
  endfacet
  facet normal 1.305262e-01 -9.914449e-01 0.000000e+00
    outer loop
      vertex   1.606518e-11 -9.525000e+00 2.540000e+00
      vertex   -2.300901e-01 -9.555292e+00 0.000000e+00
      vertex   1.606518e-11 -9.525000e+00 0.000000e+00
    endloop
  endfacet
  facet normal -1.305262e-01 -9.914449e-01 -0.000000e+00
    outer loop
      vertex   1.606518e-11 -9.525000e+00 2.540000e+00
      vertex   1.606518e-11 -9.525000e+00 0.000000e+00
      vertex   2.300901e-01 -9.555292e+00 2.540000e+00
    endloop
  endfacet
  facet normal -1.305262e-01 -9.914449e-01 -0.000000e+00
    outer loop
      vertex   2.300901e-01 -9.555292e+00 2.540000e+00
      vertex   1.606518e-11 -9.525000e+00 0.000000e+00
      vertex   2.300901e-01 -9.555292e+00 0.000000e+00
    endloop
  endfacet
  facet normal -3.826834e-01 -9.238795e-01 -0.000000e+00
    outer loop
      vertex   2.300901e-01 -9.555292e+00 2.540000e+00
      vertex   2.300901e-01 -9.555292e+00 0.000000e+00
      vertex   4.445000e-01 -9.644103e+00 2.540000e+00
    endloop
  endfacet
  facet normal -3.826834e-01 -9.238795e-01 -0.000000e+00
    outer loop
      vertex   4.445000e-01 -9.644103e+00 2.540000e+00
      vertex   2.300901e-01 -9.555292e+00 0.000000e+00
      vertex   4.445000e-01 -9.644103e+00 0.000000e+00
    endloop
  endfacet
  facet normal -6.087614e-01 -7.933533e-01 -0.000000e+00
    outer loop
      vertex   4.445000e-01 -9.644103e+00 2.540000e+00
      vertex   4.445000e-01 -9.644103e+00 0.000000e+00
      vertex   6.286179e-01 -9.785382e+00 2.540000e+00
    endloop
  endfacet
  facet normal -6.087614e-01 -7.933533e-01 -0.000000e+00
    outer loop
      vertex   6.286179e-01 -9.785382e+00 2.540000e+00
      vertex   4.445000e-01 -9.644103e+00 0.000000e+00
      vertex   6.286179e-01 -9.785382e+00 0.000000e+00
    endloop
  endfacet
  facet normal -7.933533e-01 -6.087614e-01 -0.000000e+00
    outer loop
      vertex   6.286179e-01 -9.785382e+00 2.540000e+00
      vertex   6.286179e-01 -9.785382e+00 0.000000e+00
      vertex   7.698966e-01 -9.969500e+00 2.540000e+00
    endloop
  endfacet
  facet normal -7.933533e-01 -6.087614e-01 -0.000000e+00
    outer loop
      vertex   7.698966e-01 -9.969500e+00 2.540000e+00
      vertex   6.286179e-01 -9.785382e+00 0.000000e+00
      vertex   7.698966e-01 -9.969500e+00 0.000000e+00
    endloop
  endfacet
  facet normal -9.238795e-01 -3.826834e-01 -0.000000e+00
    outer loop
      vertex   7.698966e-01 -9.969500e+00 2.540000e+00
      vertex   7.698966e-01 -9.969500e+00 0.000000e+00
      vertex   8.587081e-01 -1.018391e+01 2.540000e+00
    endloop
  endfacet
  facet normal -9.238795e-01 -3.826834e-01 -0.000000e+00
    outer loop
      vertex   8.587081e-01 -1.018391e+01 2.540000e+00
      vertex   7.698966e-01 -9.969500e+00 0.000000e+00
      vertex   8.587081e-01 -1.018391e+01 0.000000e+00
    endloop
  endfacet
  facet normal -9.914449e-01 -1.305262e-01 -0.000000e+00
    outer loop
      vertex   8.587081e-01 -1.602591e+01 2.540000e+00
      vertex   8.587081e-01 -1.602591e+01 0.000000e+00
      vertex   8.890000e-01 -1.625600e+01 2.540000e+00
    endloop
  endfacet
  facet normal -9.914449e-01 -1.305262e-01 -1.733425e-16
    outer loop
      vertex   8.890000e-01 -1.625600e+01 2.540000e+00
      vertex   8.587081e-01 -1.602591e+01 0.000000e+00
      vertex   8.890000e-01 -1.625600e+01 0.000000e+00
    endloop
  endfacet
  facet normal -9.914449e-01 1.305262e-01 -1.733425e-16
    outer loop
      vertex   8.890000e-01 -1.625600e+01 2.540000e+00
      vertex   8.890000e-01 -1.625600e+01 0.000000e+00
      vertex   8.587081e-01 -1.648609e+01 2.540000e+00
    endloop
  endfacet
  facet normal -9.914449e-01 1.305262e-01 0.000000e+00
    outer loop
      vertex   8.587081e-01 -1.648609e+01 2.540000e+00
      vertex   8.890000e-01 -1.625600e+01 0.000000e+00
      vertex   8.587081e-01 -1.648609e+01 0.000000e+00
    endloop
  endfacet
  facet normal -9.238795e-01 3.826834e-01 0.000000e+00
    outer loop
      vertex   8.587081e-01 -1.648609e+01 2.540000e+00
      vertex   8.587081e-01 -1.648609e+01 0.000000e+00
      vertex   7.698966e-01 -1.670050e+01 2.540000e+00
    endloop
  endfacet
  facet normal -9.238795e-01 3.826834e-01 0.000000e+00
    outer loop
      vertex   7.698966e-01 -1.670050e+01 2.540000e+00
      vertex   8.587081e-01 -1.648609e+01 0.000000e+00
      vertex   7.698966e-01 -1.670050e+01 0.000000e+00
    endloop
  endfacet
  facet normal -7.933533e-01 6.087614e-01 0.000000e+00
    outer loop
      vertex   7.698966e-01 -1.670050e+01 2.540000e+00
      vertex   7.698966e-01 -1.670050e+01 0.000000e+00
      vertex   6.286179e-01 -1.688462e+01 2.540000e+00
    endloop
  endfacet
  facet normal -7.933533e-01 6.087614e-01 0.000000e+00
    outer loop
      vertex   6.286179e-01 -1.688462e+01 2.540000e+00
      vertex   7.698966e-01 -1.670050e+01 0.000000e+00
      vertex   6.286179e-01 -1.688462e+01 0.000000e+00
    endloop
  endfacet
  facet normal -6.087614e-01 7.933533e-01 0.000000e+00
    outer loop
      vertex   6.286179e-01 -1.688462e+01 2.540000e+00
      vertex   6.286179e-01 -1.688462e+01 0.000000e+00
      vertex   4.445000e-01 -1.702590e+01 2.540000e+00
    endloop
  endfacet
  facet normal -6.087614e-01 7.933533e-01 0.000000e+00
    outer loop
      vertex   4.445000e-01 -1.702590e+01 2.540000e+00
      vertex   6.286179e-01 -1.688462e+01 0.000000e+00
      vertex   4.445000e-01 -1.702590e+01 0.000000e+00
    endloop
  endfacet
  facet normal -3.826834e-01 9.238795e-01 0.000000e+00
    outer loop
      vertex   4.445000e-01 -1.702590e+01 2.540000e+00
      vertex   4.445000e-01 -1.702590e+01 0.000000e+00
      vertex   2.300901e-01 -1.711471e+01 2.540000e+00
    endloop
  endfacet
  facet normal -3.826834e-01 9.238795e-01 0.000000e+00
    outer loop
      vertex   2.300901e-01 -1.711471e+01 2.540000e+00
      vertex   4.445000e-01 -1.702590e+01 0.000000e+00
      vertex   2.300901e-01 -1.711471e+01 0.000000e+00
    endloop
  endfacet
  facet normal -1.305262e-01 9.914449e-01 0.000000e+00
    outer loop
      vertex   2.300901e-01 -1.711471e+01 2.540000e+00
      vertex   2.300901e-01 -1.711471e+01 0.000000e+00
      vertex   1.606411e-11 -1.714500e+01 2.540000e+00
    endloop
  endfacet
  facet normal -1.305262e-01 9.914449e-01 0.000000e+00
    outer loop
      vertex   1.606411e-11 -1.714500e+01 2.540000e+00
      vertex   2.300901e-01 -1.711471e+01 0.000000e+00
      vertex   1.606411e-11 -1.714500e+01 0.000000e+00
    endloop
  endfacet
  facet normal 1.305262e-01 9.914449e-01 0.000000e+00
    outer loop
      vertex   1.606411e-11 -1.714500e+01 2.540000e+00
      vertex   1.606411e-11 -1.714500e+01 0.000000e+00
      vertex   -2.300901e-01 -1.711471e+01 2.540000e+00
    endloop
  endfacet
  facet normal 1.305262e-01 9.914449e-01 0.000000e+00
    outer loop
      vertex   -2.300901e-01 -1.711471e+01 2.540000e+00
      vertex   1.606411e-11 -1.714500e+01 0.000000e+00
      vertex   -2.300901e-01 -1.711471e+01 0.000000e+00
    endloop
  endfacet
  facet normal 3.826834e-01 9.238795e-01 0.000000e+00
    outer loop
      vertex   -2.300901e-01 -1.711471e+01 2.540000e+00
      vertex   -2.300901e-01 -1.711471e+01 0.000000e+00
      vertex   -4.445000e-01 -1.702590e+01 2.540000e+00
    endloop
  endfacet
  facet normal 3.826834e-01 9.238795e-01 0.000000e+00
    outer loop
      vertex   -4.445000e-01 -1.702590e+01 2.540000e+00
      vertex   -2.300901e-01 -1.711471e+01 0.000000e+00
      vertex   -4.445000e-01 -1.702590e+01 0.000000e+00
    endloop
  endfacet
  facet normal 6.087614e-01 7.933533e-01 0.000000e+00
    outer loop
      vertex   -4.445000e-01 -1.702590e+01 2.540000e+00
      vertex   -4.445000e-01 -1.702590e+01 0.000000e+00
      vertex   -6.286179e-01 -1.688462e+01 2.540000e+00
    endloop
  endfacet
  facet normal 6.087614e-01 7.933533e-01 0.000000e+00
    outer loop
      vertex   -6.286179e-01 -1.688462e+01 2.540000e+00
      vertex   -4.445000e-01 -1.702590e+01 0.000000e+00
      vertex   -6.286179e-01 -1.688462e+01 0.000000e+00
    endloop
  endfacet
  facet normal 7.933533e-01 6.087614e-01 0.000000e+00
    outer loop
      vertex   -6.286179e-01 -1.688462e+01 2.540000e+00
      vertex   -6.286179e-01 -1.688462e+01 0.000000e+00
      vertex   -7.698966e-01 -1.670050e+01 2.540000e+00
    endloop
  endfacet
  facet normal 7.933533e-01 6.087614e-01 0.000000e+00
    outer loop
      vertex   -7.698966e-01 -1.670050e+01 2.540000e+00
      vertex   -6.286179e-01 -1.688462e+01 0.000000e+00
      vertex   -7.698966e-01 -1.670050e+01 0.000000e+00
    endloop
  endfacet
  facet normal 9.238795e-01 3.826834e-01 0.000000e+00
    outer loop
      vertex   -7.698966e-01 -1.670050e+01 2.540000e+00
      vertex   -7.698966e-01 -1.670050e+01 0.000000e+00
      vertex   -8.587081e-01 -1.648609e+01 2.540000e+00
    endloop
  endfacet
  facet normal 9.238795e-01 3.826834e-01 0.000000e+00
    outer loop
      vertex   -8.587081e-01 -1.648609e+01 2.540000e+00
      vertex   -7.698966e-01 -1.670050e+01 0.000000e+00
      vertex   -8.587081e-01 -1.648609e+01 0.000000e+00
    endloop
  endfacet
  facet normal 9.914449e-01 1.305262e-01 0.000000e+00
    outer loop
      vertex   -8.587081e-01 -1.648609e+01 2.540000e+00
      vertex   -8.587081e-01 -1.648609e+01 0.000000e+00
      vertex   -8.890000e-01 -1.625600e+01 2.540000e+00
    endloop
  endfacet
  facet normal 9.914449e-01 1.305262e-01 0.000000e+00
    outer loop
      vertex   -8.890000e-01 -1.625600e+01 2.540000e+00
      vertex   -8.587081e-01 -1.648609e+01 0.000000e+00
      vertex   -8.890000e-01 -1.625600e+01 0.000000e+00
    endloop
  endfacet
  facet normal 9.914449e-01 -1.305262e-01 0.000000e+00
    outer loop
      vertex   -8.890000e-01 -1.625600e+01 2.540000e+00
      vertex   -8.890000e-01 -1.625600e+01 0.000000e+00
      vertex   -8.587081e-01 -1.602591e+01 2.540000e+00
    endloop
  endfacet
  facet normal 9.914449e-01 -1.305262e-01 0.000000e+00
    outer loop
      vertex   -8.587081e-01 -1.602591e+01 2.540000e+00
      vertex   -8.890000e-01 -1.625600e+01 0.000000e+00
      vertex   -8.587081e-01 -1.602591e+01 0.000000e+00
    endloop
  endfacet
  facet normal 9.238795e-01 -3.826834e-01 0.000000e+00
    outer loop
      vertex   -8.587081e-01 -1.602591e+01 2.540000e+00
      vertex   -8.587081e-01 -1.602591e+01 0.000000e+00
      vertex   -7.698966e-01 -1.581150e+01 2.540000e+00
    endloop
  endfacet
  facet normal 9.238795e-01 -3.826834e-01 0.000000e+00
    outer loop
      vertex   -7.698966e-01 -1.581150e+01 2.540000e+00
      vertex   -8.587081e-01 -1.602591e+01 0.000000e+00
      vertex   -7.698966e-01 -1.581150e+01 0.000000e+00
    endloop
  endfacet
  facet normal 7.933533e-01 -6.087614e-01 0.000000e+00
    outer loop
      vertex   -7.698966e-01 -1.581150e+01 2.540000e+00
      vertex   -7.698966e-01 -1.581150e+01 0.000000e+00
      vertex   -6.286179e-01 -1.562738e+01 2.540000e+00
    endloop
  endfacet
  facet normal 7.933533e-01 -6.087614e-01 0.000000e+00
    outer loop
      vertex   -6.286179e-01 -1.562738e+01 2.540000e+00
      vertex   -7.698966e-01 -1.581150e+01 0.000000e+00
      vertex   -6.286179e-01 -1.562738e+01 0.000000e+00
    endloop
  endfacet
  facet normal 6.087614e-01 -7.933533e-01 0.000000e+00
    outer loop
      vertex   -6.286179e-01 -1.562738e+01 2.540000e+00
      vertex   -6.286179e-01 -1.562738e+01 0.000000e+00
      vertex   -4.445000e-01 -1.548610e+01 2.540000e+00
    endloop
  endfacet
  facet normal 6.087614e-01 -7.933533e-01 0.000000e+00
    outer loop
      vertex   -4.445000e-01 -1.548610e+01 2.540000e+00
      vertex   -6.286179e-01 -1.562738e+01 0.000000e+00
      vertex   -4.445000e-01 -1.548610e+01 0.000000e+00
    endloop
  endfacet
  facet normal 3.826834e-01 -9.238795e-01 0.000000e+00
    outer loop
      vertex   -4.445000e-01 -1.548610e+01 2.540000e+00
      vertex   -4.445000e-01 -1.548610e+01 0.000000e+00
      vertex   -2.300901e-01 -1.539729e+01 2.540000e+00
    endloop
  endfacet
  facet normal 3.826834e-01 -9.238795e-01 0.000000e+00
    outer loop
      vertex   -2.300901e-01 -1.539729e+01 2.540000e+00
      vertex   -4.445000e-01 -1.548610e+01 0.000000e+00
      vertex   -2.300901e-01 -1.539729e+01 0.000000e+00
    endloop
  endfacet
  facet normal 1.305262e-01 -9.914449e-01 0.000000e+00
    outer loop
      vertex   -2.300901e-01 -1.539729e+01 2.540000e+00
      vertex   -2.300901e-01 -1.539729e+01 0.000000e+00
      vertex   1.606411e-11 -1.536700e+01 2.540000e+00
    endloop
  endfacet
  facet normal 1.305262e-01 -9.914449e-01 0.000000e+00
    outer loop
      vertex   1.606411e-11 -1.536700e+01 2.540000e+00
      vertex   -2.300901e-01 -1.539729e+01 0.000000e+00
      vertex   1.606411e-11 -1.536700e+01 0.000000e+00
    endloop
  endfacet
  facet normal -1.305262e-01 -9.914449e-01 -0.000000e+00
    outer loop
      vertex   1.606411e-11 -1.536700e+01 2.540000e+00
      vertex   1.606411e-11 -1.536700e+01 0.000000e+00
      vertex   2.300901e-01 -1.539729e+01 2.540000e+00
    endloop
  endfacet
  facet normal -1.305262e-01 -9.914449e-01 -0.000000e+00
    outer loop
      vertex   2.300901e-01 -1.539729e+01 2.540000e+00
      vertex   1.606411e-11 -1.536700e+01 0.000000e+00
      vertex   2.300901e-01 -1.539729e+01 0.000000e+00
    endloop
  endfacet
  facet normal -3.826834e-01 -9.238795e-01 -0.000000e+00
    outer loop
      vertex   2.300901e-01 -1.539729e+01 2.540000e+00
      vertex   2.300901e-01 -1.539729e+01 0.000000e+00
      vertex   4.445000e-01 -1.548610e+01 2.540000e+00
    endloop
  endfacet
  facet normal -3.826834e-01 -9.238795e-01 -0.000000e+00
    outer loop
      vertex   4.445000e-01 -1.548610e+01 2.540000e+00
      vertex   2.300901e-01 -1.539729e+01 0.000000e+00
      vertex   4.445000e-01 -1.548610e+01 0.000000e+00
    endloop
  endfacet
  facet normal -6.087614e-01 -7.933533e-01 -0.000000e+00
    outer loop
      vertex   4.445000e-01 -1.548610e+01 2.540000e+00
      vertex   4.445000e-01 -1.548610e+01 0.000000e+00
      vertex   6.286179e-01 -1.562738e+01 2.540000e+00
    endloop
  endfacet
  facet normal -6.087614e-01 -7.933533e-01 -0.000000e+00
    outer loop
      vertex   6.286179e-01 -1.562738e+01 2.540000e+00
      vertex   4.445000e-01 -1.548610e+01 0.000000e+00
      vertex   6.286179e-01 -1.562738e+01 0.000000e+00
    endloop
  endfacet
  facet normal -7.933533e-01 -6.087614e-01 -0.000000e+00
    outer loop
      vertex   6.286179e-01 -1.562738e+01 2.540000e+00
      vertex   6.286179e-01 -1.562738e+01 0.000000e+00
      vertex   7.698966e-01 -1.581150e+01 2.540000e+00
    endloop
  endfacet
  facet normal -7.933533e-01 -6.087614e-01 -0.000000e+00
    outer loop
      vertex   7.698966e-01 -1.581150e+01 2.540000e+00
      vertex   6.286179e-01 -1.562738e+01 0.000000e+00
      vertex   7.698966e-01 -1.581150e+01 0.000000e+00
    endloop
  endfacet
  facet normal -9.238795e-01 -3.826834e-01 -0.000000e+00
    outer loop
      vertex   7.698966e-01 -1.581150e+01 2.540000e+00
      vertex   7.698966e-01 -1.581150e+01 0.000000e+00
      vertex   8.587081e-01 -1.602591e+01 2.540000e+00
    endloop
  endfacet
  facet normal -9.238795e-01 -3.826834e-01 -0.000000e+00
    outer loop
      vertex   8.587081e-01 -1.602591e+01 2.540000e+00
      vertex   7.698966e-01 -1.581150e+01 0.000000e+00
      vertex   8.587081e-01 -1.602591e+01 0.000000e+00
    endloop
  endfacet
  facet normal -9.914449e-01 -1.305262e-01 -0.000000e+00
    outer loop
      vertex   -9.555292e+00 2.300901e-01 2.540000e+00
      vertex   -9.555292e+00 2.300901e-01 0.000000e+00
      vertex   -9.525000e+00 -1.606379e-11 2.540000e+00
    endloop
  endfacet
  facet normal -9.914449e-01 -1.305262e-01 -0.000000e+00
    outer loop
      vertex   -9.525000e+00 -1.606379e-11 2.540000e+00
      vertex   -9.555292e+00 2.300901e-01 0.000000e+00
      vertex   -9.525000e+00 -1.606379e-11 0.000000e+00
    endloop
  endfacet
  facet normal -9.914449e-01 1.305262e-01 0.000000e+00
    outer loop
      vertex   -9.525000e+00 -1.606379e-11 2.540000e+00
      vertex   -9.525000e+00 -1.606379e-11 0.000000e+00
      vertex   -9.555292e+00 -2.300901e-01 2.540000e+00
    endloop
  endfacet
  facet normal -9.914449e-01 1.305262e-01 0.000000e+00
    outer loop
      vertex   -9.555292e+00 -2.300901e-01 2.540000e+00
      vertex   -9.525000e+00 -1.606379e-11 0.000000e+00
      vertex   -9.555292e+00 -2.300901e-01 0.000000e+00
    endloop
  endfacet
  facet normal -9.238795e-01 3.826834e-01 0.000000e+00
    outer loop
      vertex   -9.555292e+00 -2.300901e-01 2.540000e+00
      vertex   -9.555292e+00 -2.300901e-01 0.000000e+00
      vertex   -9.644103e+00 -4.445000e-01 2.540000e+00
    endloop
  endfacet
  facet normal -9.238795e-01 3.826834e-01 0.000000e+00
    outer loop
      vertex   -9.644103e+00 -4.445000e-01 2.540000e+00
      vertex   -9.555292e+00 -2.300901e-01 0.000000e+00
      vertex   -9.644103e+00 -4.445000e-01 0.000000e+00
    endloop
  endfacet
  facet normal -7.933533e-01 6.087614e-01 0.000000e+00
    outer loop
      vertex   -9.644103e+00 -4.445000e-01 2.540000e+00
      vertex   -9.644103e+00 -4.445000e-01 0.000000e+00
      vertex   -9.785382e+00 -6.286179e-01 2.540000e+00
    endloop
  endfacet
  facet normal -7.933533e-01 6.087614e-01 0.000000e+00
    outer loop
      vertex   -9.785382e+00 -6.286179e-01 2.540000e+00
      vertex   -9.644103e+00 -4.445000e-01 0.000000e+00
      vertex   -9.785382e+00 -6.286179e-01 0.000000e+00
    endloop
  endfacet
  facet normal -6.087614e-01 7.933533e-01 0.000000e+00
    outer loop
      vertex   -9.785382e+00 -6.286179e-01 2.540000e+00
      vertex   -9.785382e+00 -6.286179e-01 0.000000e+00
      vertex   -9.969500e+00 -7.698966e-01 2.540000e+00
    endloop
  endfacet
  facet normal -6.087614e-01 7.933533e-01 0.000000e+00
    outer loop
      vertex   -9.969500e+00 -7.698966e-01 2.540000e+00
      vertex   -9.785382e+00 -6.286179e-01 0.000000e+00
      vertex   -9.969500e+00 -7.698966e-01 0.000000e+00
    endloop
  endfacet
  facet normal -3.826834e-01 9.238795e-01 0.000000e+00
    outer loop
      vertex   -9.969500e+00 -7.698966e-01 2.540000e+00
      vertex   -9.969500e+00 -7.698966e-01 0.000000e+00
      vertex   -1.018391e+01 -8.587081e-01 2.540000e+00
    endloop
  endfacet
  facet normal -3.826834e-01 9.238795e-01 0.000000e+00
    outer loop
      vertex   -1.018391e+01 -8.587081e-01 2.540000e+00
      vertex   -9.969500e+00 -7.698966e-01 0.000000e+00
      vertex   -1.018391e+01 -8.587081e-01 0.000000e+00
    endloop
  endfacet
  facet normal -1.305262e-01 9.914449e-01 0.000000e+00
    outer loop
      vertex   -1.018391e+01 -8.587081e-01 2.540000e+00
      vertex   -1.018391e+01 -8.587081e-01 0.000000e+00
      vertex   -1.041400e+01 -8.890000e-01 2.540000e+00
    endloop
  endfacet
  facet normal -1.305262e-01 9.914449e-01 0.000000e+00
    outer loop
      vertex   -1.041400e+01 -8.890000e-01 2.540000e+00
      vertex   -1.018391e+01 -8.587081e-01 0.000000e+00
      vertex   -1.041400e+01 -8.890000e-01 0.000000e+00
    endloop
  endfacet
  facet normal 1.305262e-01 9.914449e-01 0.000000e+00
    outer loop
      vertex   -1.041400e+01 -8.890000e-01 2.540000e+00
      vertex   -1.041400e+01 -8.890000e-01 0.000000e+00
      vertex   -1.064409e+01 -8.587081e-01 2.540000e+00
    endloop
  endfacet
  facet normal 1.305262e-01 9.914449e-01 0.000000e+00
    outer loop
      vertex   -1.064409e+01 -8.587081e-01 2.540000e+00
      vertex   -1.041400e+01 -8.890000e-01 0.000000e+00
      vertex   -1.064409e+01 -8.587081e-01 0.000000e+00
    endloop
  endfacet
  facet normal 3.826834e-01 9.238795e-01 0.000000e+00
    outer loop
      vertex   -1.064409e+01 -8.587081e-01 2.540000e+00
      vertex   -1.064409e+01 -8.587081e-01 0.000000e+00
      vertex   -1.085850e+01 -7.698966e-01 2.540000e+00
    endloop
  endfacet
  facet normal 3.826834e-01 9.238795e-01 0.000000e+00
    outer loop
      vertex   -1.085850e+01 -7.698966e-01 2.540000e+00
      vertex   -1.064409e+01 -8.587081e-01 0.000000e+00
      vertex   -1.085850e+01 -7.698966e-01 0.000000e+00
    endloop
  endfacet
  facet normal 6.087614e-01 7.933533e-01 0.000000e+00
    outer loop
      vertex   -1.085850e+01 -7.698966e-01 2.540000e+00
      vertex   -1.085850e+01 -7.698966e-01 0.000000e+00
      vertex   -1.104262e+01 -6.286179e-01 2.540000e+00
    endloop
  endfacet
  facet normal 6.087614e-01 7.933533e-01 0.000000e+00
    outer loop
      vertex   -1.104262e+01 -6.286179e-01 2.540000e+00
      vertex   -1.085850e+01 -7.698966e-01 0.000000e+00
      vertex   -1.104262e+01 -6.286179e-01 0.000000e+00
    endloop
  endfacet
  facet normal 7.933533e-01 6.087614e-01 0.000000e+00
    outer loop
      vertex   -1.104262e+01 -6.286179e-01 2.540000e+00
      vertex   -1.104262e+01 -6.286179e-01 0.000000e+00
      vertex   -1.118390e+01 -4.445000e-01 2.540000e+00
    endloop
  endfacet
  facet normal 7.933533e-01 6.087614e-01 0.000000e+00
    outer loop
      vertex   -1.118390e+01 -4.445000e-01 2.540000e+00
      vertex   -1.104262e+01 -6.286179e-01 0.000000e+00
      vertex   -1.118390e+01 -4.445000e-01 0.000000e+00
    endloop
  endfacet
  facet normal 9.238795e-01 3.826834e-01 0.000000e+00
    outer loop
      vertex   -1.118390e+01 -4.445000e-01 2.540000e+00
      vertex   -1.118390e+01 -4.445000e-01 0.000000e+00
      vertex   -1.127271e+01 -2.300901e-01 2.540000e+00
    endloop
  endfacet
  facet normal 9.238795e-01 3.826834e-01 0.000000e+00
    outer loop
      vertex   -1.127271e+01 -2.300901e-01 2.540000e+00
      vertex   -1.118390e+01 -4.445000e-01 0.000000e+00
      vertex   -1.127271e+01 -2.300901e-01 0.000000e+00
    endloop
  endfacet
  facet normal 9.914449e-01 1.305262e-01 0.000000e+00
    outer loop
      vertex   -1.127271e+01 -2.300901e-01 2.540000e+00
      vertex   -1.127271e+01 -2.300901e-01 0.000000e+00
      vertex   -1.130300e+01 -1.606390e-11 2.540000e+00
    endloop
  endfacet
  facet normal 9.914449e-01 1.305262e-01 0.000000e+00
    outer loop
      vertex   -1.130300e+01 -1.606390e-11 2.540000e+00
      vertex   -1.127271e+01 -2.300901e-01 0.000000e+00
      vertex   -1.130300e+01 -1.606390e-11 0.000000e+00
    endloop
  endfacet
  facet normal 9.914449e-01 -1.305262e-01 0.000000e+00
    outer loop
      vertex   -1.130300e+01 -1.606390e-11 2.540000e+00
      vertex   -1.130300e+01 -1.606390e-11 0.000000e+00
      vertex   -1.127271e+01 2.300901e-01 2.540000e+00
    endloop
  endfacet
  facet normal 9.914449e-01 -1.305262e-01 0.000000e+00
    outer loop
      vertex   -1.127271e+01 2.300901e-01 2.540000e+00
      vertex   -1.130300e+01 -1.606390e-11 0.000000e+00
      vertex   -1.127271e+01 2.300901e-01 0.000000e+00
    endloop
  endfacet
  facet normal 9.238795e-01 -3.826834e-01 0.000000e+00
    outer loop
      vertex   -1.127271e+01 2.300901e-01 2.540000e+00
      vertex   -1.127271e+01 2.300901e-01 0.000000e+00
      vertex   -1.118390e+01 4.445000e-01 2.540000e+00
    endloop
  endfacet
  facet normal 9.238795e-01 -3.826834e-01 0.000000e+00
    outer loop
      vertex   -1.118390e+01 4.445000e-01 2.540000e+00
      vertex   -1.127271e+01 2.300901e-01 0.000000e+00
      vertex   -1.118390e+01 4.445000e-01 0.000000e+00
    endloop
  endfacet
  facet normal 7.933533e-01 -6.087614e-01 0.000000e+00
    outer loop
      vertex   -1.118390e+01 4.445000e-01 2.540000e+00
      vertex   -1.118390e+01 4.445000e-01 0.000000e+00
      vertex   -1.104262e+01 6.286179e-01 2.540000e+00
    endloop
  endfacet
  facet normal 7.933533e-01 -6.087614e-01 0.000000e+00
    outer loop
      vertex   -1.104262e+01 6.286179e-01 2.540000e+00
      vertex   -1.118390e+01 4.445000e-01 0.000000e+00
      vertex   -1.104262e+01 6.286179e-01 0.000000e+00
    endloop
  endfacet
  facet normal 6.087614e-01 -7.933533e-01 0.000000e+00
    outer loop
      vertex   -1.104262e+01 6.286179e-01 2.540000e+00
      vertex   -1.104262e+01 6.286179e-01 0.000000e+00
      vertex   -1.085850e+01 7.698966e-01 2.540000e+00
    endloop
  endfacet
  facet normal 6.087614e-01 -7.933533e-01 0.000000e+00
    outer loop
      vertex   -1.085850e+01 7.698966e-01 2.540000e+00
      vertex   -1.104262e+01 6.286179e-01 0.000000e+00
      vertex   -1.085850e+01 7.698966e-01 0.000000e+00
    endloop
  endfacet
  facet normal 3.826834e-01 -9.238795e-01 0.000000e+00
    outer loop
      vertex   -1.085850e+01 7.698966e-01 2.540000e+00
      vertex   -1.085850e+01 7.698966e-01 0.000000e+00
      vertex   -1.064409e+01 8.587081e-01 2.540000e+00
    endloop
  endfacet
  facet normal 3.826834e-01 -9.238795e-01 0.000000e+00
    outer loop
      vertex   -1.064409e+01 8.587081e-01 2.540000e+00
      vertex   -1.085850e+01 7.698966e-01 0.000000e+00
      vertex   -1.064409e+01 8.587081e-01 0.000000e+00
    endloop
  endfacet
  facet normal 1.305262e-01 -9.914449e-01 0.000000e+00
    outer loop
      vertex   -1.064409e+01 8.587081e-01 2.540000e+00
      vertex   -1.064409e+01 8.587081e-01 0.000000e+00
      vertex   -1.041400e+01 8.890000e-01 2.540000e+00
    endloop
  endfacet
  facet normal 1.305262e-01 -9.914449e-01 0.000000e+00
    outer loop
      vertex   -1.041400e+01 8.890000e-01 2.540000e+00
      vertex   -1.064409e+01 8.587081e-01 0.000000e+00
      vertex   -1.041400e+01 8.890000e-01 0.000000e+00
    endloop
  endfacet
  facet normal -1.305262e-01 -9.914449e-01 -0.000000e+00
    outer loop
      vertex   -1.041400e+01 8.890000e-01 2.540000e+00
      vertex   -1.041400e+01 8.890000e-01 0.000000e+00
      vertex   -1.018391e+01 8.587081e-01 2.540000e+00
    endloop
  endfacet
  facet normal -1.305262e-01 -9.914449e-01 -0.000000e+00
    outer loop
      vertex   -1.018391e+01 8.587081e-01 2.540000e+00
      vertex   -1.041400e+01 8.890000e-01 0.000000e+00
      vertex   -1.018391e+01 8.587081e-01 0.000000e+00
    endloop
  endfacet
  facet normal -3.826834e-01 -9.238795e-01 -0.000000e+00
    outer loop
      vertex   -1.018391e+01 8.587081e-01 2.540000e+00
      vertex   -1.018391e+01 8.587081e-01 0.000000e+00
      vertex   -9.969500e+00 7.698966e-01 2.540000e+00
    endloop
  endfacet
  facet normal -3.826834e-01 -9.238795e-01 -0.000000e+00
    outer loop
      vertex   -9.969500e+00 7.698966e-01 2.540000e+00
      vertex   -1.018391e+01 8.587081e-01 0.000000e+00
      vertex   -9.969500e+00 7.698966e-01 0.000000e+00
    endloop
  endfacet
  facet normal -6.087614e-01 -7.933533e-01 -0.000000e+00
    outer loop
      vertex   -9.969500e+00 7.698966e-01 2.540000e+00
      vertex   -9.969500e+00 7.698966e-01 0.000000e+00
      vertex   -9.785382e+00 6.286179e-01 2.540000e+00
    endloop
  endfacet
  facet normal -6.087614e-01 -7.933533e-01 -0.000000e+00
    outer loop
      vertex   -9.785382e+00 6.286179e-01 2.540000e+00
      vertex   -9.969500e+00 7.698966e-01 0.000000e+00
      vertex   -9.785382e+00 6.286179e-01 0.000000e+00
    endloop
  endfacet
  facet normal -7.933533e-01 -6.087614e-01 -0.000000e+00
    outer loop
      vertex   -9.785382e+00 6.286179e-01 2.540000e+00
      vertex   -9.785382e+00 6.286179e-01 0.000000e+00
      vertex   -9.644103e+00 4.445000e-01 2.540000e+00
    endloop
  endfacet
  facet normal -7.933533e-01 -6.087614e-01 -0.000000e+00
    outer loop
      vertex   -9.644103e+00 4.445000e-01 2.540000e+00
      vertex   -9.785382e+00 6.286179e-01 0.000000e+00
      vertex   -9.644103e+00 4.445000e-01 0.000000e+00
    endloop
  endfacet
  facet normal -9.238795e-01 -3.826834e-01 -0.000000e+00
    outer loop
      vertex   -9.644103e+00 4.445000e-01 2.540000e+00
      vertex   -9.644103e+00 4.445000e-01 0.000000e+00
      vertex   -9.555292e+00 2.300901e-01 2.540000e+00
    endloop
  endfacet
  facet normal -9.238795e-01 -3.826834e-01 -0.000000e+00
    outer loop
      vertex   -9.555292e+00 2.300901e-01 2.540000e+00
      vertex   -9.644103e+00 4.445000e-01 0.000000e+00
      vertex   -9.555292e+00 2.300901e-01 0.000000e+00
    endloop
  endfacet
  facet normal -9.914449e-01 -1.305262e-01 -0.000000e+00
    outer loop
      vertex   -1.539729e+01 2.300901e-01 2.540000e+00
      vertex   -1.539729e+01 2.300901e-01 0.000000e+00
      vertex   -1.536700e+01 -1.606307e-11 2.540000e+00
    endloop
  endfacet
  facet normal -9.914449e-01 -1.305262e-01 -0.000000e+00
    outer loop
      vertex   -1.536700e+01 -1.606307e-11 2.540000e+00
      vertex   -1.539729e+01 2.300901e-01 0.000000e+00
      vertex   -1.536700e+01 -1.606307e-11 0.000000e+00
    endloop
  endfacet
  facet normal -9.914449e-01 1.305262e-01 0.000000e+00
    outer loop
      vertex   -1.536700e+01 -1.606307e-11 2.540000e+00
      vertex   -1.536700e+01 -1.606307e-11 0.000000e+00
      vertex   -1.539729e+01 -2.300901e-01 2.540000e+00
    endloop
  endfacet
  facet normal -9.914449e-01 1.305262e-01 0.000000e+00
    outer loop
      vertex   -1.539729e+01 -2.300901e-01 2.540000e+00
      vertex   -1.536700e+01 -1.606307e-11 0.000000e+00
      vertex   -1.539729e+01 -2.300901e-01 0.000000e+00
    endloop
  endfacet
  facet normal -9.238795e-01 3.826834e-01 0.000000e+00
    outer loop
      vertex   -1.539729e+01 -2.300901e-01 2.540000e+00
      vertex   -1.539729e+01 -2.300901e-01 0.000000e+00
      vertex   -1.548610e+01 -4.445000e-01 2.540000e+00
    endloop
  endfacet
  facet normal -9.238795e-01 3.826834e-01 0.000000e+00
    outer loop
      vertex   -1.548610e+01 -4.445000e-01 2.540000e+00
      vertex   -1.539729e+01 -2.300901e-01 0.000000e+00
      vertex   -1.548610e+01 -4.445000e-01 0.000000e+00
    endloop
  endfacet
  facet normal -7.933533e-01 6.087614e-01 0.000000e+00
    outer loop
      vertex   -1.548610e+01 -4.445000e-01 2.540000e+00
      vertex   -1.548610e+01 -4.445000e-01 0.000000e+00
      vertex   -1.562738e+01 -6.286179e-01 2.540000e+00
    endloop
  endfacet
  facet normal -7.933533e-01 6.087614e-01 0.000000e+00
    outer loop
      vertex   -1.562738e+01 -6.286179e-01 2.540000e+00
      vertex   -1.548610e+01 -4.445000e-01 0.000000e+00
      vertex   -1.562738e+01 -6.286179e-01 0.000000e+00
    endloop
  endfacet
  facet normal -6.087614e-01 7.933533e-01 0.000000e+00
    outer loop
      vertex   -1.562738e+01 -6.286179e-01 2.540000e+00
      vertex   -1.562738e+01 -6.286179e-01 0.000000e+00
      vertex   -1.581150e+01 -7.698966e-01 2.540000e+00
    endloop
  endfacet
  facet normal -6.087614e-01 7.933533e-01 0.000000e+00
    outer loop
      vertex   -1.581150e+01 -7.698966e-01 2.540000e+00
      vertex   -1.562738e+01 -6.286179e-01 0.000000e+00
      vertex   -1.581150e+01 -7.698966e-01 0.000000e+00
    endloop
  endfacet
  facet normal -3.826834e-01 9.238795e-01 0.000000e+00
    outer loop
      vertex   -1.581150e+01 -7.698966e-01 2.540000e+00
      vertex   -1.581150e+01 -7.698966e-01 0.000000e+00
      vertex   -1.602591e+01 -8.587081e-01 2.540000e+00
    endloop
  endfacet
  facet normal -3.826834e-01 9.238795e-01 0.000000e+00
    outer loop
      vertex   -1.602591e+01 -8.587081e-01 2.540000e+00
      vertex   -1.581150e+01 -7.698966e-01 0.000000e+00
      vertex   -1.602591e+01 -8.587081e-01 0.000000e+00
    endloop
  endfacet
  facet normal -1.305262e-01 9.914449e-01 0.000000e+00
    outer loop
      vertex   -1.602591e+01 -8.587081e-01 2.540000e+00
      vertex   -1.602591e+01 -8.587081e-01 0.000000e+00
      vertex   -1.625600e+01 -8.890000e-01 2.540000e+00
    endloop
  endfacet
  facet normal -1.305262e-01 9.914449e-01 0.000000e+00
    outer loop
      vertex   -1.625600e+01 -8.890000e-01 2.540000e+00
      vertex   -1.602591e+01 -8.587081e-01 0.000000e+00
      vertex   -1.625600e+01 -8.890000e-01 0.000000e+00
    endloop
  endfacet
  facet normal 1.305262e-01 9.914449e-01 0.000000e+00
    outer loop
      vertex   -1.625600e+01 -8.890000e-01 2.540000e+00
      vertex   -1.625600e+01 -8.890000e-01 0.000000e+00
      vertex   -1.648609e+01 -8.587081e-01 2.540000e+00
    endloop
  endfacet
  facet normal 1.305262e-01 9.914449e-01 0.000000e+00
    outer loop
      vertex   -1.648609e+01 -8.587081e-01 2.540000e+00
      vertex   -1.625600e+01 -8.890000e-01 0.000000e+00
      vertex   -1.648609e+01 -8.587081e-01 0.000000e+00
    endloop
  endfacet
  facet normal 3.826834e-01 9.238795e-01 0.000000e+00
    outer loop
      vertex   -1.648609e+01 -8.587081e-01 2.540000e+00
      vertex   -1.648609e+01 -8.587081e-01 0.000000e+00
      vertex   -1.670050e+01 -7.698966e-01 2.540000e+00
    endloop
  endfacet
  facet normal 3.826834e-01 9.238795e-01 0.000000e+00
    outer loop
      vertex   -1.670050e+01 -7.698966e-01 2.540000e+00
      vertex   -1.648609e+01 -8.587081e-01 0.000000e+00
      vertex   -1.670050e+01 -7.698966e-01 0.000000e+00
    endloop
  endfacet
  facet normal 6.087614e-01 7.933533e-01 0.000000e+00
    outer loop
      vertex   -1.670050e+01 -7.698966e-01 2.540000e+00
      vertex   -1.670050e+01 -7.698966e-01 0.000000e+00
      vertex   -1.688462e+01 -6.286179e-01 2.540000e+00
    endloop
  endfacet
  facet normal 6.087614e-01 7.933533e-01 0.000000e+00
    outer loop
      vertex   -1.688462e+01 -6.286179e-01 2.540000e+00
      vertex   -1.670050e+01 -7.698966e-01 0.000000e+00
      vertex   -1.688462e+01 -6.286179e-01 0.000000e+00
    endloop
  endfacet
  facet normal 7.933533e-01 6.087614e-01 0.000000e+00
    outer loop
      vertex   -1.688462e+01 -6.286179e-01 2.540000e+00
      vertex   -1.688462e+01 -6.286179e-01 0.000000e+00
      vertex   -1.702590e+01 -4.445000e-01 2.540000e+00
    endloop
  endfacet
  facet normal 7.933533e-01 6.087614e-01 0.000000e+00
    outer loop
      vertex   -1.702590e+01 -4.445000e-01 2.540000e+00
      vertex   -1.688462e+01 -6.286179e-01 0.000000e+00
      vertex   -1.702590e+01 -4.445000e-01 0.000000e+00
    endloop
  endfacet
  facet normal 9.238795e-01 3.826834e-01 0.000000e+00
    outer loop
      vertex   -1.702590e+01 -4.445000e-01 2.540000e+00
      vertex   -1.702590e+01 -4.445000e-01 0.000000e+00
      vertex   -1.711471e+01 -2.300901e-01 2.540000e+00
    endloop
  endfacet
  facet normal 9.238795e-01 3.826834e-01 0.000000e+00
    outer loop
      vertex   -1.711471e+01 -2.300901e-01 2.540000e+00
      vertex   -1.702590e+01 -4.445000e-01 0.000000e+00
      vertex   -1.711471e+01 -2.300901e-01 0.000000e+00
    endloop
  endfacet
  facet normal 9.914449e-01 1.305262e-01 0.000000e+00
    outer loop
      vertex   -1.711471e+01 -2.300901e-01 2.540000e+00
      vertex   -1.711471e+01 -2.300901e-01 0.000000e+00
      vertex   -1.714500e+01 -1.606318e-11 2.540000e+00
    endloop
  endfacet
  facet normal 9.914449e-01 1.305262e-01 0.000000e+00
    outer loop
      vertex   -1.714500e+01 -1.606318e-11 2.540000e+00
      vertex   -1.711471e+01 -2.300901e-01 0.000000e+00
      vertex   -1.714500e+01 -1.606318e-11 0.000000e+00
    endloop
  endfacet
  facet normal 9.914449e-01 -1.305262e-01 0.000000e+00
    outer loop
      vertex   -1.714500e+01 -1.606318e-11 2.540000e+00
      vertex   -1.714500e+01 -1.606318e-11 0.000000e+00
      vertex   -1.711471e+01 2.300901e-01 2.540000e+00
    endloop
  endfacet
  facet normal 9.914449e-01 -1.305262e-01 0.000000e+00
    outer loop
      vertex   -1.711471e+01 2.300901e-01 2.540000e+00
      vertex   -1.714500e+01 -1.606318e-11 0.000000e+00
      vertex   -1.711471e+01 2.300901e-01 0.000000e+00
    endloop
  endfacet
  facet normal 9.238795e-01 -3.826834e-01 0.000000e+00
    outer loop
      vertex   -1.711471e+01 2.300901e-01 2.540000e+00
      vertex   -1.711471e+01 2.300901e-01 0.000000e+00
      vertex   -1.702590e+01 4.445000e-01 2.540000e+00
    endloop
  endfacet
  facet normal 9.238795e-01 -3.826834e-01 0.000000e+00
    outer loop
      vertex   -1.702590e+01 4.445000e-01 2.540000e+00
      vertex   -1.711471e+01 2.300901e-01 0.000000e+00
      vertex   -1.702590e+01 4.445000e-01 0.000000e+00
    endloop
  endfacet
  facet normal 7.933533e-01 -6.087614e-01 0.000000e+00
    outer loop
      vertex   -1.702590e+01 4.445000e-01 2.540000e+00
      vertex   -1.702590e+01 4.445000e-01 0.000000e+00
      vertex   -1.688462e+01 6.286179e-01 2.540000e+00
    endloop
  endfacet
  facet normal 7.933533e-01 -6.087614e-01 0.000000e+00
    outer loop
      vertex   -1.688462e+01 6.286179e-01 2.540000e+00
      vertex   -1.702590e+01 4.445000e-01 0.000000e+00
      vertex   -1.688462e+01 6.286179e-01 0.000000e+00
    endloop
  endfacet
  facet normal 6.087614e-01 -7.933533e-01 0.000000e+00
    outer loop
      vertex   -1.688462e+01 6.286179e-01 2.540000e+00
      vertex   -1.688462e+01 6.286179e-01 0.000000e+00
      vertex   -1.670050e+01 7.698966e-01 2.540000e+00
    endloop
  endfacet
  facet normal 6.087614e-01 -7.933533e-01 0.000000e+00
    outer loop
      vertex   -1.670050e+01 7.698966e-01 2.540000e+00
      vertex   -1.688462e+01 6.286179e-01 0.000000e+00
      vertex   -1.670050e+01 7.698966e-01 0.000000e+00
    endloop
  endfacet
  facet normal 3.826834e-01 -9.238795e-01 0.000000e+00
    outer loop
      vertex   -1.670050e+01 7.698966e-01 2.540000e+00
      vertex   -1.670050e+01 7.698966e-01 0.000000e+00
      vertex   -1.648609e+01 8.587081e-01 2.540000e+00
    endloop
  endfacet
  facet normal 3.826834e-01 -9.238795e-01 0.000000e+00
    outer loop
      vertex   -1.648609e+01 8.587081e-01 2.540000e+00
      vertex   -1.670050e+01 7.698966e-01 0.000000e+00
      vertex   -1.648609e+01 8.587081e-01 0.000000e+00
    endloop
  endfacet
  facet normal 1.305262e-01 -9.914449e-01 0.000000e+00
    outer loop
      vertex   -1.648609e+01 8.587081e-01 2.540000e+00
      vertex   -1.648609e+01 8.587081e-01 0.000000e+00
      vertex   -1.625600e+01 8.890000e-01 2.540000e+00
    endloop
  endfacet
  facet normal 1.305262e-01 -9.914449e-01 0.000000e+00
    outer loop
      vertex   -1.625600e+01 8.890000e-01 2.540000e+00
      vertex   -1.648609e+01 8.587081e-01 0.000000e+00
      vertex   -1.625600e+01 8.890000e-01 0.000000e+00
    endloop
  endfacet
  facet normal -1.305262e-01 -9.914449e-01 -0.000000e+00
    outer loop
      vertex   -1.625600e+01 8.890000e-01 2.540000e+00
      vertex   -1.625600e+01 8.890000e-01 0.000000e+00
      vertex   -1.602591e+01 8.587081e-01 2.540000e+00
    endloop
  endfacet
  facet normal -1.305262e-01 -9.914449e-01 -0.000000e+00
    outer loop
      vertex   -1.602591e+01 8.587081e-01 2.540000e+00
      vertex   -1.625600e+01 8.890000e-01 0.000000e+00
      vertex   -1.602591e+01 8.587081e-01 0.000000e+00
    endloop
  endfacet
  facet normal -3.826834e-01 -9.238795e-01 -0.000000e+00
    outer loop
      vertex   -1.602591e+01 8.587081e-01 2.540000e+00
      vertex   -1.602591e+01 8.587081e-01 0.000000e+00
      vertex   -1.581150e+01 7.698966e-01 2.540000e+00
    endloop
  endfacet
  facet normal -3.826834e-01 -9.238795e-01 -0.000000e+00
    outer loop
      vertex   -1.581150e+01 7.698966e-01 2.540000e+00
      vertex   -1.602591e+01 8.587081e-01 0.000000e+00
      vertex   -1.581150e+01 7.698966e-01 0.000000e+00
    endloop
  endfacet
  facet normal -6.087614e-01 -7.933533e-01 -0.000000e+00
    outer loop
      vertex   -1.581150e+01 7.698966e-01 2.540000e+00
      vertex   -1.581150e+01 7.698966e-01 0.000000e+00
      vertex   -1.562738e+01 6.286179e-01 2.540000e+00
    endloop
  endfacet
  facet normal -6.087614e-01 -7.933533e-01 -0.000000e+00
    outer loop
      vertex   -1.562738e+01 6.286179e-01 2.540000e+00
      vertex   -1.581150e+01 7.698966e-01 0.000000e+00
      vertex   -1.562738e+01 6.286179e-01 0.000000e+00
    endloop
  endfacet
  facet normal -7.933533e-01 -6.087614e-01 -0.000000e+00
    outer loop
      vertex   -1.562738e+01 6.286179e-01 2.540000e+00
      vertex   -1.562738e+01 6.286179e-01 0.000000e+00
      vertex   -1.548610e+01 4.445000e-01 2.540000e+00
    endloop
  endfacet
  facet normal -7.933533e-01 -6.087614e-01 -0.000000e+00
    outer loop
      vertex   -1.548610e+01 4.445000e-01 2.540000e+00
      vertex   -1.562738e+01 6.286179e-01 0.000000e+00
      vertex   -1.548610e+01 4.445000e-01 0.000000e+00
    endloop
  endfacet
  facet normal -9.238795e-01 -3.826834e-01 -0.000000e+00
    outer loop
      vertex   -1.548610e+01 4.445000e-01 2.540000e+00
      vertex   -1.548610e+01 4.445000e-01 0.000000e+00
      vertex   -1.539729e+01 2.300901e-01 2.540000e+00
    endloop
  endfacet
  facet normal -9.238795e-01 -3.826834e-01 -0.000000e+00
    outer loop
      vertex   -1.539729e+01 2.300901e-01 2.540000e+00
      vertex   -1.548610e+01 4.445000e-01 0.000000e+00
      vertex   -1.539729e+01 2.300901e-01 0.000000e+00
    endloop
  endfacet
  facet normal -3.311704e-01 9.435710e-01 4.632101e-16
    outer loop
      vertex   1.678790e+01 -2.042480e+00 2.540000e+00
      vertex   1.678790e+01 -2.042480e+00 5.080000e+00
      vertex   1.723032e+01 -1.887199e+00 2.540000e+00
    endloop
  endfacet
  facet normal -3.311704e-01 9.435710e-01 0.000000e+00
    outer loop
      vertex   1.723032e+01 -1.887199e+00 2.540000e+00
      vertex   1.678790e+01 -2.042480e+00 5.080000e+00
      vertex   1.723032e+01 -1.887199e+00 5.080000e+00
    endloop
  endfacet
  facet normal -5.326862e-01 8.463128e-01 0.000000e+00
    outer loop
      vertex   1.723032e+01 -1.887199e+00 2.540000e+00
      vertex   1.723032e+01 -1.887199e+00 5.080000e+00
      vertex   1.762715e+01 -1.637430e+00 2.540000e+00
    endloop
  endfacet
  facet normal -5.326862e-01 8.463128e-01 0.000000e+00
    outer loop
      vertex   1.762715e+01 -1.637430e+00 2.540000e+00
      vertex   1.723032e+01 -1.887199e+00 5.080000e+00
      vertex   1.762715e+01 -1.637430e+00 5.080000e+00
    endloop
  endfacet
  facet normal -7.075316e-01 7.066817e-01 0.000000e+00
    outer loop
      vertex   1.762715e+01 -1.637430e+00 2.540000e+00
      vertex   1.762715e+01 -1.637430e+00 5.080000e+00
      vertex   1.795850e+01 -1.305679e+00 2.540000e+00
    endloop
  endfacet
  facet normal -7.075316e-01 7.066817e-01 0.000000e+00
    outer loop
      vertex   1.795850e+01 -1.305679e+00 2.540000e+00
      vertex   1.762715e+01 -1.637430e+00 5.080000e+00
      vertex   1.795850e+01 -1.305679e+00 5.080000e+00
    endloop
  endfacet
  facet normal -8.469525e-01 5.316685e-01 0.000000e+00
    outer loop
      vertex   1.795850e+01 -1.305679e+00 2.540000e+00
      vertex   1.795850e+01 -1.305679e+00 5.080000e+00
      vertex   1.820779e+01 -9.085549e-01 2.540000e+00
    endloop
  endfacet
  facet normal -8.469525e-01 5.316685e-01 0.000000e+00
    outer loop
      vertex   1.820779e+01 -9.085549e-01 2.540000e+00
      vertex   1.795850e+01 -1.305679e+00 5.080000e+00
      vertex   1.820779e+01 -9.085549e-01 5.080000e+00
    endloop
  endfacet
  facet normal -9.439684e-01 3.300359e-01 0.000000e+00
    outer loop
      vertex   1.820779e+01 -9.085549e-01 2.540000e+00
      vertex   1.820779e+01 -9.085549e-01 5.080000e+00
      vertex   1.836254e+01 -4.659418e-01 2.540000e+00
    endloop
  endfacet
  facet normal -9.439684e-01 3.300359e-01 0.000000e+00
    outer loop
      vertex   1.836254e+01 -4.659418e-01 2.540000e+00
      vertex   1.820779e+01 -9.085549e-01 5.080000e+00
      vertex   1.836254e+01 -4.659418e-01 5.080000e+00
    endloop
  endfacet
  facet normal -9.937218e-01 1.118792e-01 0.000000e+00
    outer loop
      vertex   1.836254e+01 -4.659418e-01 2.540000e+00
      vertex   1.836254e+01 -4.659418e-01 5.080000e+00
      vertex   1.841500e+01 3.020348e-11 2.540000e+00
    endloop
  endfacet
  facet normal -9.937218e-01 1.118792e-01 0.000000e+00
    outer loop
      vertex   1.841500e+01 3.020348e-11 2.540000e+00
      vertex   1.836254e+01 -4.659418e-01 5.080000e+00
      vertex   1.841500e+01 3.020348e-11 5.080000e+00
    endloop
  endfacet
  facet normal -9.937218e-01 -1.118792e-01 0.000000e+00
    outer loop
      vertex   1.841500e+01 3.020348e-11 2.540000e+00
      vertex   1.841500e+01 3.020348e-11 5.080000e+00
      vertex   1.836254e+01 4.659418e-01 2.540000e+00
    endloop
  endfacet
  facet normal -9.937218e-01 -1.118792e-01 0.000000e+00
    outer loop
      vertex   1.836254e+01 4.659418e-01 2.540000e+00
      vertex   1.841500e+01 3.020348e-11 5.080000e+00
      vertex   1.836254e+01 4.659418e-01 5.080000e+00
    endloop
  endfacet
  facet normal -9.439684e-01 -3.300359e-01 0.000000e+00
    outer loop
      vertex   1.836254e+01 4.659418e-01 2.540000e+00
      vertex   1.836254e+01 4.659418e-01 5.080000e+00
      vertex   1.820779e+01 9.085549e-01 2.540000e+00
    endloop
  endfacet
  facet normal -9.439684e-01 -3.300359e-01 0.000000e+00
    outer loop
      vertex   1.820779e+01 9.085549e-01 2.540000e+00
      vertex   1.836254e+01 4.659418e-01 5.080000e+00
      vertex   1.820779e+01 9.085549e-01 5.080000e+00
    endloop
  endfacet
  facet normal -8.469525e-01 -5.316685e-01 0.000000e+00
    outer loop
      vertex   1.820779e+01 9.085549e-01 2.540000e+00
      vertex   1.820779e+01 9.085549e-01 5.080000e+00
      vertex   1.795850e+01 1.305679e+00 2.540000e+00
    endloop
  endfacet
  facet normal -8.469525e-01 -5.316685e-01 0.000000e+00
    outer loop
      vertex   1.795850e+01 1.305679e+00 2.540000e+00
      vertex   1.820779e+01 9.085549e-01 5.080000e+00
      vertex   1.795850e+01 1.305679e+00 5.080000e+00
    endloop
  endfacet
  facet normal -7.075316e-01 -7.066817e-01 0.000000e+00
    outer loop
      vertex   1.795850e+01 1.305679e+00 2.540000e+00
      vertex   1.795850e+01 1.305679e+00 5.080000e+00
      vertex   1.762715e+01 1.637430e+00 2.540000e+00
    endloop
  endfacet
  facet normal -7.075316e-01 -7.066817e-01 0.000000e+00
    outer loop
      vertex   1.762715e+01 1.637430e+00 2.540000e+00
      vertex   1.795850e+01 1.305679e+00 5.080000e+00
      vertex   1.762715e+01 1.637430e+00 5.080000e+00
    endloop
  endfacet
  facet normal -5.326862e-01 -8.463128e-01 0.000000e+00
    outer loop
      vertex   1.762715e+01 1.637430e+00 2.540000e+00
      vertex   1.762715e+01 1.637430e+00 5.080000e+00
      vertex   1.723032e+01 1.887199e+00 2.540000e+00
    endloop
  endfacet
  facet normal -5.326862e-01 -8.463128e-01 0.000000e+00
    outer loop
      vertex   1.723032e+01 1.887199e+00 2.540000e+00
      vertex   1.762715e+01 1.637430e+00 5.080000e+00
      vertex   1.723032e+01 1.887199e+00 5.080000e+00
    endloop
  endfacet
  facet normal -3.311704e-01 -9.435710e-01 0.000000e+00
    outer loop
      vertex   1.723032e+01 1.887199e+00 2.540000e+00
      vertex   1.723032e+01 1.887199e+00 5.080000e+00
      vertex   1.678790e+01 2.042480e+00 2.540000e+00
    endloop
  endfacet
  facet normal -3.311704e-01 -9.435710e-01 0.000000e+00
    outer loop
      vertex   1.678790e+01 2.042480e+00 2.540000e+00
      vertex   1.723032e+01 1.887199e+00 5.080000e+00
      vertex   1.678790e+01 2.042480e+00 5.080000e+00
    endloop
  endfacet
  facet normal -2.235253e-01 -9.746981e-01 -0.000000e+00
    outer loop
      vertex   1.678790e+01 2.042480e+00 5.080000e+00
      vertex   9.080500e+00 3.810000e+00 5.080000e+00
      vertex   1.678790e+01 2.042480e+00 2.540000e+00
    endloop
  endfacet
  facet normal -2.235253e-01 -9.746981e-01 0.000000e+00
    outer loop
      vertex   1.678790e+01 2.042480e+00 2.540000e+00
      vertex   9.080500e+00 3.810000e+00 5.080000e+00
      vertex   9.080500e+00 3.810000e+00 2.540000e+00
    endloop
  endfacet
  facet normal -1.040828e-01 -9.945686e-01 -0.000000e+00
    outer loop
      vertex   9.080500e+00 3.810000e+00 5.080000e+00
      vertex   6.699113e+00 4.059215e+00 5.080000e+00
      vertex   9.080500e+00 3.810000e+00 2.540000e+00
    endloop
  endfacet
  facet normal -1.040828e-01 -9.945686e-01 0.000000e+00
    outer loop
      vertex   9.080500e+00 3.810000e+00 2.540000e+00
      vertex   6.699113e+00 4.059215e+00 5.080000e+00
      vertex   6.699113e+00 4.059215e+00 2.540000e+00
    endloop
  endfacet
  facet normal -1.882819e-01 -9.821150e-01 0.000000e+00
    outer loop
      vertex   6.699113e+00 4.059215e+00 2.540000e+00
      vertex   6.699113e+00 4.059215e+00 5.080000e+00
      vertex   6.274846e+00 4.140551e+00 2.540000e+00
    endloop
  endfacet
  facet normal -1.882819e-01 -9.821150e-01 0.000000e+00
    outer loop
      vertex   6.274846e+00 4.140551e+00 2.540000e+00
      vertex   6.699113e+00 4.059215e+00 5.080000e+00
      vertex   6.274846e+00 4.140551e+00 5.080000e+00
    endloop
  endfacet
  facet normal -3.519879e-01 -9.360046e-01 0.000000e+00
    outer loop
      vertex   6.274846e+00 4.140551e+00 2.540000e+00
      vertex   6.274846e+00 4.140551e+00 5.080000e+00
      vertex   5.870499e+00 4.292608e+00 2.540000e+00
    endloop
  endfacet
  facet normal -3.519879e-01 -9.360046e-01 0.000000e+00
    outer loop
      vertex   5.870499e+00 4.292608e+00 2.540000e+00
      vertex   6.274846e+00 4.140551e+00 5.080000e+00
      vertex   5.870499e+00 4.292608e+00 5.080000e+00
    endloop
  endfacet
  facet normal -5.055124e-01 -8.628194e-01 0.000000e+00
    outer loop
      vertex   5.870499e+00 4.292608e+00 2.540000e+00
      vertex   5.870499e+00 4.292608e+00 5.080000e+00
      vertex   5.497767e+00 4.510985e+00 2.540000e+00
    endloop
  endfacet
  facet normal -5.055124e-01 -8.628194e-01 0.000000e+00
    outer loop
      vertex   5.497767e+00 4.510985e+00 2.540000e+00
      vertex   5.870499e+00 4.292608e+00 5.080000e+00
      vertex   5.497767e+00 4.510985e+00 5.080000e+00
    endloop
  endfacet
  facet normal -6.444145e-01 -7.646764e-01 0.000000e+00
    outer loop
      vertex   5.497767e+00 4.510985e+00 2.540000e+00
      vertex   5.497767e+00 4.510985e+00 5.080000e+00
      vertex   5.167432e+00 4.789368e+00 2.540000e+00
    endloop
  endfacet
  facet normal -6.444145e-01 -7.646764e-01 4.506733e-16
    outer loop
      vertex   5.167432e+00 4.789368e+00 2.540000e+00
      vertex   5.497767e+00 4.510985e+00 5.080000e+00
      vertex   5.167432e+00 4.789368e+00 5.080000e+00
    endloop
  endfacet
  facet normal -7.071068e-01 -7.071068e-01 4.945173e-16
    outer loop
      vertex   5.167432e+00 4.789368e+00 5.080000e+00
      vertex   4.789368e+00 5.167432e+00 5.080000e+00
      vertex   5.167432e+00 4.789368e+00 2.540000e+00
    endloop
  endfacet
  facet normal -7.071068e-01 -7.071068e-01 -4.905096e-16
    outer loop
      vertex   5.167432e+00 4.789368e+00 2.540000e+00
      vertex   4.789368e+00 5.167432e+00 5.080000e+00
      vertex   4.789368e+00 5.167432e+00 2.540000e+00
    endloop
  endfacet
  facet normal -7.646764e-01 -6.444145e-01 -5.347788e-16
    outer loop
      vertex   4.789368e+00 5.167432e+00 2.540000e+00
      vertex   4.789368e+00 5.167432e+00 5.080000e+00
      vertex   4.510985e+00 5.497767e+00 2.540000e+00
    endloop
  endfacet
  facet normal -7.646764e-01 -6.444145e-01 0.000000e+00
    outer loop
      vertex   4.510985e+00 5.497767e+00 2.540000e+00
      vertex   4.789368e+00 5.167432e+00 5.080000e+00
      vertex   4.510985e+00 5.497767e+00 5.080000e+00
    endloop
  endfacet
  facet normal -8.628194e-01 -5.055124e-01 0.000000e+00
    outer loop
      vertex   4.510985e+00 5.497767e+00 2.540000e+00
      vertex   4.510985e+00 5.497767e+00 5.080000e+00
      vertex   4.292608e+00 5.870499e+00 2.540000e+00
    endloop
  endfacet
  facet normal -8.628194e-01 -5.055124e-01 0.000000e+00
    outer loop
      vertex   4.292608e+00 5.870499e+00 2.540000e+00
      vertex   4.510985e+00 5.497767e+00 5.080000e+00
      vertex   4.292608e+00 5.870499e+00 5.080000e+00
    endloop
  endfacet
  facet normal -9.360046e-01 -3.519879e-01 0.000000e+00
    outer loop
      vertex   4.292608e+00 5.870499e+00 2.540000e+00
      vertex   4.292608e+00 5.870499e+00 5.080000e+00
      vertex   4.140551e+00 6.274846e+00 2.540000e+00
    endloop
  endfacet
  facet normal -9.360046e-01 -3.519879e-01 0.000000e+00
    outer loop
      vertex   4.140551e+00 6.274846e+00 2.540000e+00
      vertex   4.292608e+00 5.870499e+00 5.080000e+00
      vertex   4.140551e+00 6.274846e+00 5.080000e+00
    endloop
  endfacet
  facet normal -9.821150e-01 -1.882819e-01 0.000000e+00
    outer loop
      vertex   4.140551e+00 6.274846e+00 2.540000e+00
      vertex   4.140551e+00 6.274846e+00 5.080000e+00
      vertex   4.059215e+00 6.699113e+00 2.540000e+00
    endloop
  endfacet
  facet normal -9.821150e-01 -1.882819e-01 -6.868452e-16
    outer loop
      vertex   4.059215e+00 6.699113e+00 2.540000e+00
      vertex   4.140551e+00 6.274846e+00 5.080000e+00
      vertex   4.059215e+00 6.699113e+00 5.080000e+00
    endloop
  endfacet
  facet normal -9.945686e-01 -1.040828e-01 -6.955546e-16
    outer loop
      vertex   4.059215e+00 6.699113e+00 5.080000e+00
      vertex   3.810000e+00 9.080500e+00 5.080000e+00
      vertex   4.059215e+00 6.699113e+00 2.540000e+00
    endloop
  endfacet
  facet normal -9.945686e-01 -1.040828e-01 5.293943e-16
    outer loop
      vertex   4.059215e+00 6.699113e+00 2.540000e+00
      vertex   3.810000e+00 9.080500e+00 5.080000e+00
      vertex   3.810000e+00 9.080500e+00 2.540000e+00
    endloop
  endfacet
  facet normal -9.746981e-01 -2.235253e-01 5.112436e-16
    outer loop
      vertex   3.810000e+00 9.080500e+00 5.080000e+00
      vertex   2.042480e+00 1.678790e+01 5.080000e+00
      vertex   3.810000e+00 9.080500e+00 2.540000e+00
    endloop
  endfacet
  facet normal -9.746981e-01 -2.235253e-01 5.306524e-16
    outer loop
      vertex   3.810000e+00 9.080500e+00 2.540000e+00
      vertex   2.042480e+00 1.678790e+01 5.080000e+00
      vertex   2.042480e+00 1.678790e+01 2.540000e+00
    endloop
  endfacet
  facet normal -9.435710e-01 -3.311704e-01 4.949170e-16
    outer loop
      vertex   2.042480e+00 1.678790e+01 2.540000e+00
      vertex   2.042480e+00 1.678790e+01 5.080000e+00
      vertex   1.887199e+00 1.723032e+01 2.540000e+00
    endloop
  endfacet
  facet normal -9.435710e-01 -3.311704e-01 0.000000e+00
    outer loop
      vertex   1.887199e+00 1.723032e+01 2.540000e+00
      vertex   2.042480e+00 1.678790e+01 5.080000e+00
      vertex   1.887199e+00 1.723032e+01 5.080000e+00
    endloop
  endfacet
  facet normal -8.463128e-01 -5.326862e-01 0.000000e+00
    outer loop
      vertex   1.887199e+00 1.723032e+01 2.540000e+00
      vertex   1.887199e+00 1.723032e+01 5.080000e+00
      vertex   1.637430e+00 1.762715e+01 2.540000e+00
    endloop
  endfacet
  facet normal -8.463128e-01 -5.326862e-01 0.000000e+00
    outer loop
      vertex   1.637430e+00 1.762715e+01 2.540000e+00
      vertex   1.887199e+00 1.723032e+01 5.080000e+00
      vertex   1.637430e+00 1.762715e+01 5.080000e+00
    endloop
  endfacet
  facet normal -7.066817e-01 -7.075316e-01 0.000000e+00
    outer loop
      vertex   1.637430e+00 1.762715e+01 2.540000e+00
      vertex   1.637430e+00 1.762715e+01 5.080000e+00
      vertex   1.305679e+00 1.795850e+01 2.540000e+00
    endloop
  endfacet
  facet normal -7.066817e-01 -7.075316e-01 0.000000e+00
    outer loop
      vertex   1.305679e+00 1.795850e+01 2.540000e+00
      vertex   1.637430e+00 1.762715e+01 5.080000e+00
      vertex   1.305679e+00 1.795850e+01 5.080000e+00
    endloop
  endfacet
  facet normal -5.316685e-01 -8.469525e-01 0.000000e+00
    outer loop
      vertex   1.305679e+00 1.795850e+01 2.540000e+00
      vertex   1.305679e+00 1.795850e+01 5.080000e+00
      vertex   9.085549e-01 1.820779e+01 2.540000e+00
    endloop
  endfacet
  facet normal -5.316685e-01 -8.469525e-01 0.000000e+00
    outer loop
      vertex   9.085549e-01 1.820779e+01 2.540000e+00
      vertex   1.305679e+00 1.795850e+01 5.080000e+00
      vertex   9.085549e-01 1.820779e+01 5.080000e+00
    endloop
  endfacet
  facet normal -3.300359e-01 -9.439684e-01 0.000000e+00
    outer loop
      vertex   9.085549e-01 1.820779e+01 2.540000e+00
      vertex   9.085549e-01 1.820779e+01 5.080000e+00
      vertex   4.659418e-01 1.836254e+01 2.540000e+00
    endloop
  endfacet
  facet normal -3.300359e-01 -9.439684e-01 0.000000e+00
    outer loop
      vertex   4.659418e-01 1.836254e+01 2.540000e+00
      vertex   9.085549e-01 1.820779e+01 5.080000e+00
      vertex   4.659418e-01 1.836254e+01 5.080000e+00
    endloop
  endfacet
  facet normal -1.118792e-01 -9.937218e-01 0.000000e+00
    outer loop
      vertex   4.659418e-01 1.836254e+01 2.540000e+00
      vertex   4.659418e-01 1.836254e+01 5.080000e+00
      vertex   1.239842e-12 1.841500e+01 2.540000e+00
    endloop
  endfacet
  facet normal -1.118792e-01 -9.937218e-01 0.000000e+00
    outer loop
      vertex   1.239842e-12 1.841500e+01 2.540000e+00
      vertex   4.659418e-01 1.836254e+01 5.080000e+00
      vertex   1.239842e-12 1.841500e+01 5.080000e+00
    endloop
  endfacet
  facet normal 1.118792e-01 -9.937218e-01 0.000000e+00
    outer loop
      vertex   1.239842e-12 1.841500e+01 2.540000e+00
      vertex   1.239842e-12 1.841500e+01 5.080000e+00
      vertex   -4.659418e-01 1.836254e+01 2.540000e+00
    endloop
  endfacet
  facet normal 1.118792e-01 -9.937218e-01 0.000000e+00
    outer loop
      vertex   -4.659418e-01 1.836254e+01 2.540000e+00
      vertex   1.239842e-12 1.841500e+01 5.080000e+00
      vertex   -4.659418e-01 1.836254e+01 5.080000e+00
    endloop
  endfacet
  facet normal 3.300359e-01 -9.439684e-01 0.000000e+00
    outer loop
      vertex   -4.659418e-01 1.836254e+01 2.540000e+00
      vertex   -4.659418e-01 1.836254e+01 5.080000e+00
      vertex   -9.085549e-01 1.820779e+01 2.540000e+00
    endloop
  endfacet
  facet normal 3.300359e-01 -9.439684e-01 0.000000e+00
    outer loop
      vertex   -9.085549e-01 1.820779e+01 2.540000e+00
      vertex   -4.659418e-01 1.836254e+01 5.080000e+00
      vertex   -9.085549e-01 1.820779e+01 5.080000e+00
    endloop
  endfacet
  facet normal 5.316685e-01 -8.469525e-01 0.000000e+00
    outer loop
      vertex   -9.085549e-01 1.820779e+01 2.540000e+00
      vertex   -9.085549e-01 1.820779e+01 5.080000e+00
      vertex   -1.305679e+00 1.795850e+01 2.540000e+00
    endloop
  endfacet
  facet normal 5.316685e-01 -8.469525e-01 0.000000e+00
    outer loop
      vertex   -1.305679e+00 1.795850e+01 2.540000e+00
      vertex   -9.085549e-01 1.820779e+01 5.080000e+00
      vertex   -1.305679e+00 1.795850e+01 5.080000e+00
    endloop
  endfacet
  facet normal 7.066817e-01 -7.075316e-01 0.000000e+00
    outer loop
      vertex   -1.305679e+00 1.795850e+01 2.540000e+00
      vertex   -1.305679e+00 1.795850e+01 5.080000e+00
      vertex   -1.637430e+00 1.762715e+01 2.540000e+00
    endloop
  endfacet
  facet normal 7.066817e-01 -7.075316e-01 0.000000e+00
    outer loop
      vertex   -1.637430e+00 1.762715e+01 2.540000e+00
      vertex   -1.305679e+00 1.795850e+01 5.080000e+00
      vertex   -1.637430e+00 1.762715e+01 5.080000e+00
    endloop
  endfacet
  facet normal 8.463128e-01 -5.326862e-01 0.000000e+00
    outer loop
      vertex   -1.637430e+00 1.762715e+01 2.540000e+00
      vertex   -1.637430e+00 1.762715e+01 5.080000e+00
      vertex   -1.887199e+00 1.723032e+01 2.540000e+00
    endloop
  endfacet
  facet normal 8.463128e-01 -5.326862e-01 0.000000e+00
    outer loop
      vertex   -1.887199e+00 1.723032e+01 2.540000e+00
      vertex   -1.637430e+00 1.762715e+01 5.080000e+00
      vertex   -1.887199e+00 1.723032e+01 5.080000e+00
    endloop
  endfacet
  facet normal 9.435710e-01 -3.311704e-01 0.000000e+00
    outer loop
      vertex   -1.887199e+00 1.723032e+01 2.540000e+00
      vertex   -1.887199e+00 1.723032e+01 5.080000e+00
      vertex   -2.042480e+00 1.678790e+01 2.540000e+00
    endloop
  endfacet
  facet normal 9.435710e-01 -3.311704e-01 0.000000e+00
    outer loop
      vertex   -2.042480e+00 1.678790e+01 2.540000e+00
      vertex   -1.887199e+00 1.723032e+01 5.080000e+00
      vertex   -2.042480e+00 1.678790e+01 5.080000e+00
    endloop
  endfacet
  facet normal 9.746981e-01 -2.235253e-01 0.000000e+00
    outer loop
      vertex   -2.042480e+00 1.678790e+01 5.080000e+00
      vertex   -3.810000e+00 9.080500e+00 5.080000e+00
      vertex   -2.042480e+00 1.678790e+01 2.540000e+00
    endloop
  endfacet
  facet normal 9.746981e-01 -2.235253e-01 0.000000e+00
    outer loop
      vertex   -2.042480e+00 1.678790e+01 2.540000e+00
      vertex   -3.810000e+00 9.080500e+00 5.080000e+00
      vertex   -3.810000e+00 9.080500e+00 2.540000e+00
    endloop
  endfacet
  facet normal 9.945686e-01 -1.040828e-01 0.000000e+00
    outer loop
      vertex   -3.810000e+00 9.080500e+00 5.080000e+00
      vertex   -4.059215e+00 6.699113e+00 5.080000e+00
      vertex   -3.810000e+00 9.080500e+00 2.540000e+00
    endloop
  endfacet
  facet normal 9.945686e-01 -1.040828e-01 0.000000e+00
    outer loop
      vertex   -3.810000e+00 9.080500e+00 2.540000e+00
      vertex   -4.059215e+00 6.699113e+00 5.080000e+00
      vertex   -4.059215e+00 6.699113e+00 2.540000e+00
    endloop
  endfacet
  facet normal 9.821150e-01 -1.882819e-01 0.000000e+00
    outer loop
      vertex   -4.059215e+00 6.699113e+00 2.540000e+00
      vertex   -4.059215e+00 6.699113e+00 5.080000e+00
      vertex   -4.140551e+00 6.274846e+00 2.540000e+00
    endloop
  endfacet
  facet normal 9.821150e-01 -1.882819e-01 -4.750981e-16
    outer loop
      vertex   -4.140551e+00 6.274846e+00 2.540000e+00
      vertex   -4.059215e+00 6.699113e+00 5.080000e+00
      vertex   -4.140551e+00 6.274846e+00 5.080000e+00
    endloop
  endfacet
  facet normal 9.360046e-01 -3.519879e-01 -5.734627e-16
    outer loop
      vertex   -4.140551e+00 6.274846e+00 2.540000e+00
      vertex   -4.140551e+00 6.274846e+00 5.080000e+00
      vertex   -4.292608e+00 5.870499e+00 2.540000e+00
    endloop
  endfacet
  facet normal 9.360046e-01 -3.519879e-01 -3.272988e-16
    outer loop
      vertex   -4.292608e+00 5.870499e+00 2.540000e+00
      vertex   -4.140551e+00 6.274846e+00 5.080000e+00
      vertex   -4.292608e+00 5.870499e+00 5.080000e+00
    endloop
  endfacet
  facet normal 8.628194e-01 -5.055124e-01 -3.017077e-16
    outer loop
      vertex   -4.292608e+00 5.870499e+00 2.540000e+00
      vertex   -4.292608e+00 5.870499e+00 5.080000e+00
      vertex   -4.510985e+00 5.497767e+00 2.540000e+00
    endloop
  endfacet
  facet normal 8.628194e-01 -5.055124e-01 -5.182396e-17
    outer loop
      vertex   -4.510985e+00 5.497767e+00 2.540000e+00
      vertex   -4.292608e+00 5.870499e+00 5.080000e+00
      vertex   -4.510985e+00 5.497767e+00 5.080000e+00
    endloop
  endfacet
  facet normal 7.646764e-01 -6.444145e-01 -1.832839e-16
    outer loop
      vertex   -4.510985e+00 5.497767e+00 2.540000e+00
      vertex   -4.510985e+00 5.497767e+00 5.080000e+00
      vertex   -4.789368e+00 5.167432e+00 2.540000e+00
    endloop
  endfacet
  facet normal 7.646764e-01 -6.444145e-01 0.000000e+00
    outer loop
      vertex   -4.789368e+00 5.167432e+00 2.540000e+00
      vertex   -4.510985e+00 5.497767e+00 5.080000e+00
      vertex   -4.789368e+00 5.167432e+00 5.080000e+00
    endloop
  endfacet
  facet normal 7.071068e-01 -7.071068e-01 0.000000e+00
    outer loop
      vertex   -4.789368e+00 5.167432e+00 5.080000e+00
      vertex   -5.167432e+00 4.789368e+00 5.080000e+00
      vertex   -4.789368e+00 5.167432e+00 2.540000e+00
    endloop
  endfacet
  facet normal 7.071068e-01 -7.071068e-01 0.000000e+00
    outer loop
      vertex   -4.789368e+00 5.167432e+00 2.540000e+00
      vertex   -5.167432e+00 4.789368e+00 5.080000e+00
      vertex   -5.167432e+00 4.789368e+00 2.540000e+00
    endloop
  endfacet
  facet normal 6.444145e-01 -7.646764e-01 0.000000e+00
    outer loop
      vertex   -5.167432e+00 4.789368e+00 2.540000e+00
      vertex   -5.167432e+00 4.789368e+00 5.080000e+00
      vertex   -5.497767e+00 4.510985e+00 2.540000e+00
    endloop
  endfacet
  facet normal 6.444145e-01 -7.646764e-01 0.000000e+00
    outer loop
      vertex   -5.497767e+00 4.510985e+00 2.540000e+00
      vertex   -5.167432e+00 4.789368e+00 5.080000e+00
      vertex   -5.497767e+00 4.510985e+00 5.080000e+00
    endloop
  endfacet
  facet normal 5.055124e-01 -8.628194e-01 0.000000e+00
    outer loop
      vertex   -5.497767e+00 4.510985e+00 2.540000e+00
      vertex   -5.497767e+00 4.510985e+00 5.080000e+00
      vertex   -5.870499e+00 4.292608e+00 2.540000e+00
    endloop
  endfacet
  facet normal 5.055124e-01 -8.628194e-01 0.000000e+00
    outer loop
      vertex   -5.870499e+00 4.292608e+00 2.540000e+00
      vertex   -5.497767e+00 4.510985e+00 5.080000e+00
      vertex   -5.870499e+00 4.292608e+00 5.080000e+00
    endloop
  endfacet
  facet normal 3.519879e-01 -9.360046e-01 0.000000e+00
    outer loop
      vertex   -5.870499e+00 4.292608e+00 2.540000e+00
      vertex   -5.870499e+00 4.292608e+00 5.080000e+00
      vertex   -6.274846e+00 4.140551e+00 2.540000e+00
    endloop
  endfacet
  facet normal 3.519879e-01 -9.360046e-01 0.000000e+00
    outer loop
      vertex   -6.274846e+00 4.140551e+00 2.540000e+00
      vertex   -5.870499e+00 4.292608e+00 5.080000e+00
      vertex   -6.274846e+00 4.140551e+00 5.080000e+00
    endloop
  endfacet
  facet normal 1.882819e-01 -9.821150e-01 0.000000e+00
    outer loop
      vertex   -6.274846e+00 4.140551e+00 2.540000e+00
      vertex   -6.274846e+00 4.140551e+00 5.080000e+00
      vertex   -6.699113e+00 4.059215e+00 2.540000e+00
    endloop
  endfacet
  facet normal 1.882819e-01 -9.821150e-01 0.000000e+00
    outer loop
      vertex   -6.699113e+00 4.059215e+00 2.540000e+00
      vertex   -6.274846e+00 4.140551e+00 5.080000e+00
      vertex   -6.699113e+00 4.059215e+00 5.080000e+00
    endloop
  endfacet
  facet normal 1.040828e-01 -9.945686e-01 0.000000e+00
    outer loop
      vertex   -6.699113e+00 4.059215e+00 5.080000e+00
      vertex   -9.080500e+00 3.810000e+00 5.080000e+00
      vertex   -6.699113e+00 4.059215e+00 2.540000e+00
    endloop
  endfacet
  facet normal 1.040828e-01 -9.945686e-01 0.000000e+00
    outer loop
      vertex   -6.699113e+00 4.059215e+00 2.540000e+00
      vertex   -9.080500e+00 3.810000e+00 5.080000e+00
      vertex   -9.080500e+00 3.810000e+00 2.540000e+00
    endloop
  endfacet
  facet normal 2.235253e-01 -9.746981e-01 0.000000e+00
    outer loop
      vertex   -9.080500e+00 3.810000e+00 5.080000e+00
      vertex   -1.678790e+01 2.042480e+00 5.080000e+00
      vertex   -9.080500e+00 3.810000e+00 2.540000e+00
    endloop
  endfacet
  facet normal 2.235253e-01 -9.746981e-01 0.000000e+00
    outer loop
      vertex   -9.080500e+00 3.810000e+00 2.540000e+00
      vertex   -1.678790e+01 2.042480e+00 5.080000e+00
      vertex   -1.678790e+01 2.042480e+00 2.540000e+00
    endloop
  endfacet
  facet normal 3.311704e-01 -9.435710e-01 0.000000e+00
    outer loop
      vertex   -1.678790e+01 2.042480e+00 2.540000e+00
      vertex   -1.678790e+01 2.042480e+00 5.080000e+00
      vertex   -1.723032e+01 1.887199e+00 2.540000e+00
    endloop
  endfacet
  facet normal 3.311704e-01 -9.435710e-01 0.000000e+00
    outer loop
      vertex   -1.723032e+01 1.887199e+00 2.540000e+00
      vertex   -1.678790e+01 2.042480e+00 5.080000e+00
      vertex   -1.723032e+01 1.887199e+00 5.080000e+00
    endloop
  endfacet
  facet normal 5.326862e-01 -8.463128e-01 0.000000e+00
    outer loop
      vertex   -1.723032e+01 1.887199e+00 2.540000e+00
      vertex   -1.723032e+01 1.887199e+00 5.080000e+00
      vertex   -1.762715e+01 1.637430e+00 2.540000e+00
    endloop
  endfacet
  facet normal 5.326862e-01 -8.463128e-01 0.000000e+00
    outer loop
      vertex   -1.762715e+01 1.637430e+00 2.540000e+00
      vertex   -1.723032e+01 1.887199e+00 5.080000e+00
      vertex   -1.762715e+01 1.637430e+00 5.080000e+00
    endloop
  endfacet
  facet normal 7.075316e-01 -7.066817e-01 0.000000e+00
    outer loop
      vertex   -1.762715e+01 1.637430e+00 2.540000e+00
      vertex   -1.762715e+01 1.637430e+00 5.080000e+00
      vertex   -1.795850e+01 1.305679e+00 2.540000e+00
    endloop
  endfacet
  facet normal 7.075316e-01 -7.066817e-01 0.000000e+00
    outer loop
      vertex   -1.795850e+01 1.305679e+00 2.540000e+00
      vertex   -1.762715e+01 1.637430e+00 5.080000e+00
      vertex   -1.795850e+01 1.305679e+00 5.080000e+00
    endloop
  endfacet
  facet normal 8.469525e-01 -5.316685e-01 0.000000e+00
    outer loop
      vertex   -1.795850e+01 1.305679e+00 2.540000e+00
      vertex   -1.795850e+01 1.305679e+00 5.080000e+00
      vertex   -1.820779e+01 9.085549e-01 2.540000e+00
    endloop
  endfacet
  facet normal 8.469525e-01 -5.316685e-01 0.000000e+00
    outer loop
      vertex   -1.820779e+01 9.085549e-01 2.540000e+00
      vertex   -1.795850e+01 1.305679e+00 5.080000e+00
      vertex   -1.820779e+01 9.085549e-01 5.080000e+00
    endloop
  endfacet
  facet normal 9.439684e-01 -3.300359e-01 0.000000e+00
    outer loop
      vertex   -1.820779e+01 9.085549e-01 2.540000e+00
      vertex   -1.820779e+01 9.085549e-01 5.080000e+00
      vertex   -1.836254e+01 4.659418e-01 2.540000e+00
    endloop
  endfacet
  facet normal 9.439684e-01 -3.300359e-01 0.000000e+00
    outer loop
      vertex   -1.836254e+01 4.659418e-01 2.540000e+00
      vertex   -1.820779e+01 9.085549e-01 5.080000e+00
      vertex   -1.836254e+01 4.659418e-01 5.080000e+00
    endloop
  endfacet
  facet normal 9.937218e-01 -1.118792e-01 0.000000e+00
    outer loop
      vertex   -1.836254e+01 4.659418e-01 2.540000e+00
      vertex   -1.836254e+01 4.659418e-01 5.080000e+00
      vertex   -1.841500e+01 3.072216e-11 2.540000e+00
    endloop
  endfacet
  facet normal 9.937218e-01 -1.118792e-01 0.000000e+00
    outer loop
      vertex   -1.841500e+01 3.072216e-11 2.540000e+00
      vertex   -1.836254e+01 4.659418e-01 5.080000e+00
      vertex   -1.841500e+01 3.072216e-11 5.080000e+00
    endloop
  endfacet
  facet normal 9.937218e-01 1.118792e-01 -0.000000e+00
    outer loop
      vertex   -1.841500e+01 3.072216e-11 2.540000e+00
      vertex   -1.841500e+01 3.072216e-11 5.080000e+00
      vertex   -1.836254e+01 -4.659418e-01 2.540000e+00
    endloop
  endfacet
  facet normal 9.937218e-01 1.118792e-01 -0.000000e+00
    outer loop
      vertex   -1.836254e+01 -4.659418e-01 2.540000e+00
      vertex   -1.841500e+01 3.072216e-11 5.080000e+00
      vertex   -1.836254e+01 -4.659418e-01 5.080000e+00
    endloop
  endfacet
  facet normal 9.439684e-01 3.300359e-01 -0.000000e+00
    outer loop
      vertex   -1.836254e+01 -4.659418e-01 2.540000e+00
      vertex   -1.836254e+01 -4.659418e-01 5.080000e+00
      vertex   -1.820779e+01 -9.085549e-01 2.540000e+00
    endloop
  endfacet
  facet normal 9.439684e-01 3.300359e-01 -0.000000e+00
    outer loop
      vertex   -1.820779e+01 -9.085549e-01 2.540000e+00
      vertex   -1.836254e+01 -4.659418e-01 5.080000e+00
      vertex   -1.820779e+01 -9.085549e-01 5.080000e+00
    endloop
  endfacet
  facet normal 8.469525e-01 5.316685e-01 -0.000000e+00
    outer loop
      vertex   -1.820779e+01 -9.085549e-01 2.540000e+00
      vertex   -1.820779e+01 -9.085549e-01 5.080000e+00
      vertex   -1.795850e+01 -1.305679e+00 2.540000e+00
    endloop
  endfacet
  facet normal 8.469525e-01 5.316685e-01 -0.000000e+00
    outer loop
      vertex   -1.795850e+01 -1.305679e+00 2.540000e+00
      vertex   -1.820779e+01 -9.085549e-01 5.080000e+00
      vertex   -1.795850e+01 -1.305679e+00 5.080000e+00
    endloop
  endfacet
  facet normal 7.075316e-01 7.066817e-01 -0.000000e+00
    outer loop
      vertex   -1.795850e+01 -1.305679e+00 2.540000e+00
      vertex   -1.795850e+01 -1.305679e+00 5.080000e+00
      vertex   -1.762715e+01 -1.637430e+00 2.540000e+00
    endloop
  endfacet
  facet normal 7.075316e-01 7.066817e-01 -0.000000e+00
    outer loop
      vertex   -1.762715e+01 -1.637430e+00 2.540000e+00
      vertex   -1.795850e+01 -1.305679e+00 5.080000e+00
      vertex   -1.762715e+01 -1.637430e+00 5.080000e+00
    endloop
  endfacet
  facet normal 5.326862e-01 8.463128e-01 -0.000000e+00
    outer loop
      vertex   -1.762715e+01 -1.637430e+00 2.540000e+00
      vertex   -1.762715e+01 -1.637430e+00 5.080000e+00
      vertex   -1.723032e+01 -1.887199e+00 2.540000e+00
    endloop
  endfacet
  facet normal 5.326862e-01 8.463128e-01 -0.000000e+00
    outer loop
      vertex   -1.723032e+01 -1.887199e+00 2.540000e+00
      vertex   -1.762715e+01 -1.637430e+00 5.080000e+00
      vertex   -1.723032e+01 -1.887199e+00 5.080000e+00
    endloop
  endfacet
  facet normal 3.311704e-01 9.435710e-01 -0.000000e+00
    outer loop
      vertex   -1.723032e+01 -1.887199e+00 2.540000e+00
      vertex   -1.723032e+01 -1.887199e+00 5.080000e+00
      vertex   -1.678790e+01 -2.042480e+00 2.540000e+00
    endloop
  endfacet
  facet normal 3.311704e-01 9.435710e-01 -0.000000e+00
    outer loop
      vertex   -1.678790e+01 -2.042480e+00 2.540000e+00
      vertex   -1.723032e+01 -1.887199e+00 5.080000e+00
      vertex   -1.678790e+01 -2.042480e+00 5.080000e+00
    endloop
  endfacet
  facet normal 2.235253e-01 9.746981e-01 0.000000e+00
    outer loop
      vertex   -1.678790e+01 -2.042480e+00 5.080000e+00
      vertex   -9.080500e+00 -3.810000e+00 5.080000e+00
      vertex   -1.678790e+01 -2.042480e+00 2.540000e+00
    endloop
  endfacet
  facet normal 2.235253e-01 9.746981e-01 0.000000e+00
    outer loop
      vertex   -1.678790e+01 -2.042480e+00 2.540000e+00
      vertex   -9.080500e+00 -3.810000e+00 5.080000e+00
      vertex   -9.080500e+00 -3.810000e+00 2.540000e+00
    endloop
  endfacet
  facet normal 1.040828e-01 9.945686e-01 0.000000e+00
    outer loop
      vertex   -9.080500e+00 -3.810000e+00 5.080000e+00
      vertex   -6.699113e+00 -4.059215e+00 5.080000e+00
      vertex   -9.080500e+00 -3.810000e+00 2.540000e+00
    endloop
  endfacet
  facet normal 1.040828e-01 9.945686e-01 0.000000e+00
    outer loop
      vertex   -9.080500e+00 -3.810000e+00 2.540000e+00
      vertex   -6.699113e+00 -4.059215e+00 5.080000e+00
      vertex   -6.699113e+00 -4.059215e+00 2.540000e+00
    endloop
  endfacet
  facet normal 1.882819e-01 9.821150e-01 -0.000000e+00
    outer loop
      vertex   -6.699113e+00 -4.059215e+00 2.540000e+00
      vertex   -6.699113e+00 -4.059215e+00 5.080000e+00
      vertex   -6.274846e+00 -4.140551e+00 2.540000e+00
    endloop
  endfacet
  facet normal 1.882819e-01 9.821150e-01 -0.000000e+00
    outer loop
      vertex   -6.274846e+00 -4.140551e+00 2.540000e+00
      vertex   -6.699113e+00 -4.059215e+00 5.080000e+00
      vertex   -6.274846e+00 -4.140551e+00 5.080000e+00
    endloop
  endfacet
  facet normal 3.519879e-01 9.360046e-01 -0.000000e+00
    outer loop
      vertex   -6.274846e+00 -4.140551e+00 2.540000e+00
      vertex   -6.274846e+00 -4.140551e+00 5.080000e+00
      vertex   -5.870499e+00 -4.292608e+00 2.540000e+00
    endloop
  endfacet
  facet normal 3.519879e-01 9.360046e-01 -0.000000e+00
    outer loop
      vertex   -5.870499e+00 -4.292608e+00 2.540000e+00
      vertex   -6.274846e+00 -4.140551e+00 5.080000e+00
      vertex   -5.870499e+00 -4.292608e+00 5.080000e+00
    endloop
  endfacet
  facet normal 5.055124e-01 8.628194e-01 -0.000000e+00
    outer loop
      vertex   -5.870499e+00 -4.292608e+00 2.540000e+00
      vertex   -5.870499e+00 -4.292608e+00 5.080000e+00
      vertex   -5.497767e+00 -4.510985e+00 2.540000e+00
    endloop
  endfacet
  facet normal 5.055124e-01 8.628194e-01 -0.000000e+00
    outer loop
      vertex   -5.497767e+00 -4.510985e+00 2.540000e+00
      vertex   -5.870499e+00 -4.292608e+00 5.080000e+00
      vertex   -5.497767e+00 -4.510985e+00 5.080000e+00
    endloop
  endfacet
  facet normal 6.444145e-01 7.646764e-01 -0.000000e+00
    outer loop
      vertex   -5.497767e+00 -4.510985e+00 2.540000e+00
      vertex   -5.497767e+00 -4.510985e+00 5.080000e+00
      vertex   -5.167432e+00 -4.789368e+00 2.540000e+00
    endloop
  endfacet
  facet normal 6.444145e-01 7.646764e-01 -0.000000e+00
    outer loop
      vertex   -5.167432e+00 -4.789368e+00 2.540000e+00
      vertex   -5.497767e+00 -4.510985e+00 5.080000e+00
      vertex   -5.167432e+00 -4.789368e+00 5.080000e+00
    endloop
  endfacet
  facet normal 7.071068e-01 7.071068e-01 0.000000e+00
    outer loop
      vertex   -5.167432e+00 -4.789368e+00 5.080000e+00
      vertex   -4.789368e+00 -5.167432e+00 5.080000e+00
      vertex   -5.167432e+00 -4.789368e+00 2.540000e+00
    endloop
  endfacet
  facet normal 7.071068e-01 7.071068e-01 0.000000e+00
    outer loop
      vertex   -5.167432e+00 -4.789368e+00 2.540000e+00
      vertex   -4.789368e+00 -5.167432e+00 5.080000e+00
      vertex   -4.789368e+00 -5.167432e+00 2.540000e+00
    endloop
  endfacet
  facet normal 7.646764e-01 6.444145e-01 -0.000000e+00
    outer loop
      vertex   -4.789368e+00 -5.167432e+00 2.540000e+00
      vertex   -4.789368e+00 -5.167432e+00 5.080000e+00
      vertex   -4.510985e+00 -5.497767e+00 2.540000e+00
    endloop
  endfacet
  facet normal 7.646764e-01 6.444145e-01 -0.000000e+00
    outer loop
      vertex   -4.510985e+00 -5.497767e+00 2.540000e+00
      vertex   -4.789368e+00 -5.167432e+00 5.080000e+00
      vertex   -4.510985e+00 -5.497767e+00 5.080000e+00
    endloop
  endfacet
  facet normal 8.628194e-01 5.055124e-01 -0.000000e+00
    outer loop
      vertex   -4.510985e+00 -5.497767e+00 2.540000e+00
      vertex   -4.510985e+00 -5.497767e+00 5.080000e+00
      vertex   -4.292608e+00 -5.870499e+00 2.540000e+00
    endloop
  endfacet
  facet normal 8.628194e-01 5.055124e-01 -0.000000e+00
    outer loop
      vertex   -4.292608e+00 -5.870499e+00 2.540000e+00
      vertex   -4.510985e+00 -5.497767e+00 5.080000e+00
      vertex   -4.292608e+00 -5.870499e+00 5.080000e+00
    endloop
  endfacet
  facet normal 9.360046e-01 3.519879e-01 -0.000000e+00
    outer loop
      vertex   -4.292608e+00 -5.870499e+00 2.540000e+00
      vertex   -4.292608e+00 -5.870499e+00 5.080000e+00
      vertex   -4.140551e+00 -6.274846e+00 2.540000e+00
    endloop
  endfacet
  facet normal 9.360046e-01 3.519879e-01 -0.000000e+00
    outer loop
      vertex   -4.140551e+00 -6.274846e+00 2.540000e+00
      vertex   -4.292608e+00 -5.870499e+00 5.080000e+00
      vertex   -4.140551e+00 -6.274846e+00 5.080000e+00
    endloop
  endfacet
  facet normal 9.821150e-01 1.882819e-01 -0.000000e+00
    outer loop
      vertex   -4.140551e+00 -6.274846e+00 2.540000e+00
      vertex   -4.140551e+00 -6.274846e+00 5.080000e+00
      vertex   -4.059215e+00 -6.699113e+00 2.540000e+00
    endloop
  endfacet
  facet normal 9.821150e-01 1.882819e-01 -0.000000e+00
    outer loop
      vertex   -4.059215e+00 -6.699113e+00 2.540000e+00
      vertex   -4.140551e+00 -6.274846e+00 5.080000e+00
      vertex   -4.059215e+00 -6.699113e+00 5.080000e+00
    endloop
  endfacet
  facet normal 9.945686e-01 1.040828e-01 0.000000e+00
    outer loop
      vertex   -4.059215e+00 -6.699113e+00 5.080000e+00
      vertex   -3.810000e+00 -9.080500e+00 5.080000e+00
      vertex   -4.059215e+00 -6.699113e+00 2.540000e+00
    endloop
  endfacet
  facet normal 9.945686e-01 1.040828e-01 0.000000e+00
    outer loop
      vertex   -4.059215e+00 -6.699113e+00 2.540000e+00
      vertex   -3.810000e+00 -9.080500e+00 5.080000e+00
      vertex   -3.810000e+00 -9.080500e+00 2.540000e+00
    endloop
  endfacet
  facet normal 9.746981e-01 2.235253e-01 0.000000e+00
    outer loop
      vertex   -3.810000e+00 -9.080500e+00 5.080000e+00
      vertex   -2.042480e+00 -1.678790e+01 5.080000e+00
      vertex   -3.810000e+00 -9.080500e+00 2.540000e+00
    endloop
  endfacet
  facet normal 9.746981e-01 2.235253e-01 0.000000e+00
    outer loop
      vertex   -3.810000e+00 -9.080500e+00 2.540000e+00
      vertex   -2.042480e+00 -1.678790e+01 5.080000e+00
      vertex   -2.042480e+00 -1.678790e+01 2.540000e+00
    endloop
  endfacet
  facet normal 9.435710e-01 3.311704e-01 -0.000000e+00
    outer loop
      vertex   -2.042480e+00 -1.678790e+01 2.540000e+00
      vertex   -2.042480e+00 -1.678790e+01 5.080000e+00
      vertex   -1.887199e+00 -1.723032e+01 2.540000e+00
    endloop
  endfacet
  facet normal 9.435710e-01 3.311704e-01 -0.000000e+00
    outer loop
      vertex   -1.887199e+00 -1.723032e+01 2.540000e+00
      vertex   -2.042480e+00 -1.678790e+01 5.080000e+00
      vertex   -1.887199e+00 -1.723032e+01 5.080000e+00
    endloop
  endfacet
  facet normal 8.463128e-01 5.326862e-01 -0.000000e+00
    outer loop
      vertex   -1.887199e+00 -1.723032e+01 2.540000e+00
      vertex   -1.887199e+00 -1.723032e+01 5.080000e+00
      vertex   -1.637430e+00 -1.762715e+01 2.540000e+00
    endloop
  endfacet
  facet normal 8.463128e-01 5.326862e-01 -0.000000e+00
    outer loop
      vertex   -1.637430e+00 -1.762715e+01 2.540000e+00
      vertex   -1.887199e+00 -1.723032e+01 5.080000e+00
      vertex   -1.637430e+00 -1.762715e+01 5.080000e+00
    endloop
  endfacet
  facet normal 7.066817e-01 7.075316e-01 -0.000000e+00
    outer loop
      vertex   -1.637430e+00 -1.762715e+01 2.540000e+00
      vertex   -1.637430e+00 -1.762715e+01 5.080000e+00
      vertex   -1.305679e+00 -1.795850e+01 2.540000e+00
    endloop
  endfacet
  facet normal 7.066817e-01 7.075316e-01 -0.000000e+00
    outer loop
      vertex   -1.305679e+00 -1.795850e+01 2.540000e+00
      vertex   -1.637430e+00 -1.762715e+01 5.080000e+00
      vertex   -1.305679e+00 -1.795850e+01 5.080000e+00
    endloop
  endfacet
  facet normal 5.316685e-01 8.469525e-01 -0.000000e+00
    outer loop
      vertex   -1.305679e+00 -1.795850e+01 2.540000e+00
      vertex   -1.305679e+00 -1.795850e+01 5.080000e+00
      vertex   -9.085549e-01 -1.820779e+01 2.540000e+00
    endloop
  endfacet
  facet normal 5.316685e-01 8.469525e-01 -0.000000e+00
    outer loop
      vertex   -9.085549e-01 -1.820779e+01 2.540000e+00
      vertex   -1.305679e+00 -1.795850e+01 5.080000e+00
      vertex   -9.085549e-01 -1.820779e+01 5.080000e+00
    endloop
  endfacet
  facet normal 3.300359e-01 9.439684e-01 -0.000000e+00
    outer loop
      vertex   -9.085549e-01 -1.820779e+01 2.540000e+00
      vertex   -9.085549e-01 -1.820779e+01 5.080000e+00
      vertex   -4.659418e-01 -1.836254e+01 2.540000e+00
    endloop
  endfacet
  facet normal 3.300359e-01 9.439684e-01 -0.000000e+00
    outer loop
      vertex   -4.659418e-01 -1.836254e+01 2.540000e+00
      vertex   -9.085549e-01 -1.820779e+01 5.080000e+00
      vertex   -4.659418e-01 -1.836254e+01 5.080000e+00
    endloop
  endfacet
  facet normal 1.118792e-01 9.937218e-01 -0.000000e+00
    outer loop
      vertex   -4.659418e-01 -1.836254e+01 2.540000e+00
      vertex   -4.659418e-01 -1.836254e+01 5.080000e+00
      vertex   7.262940e-13 -1.841500e+01 2.540000e+00
    endloop
  endfacet
  facet normal 1.118792e-01 9.937218e-01 -0.000000e+00
    outer loop
      vertex   7.262940e-13 -1.841500e+01 2.540000e+00
      vertex   -4.659418e-01 -1.836254e+01 5.080000e+00
      vertex   7.262940e-13 -1.841500e+01 5.080000e+00
    endloop
  endfacet
  facet normal -1.118792e-01 9.937218e-01 0.000000e+00
    outer loop
      vertex   7.262940e-13 -1.841500e+01 2.540000e+00
      vertex   7.262940e-13 -1.841500e+01 5.080000e+00
      vertex   4.659418e-01 -1.836254e+01 2.540000e+00
    endloop
  endfacet
  facet normal -1.118792e-01 9.937218e-01 0.000000e+00
    outer loop
      vertex   4.659418e-01 -1.836254e+01 2.540000e+00
      vertex   7.262940e-13 -1.841500e+01 5.080000e+00
      vertex   4.659418e-01 -1.836254e+01 5.080000e+00
    endloop
  endfacet
  facet normal -3.300359e-01 9.439684e-01 0.000000e+00
    outer loop
      vertex   4.659418e-01 -1.836254e+01 2.540000e+00
      vertex   4.659418e-01 -1.836254e+01 5.080000e+00
      vertex   9.085549e-01 -1.820779e+01 2.540000e+00
    endloop
  endfacet
  facet normal -3.300359e-01 9.439684e-01 0.000000e+00
    outer loop
      vertex   9.085549e-01 -1.820779e+01 2.540000e+00
      vertex   4.659418e-01 -1.836254e+01 5.080000e+00
      vertex   9.085549e-01 -1.820779e+01 5.080000e+00
    endloop
  endfacet
  facet normal -5.316685e-01 8.469525e-01 0.000000e+00
    outer loop
      vertex   9.085549e-01 -1.820779e+01 2.540000e+00
      vertex   9.085549e-01 -1.820779e+01 5.080000e+00
      vertex   1.305679e+00 -1.795850e+01 2.540000e+00
    endloop
  endfacet
  facet normal -5.316685e-01 8.469525e-01 0.000000e+00
    outer loop
      vertex   1.305679e+00 -1.795850e+01 2.540000e+00
      vertex   9.085549e-01 -1.820779e+01 5.080000e+00
      vertex   1.305679e+00 -1.795850e+01 5.080000e+00
    endloop
  endfacet
  facet normal -7.066817e-01 7.075316e-01 0.000000e+00
    outer loop
      vertex   1.305679e+00 -1.795850e+01 2.540000e+00
      vertex   1.305679e+00 -1.795850e+01 5.080000e+00
      vertex   1.637430e+00 -1.762715e+01 2.540000e+00
    endloop
  endfacet
  facet normal -7.066817e-01 7.075316e-01 0.000000e+00
    outer loop
      vertex   1.637430e+00 -1.762715e+01 2.540000e+00
      vertex   1.305679e+00 -1.795850e+01 5.080000e+00
      vertex   1.637430e+00 -1.762715e+01 5.080000e+00
    endloop
  endfacet
  facet normal -8.463128e-01 5.326862e-01 0.000000e+00
    outer loop
      vertex   1.637430e+00 -1.762715e+01 2.540000e+00
      vertex   1.637430e+00 -1.762715e+01 5.080000e+00
      vertex   1.887199e+00 -1.723032e+01 2.540000e+00
    endloop
  endfacet
  facet normal -8.463128e-01 5.326862e-01 0.000000e+00
    outer loop
      vertex   1.887199e+00 -1.723032e+01 2.540000e+00
      vertex   1.637430e+00 -1.762715e+01 5.080000e+00
      vertex   1.887199e+00 -1.723032e+01 5.080000e+00
    endloop
  endfacet
  facet normal -9.435710e-01 3.311704e-01 0.000000e+00
    outer loop
      vertex   1.887199e+00 -1.723032e+01 2.540000e+00
      vertex   1.887199e+00 -1.723032e+01 5.080000e+00
      vertex   2.042480e+00 -1.678790e+01 2.540000e+00
    endloop
  endfacet
  facet normal -9.435710e-01 3.311704e-01 1.649723e-16
    outer loop
      vertex   2.042480e+00 -1.678790e+01 2.540000e+00
      vertex   1.887199e+00 -1.723032e+01 5.080000e+00
      vertex   2.042480e+00 -1.678790e+01 5.080000e+00
    endloop
  endfacet
  facet normal -9.746981e-01 2.235253e-01 1.704145e-16
    outer loop
      vertex   2.042480e+00 -1.678790e+01 5.080000e+00
      vertex   3.810000e+00 -9.080500e+00 5.080000e+00
      vertex   2.042480e+00 -1.678790e+01 2.540000e+00
    endloop
  endfacet
  facet normal -9.746981e-01 2.235253e-01 -8.844207e-17
    outer loop
      vertex   2.042480e+00 -1.678790e+01 2.540000e+00
      vertex   3.810000e+00 -9.080500e+00 5.080000e+00
      vertex   3.810000e+00 -9.080500e+00 2.540000e+00
    endloop
  endfacet
  facet normal -9.945686e-01 1.040828e-01 -1.738887e-16
    outer loop
      vertex   3.810000e+00 -9.080500e+00 5.080000e+00
      vertex   4.059215e+00 -6.699113e+00 5.080000e+00
      vertex   3.810000e+00 -9.080500e+00 2.540000e+00
    endloop
  endfacet
  facet normal -9.945686e-01 1.040828e-01 3.468446e-16
    outer loop
      vertex   3.810000e+00 -9.080500e+00 2.540000e+00
      vertex   4.059215e+00 -6.699113e+00 5.080000e+00
      vertex   4.059215e+00 -6.699113e+00 2.540000e+00
    endloop
  endfacet
  facet normal -9.821150e-01 1.882819e-01 3.434226e-16
    outer loop
      vertex   4.059215e+00 -6.699113e+00 2.540000e+00
      vertex   4.059215e+00 -6.699113e+00 5.080000e+00
      vertex   4.140551e+00 -6.274846e+00 2.540000e+00
    endloop
  endfacet
  facet normal -9.821150e-01 1.882819e-01 0.000000e+00
    outer loop
      vertex   4.140551e+00 -6.274846e+00 2.540000e+00
      vertex   4.059215e+00 -6.699113e+00 5.080000e+00
      vertex   4.140551e+00 -6.274846e+00 5.080000e+00
    endloop
  endfacet
  facet normal -9.360046e-01 3.519879e-01 0.000000e+00
    outer loop
      vertex   4.140551e+00 -6.274846e+00 2.540000e+00
      vertex   4.140551e+00 -6.274846e+00 5.080000e+00
      vertex   4.292608e+00 -5.870499e+00 2.540000e+00
    endloop
  endfacet
  facet normal -9.360046e-01 3.519879e-01 3.272988e-16
    outer loop
      vertex   4.292608e+00 -5.870499e+00 2.540000e+00
      vertex   4.140551e+00 -6.274846e+00 5.080000e+00
      vertex   4.292608e+00 -5.870499e+00 5.080000e+00
    endloop
  endfacet
  facet normal -8.628194e-01 5.055124e-01 3.017077e-16
    outer loop
      vertex   4.292608e+00 -5.870499e+00 2.540000e+00
      vertex   4.292608e+00 -5.870499e+00 5.080000e+00
      vertex   4.510985e+00 -5.497767e+00 2.540000e+00
    endloop
  endfacet
  facet normal -8.628194e-01 5.055124e-01 0.000000e+00
    outer loop
      vertex   4.510985e+00 -5.497767e+00 2.540000e+00
      vertex   4.292608e+00 -5.870499e+00 5.080000e+00
      vertex   4.510985e+00 -5.497767e+00 5.080000e+00
    endloop
  endfacet
  facet normal -7.646764e-01 6.444145e-01 0.000000e+00
    outer loop
      vertex   4.510985e+00 -5.497767e+00 2.540000e+00
      vertex   4.510985e+00 -5.497767e+00 5.080000e+00
      vertex   4.789368e+00 -5.167432e+00 2.540000e+00
    endloop
  endfacet
  facet normal -7.646764e-01 6.444145e-01 2.673894e-16
    outer loop
      vertex   4.789368e+00 -5.167432e+00 2.540000e+00
      vertex   4.510985e+00 -5.497767e+00 5.080000e+00
      vertex   4.789368e+00 -5.167432e+00 5.080000e+00
    endloop
  endfacet
  facet normal -7.071068e-01 7.071068e-01 2.472587e-16
    outer loop
      vertex   4.789368e+00 -5.167432e+00 5.080000e+00
      vertex   5.167432e+00 -4.789368e+00 5.080000e+00
      vertex   4.789368e+00 -5.167432e+00 2.540000e+00
    endloop
  endfacet
  facet normal -7.071068e-01 7.071068e-01 -2.452548e-16
    outer loop
      vertex   4.789368e+00 -5.167432e+00 2.540000e+00
      vertex   5.167432e+00 -4.789368e+00 5.080000e+00
      vertex   5.167432e+00 -4.789368e+00 2.540000e+00
    endloop
  endfacet
  facet normal -6.444145e-01 7.646764e-01 -2.253366e-16
    outer loop
      vertex   5.167432e+00 -4.789368e+00 2.540000e+00
      vertex   5.167432e+00 -4.789368e+00 5.080000e+00
      vertex   5.497767e+00 -4.510985e+00 2.540000e+00
    endloop
  endfacet
  facet normal -6.444145e-01 7.646764e-01 0.000000e+00
    outer loop
      vertex   5.497767e+00 -4.510985e+00 2.540000e+00
      vertex   5.167432e+00 -4.789368e+00 5.080000e+00
      vertex   5.497767e+00 -4.510985e+00 5.080000e+00
    endloop
  endfacet
  facet normal -5.055124e-01 8.628194e-01 0.000000e+00
    outer loop
      vertex   5.497767e+00 -4.510985e+00 2.540000e+00
      vertex   5.497767e+00 -4.510985e+00 5.080000e+00
      vertex   5.870499e+00 -4.292608e+00 2.540000e+00
    endloop
  endfacet
  facet normal -5.055124e-01 8.628194e-01 0.000000e+00
    outer loop
      vertex   5.870499e+00 -4.292608e+00 2.540000e+00
      vertex   5.497767e+00 -4.510985e+00 5.080000e+00
      vertex   5.870499e+00 -4.292608e+00 5.080000e+00
    endloop
  endfacet
  facet normal -3.519879e-01 9.360046e-01 0.000000e+00
    outer loop
      vertex   5.870499e+00 -4.292608e+00 2.540000e+00
      vertex   5.870499e+00 -4.292608e+00 5.080000e+00
      vertex   6.274846e+00 -4.140551e+00 2.540000e+00
    endloop
  endfacet
  facet normal -3.519879e-01 9.360046e-01 0.000000e+00
    outer loop
      vertex   6.274846e+00 -4.140551e+00 2.540000e+00
      vertex   5.870499e+00 -4.292608e+00 5.080000e+00
      vertex   6.274846e+00 -4.140551e+00 5.080000e+00
    endloop
  endfacet
  facet normal -1.882819e-01 9.821150e-01 0.000000e+00
    outer loop
      vertex   6.274846e+00 -4.140551e+00 2.540000e+00
      vertex   6.274846e+00 -4.140551e+00 5.080000e+00
      vertex   6.699113e+00 -4.059215e+00 2.540000e+00
    endloop
  endfacet
  facet normal -1.882819e-01 9.821150e-01 0.000000e+00
    outer loop
      vertex   6.699113e+00 -4.059215e+00 2.540000e+00
      vertex   6.274846e+00 -4.140551e+00 5.080000e+00
      vertex   6.699113e+00 -4.059215e+00 5.080000e+00
    endloop
  endfacet
  facet normal -1.040828e-01 9.945686e-01 0.000000e+00
    outer loop
      vertex   6.699113e+00 -4.059215e+00 5.080000e+00
      vertex   9.080500e+00 -3.810000e+00 5.080000e+00
      vertex   6.699113e+00 -4.059215e+00 2.540000e+00
    endloop
  endfacet
  facet normal -1.040828e-01 9.945686e-01 0.000000e+00
    outer loop
      vertex   6.699113e+00 -4.059215e+00 2.540000e+00
      vertex   9.080500e+00 -3.810000e+00 5.080000e+00
      vertex   9.080500e+00 -3.810000e+00 2.540000e+00
    endloop
  endfacet
  facet normal -2.235253e-01 9.746981e-01 0.000000e+00
    outer loop
      vertex   9.080500e+00 -3.810000e+00 5.080000e+00
      vertex   1.678790e+01 -2.042480e+00 5.080000e+00
      vertex   9.080500e+00 -3.810000e+00 2.540000e+00
    endloop
  endfacet
  facet normal -2.235253e-01 9.746981e-01 3.537683e-16
    outer loop
      vertex   9.080500e+00 -3.810000e+00 2.540000e+00
      vertex   1.678790e+01 -2.042480e+00 5.080000e+00
      vertex   1.678790e+01 -2.042480e+00 2.540000e+00
    endloop
  endfacet
  facet normal 8.863349e-01 4.630447e-01 -0.000000e+00
    outer loop
      vertex   1.654386e+01 9.444736e+00 0.000000e+00
      vertex   1.654386e+01 9.444736e+00 5.080000e+00
      vertex   1.720199e+01 8.184987e+00 0.000000e+00
    endloop
  endfacet
  facet normal 8.863349e-01 4.630447e-01 -0.000000e+00
    outer loop
      vertex   1.720199e+01 8.184987e+00 0.000000e+00
      vertex   1.654386e+01 9.444736e+00 5.080000e+00
      vertex   1.720199e+01 8.184987e+00 5.080000e+00
    endloop
  endfacet
  facet normal 9.183913e-01 3.956734e-01 -0.000000e+00
    outer loop
      vertex   1.720199e+01 8.184987e+00 0.000000e+00
      vertex   1.720199e+01 8.184987e+00 5.080000e+00
      vertex   1.776436e+01 6.879676e+00 0.000000e+00
    endloop
  endfacet
  facet normal 9.183913e-01 3.956734e-01 -0.000000e+00
    outer loop
      vertex   1.776436e+01 6.879676e+00 0.000000e+00
      vertex   1.720199e+01 8.184987e+00 5.080000e+00
      vertex   1.776436e+01 6.879676e+00 5.080000e+00
    endloop
  endfacet
  facet normal 9.453354e-01 3.260996e-01 -0.000000e+00
    outer loop
      vertex   1.776436e+01 6.879676e+00 0.000000e+00
      vertex   1.776436e+01 6.879676e+00 5.080000e+00
      vertex   1.822785e+01 5.536070e+00 0.000000e+00
    endloop
  endfacet
  facet normal 9.453354e-01 3.260996e-01 -0.000000e+00
    outer loop
      vertex   1.822785e+01 5.536070e+00 0.000000e+00
      vertex   1.776436e+01 6.879676e+00 5.080000e+00
      vertex   1.822785e+01 5.536070e+00 5.080000e+00
    endloop
  endfacet
  facet normal 9.670173e-01 2.547105e-01 -0.000000e+00
    outer loop
      vertex   1.822785e+01 5.536070e+00 0.000000e+00
      vertex   1.822785e+01 5.536070e+00 5.080000e+00
      vertex   1.858987e+01 4.161647e+00 0.000000e+00
    endloop
  endfacet
  facet normal 9.670173e-01 2.547105e-01 -0.000000e+00
    outer loop
      vertex   1.858987e+01 4.161647e+00 0.000000e+00
      vertex   1.822785e+01 5.536070e+00 5.080000e+00
      vertex   1.858987e+01 4.161647e+00 5.080000e+00
    endloop
  endfacet
  facet normal 9.833164e-01 1.819036e-01 -0.000000e+00
    outer loop
      vertex   1.858987e+01 4.161647e+00 0.000000e+00
      vertex   1.858987e+01 4.161647e+00 5.080000e+00
      vertex   1.884841e+01 2.764058e+00 0.000000e+00
    endloop
  endfacet
  facet normal 9.833164e-01 1.819036e-01 -0.000000e+00
    outer loop
      vertex   1.884841e+01 2.764058e+00 0.000000e+00
      vertex   1.858987e+01 4.161647e+00 5.080000e+00
      vertex   1.884841e+01 2.764058e+00 5.080000e+00
    endloop
  endfacet
  facet normal 9.941417e-01 1.080842e-01 -0.000000e+00
    outer loop
      vertex   1.884841e+01 2.764058e+00 0.000000e+00
      vertex   1.884841e+01 2.764058e+00 5.080000e+00
      vertex   1.900203e+01 1.351083e+00 0.000000e+00
    endloop
  endfacet
  facet normal 9.941417e-01 1.080842e-01 -0.000000e+00
    outer loop
      vertex   1.900203e+01 1.351083e+00 0.000000e+00
      vertex   1.884841e+01 2.764058e+00 5.080000e+00
      vertex   1.900203e+01 1.351083e+00 5.080000e+00
    endloop
  endfacet
  facet normal 9.994332e-01 3.366305e-02 -0.000000e+00
    outer loop
      vertex   1.900203e+01 1.351083e+00 0.000000e+00
      vertex   1.900203e+01 1.351083e+00 5.080000e+00
      vertex   1.904987e+01 -6.941322e-02 0.000000e+00
    endloop
  endfacet
  facet normal 9.994332e-01 3.366305e-02 -0.000000e+00
    outer loop
      vertex   1.904987e+01 -6.941322e-02 0.000000e+00
      vertex   1.900203e+01 1.351083e+00 5.080000e+00
      vertex   1.904987e+01 -6.941322e-02 5.080000e+00
    endloop
  endfacet
  facet normal 9.991614e-01 -4.094545e-02 0.000000e+00
    outer loop
      vertex   1.904987e+01 -6.941322e-02 0.000000e+00
      vertex   1.904987e+01 -6.941322e-02 5.080000e+00
      vertex   1.899168e+01 -1.489523e+00 0.000000e+00
    endloop
  endfacet
  facet normal 9.991614e-01 -4.094545e-02 0.000000e+00
    outer loop
      vertex   1.899168e+01 -1.489523e+00 0.000000e+00
      vertex   1.904987e+01 -6.941322e-02 5.080000e+00
      vertex   1.899168e+01 -1.489523e+00 5.080000e+00
    endloop
  endfacet
  facet normal 9.933277e-01 -1.153260e-01 0.000000e+00
    outer loop
      vertex   1.899168e+01 -1.489523e+00 0.000000e+00
      vertex   1.899168e+01 -1.489523e+00 5.080000e+00
      vertex   1.882776e+01 -2.901341e+00 0.000000e+00
    endloop
  endfacet
  facet normal 9.933277e-01 -1.153260e-01 0.000000e+00
    outer loop
      vertex   1.882776e+01 -2.901341e+00 0.000000e+00
      vertex   1.899168e+01 -1.489523e+00 5.080000e+00
      vertex   1.882776e+01 -2.901341e+00 5.080000e+00
    endloop
  endfacet
  facet normal 9.819646e-01 -1.890647e-01 0.000000e+00
    outer loop
      vertex   1.882776e+01 -2.901341e+00 0.000000e+00
      vertex   1.882776e+01 -2.901341e+00 5.080000e+00
      vertex   1.855905e+01 -4.297008e+00 0.000000e+00
    endloop
  endfacet
  facet normal 9.819646e-01 -1.890647e-01 0.000000e+00
    outer loop
      vertex   1.855905e+01 -4.297008e+00 0.000000e+00
      vertex   1.882776e+01 -2.901341e+00 5.080000e+00
      vertex   1.855905e+01 -4.297008e+00 5.080000e+00
    endloop
  endfacet
  facet normal 9.651355e-01 -2.617508e-01 0.000000e+00
    outer loop
      vertex   1.855905e+01 -4.297008e+00 0.000000e+00
      vertex   1.855905e+01 -4.297008e+00 5.080000e+00
      vertex   1.818702e+01 -5.668757e+00 0.000000e+00
    endloop
  endfacet
  facet normal 9.651355e-01 -2.617508e-01 0.000000e+00
    outer loop
      vertex   1.818702e+01 -5.668757e+00 0.000000e+00
      vertex   1.855905e+01 -4.297008e+00 5.080000e+00
      vertex   1.818702e+01 -5.668757e+00 5.080000e+00
    endloop
  endfacet
  facet normal 9.429339e-01 -3.329800e-01 0.000000e+00
    outer loop
      vertex   1.818702e+01 -5.668757e+00 0.000000e+00
      vertex   1.818702e+01 -5.668757e+00 5.080000e+00
      vertex   1.771376e+01 -7.008950e+00 0.000000e+00
    endloop
  endfacet
  facet normal 9.429339e-01 -3.329800e-01 0.000000e+00
    outer loop
      vertex   1.771376e+01 -7.008950e+00 0.000000e+00
      vertex   1.818702e+01 -5.668757e+00 5.080000e+00
      vertex   1.771376e+01 -7.008950e+00 5.080000e+00
    endloop
  endfacet
  facet normal 9.154835e-01 -4.023556e-01 0.000000e+00
    outer loop
      vertex   1.771376e+01 -7.008950e+00 0.000000e+00
      vertex   1.771376e+01 -7.008950e+00 5.080000e+00
      vertex   1.714189e+01 -8.310128e+00 0.000000e+00
    endloop
  endfacet
  facet normal 9.154835e-01 -4.023556e-01 0.000000e+00
    outer loop
      vertex   1.714189e+01 -8.310128e+00 0.000000e+00
      vertex   1.771376e+01 -7.008950e+00 5.080000e+00
      vertex   1.714189e+01 -8.310128e+00 5.080000e+00
    endloop
  endfacet
  facet normal 8.829370e-01 -4.694915e-01 0.000000e+00
    outer loop
      vertex   1.714189e+01 -8.310128e+00 0.000000e+00
      vertex   1.714189e+01 -8.310128e+00 5.080000e+00
      vertex   1.647460e+01 -9.565048e+00 0.000000e+00
    endloop
  endfacet
  facet normal 8.829370e-01 -4.694915e-01 0.000000e+00
    outer loop
      vertex   1.647460e+01 -9.565048e+00 0.000000e+00
      vertex   1.714189e+01 -8.310128e+00 5.080000e+00
      vertex   1.647460e+01 -9.565048e+00 5.080000e+00
    endloop
  endfacet
  facet normal 8.454756e-01 -5.340140e-01 0.000000e+00
    outer loop
      vertex   1.647460e+01 -9.565048e+00 0.000000e+00
      vertex   1.647460e+01 -9.565048e+00 5.080000e+00
      vertex   1.571560e+01 -1.076672e+01 0.000000e+00
    endloop
  endfacet
  facet normal 8.454756e-01 -5.340140e-01 0.000000e+00
    outer loop
      vertex   1.571560e+01 -1.076672e+01 0.000000e+00
      vertex   1.647460e+01 -9.565048e+00 5.080000e+00
      vertex   1.571560e+01 -1.076672e+01 5.080000e+00
    endloop
  endfacet
  facet normal 8.033080e-01 -5.955639e-01 0.000000e+00
    outer loop
      vertex   1.571560e+01 -1.076672e+01 0.000000e+00
      vertex   1.571560e+01 -1.076672e+01 5.080000e+00
      vertex   1.486913e+01 -1.190847e+01 0.000000e+00
    endloop
  endfacet
  facet normal 8.033080e-01 -5.955639e-01 0.000000e+00
    outer loop
      vertex   1.486913e+01 -1.190847e+01 0.000000e+00
      vertex   1.571560e+01 -1.076672e+01 5.080000e+00
      vertex   1.486913e+01 -1.190847e+01 5.080000e+00
    endloop
  endfacet
  facet normal 7.566687e-01 -6.537986e-01 0.000000e+00
    outer loop
      vertex   1.486913e+01 -1.190847e+01 0.000000e+00
      vertex   1.486913e+01 -1.190847e+01 5.080000e+00
      vertex   1.393988e+01 -1.298392e+01 0.000000e+00
    endloop
  endfacet
  facet normal 7.566687e-01 -6.537986e-01 0.000000e+00
    outer loop
      vertex   1.393988e+01 -1.298392e+01 0.000000e+00
      vertex   1.486913e+01 -1.190847e+01 5.080000e+00
      vertex   1.393988e+01 -1.298392e+01 5.080000e+00
    endloop
  endfacet
  facet normal 7.058173e-01 -7.083939e-01 0.000000e+00
    outer loop
      vertex   1.393988e+01 -1.298392e+01 0.000000e+00
      vertex   1.393988e+01 -1.298392e+01 5.080000e+00
      vertex   1.293304e+01 -1.398710e+01 0.000000e+00
    endloop
  endfacet
  facet normal 7.058173e-01 -7.083939e-01 0.000000e+00
    outer loop
      vertex   1.293304e+01 -1.398710e+01 0.000000e+00
      vertex   1.393988e+01 -1.298392e+01 5.080000e+00
      vertex   1.293304e+01 -1.398710e+01 5.080000e+00
    endloop
  endfacet
  facet normal 6.510371e-01 -7.590459e-01 0.000000e+00
    outer loop
      vertex   1.293304e+01 -1.398710e+01 0.000000e+00
      vertex   1.293304e+01 -1.398710e+01 5.080000e+00
      vertex   1.185421e+01 -1.491242e+01 0.000000e+00
    endloop
  endfacet
  facet normal 6.510371e-01 -7.590459e-01 0.000000e+00
    outer loop
      vertex   1.185421e+01 -1.491242e+01 0.000000e+00
      vertex   1.293304e+01 -1.398710e+01 5.080000e+00
      vertex   1.185421e+01 -1.491242e+01 5.080000e+00
    endloop
  endfacet
  facet normal 5.926329e-01 -8.054727e-01 0.000000e+00
    outer loop
      vertex   1.185421e+01 -1.491242e+01 0.000000e+00
      vertex   1.185421e+01 -1.491242e+01 5.080000e+00
      vertex   1.070939e+01 -1.575473e+01 0.000000e+00
    endloop
  endfacet
  facet normal 5.926329e-01 -8.054727e-01 0.000000e+00
    outer loop
      vertex   1.070939e+01 -1.575473e+01 0.000000e+00
      vertex   1.185421e+01 -1.491242e+01 5.080000e+00
      vertex   1.070939e+01 -1.575473e+01 5.080000e+00
    endloop
  endfacet
  facet normal 5.309298e-01 -8.474158e-01 0.000000e+00
    outer loop
      vertex   1.070939e+01 -1.575473e+01 0.000000e+00
      vertex   1.070939e+01 -1.575473e+01 5.080000e+00
      vertex   9.504955e+00 -1.650934e+01 0.000000e+00
    endloop
  endfacet
  facet normal 5.309298e-01 -8.474158e-01 0.000000e+00
    outer loop
      vertex   9.504955e+00 -1.650934e+01 0.000000e+00
      vertex   1.070939e+01 -1.575473e+01 5.080000e+00
      vertex   9.504955e+00 -1.650934e+01 5.080000e+00
    endloop
  endfacet
  facet normal 4.662712e-01 -8.846418e-01 0.000000e+00
    outer loop
      vertex   9.504955e+00 -1.650934e+01 0.000000e+00
      vertex   9.504955e+00 -1.650934e+01 5.080000e+00
      vertex   8.247612e+00 -1.717205e+01 0.000000e+00
    endloop
  endfacet
  facet normal 4.662712e-01 -8.846418e-01 0.000000e+00
    outer loop
      vertex   8.247612e+00 -1.717205e+01 0.000000e+00
      vertex   9.504955e+00 -1.650934e+01 5.080000e+00
      vertex   8.247612e+00 -1.717205e+01 5.080000e+00
    endloop
  endfacet
  facet normal 3.990172e-01 -9.169435e-01 0.000000e+00
    outer loop
      vertex   8.247612e+00 -1.717205e+01 0.000000e+00
      vertex   8.247612e+00 -1.717205e+01 5.080000e+00
      vertex   6.944359e+00 -1.773918e+01 0.000000e+00
    endloop
  endfacet
  facet normal 3.990172e-01 -9.169435e-01 0.000000e+00
    outer loop
      vertex   6.944359e+00 -1.773918e+01 0.000000e+00
      vertex   8.247612e+00 -1.717205e+01 5.080000e+00
      vertex   6.944359e+00 -1.773918e+01 5.080000e+00
    endloop
  endfacet
  facet normal 3.295420e-01 -9.441409e-01 0.000000e+00
    outer loop
      vertex   6.944359e+00 -1.773918e+01 0.000000e+00
      vertex   6.944359e+00 -1.773918e+01 5.080000e+00
      vertex   5.602451e+00 -1.820755e+01 0.000000e+00
    endloop
  endfacet
  facet normal 3.295420e-01 -9.441409e-01 0.000000e+00
    outer loop
      vertex   5.602451e+00 -1.820755e+01 0.000000e+00
      vertex   6.944359e+00 -1.773918e+01 5.080000e+00
      vertex   5.602451e+00 -1.820755e+01 5.080000e+00
    endloop
  endfacet
  facet normal 2.582324e-01 -9.660828e-01 0.000000e+00
    outer loop
      vertex   5.602451e+00 -1.820755e+01 0.000000e+00
      vertex   5.602451e+00 -1.820755e+01 5.080000e+00
      vertex   4.229356e+00 -1.857458e+01 0.000000e+00
    endloop
  endfacet
  facet normal 2.582324e-01 -9.660828e-01 0.000000e+00
    outer loop
      vertex   4.229356e+00 -1.857458e+01 0.000000e+00
      vertex   5.602451e+00 -1.820755e+01 5.080000e+00
      vertex   4.229356e+00 -1.857458e+01 5.080000e+00
    endloop
  endfacet
  facet normal 1.854854e-01 -9.826470e-01 0.000000e+00
    outer loop
      vertex   4.229356e+00 -1.857458e+01 0.000000e+00
      vertex   4.229356e+00 -1.857458e+01 5.080000e+00
      vertex   2.832718e+00 -1.883821e+01 0.000000e+00
    endloop
  endfacet
  facet normal 1.854854e-01 -9.826470e-01 0.000000e+00
    outer loop
      vertex   2.832718e+00 -1.883821e+01 0.000000e+00
      vertex   4.229356e+00 -1.857458e+01 5.080000e+00
      vertex   2.832718e+00 -1.883821e+01 5.080000e+00
    endloop
  endfacet
  facet normal 1.117058e-01 -9.937413e-01 0.000000e+00
    outer loop
      vertex   2.832718e+00 -1.883821e+01 0.000000e+00
      vertex   2.832718e+00 -1.883821e+01 5.080000e+00
      vertex   1.420312e+00 -1.899698e+01 0.000000e+00
    endloop
  endfacet
  facet normal 1.117058e-01 -9.937413e-01 0.000000e+00
    outer loop
      vertex   1.420312e+00 -1.899698e+01 0.000000e+00
      vertex   2.832718e+00 -1.883821e+01 5.080000e+00
      vertex   1.420312e+00 -1.899698e+01 5.080000e+00
    endloop
  endfacet
  facet normal 3.730450e-02 -9.993039e-01 0.000000e+00
    outer loop
      vertex   1.420312e+00 -1.899698e+01 0.000000e+00
      vertex   1.420312e+00 -1.899698e+01 5.080000e+00
      vertex   1.808627e-14 -1.905000e+01 0.000000e+00
    endloop
  endfacet
  facet normal 3.730450e-02 -9.993039e-01 0.000000e+00
    outer loop
      vertex   1.808627e-14 -1.905000e+01 0.000000e+00
      vertex   1.420312e+00 -1.899698e+01 5.080000e+00
      vertex   1.808627e-14 -1.905000e+01 5.080000e+00
    endloop
  endfacet
  facet normal -3.730450e-02 -9.993039e-01 0.000000e+00
    outer loop
      vertex   1.808627e-14 -1.905000e+01 0.000000e+00
      vertex   1.808627e-14 -1.905000e+01 5.080000e+00
      vertex   -1.420312e+00 -1.899698e+01 0.000000e+00
    endloop
  endfacet
  facet normal -3.730450e-02 -9.993039e-01 0.000000e+00
    outer loop
      vertex   -1.420312e+00 -1.899698e+01 0.000000e+00
      vertex   1.808627e-14 -1.905000e+01 5.080000e+00
      vertex   -1.420312e+00 -1.899698e+01 5.080000e+00
    endloop
  endfacet
  facet normal -1.117058e-01 -9.937413e-01 0.000000e+00
    outer loop
      vertex   -1.420312e+00 -1.899698e+01 0.000000e+00
      vertex   -1.420312e+00 -1.899698e+01 5.080000e+00
      vertex   -2.832718e+00 -1.883821e+01 0.000000e+00
    endloop
  endfacet
  facet normal -1.117058e-01 -9.937413e-01 0.000000e+00
    outer loop
      vertex   -2.832718e+00 -1.883821e+01 0.000000e+00
      vertex   -1.420312e+00 -1.899698e+01 5.080000e+00
      vertex   -2.832718e+00 -1.883821e+01 5.080000e+00
    endloop
  endfacet
  facet normal -1.854854e-01 -9.826470e-01 0.000000e+00
    outer loop
      vertex   -2.832718e+00 -1.883821e+01 0.000000e+00
      vertex   -2.832718e+00 -1.883821e+01 5.080000e+00
      vertex   -4.229356e+00 -1.857458e+01 0.000000e+00
    endloop
  endfacet
  facet normal -1.854854e-01 -9.826470e-01 0.000000e+00
    outer loop
      vertex   -4.229356e+00 -1.857458e+01 0.000000e+00
      vertex   -2.832718e+00 -1.883821e+01 5.080000e+00
      vertex   -4.229356e+00 -1.857458e+01 5.080000e+00
    endloop
  endfacet
  facet normal -2.582324e-01 -9.660828e-01 0.000000e+00
    outer loop
      vertex   -4.229356e+00 -1.857458e+01 0.000000e+00
      vertex   -4.229356e+00 -1.857458e+01 5.080000e+00
      vertex   -5.602451e+00 -1.820755e+01 0.000000e+00
    endloop
  endfacet
  facet normal -2.582324e-01 -9.660828e-01 0.000000e+00
    outer loop
      vertex   -5.602451e+00 -1.820755e+01 0.000000e+00
      vertex   -4.229356e+00 -1.857458e+01 5.080000e+00
      vertex   -5.602451e+00 -1.820755e+01 5.080000e+00
    endloop
  endfacet
  facet normal -3.295420e-01 -9.441409e-01 0.000000e+00
    outer loop
      vertex   -5.602451e+00 -1.820755e+01 0.000000e+00
      vertex   -5.602451e+00 -1.820755e+01 5.080000e+00
      vertex   -6.944359e+00 -1.773918e+01 0.000000e+00
    endloop
  endfacet
  facet normal -3.295420e-01 -9.441409e-01 0.000000e+00
    outer loop
      vertex   -6.944359e+00 -1.773918e+01 0.000000e+00
      vertex   -5.602451e+00 -1.820755e+01 5.080000e+00
      vertex   -6.944359e+00 -1.773918e+01 5.080000e+00
    endloop
  endfacet
  facet normal -3.990172e-01 -9.169435e-01 0.000000e+00
    outer loop
      vertex   -6.944359e+00 -1.773918e+01 0.000000e+00
      vertex   -6.944359e+00 -1.773918e+01 5.080000e+00
      vertex   -8.247612e+00 -1.717205e+01 0.000000e+00
    endloop
  endfacet
  facet normal -3.990172e-01 -9.169435e-01 0.000000e+00
    outer loop
      vertex   -8.247612e+00 -1.717205e+01 0.000000e+00
      vertex   -6.944359e+00 -1.773918e+01 5.080000e+00
      vertex   -8.247612e+00 -1.717205e+01 5.080000e+00
    endloop
  endfacet
  facet normal -4.662712e-01 -8.846418e-01 0.000000e+00
    outer loop
      vertex   -8.247612e+00 -1.717205e+01 0.000000e+00
      vertex   -8.247612e+00 -1.717205e+01 5.080000e+00
      vertex   -9.504955e+00 -1.650934e+01 0.000000e+00
    endloop
  endfacet
  facet normal -4.662712e-01 -8.846418e-01 0.000000e+00
    outer loop
      vertex   -9.504955e+00 -1.650934e+01 0.000000e+00
      vertex   -8.247612e+00 -1.717205e+01 5.080000e+00
      vertex   -9.504955e+00 -1.650934e+01 5.080000e+00
    endloop
  endfacet
  facet normal -5.309298e-01 -8.474158e-01 0.000000e+00
    outer loop
      vertex   -9.504955e+00 -1.650934e+01 0.000000e+00
      vertex   -9.504955e+00 -1.650934e+01 5.080000e+00
      vertex   -1.070939e+01 -1.575473e+01 0.000000e+00
    endloop
  endfacet
  facet normal -5.309298e-01 -8.474158e-01 0.000000e+00
    outer loop
      vertex   -1.070939e+01 -1.575473e+01 0.000000e+00
      vertex   -9.504955e+00 -1.650934e+01 5.080000e+00
      vertex   -1.070939e+01 -1.575473e+01 5.080000e+00
    endloop
  endfacet
  facet normal -5.926329e-01 -8.054727e-01 0.000000e+00
    outer loop
      vertex   -1.070939e+01 -1.575473e+01 0.000000e+00
      vertex   -1.070939e+01 -1.575473e+01 5.080000e+00
      vertex   -1.185421e+01 -1.491242e+01 0.000000e+00
    endloop
  endfacet
  facet normal -5.926329e-01 -8.054727e-01 0.000000e+00
    outer loop
      vertex   -1.185421e+01 -1.491242e+01 0.000000e+00
      vertex   -1.070939e+01 -1.575473e+01 5.080000e+00
      vertex   -1.185421e+01 -1.491242e+01 5.080000e+00
    endloop
  endfacet
  facet normal -6.510371e-01 -7.590459e-01 0.000000e+00
    outer loop
      vertex   -1.185421e+01 -1.491242e+01 0.000000e+00
      vertex   -1.185421e+01 -1.491242e+01 5.080000e+00
      vertex   -1.293304e+01 -1.398710e+01 0.000000e+00
    endloop
  endfacet
  facet normal -6.510371e-01 -7.590459e-01 0.000000e+00
    outer loop
      vertex   -1.293304e+01 -1.398710e+01 0.000000e+00
      vertex   -1.185421e+01 -1.491242e+01 5.080000e+00
      vertex   -1.293304e+01 -1.398710e+01 5.080000e+00
    endloop
  endfacet
  facet normal -7.058173e-01 -7.083939e-01 0.000000e+00
    outer loop
      vertex   -1.293304e+01 -1.398710e+01 0.000000e+00
      vertex   -1.293304e+01 -1.398710e+01 5.080000e+00
      vertex   -1.393988e+01 -1.298392e+01 0.000000e+00
    endloop
  endfacet
  facet normal -7.058173e-01 -7.083939e-01 0.000000e+00
    outer loop
      vertex   -1.393988e+01 -1.298392e+01 0.000000e+00
      vertex   -1.293304e+01 -1.398710e+01 5.080000e+00
      vertex   -1.393988e+01 -1.298392e+01 5.080000e+00
    endloop
  endfacet
  facet normal -7.566687e-01 -6.537986e-01 0.000000e+00
    outer loop
      vertex   -1.393988e+01 -1.298392e+01 0.000000e+00
      vertex   -1.393988e+01 -1.298392e+01 5.080000e+00
      vertex   -1.486913e+01 -1.190847e+01 0.000000e+00
    endloop
  endfacet
  facet normal -7.566687e-01 -6.537986e-01 0.000000e+00
    outer loop
      vertex   -1.486913e+01 -1.190847e+01 0.000000e+00
      vertex   -1.393988e+01 -1.298392e+01 5.080000e+00
      vertex   -1.486913e+01 -1.190847e+01 5.080000e+00
    endloop
  endfacet
  facet normal -8.033080e-01 -5.955639e-01 0.000000e+00
    outer loop
      vertex   -1.486913e+01 -1.190847e+01 0.000000e+00
      vertex   -1.486913e+01 -1.190847e+01 5.080000e+00
      vertex   -1.571560e+01 -1.076672e+01 0.000000e+00
    endloop
  endfacet
  facet normal -8.033080e-01 -5.955639e-01 0.000000e+00
    outer loop
      vertex   -1.571560e+01 -1.076672e+01 0.000000e+00
      vertex   -1.486913e+01 -1.190847e+01 5.080000e+00
      vertex   -1.571560e+01 -1.076672e+01 5.080000e+00
    endloop
  endfacet
  facet normal -8.454756e-01 -5.340140e-01 0.000000e+00
    outer loop
      vertex   -1.571560e+01 -1.076672e+01 0.000000e+00
      vertex   -1.571560e+01 -1.076672e+01 5.080000e+00
      vertex   -1.647460e+01 -9.565048e+00 0.000000e+00
    endloop
  endfacet
  facet normal -8.454756e-01 -5.340140e-01 0.000000e+00
    outer loop
      vertex   -1.647460e+01 -9.565048e+00 0.000000e+00
      vertex   -1.571560e+01 -1.076672e+01 5.080000e+00
      vertex   -1.647460e+01 -9.565048e+00 5.080000e+00
    endloop
  endfacet
  facet normal -8.829370e-01 -4.694915e-01 0.000000e+00
    outer loop
      vertex   -1.647460e+01 -9.565048e+00 0.000000e+00
      vertex   -1.647460e+01 -9.565048e+00 5.080000e+00
      vertex   -1.714189e+01 -8.310128e+00 0.000000e+00
    endloop
  endfacet
  facet normal -8.829370e-01 -4.694915e-01 0.000000e+00
    outer loop
      vertex   -1.714189e+01 -8.310128e+00 0.000000e+00
      vertex   -1.647460e+01 -9.565048e+00 5.080000e+00
      vertex   -1.714189e+01 -8.310128e+00 5.080000e+00
    endloop
  endfacet
  facet normal -9.154835e-01 -4.023556e-01 0.000000e+00
    outer loop
      vertex   -1.714189e+01 -8.310128e+00 0.000000e+00
      vertex   -1.714189e+01 -8.310128e+00 5.080000e+00
      vertex   -1.771376e+01 -7.008950e+00 0.000000e+00
    endloop
  endfacet
  facet normal -9.154835e-01 -4.023556e-01 0.000000e+00
    outer loop
      vertex   -1.771376e+01 -7.008950e+00 0.000000e+00
      vertex   -1.714189e+01 -8.310128e+00 5.080000e+00
      vertex   -1.771376e+01 -7.008950e+00 5.080000e+00
    endloop
  endfacet
  facet normal -9.429339e-01 -3.329800e-01 0.000000e+00
    outer loop
      vertex   -1.771376e+01 -7.008950e+00 0.000000e+00
      vertex   -1.771376e+01 -7.008950e+00 5.080000e+00
      vertex   -1.818702e+01 -5.668757e+00 0.000000e+00
    endloop
  endfacet
  facet normal -9.429339e-01 -3.329800e-01 0.000000e+00
    outer loop
      vertex   -1.818702e+01 -5.668757e+00 0.000000e+00
      vertex   -1.771376e+01 -7.008950e+00 5.080000e+00
      vertex   -1.818702e+01 -5.668757e+00 5.080000e+00
    endloop
  endfacet
  facet normal -9.651355e-01 -2.617508e-01 0.000000e+00
    outer loop
      vertex   -1.818702e+01 -5.668757e+00 0.000000e+00
      vertex   -1.818702e+01 -5.668757e+00 5.080000e+00
      vertex   -1.855905e+01 -4.297008e+00 0.000000e+00
    endloop
  endfacet
  facet normal -9.651355e-01 -2.617508e-01 0.000000e+00
    outer loop
      vertex   -1.855905e+01 -4.297008e+00 0.000000e+00
      vertex   -1.818702e+01 -5.668757e+00 5.080000e+00
      vertex   -1.855905e+01 -4.297008e+00 5.080000e+00
    endloop
  endfacet
  facet normal -9.819646e-01 -1.890647e-01 0.000000e+00
    outer loop
      vertex   -1.855905e+01 -4.297008e+00 0.000000e+00
      vertex   -1.855905e+01 -4.297008e+00 5.080000e+00
      vertex   -1.882776e+01 -2.901341e+00 0.000000e+00
    endloop
  endfacet
  facet normal -9.819646e-01 -1.890647e-01 0.000000e+00
    outer loop
      vertex   -1.882776e+01 -2.901341e+00 0.000000e+00
      vertex   -1.855905e+01 -4.297008e+00 5.080000e+00
      vertex   -1.882776e+01 -2.901341e+00 5.080000e+00
    endloop
  endfacet
  facet normal -9.933277e-01 -1.153260e-01 0.000000e+00
    outer loop
      vertex   -1.882776e+01 -2.901341e+00 0.000000e+00
      vertex   -1.882776e+01 -2.901341e+00 5.080000e+00
      vertex   -1.899168e+01 -1.489523e+00 0.000000e+00
    endloop
  endfacet
  facet normal -9.933277e-01 -1.153260e-01 0.000000e+00
    outer loop
      vertex   -1.899168e+01 -1.489523e+00 0.000000e+00
      vertex   -1.882776e+01 -2.901341e+00 5.080000e+00
      vertex   -1.899168e+01 -1.489523e+00 5.080000e+00
    endloop
  endfacet
  facet normal -9.991614e-01 -4.094545e-02 0.000000e+00
    outer loop
      vertex   -1.899168e+01 -1.489523e+00 0.000000e+00
      vertex   -1.899168e+01 -1.489523e+00 5.080000e+00
      vertex   -1.904987e+01 -6.941322e-02 0.000000e+00
    endloop
  endfacet
  facet normal -9.991614e-01 -4.094545e-02 0.000000e+00
    outer loop
      vertex   -1.904987e+01 -6.941322e-02 0.000000e+00
      vertex   -1.899168e+01 -1.489523e+00 5.080000e+00
      vertex   -1.904987e+01 -6.941322e-02 5.080000e+00
    endloop
  endfacet
  facet normal -9.994332e-01 3.366305e-02 0.000000e+00
    outer loop
      vertex   -1.904987e+01 -6.941322e-02 0.000000e+00
      vertex   -1.904987e+01 -6.941322e-02 5.080000e+00
      vertex   -1.900203e+01 1.351083e+00 0.000000e+00
    endloop
  endfacet
  facet normal -9.994332e-01 3.366305e-02 0.000000e+00
    outer loop
      vertex   -1.900203e+01 1.351083e+00 0.000000e+00
      vertex   -1.904987e+01 -6.941322e-02 5.080000e+00
      vertex   -1.900203e+01 1.351083e+00 5.080000e+00
    endloop
  endfacet
  facet normal -9.941417e-01 1.080842e-01 0.000000e+00
    outer loop
      vertex   -1.900203e+01 1.351083e+00 0.000000e+00
      vertex   -1.900203e+01 1.351083e+00 5.080000e+00
      vertex   -1.884841e+01 2.764058e+00 0.000000e+00
    endloop
  endfacet
  facet normal -9.941417e-01 1.080842e-01 0.000000e+00
    outer loop
      vertex   -1.884841e+01 2.764058e+00 0.000000e+00
      vertex   -1.900203e+01 1.351083e+00 5.080000e+00
      vertex   -1.884841e+01 2.764058e+00 5.080000e+00
    endloop
  endfacet
  facet normal -9.833164e-01 1.819036e-01 0.000000e+00
    outer loop
      vertex   -1.884841e+01 2.764058e+00 0.000000e+00
      vertex   -1.884841e+01 2.764058e+00 5.080000e+00
      vertex   -1.858987e+01 4.161647e+00 0.000000e+00
    endloop
  endfacet
  facet normal -9.833164e-01 1.819036e-01 0.000000e+00
    outer loop
      vertex   -1.858987e+01 4.161647e+00 0.000000e+00
      vertex   -1.884841e+01 2.764058e+00 5.080000e+00
      vertex   -1.858987e+01 4.161647e+00 5.080000e+00
    endloop
  endfacet
  facet normal -9.670173e-01 2.547105e-01 0.000000e+00
    outer loop
      vertex   -1.858987e+01 4.161647e+00 0.000000e+00
      vertex   -1.858987e+01 4.161647e+00 5.080000e+00
      vertex   -1.822785e+01 5.536070e+00 0.000000e+00
    endloop
  endfacet
  facet normal -9.670173e-01 2.547105e-01 0.000000e+00
    outer loop
      vertex   -1.822785e+01 5.536070e+00 0.000000e+00
      vertex   -1.858987e+01 4.161647e+00 5.080000e+00
      vertex   -1.822785e+01 5.536070e+00 5.080000e+00
    endloop
  endfacet
  facet normal -9.453354e-01 3.260996e-01 0.000000e+00
    outer loop
      vertex   -1.822785e+01 5.536070e+00 0.000000e+00
      vertex   -1.822785e+01 5.536070e+00 5.080000e+00
      vertex   -1.776436e+01 6.879676e+00 0.000000e+00
    endloop
  endfacet
  facet normal -9.453354e-01 3.260996e-01 0.000000e+00
    outer loop
      vertex   -1.776436e+01 6.879676e+00 0.000000e+00
      vertex   -1.822785e+01 5.536070e+00 5.080000e+00
      vertex   -1.776436e+01 6.879676e+00 5.080000e+00
    endloop
  endfacet
  facet normal -9.183913e-01 3.956734e-01 0.000000e+00
    outer loop
      vertex   -1.776436e+01 6.879676e+00 0.000000e+00
      vertex   -1.776436e+01 6.879676e+00 5.080000e+00
      vertex   -1.720199e+01 8.184987e+00 0.000000e+00
    endloop
  endfacet
  facet normal -9.183913e-01 3.956734e-01 0.000000e+00
    outer loop
      vertex   -1.720199e+01 8.184987e+00 0.000000e+00
      vertex   -1.776436e+01 6.879676e+00 5.080000e+00
      vertex   -1.720199e+01 8.184987e+00 5.080000e+00
    endloop
  endfacet
  facet normal -8.863349e-01 4.630447e-01 0.000000e+00
    outer loop
      vertex   -1.720199e+01 8.184987e+00 0.000000e+00
      vertex   -1.720199e+01 8.184987e+00 5.080000e+00
      vertex   -1.654386e+01 9.444736e+00 0.000000e+00
    endloop
  endfacet
  facet normal -8.863349e-01 4.630447e-01 0.000000e+00
    outer loop
      vertex   -1.654386e+01 9.444736e+00 0.000000e+00
      vertex   -1.720199e+01 8.184987e+00 5.080000e+00
      vertex   -1.654386e+01 9.444736e+00 5.080000e+00
    endloop
  endfacet
  facet normal -0.000000e+00 0.000000e+00 1.000000e+00
    outer loop
      vertex   1.537626e+00 5.119480e+01 5.080000e+00
      vertex   1.587500e+00 5.080000e+01 5.080000e+00
      vertex   3.810000e+00 5.715000e+01 5.080000e+00
    endloop
  endfacet
  facet normal 0.000000e+00 0.000000e+00 1.000000e+00
    outer loop
      vertex   3.810000e+00 5.715000e+01 5.080000e+00
      vertex   1.587500e+00 5.080000e+01 5.080000e+00
      vertex   1.537626e+00 5.040520e+01 5.080000e+00
    endloop
  endfacet
  facet normal 0.000000e+00 0.000000e+00 1.000000e+00
    outer loop
      vertex   3.810000e+00 5.715000e+01 5.080000e+00
      vertex   1.537626e+00 5.040520e+01 5.080000e+00
      vertex   3.810000e+00 3.175000e+01 5.080000e+00
    endloop
  endfacet
  facet normal 0.000000e+00 0.000000e+00 1.000000e+00
    outer loop
      vertex   3.810000e+00 3.175000e+01 5.080000e+00
      vertex   1.537626e+00 5.040520e+01 5.080000e+00
      vertex   1.537626e+00 3.849480e+01 5.080000e+00
    endloop
  endfacet
  facet normal 0.000000e+00 0.000000e+00 1.000000e+00
    outer loop
      vertex   3.810000e+00 3.175000e+01 5.080000e+00
      vertex   1.537626e+00 3.849480e+01 5.080000e+00
      vertex   1.587500e+00 3.810000e+01 5.080000e+00
    endloop
  endfacet
  facet normal 0.000000e+00 0.000000e+00 1.000000e+00
    outer loop
      vertex   1.537626e+00 5.040520e+01 5.080000e+00
      vertex   1.391137e+00 5.003522e+01 5.080000e+00
      vertex   1.537626e+00 3.849480e+01 5.080000e+00
    endloop
  endfacet
  facet normal 0.000000e+00 0.000000e+00 1.000000e+00
    outer loop
      vertex   1.537626e+00 3.849480e+01 5.080000e+00
      vertex   1.391137e+00 5.003522e+01 5.080000e+00
      vertex   1.391137e+00 3.886478e+01 5.080000e+00
    endloop
  endfacet
  facet normal 0.000000e+00 0.000000e+00 1.000000e+00
    outer loop
      vertex   1.391137e+00 3.886478e+01 5.080000e+00
      vertex   1.391137e+00 5.003522e+01 5.080000e+00
      vertex   1.157238e+00 4.971328e+01 5.080000e+00
    endloop
  endfacet
  facet normal 0.000000e+00 0.000000e+00 1.000000e+00
    outer loop
      vertex   1.391137e+00 3.886478e+01 5.080000e+00
      vertex   1.157238e+00 4.971328e+01 5.080000e+00
      vertex   1.157238e+00 3.918672e+01 5.080000e+00
    endloop
  endfacet
  facet normal 0.000000e+00 0.000000e+00 1.000000e+00
    outer loop
      vertex   1.157238e+00 3.918672e+01 5.080000e+00
      vertex   1.157238e+00 4.971328e+01 5.080000e+00
      vertex   8.506250e-01 4.945963e+01 5.080000e+00
    endloop
  endfacet
  facet normal 0.000000e+00 0.000000e+00 1.000000e+00
    outer loop
      vertex   1.157238e+00 3.918672e+01 5.080000e+00
      vertex   8.506250e-01 4.945963e+01 5.080000e+00
      vertex   8.506250e-01 3.944037e+01 5.080000e+00
    endloop
  endfacet
  facet normal 0.000000e+00 0.000000e+00 1.000000e+00
    outer loop
      vertex   8.506250e-01 3.944037e+01 5.080000e+00
      vertex   8.506250e-01 4.945963e+01 5.080000e+00
      vertex   4.905645e-01 4.929020e+01 5.080000e+00
    endloop
  endfacet
  facet normal 0.000000e+00 0.000000e+00 1.000000e+00
    outer loop
      vertex   8.506250e-01 3.944037e+01 5.080000e+00
      vertex   4.905645e-01 4.929020e+01 5.080000e+00
      vertex   4.905645e-01 3.960980e+01 5.080000e+00
    endloop
  endfacet
  facet normal 0.000000e+00 0.000000e+00 1.000000e+00
    outer loop
      vertex   4.905645e-01 3.960980e+01 5.080000e+00
      vertex   4.905645e-01 4.929020e+01 5.080000e+00
      vertex   9.967995e-02 4.921563e+01 5.080000e+00
    endloop
  endfacet
  facet normal 0.000000e+00 0.000000e+00 1.000000e+00
    outer loop
      vertex   4.905645e-01 3.960980e+01 5.080000e+00
      vertex   9.967995e-02 4.921563e+01 5.080000e+00
      vertex   9.967995e-02 3.968437e+01 5.080000e+00
    endloop
  endfacet
  facet normal 0.000000e+00 0.000000e+00 1.000000e+00
    outer loop
      vertex   9.967995e-02 3.968437e+01 5.080000e+00
      vertex   9.967995e-02 4.921563e+01 5.080000e+00
      vertex   -2.974678e-01 3.965938e+01 5.080000e+00
    endloop
  endfacet
  facet normal 0.000000e+00 -0.000000e+00 1.000000e+00
    outer loop
      vertex   -2.974678e-01 3.965938e+01 5.080000e+00
      vertex   9.967995e-02 4.921563e+01 5.080000e+00
      vertex   -2.974678e-01 4.924062e+01 5.080000e+00
    endloop
  endfacet
  facet normal 0.000000e+00 0.000000e+00 1.000000e+00
    outer loop
      vertex   -2.974678e-01 3.965938e+01 5.080000e+00
      vertex   -2.974678e-01 4.924062e+01 5.080000e+00
      vertex   -6.759246e-01 3.953641e+01 5.080000e+00
    endloop
  endfacet
  facet normal 0.000000e+00 -0.000000e+00 1.000000e+00
    outer loop
      vertex   -6.759246e-01 3.953641e+01 5.080000e+00
      vertex   -2.974678e-01 4.924062e+01 5.080000e+00
      vertex   -6.759246e-01 4.936359e+01 5.080000e+00
    endloop
  endfacet
  facet normal 0.000000e+00 0.000000e+00 1.000000e+00
    outer loop
      vertex   -6.759246e-01 3.953641e+01 5.080000e+00
      vertex   -6.759246e-01 4.936359e+01 5.080000e+00
      vertex   -1.011911e+00 3.932319e+01 5.080000e+00
    endloop
  endfacet
  facet normal 0.000000e+00 -0.000000e+00 1.000000e+00
    outer loop
      vertex   -1.011911e+00 3.932319e+01 5.080000e+00
      vertex   -6.759246e-01 4.936359e+01 5.080000e+00
      vertex   -1.011911e+00 4.957681e+01 5.080000e+00
    endloop
  endfacet
  facet normal 0.000000e+00 0.000000e+00 1.000000e+00
    outer loop
      vertex   -1.011911e+00 3.932319e+01 5.080000e+00
      vertex   -1.011911e+00 4.957681e+01 5.080000e+00
      vertex   -1.284314e+00 3.903311e+01 5.080000e+00
    endloop
  endfacet
  facet normal 0.000000e+00 -0.000000e+00 1.000000e+00
    outer loop
      vertex   -1.284314e+00 3.903311e+01 5.080000e+00
      vertex   -1.011911e+00 4.957681e+01 5.080000e+00
      vertex   -1.284314e+00 4.986689e+01 5.080000e+00
    endloop
  endfacet
  facet normal 0.000000e+00 0.000000e+00 1.000000e+00
    outer loop
      vertex   -1.284314e+00 3.903311e+01 5.080000e+00
      vertex   -1.284314e+00 4.986689e+01 5.080000e+00
      vertex   -1.476020e+00 3.868440e+01 5.080000e+00
    endloop
  endfacet
  facet normal 0.000000e+00 -0.000000e+00 1.000000e+00
    outer loop
      vertex   -1.476020e+00 3.868440e+01 5.080000e+00
      vertex   -1.284314e+00 4.986689e+01 5.080000e+00
      vertex   -1.476020e+00 5.021560e+01 5.080000e+00
    endloop
  endfacet
  facet normal 0.000000e+00 0.000000e+00 1.000000e+00
    outer loop
      vertex   -1.476020e+00 3.868440e+01 5.080000e+00
      vertex   -1.476020e+00 5.021560e+01 5.080000e+00
      vertex   -1.574982e+00 5.060103e+01 5.080000e+00
    endloop
  endfacet
  facet normal 0.000000e+00 0.000000e+00 1.000000e+00
    outer loop
      vertex   -1.574982e+00 5.099897e+01 5.080000e+00
      vertex   -3.810000e+00 5.715000e+01 5.080000e+00
      vertex   -1.574982e+00 5.060103e+01 5.080000e+00
    endloop
  endfacet
  facet normal 0.000000e+00 0.000000e+00 1.000000e+00
    outer loop
      vertex   -1.574982e+00 5.060103e+01 5.080000e+00
      vertex   -3.810000e+00 5.715000e+01 5.080000e+00
      vertex   -3.810000e+00 3.175000e+01 5.080000e+00
    endloop
  endfacet
  facet normal 0.000000e+00 0.000000e+00 1.000000e+00
    outer loop
      vertex   -1.574982e+00 5.060103e+01 5.080000e+00
      vertex   -3.810000e+00 3.175000e+01 5.080000e+00
      vertex   -1.574982e+00 3.829897e+01 5.080000e+00
    endloop
  endfacet
  facet normal 0.000000e+00 0.000000e+00 1.000000e+00
    outer loop
      vertex   -1.574982e+00 3.829897e+01 5.080000e+00
      vertex   -3.810000e+00 3.175000e+01 5.080000e+00
      vertex   -1.574982e+00 3.790103e+01 5.080000e+00
    endloop
  endfacet
  facet normal 0.000000e+00 0.000000e+00 1.000000e+00
    outer loop
      vertex   -1.574982e+00 3.790103e+01 5.080000e+00
      vertex   -3.810000e+00 3.175000e+01 5.080000e+00
      vertex   -1.476020e+00 3.751560e+01 5.080000e+00
    endloop
  endfacet
  facet normal 0.000000e+00 0.000000e+00 1.000000e+00
    outer loop
      vertex   -1.476020e+00 3.751560e+01 5.080000e+00
      vertex   -3.810000e+00 3.175000e+01 5.080000e+00
      vertex   -1.284314e+00 3.716689e+01 5.080000e+00
    endloop
  endfacet
  facet normal 0.000000e+00 0.000000e+00 1.000000e+00
    outer loop
      vertex   -1.284314e+00 3.716689e+01 5.080000e+00
      vertex   -3.810000e+00 3.175000e+01 5.080000e+00
      vertex   -1.011911e+00 3.687681e+01 5.080000e+00
    endloop
  endfacet
  facet normal 0.000000e+00 0.000000e+00 1.000000e+00
    outer loop
      vertex   -1.011911e+00 3.687681e+01 5.080000e+00
      vertex   -3.810000e+00 3.175000e+01 5.080000e+00
      vertex   -6.759246e-01 3.666359e+01 5.080000e+00
    endloop
  endfacet
  facet normal 0.000000e+00 0.000000e+00 1.000000e+00
    outer loop
      vertex   -6.759246e-01 3.666359e+01 5.080000e+00
      vertex   -3.810000e+00 3.175000e+01 5.080000e+00
      vertex   -2.974678e-01 3.654062e+01 5.080000e+00
    endloop
  endfacet
  facet normal 0.000000e+00 0.000000e+00 1.000000e+00
    outer loop
      vertex   -2.974678e-01 3.654062e+01 5.080000e+00
      vertex   -3.810000e+00 3.175000e+01 5.080000e+00
      vertex   9.967995e-02 3.651563e+01 5.080000e+00
    endloop
  endfacet
  facet normal 0.000000e+00 0.000000e+00 1.000000e+00
    outer loop
      vertex   9.967995e-02 3.651563e+01 5.080000e+00
      vertex   -3.810000e+00 3.175000e+01 5.080000e+00
      vertex   1.239842e-12 1.841500e+01 5.080000e+00
    endloop
  endfacet
  facet normal 0.000000e+00 0.000000e+00 1.000000e+00
    outer loop
      vertex   9.967995e-02 3.651563e+01 5.080000e+00
      vertex   1.239842e-12 1.841500e+01 5.080000e+00
      vertex   3.810000e+00 3.175000e+01 5.080000e+00
    endloop
  endfacet
  facet normal 0.000000e+00 0.000000e+00 1.000000e+00
    outer loop
      vertex   3.810000e+00 3.175000e+01 5.080000e+00
      vertex   1.239842e-12 1.841500e+01 5.080000e+00
      vertex   4.659418e-01 1.836254e+01 5.080000e+00
    endloop
  endfacet
  facet normal 0.000000e+00 0.000000e+00 1.000000e+00
    outer loop
      vertex   3.810000e+00 3.175000e+01 5.080000e+00
      vertex   4.659418e-01 1.836254e+01 5.080000e+00
      vertex   9.085549e-01 1.820779e+01 5.080000e+00
    endloop
  endfacet
  facet normal 0.000000e+00 -0.000000e+00 1.000000e+00
    outer loop
      vertex   -1.574982e+00 5.099897e+01 5.080000e+00
      vertex   -1.476020e+00 5.138440e+01 5.080000e+00
      vertex   -3.810000e+00 5.715000e+01 5.080000e+00
    endloop
  endfacet
  facet normal 0.000000e+00 0.000000e+00 1.000000e+00
    outer loop
      vertex   -3.810000e+00 5.715000e+01 5.080000e+00
      vertex   -1.476020e+00 5.138440e+01 5.080000e+00
      vertex   -1.284314e+00 5.173311e+01 5.080000e+00
    endloop
  endfacet
  facet normal 0.000000e+00 0.000000e+00 1.000000e+00
    outer loop
      vertex   -3.810000e+00 5.715000e+01 5.080000e+00
      vertex   -1.284314e+00 5.173311e+01 5.080000e+00
      vertex   -1.011911e+00 5.202319e+01 5.080000e+00
    endloop
  endfacet
  facet normal 0.000000e+00 -0.000000e+00 1.000000e+00
    outer loop
      vertex   -1.011911e+00 5.202319e+01 5.080000e+00
      vertex   -6.759246e-01 5.223641e+01 5.080000e+00
      vertex   -3.810000e+00 5.715000e+01 5.080000e+00
    endloop
  endfacet
  facet normal 0.000000e+00 0.000000e+00 1.000000e+00
    outer loop
      vertex   -3.810000e+00 5.715000e+01 5.080000e+00
      vertex   -6.759246e-01 5.223641e+01 5.080000e+00
      vertex   -2.974678e-01 5.235938e+01 5.080000e+00
    endloop
  endfacet
  facet normal 0.000000e+00 0.000000e+00 1.000000e+00
    outer loop
      vertex   -3.810000e+00 5.715000e+01 5.080000e+00
      vertex   -2.974678e-01 5.235938e+01 5.080000e+00
      vertex   9.967995e-02 5.238437e+01 5.080000e+00
    endloop
  endfacet
  facet normal -0.000000e+00 0.000000e+00 1.000000e+00
    outer loop
      vertex   -3.810000e+00 5.715000e+01 5.080000e+00
      vertex   9.967995e-02 5.238437e+01 5.080000e+00
      vertex   3.810000e+00 5.715000e+01 5.080000e+00
    endloop
  endfacet
  facet normal 0.000000e+00 0.000000e+00 1.000000e+00
    outer loop
      vertex   3.810000e+00 5.715000e+01 5.080000e+00
      vertex   9.967995e-02 5.238437e+01 5.080000e+00
      vertex   4.905645e-01 5.230980e+01 5.080000e+00
    endloop
  endfacet
  facet normal 0.000000e+00 0.000000e+00 1.000000e+00
    outer loop
      vertex   3.810000e+00 5.715000e+01 5.080000e+00
      vertex   4.905645e-01 5.230980e+01 5.080000e+00
      vertex   8.506250e-01 5.214037e+01 5.080000e+00
    endloop
  endfacet
  facet normal -0.000000e+00 0.000000e+00 1.000000e+00
    outer loop
      vertex   8.506250e-01 5.214037e+01 5.080000e+00
      vertex   1.157238e+00 5.188672e+01 5.080000e+00
      vertex   3.810000e+00 5.715000e+01 5.080000e+00
    endloop
  endfacet
  facet normal 0.000000e+00 0.000000e+00 1.000000e+00
    outer loop
      vertex   3.810000e+00 5.715000e+01 5.080000e+00
      vertex   1.157238e+00 5.188672e+01 5.080000e+00
      vertex   1.391137e+00 5.156478e+01 5.080000e+00
    endloop
  endfacet
  facet normal 0.000000e+00 0.000000e+00 1.000000e+00
    outer loop
      vertex   3.810000e+00 5.715000e+01 5.080000e+00
      vertex   1.391137e+00 5.156478e+01 5.080000e+00
      vertex   1.537626e+00 5.119480e+01 5.080000e+00
    endloop
  endfacet
  facet normal 0.000000e+00 0.000000e+00 1.000000e+00
    outer loop
      vertex   1.587500e+00 3.810000e+01 5.080000e+00
      vertex   1.537626e+00 3.770520e+01 5.080000e+00
      vertex   3.810000e+00 3.175000e+01 5.080000e+00
    endloop
  endfacet
  facet normal 0.000000e+00 0.000000e+00 1.000000e+00
    outer loop
      vertex   3.810000e+00 3.175000e+01 5.080000e+00
      vertex   1.537626e+00 3.770520e+01 5.080000e+00
      vertex   1.391137e+00 3.733522e+01 5.080000e+00
    endloop
  endfacet
  facet normal 0.000000e+00 0.000000e+00 1.000000e+00
    outer loop
      vertex   3.810000e+00 3.175000e+01 5.080000e+00
      vertex   1.391137e+00 3.733522e+01 5.080000e+00
      vertex   1.157238e+00 3.701328e+01 5.080000e+00
    endloop
  endfacet
  facet normal 0.000000e+00 0.000000e+00 1.000000e+00
    outer loop
      vertex   1.157238e+00 3.701328e+01 5.080000e+00
      vertex   8.506250e-01 3.675963e+01 5.080000e+00
      vertex   3.810000e+00 3.175000e+01 5.080000e+00
    endloop
  endfacet
  facet normal 0.000000e+00 0.000000e+00 1.000000e+00
    outer loop
      vertex   3.810000e+00 3.175000e+01 5.080000e+00
      vertex   8.506250e-01 3.675963e+01 5.080000e+00
      vertex   4.905645e-01 3.659020e+01 5.080000e+00
    endloop
  endfacet
  facet normal 0.000000e+00 0.000000e+00 1.000000e+00
    outer loop
      vertex   3.810000e+00 3.175000e+01 5.080000e+00
      vertex   4.905645e-01 3.659020e+01 5.080000e+00
      vertex   9.967995e-02 3.651563e+01 5.080000e+00
    endloop
  endfacet
  facet normal 0.000000e+00 -0.000000e+00 1.000000e+00
    outer loop
      vertex   -1.574982e+00 3.829897e+01 5.080000e+00
      vertex   -1.476020e+00 3.868440e+01 5.080000e+00
      vertex   -1.574982e+00 5.060103e+01 5.080000e+00
    endloop
  endfacet
  facet normal -0.000000e+00 0.000000e+00 1.000000e+00
    outer loop
      vertex   -1.720199e+01 8.184987e+00 5.080000e+00
      vertex   -1.678790e+01 2.042480e+00 5.080000e+00
      vertex   -1.654386e+01 9.444736e+00 5.080000e+00
    endloop
  endfacet
  facet normal 0.000000e+00 0.000000e+00 1.000000e+00
    outer loop
      vertex   -1.654386e+01 9.444736e+00 5.080000e+00
      vertex   -1.678790e+01 2.042480e+00 5.080000e+00
      vertex   -9.080500e+00 3.810000e+00 5.080000e+00
    endloop
  endfacet
  facet normal 0.000000e+00 0.000000e+00 1.000000e+00
    outer loop
      vertex   -1.654386e+01 9.444736e+00 5.080000e+00
      vertex   -9.080500e+00 3.810000e+00 5.080000e+00
      vertex   -3.810000e+00 9.080500e+00 5.080000e+00
    endloop
  endfacet
  facet normal 0.000000e+00 0.000000e+00 1.000000e+00
    outer loop
      vertex   -3.810000e+00 9.080500e+00 5.080000e+00
      vertex   -9.080500e+00 3.810000e+00 5.080000e+00
      vertex   -6.699113e+00 4.059215e+00 5.080000e+00
    endloop
  endfacet
  facet normal 0.000000e+00 0.000000e+00 1.000000e+00
    outer loop
      vertex   -3.810000e+00 9.080500e+00 5.080000e+00
      vertex   -6.699113e+00 4.059215e+00 5.080000e+00
      vertex   -6.274846e+00 4.140551e+00 5.080000e+00
    endloop
  endfacet
  facet normal 0.000000e+00 0.000000e+00 1.000000e+00
    outer loop
      vertex   -1.720199e+01 8.184987e+00 5.080000e+00
      vertex   -1.776436e+01 6.879676e+00 5.080000e+00
      vertex   -1.678790e+01 2.042480e+00 5.080000e+00
    endloop
  endfacet
  facet normal 0.000000e+00 0.000000e+00 1.000000e+00
    outer loop
      vertex   -1.678790e+01 2.042480e+00 5.080000e+00
      vertex   -1.776436e+01 6.879676e+00 5.080000e+00
      vertex   -1.822785e+01 5.536070e+00 5.080000e+00
    endloop
  endfacet
  facet normal 0.000000e+00 0.000000e+00 1.000000e+00
    outer loop
      vertex   -1.678790e+01 2.042480e+00 5.080000e+00
      vertex   -1.822785e+01 5.536070e+00 5.080000e+00
      vertex   -1.723032e+01 1.887199e+00 5.080000e+00
    endloop
  endfacet
  facet normal 0.000000e+00 0.000000e+00 1.000000e+00
    outer loop
      vertex   -1.723032e+01 1.887199e+00 5.080000e+00
      vertex   -1.822785e+01 5.536070e+00 5.080000e+00
      vertex   -1.858987e+01 4.161647e+00 5.080000e+00
    endloop
  endfacet
  facet normal 0.000000e+00 0.000000e+00 1.000000e+00
    outer loop
      vertex   -1.723032e+01 1.887199e+00 5.080000e+00
      vertex   -1.858987e+01 4.161647e+00 5.080000e+00
      vertex   -1.762715e+01 1.637430e+00 5.080000e+00
    endloop
  endfacet
  facet normal 0.000000e+00 0.000000e+00 1.000000e+00
    outer loop
      vertex   -1.762715e+01 1.637430e+00 5.080000e+00
      vertex   -1.858987e+01 4.161647e+00 5.080000e+00
      vertex   -1.884841e+01 2.764058e+00 5.080000e+00
    endloop
  endfacet
  facet normal 0.000000e+00 0.000000e+00 1.000000e+00
    outer loop
      vertex   -1.762715e+01 1.637430e+00 5.080000e+00
      vertex   -1.884841e+01 2.764058e+00 5.080000e+00
      vertex   -1.795850e+01 1.305679e+00 5.080000e+00
    endloop
  endfacet
  facet normal 0.000000e+00 0.000000e+00 1.000000e+00
    outer loop
      vertex   -1.795850e+01 1.305679e+00 5.080000e+00
      vertex   -1.884841e+01 2.764058e+00 5.080000e+00
      vertex   -1.820779e+01 9.085549e-01 5.080000e+00
    endloop
  endfacet
  facet normal 0.000000e+00 0.000000e+00 1.000000e+00
    outer loop
      vertex   -1.820779e+01 9.085549e-01 5.080000e+00
      vertex   -1.884841e+01 2.764058e+00 5.080000e+00
      vertex   -1.900203e+01 1.351083e+00 5.080000e+00
    endloop
  endfacet
  facet normal 0.000000e+00 0.000000e+00 1.000000e+00
    outer loop
      vertex   -1.820779e+01 9.085549e-01 5.080000e+00
      vertex   -1.900203e+01 1.351083e+00 5.080000e+00
      vertex   -1.836254e+01 4.659418e-01 5.080000e+00
    endloop
  endfacet
  facet normal 0.000000e+00 0.000000e+00 1.000000e+00
    outer loop
      vertex   -1.836254e+01 4.659418e-01 5.080000e+00
      vertex   -1.900203e+01 1.351083e+00 5.080000e+00
      vertex   -1.904987e+01 -6.941322e-02 5.080000e+00
    endloop
  endfacet
  facet normal 0.000000e+00 0.000000e+00 1.000000e+00
    outer loop
      vertex   -1.836254e+01 4.659418e-01 5.080000e+00
      vertex   -1.904987e+01 -6.941322e-02 5.080000e+00
      vertex   -1.841500e+01 3.072216e-11 5.080000e+00
    endloop
  endfacet
  facet normal 0.000000e+00 0.000000e+00 1.000000e+00
    outer loop
      vertex   -1.841500e+01 3.072216e-11 5.080000e+00
      vertex   -1.904987e+01 -6.941322e-02 5.080000e+00
      vertex   -1.836254e+01 -4.659418e-01 5.080000e+00
    endloop
  endfacet
  facet normal 0.000000e+00 0.000000e+00 1.000000e+00
    outer loop
      vertex   -1.836254e+01 -4.659418e-01 5.080000e+00
      vertex   -1.904987e+01 -6.941322e-02 5.080000e+00
      vertex   -1.899168e+01 -1.489523e+00 5.080000e+00
    endloop
  endfacet
  facet normal 0.000000e+00 0.000000e+00 1.000000e+00
    outer loop
      vertex   -1.836254e+01 -4.659418e-01 5.080000e+00
      vertex   -1.899168e+01 -1.489523e+00 5.080000e+00
      vertex   -1.820779e+01 -9.085549e-01 5.080000e+00
    endloop
  endfacet
  facet normal 0.000000e+00 0.000000e+00 1.000000e+00
    outer loop
      vertex   -1.820779e+01 -9.085549e-01 5.080000e+00
      vertex   -1.899168e+01 -1.489523e+00 5.080000e+00
      vertex   -1.882776e+01 -2.901341e+00 5.080000e+00
    endloop
  endfacet
  facet normal 0.000000e+00 0.000000e+00 1.000000e+00
    outer loop
      vertex   -1.820779e+01 -9.085549e-01 5.080000e+00
      vertex   -1.882776e+01 -2.901341e+00 5.080000e+00
      vertex   -1.795850e+01 -1.305679e+00 5.080000e+00
    endloop
  endfacet
  facet normal 0.000000e+00 0.000000e+00 1.000000e+00
    outer loop
      vertex   -1.795850e+01 -1.305679e+00 5.080000e+00
      vertex   -1.882776e+01 -2.901341e+00 5.080000e+00
      vertex   -1.762715e+01 -1.637430e+00 5.080000e+00
    endloop
  endfacet
  facet normal 0.000000e+00 0.000000e+00 1.000000e+00
    outer loop
      vertex   -1.762715e+01 -1.637430e+00 5.080000e+00
      vertex   -1.882776e+01 -2.901341e+00 5.080000e+00
      vertex   -1.855905e+01 -4.297008e+00 5.080000e+00
    endloop
  endfacet
  facet normal 0.000000e+00 0.000000e+00 1.000000e+00
    outer loop
      vertex   -1.762715e+01 -1.637430e+00 5.080000e+00
      vertex   -1.855905e+01 -4.297008e+00 5.080000e+00
      vertex   -1.723032e+01 -1.887199e+00 5.080000e+00
    endloop
  endfacet
  facet normal 0.000000e+00 0.000000e+00 1.000000e+00
    outer loop
      vertex   -1.723032e+01 -1.887199e+00 5.080000e+00
      vertex   -1.855905e+01 -4.297008e+00 5.080000e+00
      vertex   -1.818702e+01 -5.668757e+00 5.080000e+00
    endloop
  endfacet
  facet normal 0.000000e+00 0.000000e+00 1.000000e+00
    outer loop
      vertex   -1.723032e+01 -1.887199e+00 5.080000e+00
      vertex   -1.818702e+01 -5.668757e+00 5.080000e+00
      vertex   -1.678790e+01 -2.042480e+00 5.080000e+00
    endloop
  endfacet
  facet normal 0.000000e+00 0.000000e+00 1.000000e+00
    outer loop
      vertex   -1.678790e+01 -2.042480e+00 5.080000e+00
      vertex   -1.818702e+01 -5.668757e+00 5.080000e+00
      vertex   -1.771376e+01 -7.008950e+00 5.080000e+00
    endloop
  endfacet
  facet normal 0.000000e+00 0.000000e+00 1.000000e+00
    outer loop
      vertex   -1.678790e+01 -2.042480e+00 5.080000e+00
      vertex   -1.771376e+01 -7.008950e+00 5.080000e+00
      vertex   -1.714189e+01 -8.310128e+00 5.080000e+00
    endloop
  endfacet
  facet normal -0.000000e+00 0.000000e+00 1.000000e+00
    outer loop
      vertex   -1.714189e+01 -8.310128e+00 5.080000e+00
      vertex   -1.647460e+01 -9.565048e+00 5.080000e+00
      vertex   -1.678790e+01 -2.042480e+00 5.080000e+00
    endloop
  endfacet
  facet normal 0.000000e+00 0.000000e+00 1.000000e+00
    outer loop
      vertex   -1.678790e+01 -2.042480e+00 5.080000e+00
      vertex   -1.647460e+01 -9.565048e+00 5.080000e+00
      vertex   -1.571560e+01 -1.076672e+01 5.080000e+00
    endloop
  endfacet
  facet normal 0.000000e+00 0.000000e+00 1.000000e+00
    outer loop
      vertex   -1.678790e+01 -2.042480e+00 5.080000e+00
      vertex   -1.571560e+01 -1.076672e+01 5.080000e+00
      vertex   -9.080500e+00 -3.810000e+00 5.080000e+00
    endloop
  endfacet
  facet normal 0.000000e+00 0.000000e+00 1.000000e+00
    outer loop
      vertex   -9.080500e+00 -3.810000e+00 5.080000e+00
      vertex   -1.571560e+01 -1.076672e+01 5.080000e+00
      vertex   -1.486913e+01 -1.190847e+01 5.080000e+00
    endloop
  endfacet
  facet normal 0.000000e+00 0.000000e+00 1.000000e+00
    outer loop
      vertex   -9.080500e+00 -3.810000e+00 5.080000e+00
      vertex   -1.486913e+01 -1.190847e+01 5.080000e+00
      vertex   -1.393988e+01 -1.298392e+01 5.080000e+00
    endloop
  endfacet
  facet normal -0.000000e+00 0.000000e+00 1.000000e+00
    outer loop
      vertex   -1.393988e+01 -1.298392e+01 5.080000e+00
      vertex   -1.293304e+01 -1.398710e+01 5.080000e+00
      vertex   -9.080500e+00 -3.810000e+00 5.080000e+00
    endloop
  endfacet
  facet normal 0.000000e+00 0.000000e+00 1.000000e+00
    outer loop
      vertex   -9.080500e+00 -3.810000e+00 5.080000e+00
      vertex   -1.293304e+01 -1.398710e+01 5.080000e+00
      vertex   -1.185421e+01 -1.491242e+01 5.080000e+00
    endloop
  endfacet
  facet normal 0.000000e+00 0.000000e+00 1.000000e+00
    outer loop
      vertex   -9.080500e+00 -3.810000e+00 5.080000e+00
      vertex   -1.185421e+01 -1.491242e+01 5.080000e+00
      vertex   -1.070939e+01 -1.575473e+01 5.080000e+00
    endloop
  endfacet
  facet normal -0.000000e+00 0.000000e+00 1.000000e+00
    outer loop
      vertex   -1.070939e+01 -1.575473e+01 5.080000e+00
      vertex   -9.504955e+00 -1.650934e+01 5.080000e+00
      vertex   -9.080500e+00 -3.810000e+00 5.080000e+00
    endloop
  endfacet
  facet normal 0.000000e+00 0.000000e+00 1.000000e+00
    outer loop
      vertex   -9.080500e+00 -3.810000e+00 5.080000e+00
      vertex   -9.504955e+00 -1.650934e+01 5.080000e+00
      vertex   -6.699113e+00 -4.059215e+00 5.080000e+00
    endloop
  endfacet
  facet normal 0.000000e+00 0.000000e+00 1.000000e+00
    outer loop
      vertex   -6.699113e+00 -4.059215e+00 5.080000e+00
      vertex   -9.504955e+00 -1.650934e+01 5.080000e+00
      vertex   -8.247612e+00 -1.717205e+01 5.080000e+00
    endloop
  endfacet
  facet normal 0.000000e+00 0.000000e+00 1.000000e+00
    outer loop
      vertex   -6.699113e+00 -4.059215e+00 5.080000e+00
      vertex   -8.247612e+00 -1.717205e+01 5.080000e+00
      vertex   -3.810000e+00 -9.080500e+00 5.080000e+00
    endloop
  endfacet
  facet normal 0.000000e+00 0.000000e+00 1.000000e+00
    outer loop
      vertex   -3.810000e+00 -9.080500e+00 5.080000e+00
      vertex   -8.247612e+00 -1.717205e+01 5.080000e+00
      vertex   -6.944359e+00 -1.773918e+01 5.080000e+00
    endloop
  endfacet
  facet normal 0.000000e+00 0.000000e+00 1.000000e+00
    outer loop
      vertex   -3.810000e+00 -9.080500e+00 5.080000e+00
      vertex   -6.944359e+00 -1.773918e+01 5.080000e+00
      vertex   -5.602451e+00 -1.820755e+01 5.080000e+00
    endloop
  endfacet
  facet normal -0.000000e+00 0.000000e+00 1.000000e+00
    outer loop
      vertex   -5.602451e+00 -1.820755e+01 5.080000e+00
      vertex   -4.229356e+00 -1.857458e+01 5.080000e+00
      vertex   -3.810000e+00 -9.080500e+00 5.080000e+00
    endloop
  endfacet
  facet normal 0.000000e+00 0.000000e+00 1.000000e+00
    outer loop
      vertex   -3.810000e+00 -9.080500e+00 5.080000e+00
      vertex   -4.229356e+00 -1.857458e+01 5.080000e+00
      vertex   -2.042480e+00 -1.678790e+01 5.080000e+00
    endloop
  endfacet
  facet normal 0.000000e+00 0.000000e+00 1.000000e+00
    outer loop
      vertex   -2.042480e+00 -1.678790e+01 5.080000e+00
      vertex   -4.229356e+00 -1.857458e+01 5.080000e+00
      vertex   -2.832718e+00 -1.883821e+01 5.080000e+00
    endloop
  endfacet
  facet normal 0.000000e+00 0.000000e+00 1.000000e+00
    outer loop
      vertex   -2.042480e+00 -1.678790e+01 5.080000e+00
      vertex   -2.832718e+00 -1.883821e+01 5.080000e+00
      vertex   -1.887199e+00 -1.723032e+01 5.080000e+00
    endloop
  endfacet
  facet normal 0.000000e+00 0.000000e+00 1.000000e+00
    outer loop
      vertex   -1.887199e+00 -1.723032e+01 5.080000e+00
      vertex   -2.832718e+00 -1.883821e+01 5.080000e+00
      vertex   -1.637430e+00 -1.762715e+01 5.080000e+00
    endloop
  endfacet
  facet normal 0.000000e+00 0.000000e+00 1.000000e+00
    outer loop
      vertex   -1.637430e+00 -1.762715e+01 5.080000e+00
      vertex   -2.832718e+00 -1.883821e+01 5.080000e+00
      vertex   -1.420312e+00 -1.899698e+01 5.080000e+00
    endloop
  endfacet
  facet normal 0.000000e+00 0.000000e+00 1.000000e+00
    outer loop
      vertex   -1.637430e+00 -1.762715e+01 5.080000e+00
      vertex   -1.420312e+00 -1.899698e+01 5.080000e+00
      vertex   -1.305679e+00 -1.795850e+01 5.080000e+00
    endloop
  endfacet
  facet normal 0.000000e+00 0.000000e+00 1.000000e+00
    outer loop
      vertex   -1.305679e+00 -1.795850e+01 5.080000e+00
      vertex   -1.420312e+00 -1.899698e+01 5.080000e+00
      vertex   -9.085549e-01 -1.820779e+01 5.080000e+00
    endloop
  endfacet
  facet normal 0.000000e+00 0.000000e+00 1.000000e+00
    outer loop
      vertex   -9.085549e-01 -1.820779e+01 5.080000e+00
      vertex   -1.420312e+00 -1.899698e+01 5.080000e+00
      vertex   -4.659418e-01 -1.836254e+01 5.080000e+00
    endloop
  endfacet
  facet normal 0.000000e+00 0.000000e+00 1.000000e+00
    outer loop
      vertex   -4.659418e-01 -1.836254e+01 5.080000e+00
      vertex   -1.420312e+00 -1.899698e+01 5.080000e+00
      vertex   1.808627e-14 -1.905000e+01 5.080000e+00
    endloop
  endfacet
  facet normal 0.000000e+00 0.000000e+00 1.000000e+00
    outer loop
      vertex   -4.659418e-01 -1.836254e+01 5.080000e+00
      vertex   1.808627e-14 -1.905000e+01 5.080000e+00
      vertex   7.262940e-13 -1.841500e+01 5.080000e+00
    endloop
  endfacet
  facet normal -0.000000e+00 0.000000e+00 1.000000e+00
    outer loop
      vertex   7.262940e-13 -1.841500e+01 5.080000e+00
      vertex   1.808627e-14 -1.905000e+01 5.080000e+00
      vertex   4.659418e-01 -1.836254e+01 5.080000e+00
    endloop
  endfacet
  facet normal 0.000000e+00 0.000000e+00 1.000000e+00
    outer loop
      vertex   4.659418e-01 -1.836254e+01 5.080000e+00
      vertex   1.808627e-14 -1.905000e+01 5.080000e+00
      vertex   1.420312e+00 -1.899698e+01 5.080000e+00
    endloop
  endfacet
  facet normal -0.000000e+00 0.000000e+00 1.000000e+00
    outer loop
      vertex   4.659418e-01 -1.836254e+01 5.080000e+00
      vertex   1.420312e+00 -1.899698e+01 5.080000e+00
      vertex   9.085549e-01 -1.820779e+01 5.080000e+00
    endloop
  endfacet
  facet normal -0.000000e+00 0.000000e+00 1.000000e+00
    outer loop
      vertex   9.085549e-01 -1.820779e+01 5.080000e+00
      vertex   1.420312e+00 -1.899698e+01 5.080000e+00
      vertex   1.305679e+00 -1.795850e+01 5.080000e+00
    endloop
  endfacet
  facet normal -0.000000e+00 0.000000e+00 1.000000e+00
    outer loop
      vertex   1.305679e+00 -1.795850e+01 5.080000e+00
      vertex   1.420312e+00 -1.899698e+01 5.080000e+00
      vertex   1.637430e+00 -1.762715e+01 5.080000e+00
    endloop
  endfacet
  facet normal 0.000000e+00 0.000000e+00 1.000000e+00
    outer loop
      vertex   1.637430e+00 -1.762715e+01 5.080000e+00
      vertex   1.420312e+00 -1.899698e+01 5.080000e+00
      vertex   2.832718e+00 -1.883821e+01 5.080000e+00
    endloop
  endfacet
  facet normal -0.000000e+00 0.000000e+00 1.000000e+00
    outer loop
      vertex   1.637430e+00 -1.762715e+01 5.080000e+00
      vertex   2.832718e+00 -1.883821e+01 5.080000e+00
      vertex   1.887199e+00 -1.723032e+01 5.080000e+00
    endloop
  endfacet
  facet normal -0.000000e+00 0.000000e+00 1.000000e+00
    outer loop
      vertex   1.887199e+00 -1.723032e+01 5.080000e+00
      vertex   2.832718e+00 -1.883821e+01 5.080000e+00
      vertex   2.042480e+00 -1.678790e+01 5.080000e+00
    endloop
  endfacet
  facet normal 0.000000e+00 0.000000e+00 1.000000e+00
    outer loop
      vertex   2.042480e+00 -1.678790e+01 5.080000e+00
      vertex   2.832718e+00 -1.883821e+01 5.080000e+00
      vertex   4.229356e+00 -1.857458e+01 5.080000e+00
    endloop
  endfacet
  facet normal -0.000000e+00 0.000000e+00 1.000000e+00
    outer loop
      vertex   2.042480e+00 -1.678790e+01 5.080000e+00
      vertex   4.229356e+00 -1.857458e+01 5.080000e+00
      vertex   3.810000e+00 -9.080500e+00 5.080000e+00
    endloop
  endfacet
  facet normal 0.000000e+00 0.000000e+00 1.000000e+00
    outer loop
      vertex   3.810000e+00 -9.080500e+00 5.080000e+00
      vertex   4.229356e+00 -1.857458e+01 5.080000e+00
      vertex   5.602451e+00 -1.820755e+01 5.080000e+00
    endloop
  endfacet
  facet normal 0.000000e+00 0.000000e+00 1.000000e+00
    outer loop
      vertex   3.810000e+00 -9.080500e+00 5.080000e+00
      vertex   5.602451e+00 -1.820755e+01 5.080000e+00
      vertex   6.944359e+00 -1.773918e+01 5.080000e+00
    endloop
  endfacet
  facet normal 0.000000e+00 -0.000000e+00 1.000000e+00
    outer loop
      vertex   6.944359e+00 -1.773918e+01 5.080000e+00
      vertex   8.247612e+00 -1.717205e+01 5.080000e+00
      vertex   3.810000e+00 -9.080500e+00 5.080000e+00
    endloop
  endfacet
  facet normal -0.000000e+00 0.000000e+00 1.000000e+00
    outer loop
      vertex   3.810000e+00 -9.080500e+00 5.080000e+00
      vertex   8.247612e+00 -1.717205e+01 5.080000e+00
      vertex   6.699113e+00 -4.059215e+00 5.080000e+00
    endloop
  endfacet
  facet normal 0.000000e+00 0.000000e+00 1.000000e+00
    outer loop
      vertex   3.810000e+00 -9.080500e+00 5.080000e+00
      vertex   6.699113e+00 -4.059215e+00 5.080000e+00
      vertex   6.274846e+00 -4.140551e+00 5.080000e+00
    endloop
  endfacet
  facet normal 0.000000e+00 -0.000000e+00 1.000000e+00
    outer loop
      vertex   8.247612e+00 -1.717205e+01 5.080000e+00
      vertex   9.504955e+00 -1.650934e+01 5.080000e+00
      vertex   6.699113e+00 -4.059215e+00 5.080000e+00
    endloop
  endfacet
  facet normal -0.000000e+00 0.000000e+00 1.000000e+00
    outer loop
      vertex   6.699113e+00 -4.059215e+00 5.080000e+00
      vertex   9.504955e+00 -1.650934e+01 5.080000e+00
      vertex   9.080500e+00 -3.810000e+00 5.080000e+00
    endloop
  endfacet
  facet normal 0.000000e+00 0.000000e+00 1.000000e+00
    outer loop
      vertex   9.080500e+00 -3.810000e+00 5.080000e+00
      vertex   9.504955e+00 -1.650934e+01 5.080000e+00
      vertex   1.070939e+01 -1.575473e+01 5.080000e+00
    endloop
  endfacet
  facet normal 0.000000e+00 0.000000e+00 1.000000e+00
    outer loop
      vertex   9.080500e+00 -3.810000e+00 5.080000e+00
      vertex   1.070939e+01 -1.575473e+01 5.080000e+00
      vertex   1.185421e+01 -1.491242e+01 5.080000e+00
    endloop
  endfacet
  facet normal 0.000000e+00 -0.000000e+00 1.000000e+00
    outer loop
      vertex   1.185421e+01 -1.491242e+01 5.080000e+00
      vertex   1.293304e+01 -1.398710e+01 5.080000e+00
      vertex   9.080500e+00 -3.810000e+00 5.080000e+00
    endloop
  endfacet
  facet normal 0.000000e+00 0.000000e+00 1.000000e+00
    outer loop
      vertex   9.080500e+00 -3.810000e+00 5.080000e+00
      vertex   1.293304e+01 -1.398710e+01 5.080000e+00
      vertex   1.393988e+01 -1.298392e+01 5.080000e+00
    endloop
  endfacet
  facet normal 0.000000e+00 0.000000e+00 1.000000e+00
    outer loop
      vertex   9.080500e+00 -3.810000e+00 5.080000e+00
      vertex   1.393988e+01 -1.298392e+01 5.080000e+00
      vertex   1.486913e+01 -1.190847e+01 5.080000e+00
    endloop
  endfacet
  facet normal 0.000000e+00 -0.000000e+00 1.000000e+00
    outer loop
      vertex   1.486913e+01 -1.190847e+01 5.080000e+00
      vertex   1.571560e+01 -1.076672e+01 5.080000e+00
      vertex   9.080500e+00 -3.810000e+00 5.080000e+00
    endloop
  endfacet
  facet normal -0.000000e+00 0.000000e+00 1.000000e+00
    outer loop
      vertex   9.080500e+00 -3.810000e+00 5.080000e+00
      vertex   1.571560e+01 -1.076672e+01 5.080000e+00
      vertex   1.678790e+01 -2.042480e+00 5.080000e+00
    endloop
  endfacet
  facet normal 0.000000e+00 0.000000e+00 1.000000e+00
    outer loop
      vertex   1.678790e+01 -2.042480e+00 5.080000e+00
      vertex   1.571560e+01 -1.076672e+01 5.080000e+00
      vertex   1.647460e+01 -9.565048e+00 5.080000e+00
    endloop
  endfacet
  facet normal 0.000000e+00 0.000000e+00 1.000000e+00
    outer loop
      vertex   1.678790e+01 -2.042480e+00 5.080000e+00
      vertex   1.647460e+01 -9.565048e+00 5.080000e+00
      vertex   1.714189e+01 -8.310128e+00 5.080000e+00
    endloop
  endfacet
  facet normal 0.000000e+00 -0.000000e+00 1.000000e+00
    outer loop
      vertex   1.714189e+01 -8.310128e+00 5.080000e+00
      vertex   1.771376e+01 -7.008950e+00 5.080000e+00
      vertex   1.678790e+01 -2.042480e+00 5.080000e+00
    endloop
  endfacet
  facet normal 0.000000e+00 0.000000e+00 1.000000e+00
    outer loop
      vertex   1.678790e+01 -2.042480e+00 5.080000e+00
      vertex   1.771376e+01 -7.008950e+00 5.080000e+00
      vertex   1.818702e+01 -5.668757e+00 5.080000e+00
    endloop
  endfacet
  facet normal -0.000000e+00 0.000000e+00 1.000000e+00
    outer loop
      vertex   1.678790e+01 -2.042480e+00 5.080000e+00
      vertex   1.818702e+01 -5.668757e+00 5.080000e+00
      vertex   1.723032e+01 -1.887199e+00 5.080000e+00
    endloop
  endfacet
  facet normal 0.000000e+00 0.000000e+00 1.000000e+00
    outer loop
      vertex   1.723032e+01 -1.887199e+00 5.080000e+00
      vertex   1.818702e+01 -5.668757e+00 5.080000e+00
      vertex   1.855905e+01 -4.297008e+00 5.080000e+00
    endloop
  endfacet
  facet normal -0.000000e+00 0.000000e+00 1.000000e+00
    outer loop
      vertex   1.723032e+01 -1.887199e+00 5.080000e+00
      vertex   1.855905e+01 -4.297008e+00 5.080000e+00
      vertex   1.762715e+01 -1.637430e+00 5.080000e+00
    endloop
  endfacet
  facet normal 0.000000e+00 0.000000e+00 1.000000e+00
    outer loop
      vertex   1.762715e+01 -1.637430e+00 5.080000e+00
      vertex   1.855905e+01 -4.297008e+00 5.080000e+00
      vertex   1.882776e+01 -2.901341e+00 5.080000e+00
    endloop
  endfacet
  facet normal -0.000000e+00 0.000000e+00 1.000000e+00
    outer loop
      vertex   1.762715e+01 -1.637430e+00 5.080000e+00
      vertex   1.882776e+01 -2.901341e+00 5.080000e+00
      vertex   1.795850e+01 -1.305679e+00 5.080000e+00
    endloop
  endfacet
  facet normal -0.000000e+00 0.000000e+00 1.000000e+00
    outer loop
      vertex   1.795850e+01 -1.305679e+00 5.080000e+00
      vertex   1.882776e+01 -2.901341e+00 5.080000e+00
      vertex   1.820779e+01 -9.085549e-01 5.080000e+00
    endloop
  endfacet
  facet normal 0.000000e+00 0.000000e+00 1.000000e+00
    outer loop
      vertex   1.820779e+01 -9.085549e-01 5.080000e+00
      vertex   1.882776e+01 -2.901341e+00 5.080000e+00
      vertex   1.899168e+01 -1.489523e+00 5.080000e+00
    endloop
  endfacet
  facet normal -0.000000e+00 0.000000e+00 1.000000e+00
    outer loop
      vertex   1.820779e+01 -9.085549e-01 5.080000e+00
      vertex   1.899168e+01 -1.489523e+00 5.080000e+00
      vertex   1.836254e+01 -4.659418e-01 5.080000e+00
    endloop
  endfacet
  facet normal -0.000000e+00 0.000000e+00 1.000000e+00
    outer loop
      vertex   1.836254e+01 -4.659418e-01 5.080000e+00
      vertex   1.899168e+01 -1.489523e+00 5.080000e+00
      vertex   1.904987e+01 -6.941322e-02 5.080000e+00
    endloop
  endfacet
  facet normal 0.000000e+00 0.000000e+00 1.000000e+00
    outer loop
      vertex   1.836254e+01 -4.659418e-01 5.080000e+00
      vertex   1.904987e+01 -6.941322e-02 5.080000e+00
      vertex   1.841500e+01 3.020348e-11 5.080000e+00
    endloop
  endfacet
  facet normal -0.000000e+00 -0.000000e+00 1.000000e+00
    outer loop
      vertex   1.841500e+01 3.020348e-11 5.080000e+00
      vertex   1.904987e+01 -6.941322e-02 5.080000e+00
      vertex   1.836254e+01 4.659418e-01 5.080000e+00
    endloop
  endfacet
  facet normal -0.000000e+00 0.000000e+00 1.000000e+00
    outer loop
      vertex   1.836254e+01 4.659418e-01 5.080000e+00
      vertex   1.904987e+01 -6.941322e-02 5.080000e+00
      vertex   1.900203e+01 1.351083e+00 5.080000e+00
    endloop
  endfacet
  facet normal 0.000000e+00 -0.000000e+00 1.000000e+00
    outer loop
      vertex   1.836254e+01 4.659418e-01 5.080000e+00
      vertex   1.900203e+01 1.351083e+00 5.080000e+00
      vertex   1.820779e+01 9.085549e-01 5.080000e+00
    endloop
  endfacet
  facet normal 0.000000e+00 0.000000e+00 1.000000e+00
    outer loop
      vertex   1.820779e+01 9.085549e-01 5.080000e+00
      vertex   1.900203e+01 1.351083e+00 5.080000e+00
      vertex   1.884841e+01 2.764058e+00 5.080000e+00
    endloop
  endfacet
  facet normal 0.000000e+00 -0.000000e+00 1.000000e+00
    outer loop
      vertex   1.820779e+01 9.085549e-01 5.080000e+00
      vertex   1.884841e+01 2.764058e+00 5.080000e+00
      vertex   1.795850e+01 1.305679e+00 5.080000e+00
    endloop
  endfacet
  facet normal 0.000000e+00 -0.000000e+00 1.000000e+00
    outer loop
      vertex   1.795850e+01 1.305679e+00 5.080000e+00
      vertex   1.884841e+01 2.764058e+00 5.080000e+00
      vertex   1.762715e+01 1.637430e+00 5.080000e+00
    endloop
  endfacet
  facet normal 0.000000e+00 0.000000e+00 1.000000e+00
    outer loop
      vertex   1.762715e+01 1.637430e+00 5.080000e+00
      vertex   1.884841e+01 2.764058e+00 5.080000e+00
      vertex   1.858987e+01 4.161647e+00 5.080000e+00
    endloop
  endfacet
  facet normal 0.000000e+00 -0.000000e+00 1.000000e+00
    outer loop
      vertex   1.762715e+01 1.637430e+00 5.080000e+00
      vertex   1.858987e+01 4.161647e+00 5.080000e+00
      vertex   1.723032e+01 1.887199e+00 5.080000e+00
    endloop
  endfacet
  facet normal 0.000000e+00 0.000000e+00 1.000000e+00
    outer loop
      vertex   1.723032e+01 1.887199e+00 5.080000e+00
      vertex   1.858987e+01 4.161647e+00 5.080000e+00
      vertex   1.822785e+01 5.536070e+00 5.080000e+00
    endloop
  endfacet
  facet normal 0.000000e+00 -0.000000e+00 1.000000e+00
    outer loop
      vertex   1.723032e+01 1.887199e+00 5.080000e+00
      vertex   1.822785e+01 5.536070e+00 5.080000e+00
      vertex   1.678790e+01 2.042480e+00 5.080000e+00
    endloop
  endfacet
  facet normal 0.000000e+00 0.000000e+00 1.000000e+00
    outer loop
      vertex   1.678790e+01 2.042480e+00 5.080000e+00
      vertex   1.822785e+01 5.536070e+00 5.080000e+00
      vertex   1.776436e+01 6.879676e+00 5.080000e+00
    endloop
  endfacet
  facet normal 0.000000e+00 0.000000e+00 1.000000e+00
    outer loop
      vertex   1.678790e+01 2.042480e+00 5.080000e+00
      vertex   1.776436e+01 6.879676e+00 5.080000e+00
      vertex   1.720199e+01 8.184987e+00 5.080000e+00
    endloop
  endfacet
  facet normal 0.000000e+00 0.000000e+00 1.000000e+00
    outer loop
      vertex   1.720199e+01 8.184987e+00 5.080000e+00
      vertex   1.654386e+01 9.444736e+00 5.080000e+00
      vertex   1.678790e+01 2.042480e+00 5.080000e+00
    endloop
  endfacet
  facet normal 0.000000e+00 0.000000e+00 1.000000e+00
    outer loop
      vertex   1.678790e+01 2.042480e+00 5.080000e+00
      vertex   1.654386e+01 9.444736e+00 5.080000e+00
      vertex   9.080500e+00 3.810000e+00 5.080000e+00
    endloop
  endfacet
  facet normal 0.000000e+00 -0.000000e+00 1.000000e+00
    outer loop
      vertex   9.080500e+00 3.810000e+00 5.080000e+00
      vertex   1.654386e+01 9.444736e+00 5.080000e+00
      vertex   3.810000e+00 9.080500e+00 5.080000e+00
    endloop
  endfacet
  facet normal 0.000000e+00 0.000000e+00 1.000000e+00
    outer loop
      vertex   9.080500e+00 3.810000e+00 5.080000e+00
      vertex   3.810000e+00 9.080500e+00 5.080000e+00
      vertex   6.699113e+00 4.059215e+00 5.080000e+00
    endloop
  endfacet
  facet normal 0.000000e+00 0.000000e+00 1.000000e+00
    outer loop
      vertex   6.699113e+00 4.059215e+00 5.080000e+00
      vertex   3.810000e+00 9.080500e+00 5.080000e+00
      vertex   6.274846e+00 4.140551e+00 5.080000e+00
    endloop
  endfacet
  facet normal 0.000000e+00 0.000000e+00 1.000000e+00
    outer loop
      vertex   6.274846e+00 4.140551e+00 5.080000e+00
      vertex   3.810000e+00 9.080500e+00 5.080000e+00
      vertex   5.870499e+00 4.292608e+00 5.080000e+00
    endloop
  endfacet
  facet normal 0.000000e+00 0.000000e+00 1.000000e+00
    outer loop
      vertex   5.870499e+00 4.292608e+00 5.080000e+00
      vertex   3.810000e+00 9.080500e+00 5.080000e+00
      vertex   5.497767e+00 4.510985e+00 5.080000e+00
    endloop
  endfacet
  facet normal 0.000000e+00 0.000000e+00 1.000000e+00
    outer loop
      vertex   5.497767e+00 4.510985e+00 5.080000e+00
      vertex   3.810000e+00 9.080500e+00 5.080000e+00
      vertex   5.167432e+00 4.789368e+00 5.080000e+00
    endloop
  endfacet
  facet normal 0.000000e+00 0.000000e+00 1.000000e+00
    outer loop
      vertex   5.167432e+00 4.789368e+00 5.080000e+00
      vertex   3.810000e+00 9.080500e+00 5.080000e+00
      vertex   4.789368e+00 5.167432e+00 5.080000e+00
    endloop
  endfacet
  facet normal 0.000000e+00 0.000000e+00 1.000000e+00
    outer loop
      vertex   4.789368e+00 5.167432e+00 5.080000e+00
      vertex   3.810000e+00 9.080500e+00 5.080000e+00
      vertex   4.059215e+00 6.699113e+00 5.080000e+00
    endloop
  endfacet
  facet normal 0.000000e+00 0.000000e+00 1.000000e+00
    outer loop
      vertex   4.789368e+00 5.167432e+00 5.080000e+00
      vertex   4.059215e+00 6.699113e+00 5.080000e+00
      vertex   4.510985e+00 5.497767e+00 5.080000e+00
    endloop
  endfacet
  facet normal 0.000000e+00 0.000000e+00 1.000000e+00
    outer loop
      vertex   4.510985e+00 5.497767e+00 5.080000e+00
      vertex   4.059215e+00 6.699113e+00 5.080000e+00
      vertex   4.292608e+00 5.870499e+00 5.080000e+00
    endloop
  endfacet
  facet normal 0.000000e+00 0.000000e+00 1.000000e+00
    outer loop
      vertex   4.292608e+00 5.870499e+00 5.080000e+00
      vertex   4.059215e+00 6.699113e+00 5.080000e+00
      vertex   4.140551e+00 6.274846e+00 5.080000e+00
    endloop
  endfacet
  facet normal 0.000000e+00 -0.000000e+00 1.000000e+00
    outer loop
      vertex   3.810000e+00 9.080500e+00 5.080000e+00
      vertex   1.654386e+01 9.444736e+00 5.080000e+00
      vertex   2.042480e+00 1.678790e+01 5.080000e+00
    endloop
  endfacet
  facet normal -0.000000e+00 0.000000e+00 1.000000e+00
    outer loop
      vertex   2.042480e+00 1.678790e+01 5.080000e+00
      vertex   1.654386e+01 9.444736e+00 5.080000e+00
      vertex   3.810000e+00 3.175000e+01 5.080000e+00
    endloop
  endfacet
  facet normal 0.000000e+00 -0.000000e+00 1.000000e+00
    outer loop
      vertex   2.042480e+00 1.678790e+01 5.080000e+00
      vertex   3.810000e+00 3.175000e+01 5.080000e+00
      vertex   1.887199e+00 1.723032e+01 5.080000e+00
    endloop
  endfacet
  facet normal 0.000000e+00 -0.000000e+00 1.000000e+00
    outer loop
      vertex   1.887199e+00 1.723032e+01 5.080000e+00
      vertex   3.810000e+00 3.175000e+01 5.080000e+00
      vertex   1.637430e+00 1.762715e+01 5.080000e+00
    endloop
  endfacet
  facet normal 0.000000e+00 -0.000000e+00 1.000000e+00
    outer loop
      vertex   1.637430e+00 1.762715e+01 5.080000e+00
      vertex   3.810000e+00 3.175000e+01 5.080000e+00
      vertex   1.305679e+00 1.795850e+01 5.080000e+00
    endloop
  endfacet
  facet normal 0.000000e+00 -0.000000e+00 1.000000e+00
    outer loop
      vertex   1.305679e+00 1.795850e+01 5.080000e+00
      vertex   3.810000e+00 3.175000e+01 5.080000e+00
      vertex   9.085549e-01 1.820779e+01 5.080000e+00
    endloop
  endfacet
  facet normal 0.000000e+00 0.000000e+00 1.000000e+00
    outer loop
      vertex   -1.654386e+01 9.444736e+00 5.080000e+00
      vertex   -2.042480e+00 1.678790e+01 5.080000e+00
      vertex   -3.810000e+00 3.175000e+01 5.080000e+00
    endloop
  endfacet
  facet normal 0.000000e+00 0.000000e+00 1.000000e+00
    outer loop
      vertex   -3.810000e+00 3.175000e+01 5.080000e+00
      vertex   -2.042480e+00 1.678790e+01 5.080000e+00
      vertex   -1.887199e+00 1.723032e+01 5.080000e+00
    endloop
  endfacet
  facet normal 0.000000e+00 0.000000e+00 1.000000e+00
    outer loop
      vertex   -3.810000e+00 3.175000e+01 5.080000e+00
      vertex   -1.887199e+00 1.723032e+01 5.080000e+00
      vertex   -1.637430e+00 1.762715e+01 5.080000e+00
    endloop
  endfacet
  facet normal 0.000000e+00 0.000000e+00 1.000000e+00
    outer loop
      vertex   6.274846e+00 -4.140551e+00 5.080000e+00
      vertex   5.870499e+00 -4.292608e+00 5.080000e+00
      vertex   3.810000e+00 -9.080500e+00 5.080000e+00
    endloop
  endfacet
  facet normal 0.000000e+00 0.000000e+00 1.000000e+00
    outer loop
      vertex   3.810000e+00 -9.080500e+00 5.080000e+00
      vertex   5.870499e+00 -4.292608e+00 5.080000e+00
      vertex   5.497767e+00 -4.510985e+00 5.080000e+00
    endloop
  endfacet
  facet normal 0.000000e+00 0.000000e+00 1.000000e+00
    outer loop
      vertex   3.810000e+00 -9.080500e+00 5.080000e+00
      vertex   5.497767e+00 -4.510985e+00 5.080000e+00
      vertex   5.167432e+00 -4.789368e+00 5.080000e+00
    endloop
  endfacet
  facet normal 0.000000e+00 0.000000e+00 1.000000e+00
    outer loop
      vertex   5.167432e+00 -4.789368e+00 5.080000e+00
      vertex   4.789368e+00 -5.167432e+00 5.080000e+00
      vertex   3.810000e+00 -9.080500e+00 5.080000e+00
    endloop
  endfacet
  facet normal 0.000000e+00 0.000000e+00 1.000000e+00
    outer loop
      vertex   3.810000e+00 -9.080500e+00 5.080000e+00
      vertex   4.789368e+00 -5.167432e+00 5.080000e+00
      vertex   4.059215e+00 -6.699113e+00 5.080000e+00
    endloop
  endfacet
  facet normal 0.000000e+00 0.000000e+00 1.000000e+00
    outer loop
      vertex   4.059215e+00 -6.699113e+00 5.080000e+00
      vertex   4.789368e+00 -5.167432e+00 5.080000e+00
      vertex   4.510985e+00 -5.497767e+00 5.080000e+00
    endloop
  endfacet
  facet normal 0.000000e+00 0.000000e+00 1.000000e+00
    outer loop
      vertex   4.059215e+00 -6.699113e+00 5.080000e+00
      vertex   4.510985e+00 -5.497767e+00 5.080000e+00
      vertex   4.292608e+00 -5.870499e+00 5.080000e+00
    endloop
  endfacet
  facet normal 0.000000e+00 0.000000e+00 1.000000e+00
    outer loop
      vertex   4.292608e+00 -5.870499e+00 5.080000e+00
      vertex   4.140551e+00 -6.274846e+00 5.080000e+00
      vertex   4.059215e+00 -6.699113e+00 5.080000e+00
    endloop
  endfacet
  facet normal 0.000000e+00 0.000000e+00 1.000000e+00
    outer loop
      vertex   -4.059215e+00 -6.699113e+00 5.080000e+00
      vertex   -4.789368e+00 -5.167432e+00 5.080000e+00
      vertex   -3.810000e+00 -9.080500e+00 5.080000e+00
    endloop
  endfacet
  facet normal 0.000000e+00 0.000000e+00 1.000000e+00
    outer loop
      vertex   -3.810000e+00 -9.080500e+00 5.080000e+00
      vertex   -4.789368e+00 -5.167432e+00 5.080000e+00
      vertex   -5.167432e+00 -4.789368e+00 5.080000e+00
    endloop
  endfacet
  facet normal 0.000000e+00 0.000000e+00 1.000000e+00
    outer loop
      vertex   -3.810000e+00 -9.080500e+00 5.080000e+00
      vertex   -5.167432e+00 -4.789368e+00 5.080000e+00
      vertex   -5.497767e+00 -4.510985e+00 5.080000e+00
    endloop
  endfacet
  facet normal 0.000000e+00 0.000000e+00 1.000000e+00
    outer loop
      vertex   -4.140551e+00 -6.274846e+00 5.080000e+00
      vertex   -4.292608e+00 -5.870499e+00 5.080000e+00
      vertex   -4.059215e+00 -6.699113e+00 5.080000e+00
    endloop
  endfacet
  facet normal 0.000000e+00 0.000000e+00 1.000000e+00
    outer loop
      vertex   -4.059215e+00 -6.699113e+00 5.080000e+00
      vertex   -4.292608e+00 -5.870499e+00 5.080000e+00
      vertex   -4.510985e+00 -5.497767e+00 5.080000e+00
    endloop
  endfacet
  facet normal 0.000000e+00 0.000000e+00 1.000000e+00
    outer loop
      vertex   -4.059215e+00 -6.699113e+00 5.080000e+00
      vertex   -4.510985e+00 -5.497767e+00 5.080000e+00
      vertex   -4.789368e+00 -5.167432e+00 5.080000e+00
    endloop
  endfacet
  facet normal 0.000000e+00 0.000000e+00 1.000000e+00
    outer loop
      vertex   -5.497767e+00 -4.510985e+00 5.080000e+00
      vertex   -5.870499e+00 -4.292608e+00 5.080000e+00
      vertex   -3.810000e+00 -9.080500e+00 5.080000e+00
    endloop
  endfacet
  facet normal 0.000000e+00 0.000000e+00 1.000000e+00
    outer loop
      vertex   -3.810000e+00 -9.080500e+00 5.080000e+00
      vertex   -5.870499e+00 -4.292608e+00 5.080000e+00
      vertex   -6.274846e+00 -4.140551e+00 5.080000e+00
    endloop
  endfacet
  facet normal 0.000000e+00 0.000000e+00 1.000000e+00
    outer loop
      vertex   -3.810000e+00 -9.080500e+00 5.080000e+00
      vertex   -6.274846e+00 -4.140551e+00 5.080000e+00
      vertex   -6.699113e+00 -4.059215e+00 5.080000e+00
    endloop
  endfacet
  facet normal 0.000000e+00 0.000000e+00 1.000000e+00
    outer loop
      vertex   -6.274846e+00 4.140551e+00 5.080000e+00
      vertex   -5.870499e+00 4.292608e+00 5.080000e+00
      vertex   -3.810000e+00 9.080500e+00 5.080000e+00
    endloop
  endfacet
  facet normal 0.000000e+00 0.000000e+00 1.000000e+00
    outer loop
      vertex   -3.810000e+00 9.080500e+00 5.080000e+00
      vertex   -5.870499e+00 4.292608e+00 5.080000e+00
      vertex   -5.497767e+00 4.510985e+00 5.080000e+00
    endloop
  endfacet
  facet normal 0.000000e+00 0.000000e+00 1.000000e+00
    outer loop
      vertex   -3.810000e+00 9.080500e+00 5.080000e+00
      vertex   -5.497767e+00 4.510985e+00 5.080000e+00
      vertex   -5.167432e+00 4.789368e+00 5.080000e+00
    endloop
  endfacet
  facet normal 0.000000e+00 0.000000e+00 1.000000e+00
    outer loop
      vertex   -5.167432e+00 4.789368e+00 5.080000e+00
      vertex   -4.789368e+00 5.167432e+00 5.080000e+00
      vertex   -3.810000e+00 9.080500e+00 5.080000e+00
    endloop
  endfacet
  facet normal 0.000000e+00 0.000000e+00 1.000000e+00
    outer loop
      vertex   -3.810000e+00 9.080500e+00 5.080000e+00
      vertex   -4.789368e+00 5.167432e+00 5.080000e+00
      vertex   -4.059215e+00 6.699113e+00 5.080000e+00
    endloop
  endfacet
  facet normal 0.000000e+00 0.000000e+00 1.000000e+00
    outer loop
      vertex   -4.059215e+00 6.699113e+00 5.080000e+00
      vertex   -4.789368e+00 5.167432e+00 5.080000e+00
      vertex   -4.510985e+00 5.497767e+00 5.080000e+00
    endloop
  endfacet
  facet normal 0.000000e+00 0.000000e+00 1.000000e+00
    outer loop
      vertex   -4.059215e+00 6.699113e+00 5.080000e+00
      vertex   -4.510985e+00 5.497767e+00 5.080000e+00
      vertex   -4.292608e+00 5.870499e+00 5.080000e+00
    endloop
  endfacet
  facet normal 0.000000e+00 0.000000e+00 1.000000e+00
    outer loop
      vertex   -4.292608e+00 5.870499e+00 5.080000e+00
      vertex   -4.140551e+00 6.274846e+00 5.080000e+00
      vertex   -4.059215e+00 6.699113e+00 5.080000e+00
    endloop
  endfacet
  facet normal 0.000000e+00 -0.000000e+00 1.000000e+00
    outer loop
      vertex   -3.810000e+00 9.080500e+00 5.080000e+00
      vertex   -2.042480e+00 1.678790e+01 5.080000e+00
      vertex   -1.654386e+01 9.444736e+00 5.080000e+00
    endloop
  endfacet
  facet normal 0.000000e+00 -0.000000e+00 1.000000e+00
    outer loop
      vertex   -1.637430e+00 1.762715e+01 5.080000e+00
      vertex   -1.305679e+00 1.795850e+01 5.080000e+00
      vertex   -3.810000e+00 3.175000e+01 5.080000e+00
    endloop
  endfacet
  facet normal 0.000000e+00 0.000000e+00 1.000000e+00
    outer loop
      vertex   -3.810000e+00 3.175000e+01 5.080000e+00
      vertex   -1.305679e+00 1.795850e+01 5.080000e+00
      vertex   -9.085549e-01 1.820779e+01 5.080000e+00
    endloop
  endfacet
  facet normal 0.000000e+00 0.000000e+00 1.000000e+00
    outer loop
      vertex   -3.810000e+00 3.175000e+01 5.080000e+00
      vertex   -9.085549e-01 1.820779e+01 5.080000e+00
      vertex   -4.659418e-01 1.836254e+01 5.080000e+00
    endloop
  endfacet
  facet normal 0.000000e+00 -0.000000e+00 1.000000e+00
    outer loop
      vertex   -4.659418e-01 1.836254e+01 5.080000e+00
      vertex   1.239842e-12 1.841500e+01 5.080000e+00
      vertex   -3.810000e+00 3.175000e+01 5.080000e+00
    endloop
  endfacet
  facet normal 0.000000e+00 0.000000e+00 -1.000000e+00
    outer loop
      vertex   -1.247629e+01 2.300901e-01 0.000000e+00
      vertex   -1.127271e+01 2.300901e-01 0.000000e+00
      vertex   -1.244600e+01 -1.606343e-11 0.000000e+00
    endloop
  endfacet
  facet normal 0.000000e+00 0.000000e+00 -1.000000e+00
    outer loop
      vertex   -1.244600e+01 -1.606343e-11 0.000000e+00
      vertex   -1.127271e+01 2.300901e-01 0.000000e+00
      vertex   -1.130300e+01 -1.606390e-11 0.000000e+00
    endloop
  endfacet
  facet normal 0.000000e+00 -0.000000e+00 -1.000000e+00
    outer loop
      vertex   -1.244600e+01 -1.606343e-11 0.000000e+00
      vertex   -1.130300e+01 -1.606390e-11 0.000000e+00
      vertex   -1.247629e+01 -2.300901e-01 0.000000e+00
    endloop
  endfacet
  facet normal 0.000000e+00 0.000000e+00 -1.000000e+00
    outer loop
      vertex   -1.247629e+01 -2.300901e-01 0.000000e+00
      vertex   -1.130300e+01 -1.606390e-11 0.000000e+00
      vertex   -1.127271e+01 -2.300901e-01 0.000000e+00
    endloop
  endfacet
  facet normal 0.000000e+00 -0.000000e+00 -1.000000e+00
    outer loop
      vertex   -1.247629e+01 -2.300901e-01 0.000000e+00
      vertex   -1.127271e+01 -2.300901e-01 0.000000e+00
      vertex   -1.256510e+01 -4.445000e-01 0.000000e+00
    endloop
  endfacet
  facet normal 0.000000e+00 0.000000e+00 -1.000000e+00
    outer loop
      vertex   -1.256510e+01 -4.445000e-01 0.000000e+00
      vertex   -1.127271e+01 -2.300901e-01 0.000000e+00
      vertex   -1.118390e+01 -4.445000e-01 0.000000e+00
    endloop
  endfacet
  facet normal 0.000000e+00 -0.000000e+00 -1.000000e+00
    outer loop
      vertex   -1.256510e+01 -4.445000e-01 0.000000e+00
      vertex   -1.118390e+01 -4.445000e-01 0.000000e+00
      vertex   -1.270638e+01 -6.286179e-01 0.000000e+00
    endloop
  endfacet
  facet normal 0.000000e+00 0.000000e+00 -1.000000e+00
    outer loop
      vertex   -1.270638e+01 -6.286179e-01 0.000000e+00
      vertex   -1.118390e+01 -4.445000e-01 0.000000e+00
      vertex   -1.104262e+01 -6.286179e-01 0.000000e+00
    endloop
  endfacet
  facet normal 0.000000e+00 -0.000000e+00 -1.000000e+00
    outer loop
      vertex   -1.270638e+01 -6.286179e-01 0.000000e+00
      vertex   -1.104262e+01 -6.286179e-01 0.000000e+00
      vertex   -1.289050e+01 -7.698966e-01 0.000000e+00
    endloop
  endfacet
  facet normal 0.000000e+00 0.000000e+00 -1.000000e+00
    outer loop
      vertex   -1.289050e+01 -7.698966e-01 0.000000e+00
      vertex   -1.104262e+01 -6.286179e-01 0.000000e+00
      vertex   -1.085850e+01 -7.698966e-01 0.000000e+00
    endloop
  endfacet
  facet normal 0.000000e+00 -0.000000e+00 -1.000000e+00
    outer loop
      vertex   -1.289050e+01 -7.698966e-01 0.000000e+00
      vertex   -1.085850e+01 -7.698966e-01 0.000000e+00
      vertex   -1.393988e+01 -1.298392e+01 0.000000e+00
    endloop
  endfacet
  facet normal 0.000000e+00 0.000000e+00 -1.000000e+00
    outer loop
      vertex   -1.393988e+01 -1.298392e+01 0.000000e+00
      vertex   -1.085850e+01 -7.698966e-01 0.000000e+00
      vertex   -1.293304e+01 -1.398710e+01 0.000000e+00
    endloop
  endfacet
  facet normal 0.000000e+00 0.000000e+00 -1.000000e+00
    outer loop
      vertex   -1.293304e+01 -1.398710e+01 0.000000e+00
      vertex   -1.085850e+01 -7.698966e-01 0.000000e+00
      vertex   -1.064409e+01 -8.587081e-01 0.000000e+00
    endloop
  endfacet
  facet normal 0.000000e+00 0.000000e+00 -1.000000e+00
    outer loop
      vertex   -1.293304e+01 -1.398710e+01 0.000000e+00
      vertex   -1.064409e+01 -8.587081e-01 0.000000e+00
      vertex   -1.185421e+01 -1.491242e+01 0.000000e+00
    endloop
  endfacet
  facet normal 0.000000e+00 0.000000e+00 -1.000000e+00
    outer loop
      vertex   -1.185421e+01 -1.491242e+01 0.000000e+00
      vertex   -1.064409e+01 -8.587081e-01 0.000000e+00
      vertex   -1.041400e+01 -8.890000e-01 0.000000e+00
    endloop
  endfacet
  facet normal 0.000000e+00 0.000000e+00 -1.000000e+00
    outer loop
      vertex   -1.185421e+01 -1.491242e+01 0.000000e+00
      vertex   -1.041400e+01 -8.890000e-01 0.000000e+00
      vertex   -1.018391e+01 -8.587081e-01 0.000000e+00
    endloop
  endfacet
  facet normal 0.000000e+00 0.000000e+00 -1.000000e+00
    outer loop
      vertex   -1.127271e+01 2.300901e-01 0.000000e+00
      vertex   -1.247629e+01 2.300901e-01 0.000000e+00
      vertex   -1.118390e+01 4.445000e-01 0.000000e+00
    endloop
  endfacet
  facet normal -0.000000e+00 0.000000e+00 -1.000000e+00
    outer loop
      vertex   -1.118390e+01 4.445000e-01 0.000000e+00
      vertex   -1.247629e+01 2.300901e-01 0.000000e+00
      vertex   -1.256510e+01 4.445000e-01 0.000000e+00
    endloop
  endfacet
  facet normal 0.000000e+00 0.000000e+00 -1.000000e+00
    outer loop
      vertex   -1.118390e+01 4.445000e-01 0.000000e+00
      vertex   -1.256510e+01 4.445000e-01 0.000000e+00
      vertex   -1.104262e+01 6.286179e-01 0.000000e+00
    endloop
  endfacet
  facet normal -0.000000e+00 0.000000e+00 -1.000000e+00
    outer loop
      vertex   -1.104262e+01 6.286179e-01 0.000000e+00
      vertex   -1.256510e+01 4.445000e-01 0.000000e+00
      vertex   -1.270638e+01 6.286179e-01 0.000000e+00
    endloop
  endfacet
  facet normal 0.000000e+00 0.000000e+00 -1.000000e+00
    outer loop
      vertex   -1.104262e+01 6.286179e-01 0.000000e+00
      vertex   -1.270638e+01 6.286179e-01 0.000000e+00
      vertex   -1.085850e+01 7.698966e-01 0.000000e+00
    endloop
  endfacet
  facet normal -0.000000e+00 0.000000e+00 -1.000000e+00
    outer loop
      vertex   -1.085850e+01 7.698966e-01 0.000000e+00
      vertex   -1.270638e+01 6.286179e-01 0.000000e+00
      vertex   -1.289050e+01 7.698966e-01 0.000000e+00
    endloop
  endfacet
  facet normal 0.000000e+00 0.000000e+00 -1.000000e+00
    outer loop
      vertex   -1.085850e+01 7.698966e-01 0.000000e+00
      vertex   -1.289050e+01 7.698966e-01 0.000000e+00
      vertex   -1.654386e+01 9.444736e+00 0.000000e+00
    endloop
  endfacet
  facet normal 0.000000e+00 0.000000e+00 -1.000000e+00
    outer loop
      vertex   -1.654386e+01 9.444736e+00 0.000000e+00
      vertex   -1.289050e+01 7.698966e-01 0.000000e+00
      vertex   -1.310491e+01 8.587081e-01 0.000000e+00
    endloop
  endfacet
  facet normal 0.000000e+00 0.000000e+00 -1.000000e+00
    outer loop
      vertex   -1.654386e+01 9.444736e+00 0.000000e+00
      vertex   -1.310491e+01 8.587081e-01 0.000000e+00
      vertex   -1.333500e+01 8.890000e-01 0.000000e+00
    endloop
  endfacet
  facet normal -0.000000e+00 0.000000e+00 -1.000000e+00
    outer loop
      vertex   -1.333500e+01 8.890000e-01 0.000000e+00
      vertex   -1.356509e+01 8.587081e-01 0.000000e+00
      vertex   -1.654386e+01 9.444736e+00 0.000000e+00
    endloop
  endfacet
  facet normal 0.000000e+00 0.000000e+00 -1.000000e+00
    outer loop
      vertex   -1.654386e+01 9.444736e+00 0.000000e+00
      vertex   -1.356509e+01 8.587081e-01 0.000000e+00
      vertex   -1.377950e+01 7.698966e-01 0.000000e+00
    endloop
  endfacet
  facet normal 0.000000e+00 0.000000e+00 -1.000000e+00
    outer loop
      vertex   -1.654386e+01 9.444736e+00 0.000000e+00
      vertex   -1.377950e+01 7.698966e-01 0.000000e+00
      vertex   -1.581150e+01 7.698966e-01 0.000000e+00
    endloop
  endfacet
  facet normal 0.000000e+00 0.000000e+00 -1.000000e+00
    outer loop
      vertex   -1.581150e+01 7.698966e-01 0.000000e+00
      vertex   -1.377950e+01 7.698966e-01 0.000000e+00
      vertex   -1.562738e+01 6.286179e-01 0.000000e+00
    endloop
  endfacet
  facet normal 0.000000e+00 0.000000e+00 -1.000000e+00
    outer loop
      vertex   -1.562738e+01 6.286179e-01 0.000000e+00
      vertex   -1.377950e+01 7.698966e-01 0.000000e+00
      vertex   -1.396362e+01 6.286179e-01 0.000000e+00
    endloop
  endfacet
  facet normal 0.000000e+00 0.000000e+00 -1.000000e+00
    outer loop
      vertex   -1.562738e+01 6.286179e-01 0.000000e+00
      vertex   -1.396362e+01 6.286179e-01 0.000000e+00
      vertex   -1.548610e+01 4.445000e-01 0.000000e+00
    endloop
  endfacet
  facet normal 0.000000e+00 0.000000e+00 -1.000000e+00
    outer loop
      vertex   -1.548610e+01 4.445000e-01 0.000000e+00
      vertex   -1.396362e+01 6.286179e-01 0.000000e+00
      vertex   -1.410490e+01 4.445000e-01 0.000000e+00
    endloop
  endfacet
  facet normal 0.000000e+00 0.000000e+00 -1.000000e+00
    outer loop
      vertex   -1.548610e+01 4.445000e-01 0.000000e+00
      vertex   -1.410490e+01 4.445000e-01 0.000000e+00
      vertex   -1.539729e+01 2.300901e-01 0.000000e+00
    endloop
  endfacet
  facet normal 0.000000e+00 0.000000e+00 -1.000000e+00
    outer loop
      vertex   -1.539729e+01 2.300901e-01 0.000000e+00
      vertex   -1.410490e+01 4.445000e-01 0.000000e+00
      vertex   -1.419371e+01 2.300901e-01 0.000000e+00
    endloop
  endfacet
  facet normal 0.000000e+00 0.000000e+00 -1.000000e+00
    outer loop
      vertex   -1.539729e+01 2.300901e-01 0.000000e+00
      vertex   -1.419371e+01 2.300901e-01 0.000000e+00
      vertex   -1.536700e+01 -1.606307e-11 0.000000e+00
    endloop
  endfacet
  facet normal 0.000000e+00 0.000000e+00 -1.000000e+00
    outer loop
      vertex   -1.536700e+01 -1.606307e-11 0.000000e+00
      vertex   -1.419371e+01 2.300901e-01 0.000000e+00
      vertex   -1.422400e+01 -1.606354e-11 0.000000e+00
    endloop
  endfacet
  facet normal 0.000000e+00 -0.000000e+00 -1.000000e+00
    outer loop
      vertex   -1.536700e+01 -1.606307e-11 0.000000e+00
      vertex   -1.422400e+01 -1.606354e-11 0.000000e+00
      vertex   -1.539729e+01 -2.300901e-01 0.000000e+00
    endloop
  endfacet
  facet normal 0.000000e+00 0.000000e+00 -1.000000e+00
    outer loop
      vertex   -1.539729e+01 -2.300901e-01 0.000000e+00
      vertex   -1.422400e+01 -1.606354e-11 0.000000e+00
      vertex   -1.419371e+01 -2.300901e-01 0.000000e+00
    endloop
  endfacet
  facet normal 0.000000e+00 -0.000000e+00 -1.000000e+00
    outer loop
      vertex   -1.539729e+01 -2.300901e-01 0.000000e+00
      vertex   -1.419371e+01 -2.300901e-01 0.000000e+00
      vertex   -1.548610e+01 -4.445000e-01 0.000000e+00
    endloop
  endfacet
  facet normal 0.000000e+00 0.000000e+00 -1.000000e+00
    outer loop
      vertex   -1.548610e+01 -4.445000e-01 0.000000e+00
      vertex   -1.419371e+01 -2.300901e-01 0.000000e+00
      vertex   -1.410490e+01 -4.445000e-01 0.000000e+00
    endloop
  endfacet
  facet normal 0.000000e+00 -0.000000e+00 -1.000000e+00
    outer loop
      vertex   -1.548610e+01 -4.445000e-01 0.000000e+00
      vertex   -1.410490e+01 -4.445000e-01 0.000000e+00
      vertex   -1.562738e+01 -6.286179e-01 0.000000e+00
    endloop
  endfacet
  facet normal 0.000000e+00 0.000000e+00 -1.000000e+00
    outer loop
      vertex   -1.562738e+01 -6.286179e-01 0.000000e+00
      vertex   -1.410490e+01 -4.445000e-01 0.000000e+00
      vertex   -1.396362e+01 -6.286179e-01 0.000000e+00
    endloop
  endfacet
  facet normal 0.000000e+00 -0.000000e+00 -1.000000e+00
    outer loop
      vertex   -1.562738e+01 -6.286179e-01 0.000000e+00
      vertex   -1.396362e+01 -6.286179e-01 0.000000e+00
      vertex   -1.581150e+01 -7.698966e-01 0.000000e+00
    endloop
  endfacet
  facet normal 0.000000e+00 0.000000e+00 -1.000000e+00
    outer loop
      vertex   -1.581150e+01 -7.698966e-01 0.000000e+00
      vertex   -1.396362e+01 -6.286179e-01 0.000000e+00
      vertex   -1.377950e+01 -7.698966e-01 0.000000e+00
    endloop
  endfacet
  facet normal 0.000000e+00 -0.000000e+00 -1.000000e+00
    outer loop
      vertex   -1.581150e+01 -7.698966e-01 0.000000e+00
      vertex   -1.377950e+01 -7.698966e-01 0.000000e+00
      vertex   -1.647460e+01 -9.565048e+00 0.000000e+00
    endloop
  endfacet
  facet normal 0.000000e+00 0.000000e+00 -1.000000e+00
    outer loop
      vertex   -1.647460e+01 -9.565048e+00 0.000000e+00
      vertex   -1.377950e+01 -7.698966e-01 0.000000e+00
      vertex   -1.571560e+01 -1.076672e+01 0.000000e+00
    endloop
  endfacet
  facet normal 0.000000e+00 0.000000e+00 -1.000000e+00
    outer loop
      vertex   -1.571560e+01 -1.076672e+01 0.000000e+00
      vertex   -1.377950e+01 -7.698966e-01 0.000000e+00
      vertex   -1.356509e+01 -8.587081e-01 0.000000e+00
    endloop
  endfacet
  facet normal 0.000000e+00 0.000000e+00 -1.000000e+00
    outer loop
      vertex   -1.571560e+01 -1.076672e+01 0.000000e+00
      vertex   -1.356509e+01 -8.587081e-01 0.000000e+00
      vertex   -1.486913e+01 -1.190847e+01 0.000000e+00
    endloop
  endfacet
  facet normal 0.000000e+00 0.000000e+00 -1.000000e+00
    outer loop
      vertex   -1.486913e+01 -1.190847e+01 0.000000e+00
      vertex   -1.356509e+01 -8.587081e-01 0.000000e+00
      vertex   -1.333500e+01 -8.890000e-01 0.000000e+00
    endloop
  endfacet
  facet normal 0.000000e+00 0.000000e+00 -1.000000e+00
    outer loop
      vertex   -1.486913e+01 -1.190847e+01 0.000000e+00
      vertex   -1.333500e+01 -8.890000e-01 0.000000e+00
      vertex   -1.310491e+01 -8.587081e-01 0.000000e+00
    endloop
  endfacet
  facet normal 0.000000e+00 0.000000e+00 -1.000000e+00
    outer loop
      vertex   -1.486913e+01 -1.190847e+01 0.000000e+00
      vertex   -1.310491e+01 -8.587081e-01 0.000000e+00
      vertex   -1.393988e+01 -1.298392e+01 0.000000e+00
    endloop
  endfacet
  facet normal 0.000000e+00 0.000000e+00 -1.000000e+00
    outer loop
      vertex   -1.393988e+01 -1.298392e+01 0.000000e+00
      vertex   -1.310491e+01 -8.587081e-01 0.000000e+00
      vertex   -1.289050e+01 -7.698966e-01 0.000000e+00
    endloop
  endfacet
  facet normal 0.000000e+00 0.000000e+00 -1.000000e+00
    outer loop
      vertex   -6.634292e+00 2.300901e-01 0.000000e+00
      vertex   -4.495271e+00 3.451223e-01 0.000000e+00
      vertex   -6.604000e+00 -1.606415e-11 0.000000e+00
    endloop
  endfacet
  facet normal 0.000000e+00 0.000000e+00 -1.000000e+00
    outer loop
      vertex   -6.604000e+00 -1.606415e-11 0.000000e+00
      vertex   -4.495271e+00 3.451223e-01 0.000000e+00
      vertex   -4.495271e+00 -3.451223e-01 0.000000e+00
    endloop
  endfacet
  facet normal 0.000000e+00 -0.000000e+00 -1.000000e+00
    outer loop
      vertex   -6.604000e+00 -1.606415e-11 0.000000e+00
      vertex   -4.495271e+00 -3.451223e-01 0.000000e+00
      vertex   -6.634292e+00 -2.300901e-01 0.000000e+00
    endloop
  endfacet
  facet normal 0.000000e+00 0.000000e+00 -1.000000e+00
    outer loop
      vertex   -6.634292e+00 -2.300901e-01 0.000000e+00
      vertex   -4.495271e+00 -3.451223e-01 0.000000e+00
      vertex   -4.389906e+00 -1.027278e+00 0.000000e+00
    endloop
  endfacet
  facet normal 0.000000e+00 -0.000000e+00 -1.000000e+00
    outer loop
      vertex   -6.634292e+00 -2.300901e-01 0.000000e+00
      vertex   -4.389906e+00 -1.027278e+00 0.000000e+00
      vertex   -6.723103e+00 -4.445000e-01 0.000000e+00
    endloop
  endfacet
  facet normal 0.000000e+00 0.000000e+00 -1.000000e+00
    outer loop
      vertex   -6.723103e+00 -4.445000e-01 0.000000e+00
      vertex   -4.389906e+00 -1.027278e+00 0.000000e+00
      vertex   -4.181645e+00 -1.685354e+00 0.000000e+00
    endloop
  endfacet
  facet normal 0.000000e+00 -0.000000e+00 -1.000000e+00
    outer loop
      vertex   -6.723103e+00 -4.445000e-01 0.000000e+00
      vertex   -4.181645e+00 -1.685354e+00 0.000000e+00
      vertex   -6.864382e+00 -6.286179e-01 0.000000e+00
    endloop
  endfacet
  facet normal 0.000000e+00 -0.000000e+00 -1.000000e+00
    outer loop
      vertex   -6.864382e+00 -6.286179e-01 0.000000e+00
      vertex   -4.181645e+00 -1.685354e+00 0.000000e+00
      vertex   -7.048500e+00 -7.698966e-01 0.000000e+00
    endloop
  endfacet
  facet normal 0.000000e+00 0.000000e+00 -1.000000e+00
    outer loop
      vertex   -7.048500e+00 -7.698966e-01 0.000000e+00
      vertex   -4.181645e+00 -1.685354e+00 0.000000e+00
      vertex   -3.875370e+00 -2.303928e+00 0.000000e+00
    endloop
  endfacet
  facet normal 0.000000e+00 -0.000000e+00 -1.000000e+00
    outer loop
      vertex   -7.048500e+00 -7.698966e-01 0.000000e+00
      vertex   -3.875370e+00 -2.303928e+00 0.000000e+00
      vertex   -7.262910e+00 -8.587081e-01 0.000000e+00
    endloop
  endfacet
  facet normal 0.000000e+00 0.000000e+00 -1.000000e+00
    outer loop
      vertex   -7.262910e+00 -8.587081e-01 0.000000e+00
      vertex   -3.875370e+00 -2.303928e+00 0.000000e+00
      vertex   -6.944359e+00 -1.773918e+01 0.000000e+00
    endloop
  endfacet
  facet normal 0.000000e+00 -0.000000e+00 -1.000000e+00
    outer loop
      vertex   -7.262910e+00 -8.587081e-01 0.000000e+00
      vertex   -6.944359e+00 -1.773918e+01 0.000000e+00
      vertex   -8.247612e+00 -1.717205e+01 0.000000e+00
    endloop
  endfacet
  facet normal -0.000000e+00 0.000000e+00 -1.000000e+00
    outer loop
      vertex   -4.495271e+00 3.451223e-01 0.000000e+00
      vertex   -6.634292e+00 2.300901e-01 0.000000e+00
      vertex   -4.389906e+00 1.027278e+00 0.000000e+00
    endloop
  endfacet
  facet normal 0.000000e+00 0.000000e+00 -1.000000e+00
    outer loop
      vertex   -4.389906e+00 1.027278e+00 0.000000e+00
      vertex   -6.634292e+00 2.300901e-01 0.000000e+00
      vertex   -6.723103e+00 4.445000e-01 0.000000e+00
    endloop
  endfacet
  facet normal -0.000000e+00 0.000000e+00 -1.000000e+00
    outer loop
      vertex   -4.389906e+00 1.027278e+00 0.000000e+00
      vertex   -6.723103e+00 4.445000e-01 0.000000e+00
      vertex   -4.181645e+00 1.685354e+00 0.000000e+00
    endloop
  endfacet
  facet normal 0.000000e+00 0.000000e+00 -1.000000e+00
    outer loop
      vertex   -4.181645e+00 1.685354e+00 0.000000e+00
      vertex   -6.723103e+00 4.445000e-01 0.000000e+00
      vertex   -6.864382e+00 6.286179e-01 0.000000e+00
    endloop
  endfacet
  facet normal 0.000000e+00 0.000000e+00 -1.000000e+00
    outer loop
      vertex   -4.181645e+00 1.685354e+00 0.000000e+00
      vertex   -6.864382e+00 6.286179e-01 0.000000e+00
      vertex   -7.048500e+00 7.698966e-01 0.000000e+00
    endloop
  endfacet
  facet normal -0.000000e+00 0.000000e+00 -1.000000e+00
    outer loop
      vertex   -4.181645e+00 1.685354e+00 0.000000e+00
      vertex   -7.048500e+00 7.698966e-01 0.000000e+00
      vertex   -3.875370e+00 2.303928e+00 0.000000e+00
    endloop
  endfacet
  facet normal 0.000000e+00 0.000000e+00 -1.000000e+00
    outer loop
      vertex   -3.875370e+00 2.303928e+00 0.000000e+00
      vertex   -7.048500e+00 7.698966e-01 0.000000e+00
      vertex   -7.262910e+00 8.587081e-01 0.000000e+00
    endloop
  endfacet
  facet normal -0.000000e+00 0.000000e+00 -1.000000e+00
    outer loop
      vertex   -3.875370e+00 2.303928e+00 0.000000e+00
      vertex   -7.262910e+00 8.587081e-01 0.000000e+00
      vertex   -3.478259e+00 2.868499e+00 0.000000e+00
    endloop
  endfacet
  facet normal -0.000000e+00 0.000000e+00 -1.000000e+00
    outer loop
      vertex   -3.478259e+00 2.868499e+00 0.000000e+00
      vertex   -7.262910e+00 8.587081e-01 0.000000e+00
      vertex   -8.890000e-01 1.333500e+01 0.000000e+00
    endloop
  endfacet
  facet normal 0.000000e+00 0.000000e+00 -1.000000e+00
    outer loop
      vertex   -3.478259e+00 2.868499e+00 0.000000e+00
      vertex   -8.890000e-01 1.333500e+01 0.000000e+00
      vertex   -8.890000e-01 1.041400e+01 0.000000e+00
    endloop
  endfacet
  facet normal 0.000000e+00 0.000000e+00 -1.000000e+00
    outer loop
      vertex   -8.890000e-01 1.041400e+01 0.000000e+00
      vertex   -8.890000e-01 1.333500e+01 0.000000e+00
      vertex   -8.587081e-01 1.064409e+01 0.000000e+00
    endloop
  endfacet
  facet normal 0.000000e+00 0.000000e+00 -1.000000e+00
    outer loop
      vertex   -8.587081e-01 1.064409e+01 0.000000e+00
      vertex   -8.890000e-01 1.333500e+01 0.000000e+00
      vertex   -8.587081e-01 1.310491e+01 0.000000e+00
    endloop
  endfacet
  facet normal 0.000000e+00 0.000000e+00 -1.000000e+00
    outer loop
      vertex   -8.587081e-01 1.064409e+01 0.000000e+00
      vertex   -8.587081e-01 1.310491e+01 0.000000e+00
      vertex   -7.698966e-01 1.085850e+01 0.000000e+00
    endloop
  endfacet
  facet normal 0.000000e+00 0.000000e+00 -1.000000e+00
    outer loop
      vertex   -7.698966e-01 1.085850e+01 0.000000e+00
      vertex   -8.587081e-01 1.310491e+01 0.000000e+00
      vertex   -7.698966e-01 1.289050e+01 0.000000e+00
    endloop
  endfacet
  facet normal 0.000000e+00 0.000000e+00 -1.000000e+00
    outer loop
      vertex   -7.698966e-01 1.085850e+01 0.000000e+00
      vertex   -7.698966e-01 1.289050e+01 0.000000e+00
      vertex   -6.286179e-01 1.104262e+01 0.000000e+00
    endloop
  endfacet
  facet normal 0.000000e+00 0.000000e+00 -1.000000e+00
    outer loop
      vertex   -6.286179e-01 1.104262e+01 0.000000e+00
      vertex   -7.698966e-01 1.289050e+01 0.000000e+00
      vertex   -6.286179e-01 1.270638e+01 0.000000e+00
    endloop
  endfacet
  facet normal 0.000000e+00 0.000000e+00 -1.000000e+00
    outer loop
      vertex   -6.286179e-01 1.104262e+01 0.000000e+00
      vertex   -6.286179e-01 1.270638e+01 0.000000e+00
      vertex   -4.445000e-01 1.118390e+01 0.000000e+00
    endloop
  endfacet
  facet normal 0.000000e+00 0.000000e+00 -1.000000e+00
    outer loop
      vertex   -4.445000e-01 1.118390e+01 0.000000e+00
      vertex   -6.286179e-01 1.270638e+01 0.000000e+00
      vertex   -4.445000e-01 1.256510e+01 0.000000e+00
    endloop
  endfacet
  facet normal 0.000000e+00 0.000000e+00 -1.000000e+00
    outer loop
      vertex   -4.445000e-01 1.118390e+01 0.000000e+00
      vertex   -4.445000e-01 1.256510e+01 0.000000e+00
      vertex   -2.300901e-01 1.127271e+01 0.000000e+00
    endloop
  endfacet
  facet normal 0.000000e+00 0.000000e+00 -1.000000e+00
    outer loop
      vertex   -2.300901e-01 1.127271e+01 0.000000e+00
      vertex   -4.445000e-01 1.256510e+01 0.000000e+00
      vertex   -2.300901e-01 1.247629e+01 0.000000e+00
    endloop
  endfacet
  facet normal 0.000000e+00 0.000000e+00 -1.000000e+00
    outer loop
      vertex   -2.300901e-01 1.127271e+01 0.000000e+00
      vertex   -2.300901e-01 1.247629e+01 0.000000e+00
      vertex   -1.606656e-11 1.130300e+01 0.000000e+00
    endloop
  endfacet
  facet normal 0.000000e+00 0.000000e+00 -1.000000e+00
    outer loop
      vertex   -1.606656e-11 1.130300e+01 0.000000e+00
      vertex   -2.300901e-01 1.247629e+01 0.000000e+00
      vertex   -1.606639e-11 1.244600e+01 0.000000e+00
    endloop
  endfacet
  facet normal 0.000000e+00 0.000000e+00 -1.000000e+00
    outer loop
      vertex   -1.606656e-11 1.130300e+01 0.000000e+00
      vertex   -1.606639e-11 1.244600e+01 0.000000e+00
      vertex   2.300901e-01 1.247629e+01 0.000000e+00
    endloop
  endfacet
  facet normal 0.000000e+00 0.000000e+00 -1.000000e+00
    outer loop
      vertex   -7.262910e+00 8.587081e-01 0.000000e+00
      vertex   -7.493000e+00 8.890000e-01 0.000000e+00
      vertex   -8.890000e-01 1.333500e+01 0.000000e+00
    endloop
  endfacet
  facet normal -0.000000e+00 0.000000e+00 -1.000000e+00
    outer loop
      vertex   -8.890000e-01 1.333500e+01 0.000000e+00
      vertex   -7.493000e+00 8.890000e-01 0.000000e+00
      vertex   -8.890000e-01 1.625600e+01 0.000000e+00
    endloop
  endfacet
  facet normal 0.000000e+00 0.000000e+00 -1.000000e+00
    outer loop
      vertex   -8.890000e-01 1.333500e+01 0.000000e+00
      vertex   -8.890000e-01 1.625600e+01 0.000000e+00
      vertex   -8.587081e-01 1.356509e+01 0.000000e+00
    endloop
  endfacet
  facet normal 0.000000e+00 0.000000e+00 -1.000000e+00
    outer loop
      vertex   -8.587081e-01 1.356509e+01 0.000000e+00
      vertex   -8.890000e-01 1.625600e+01 0.000000e+00
      vertex   -8.587081e-01 1.602591e+01 0.000000e+00
    endloop
  endfacet
  facet normal 0.000000e+00 0.000000e+00 -1.000000e+00
    outer loop
      vertex   -8.587081e-01 1.356509e+01 0.000000e+00
      vertex   -8.587081e-01 1.602591e+01 0.000000e+00
      vertex   -7.698966e-01 1.377950e+01 0.000000e+00
    endloop
  endfacet
  facet normal 0.000000e+00 0.000000e+00 -1.000000e+00
    outer loop
      vertex   -7.698966e-01 1.377950e+01 0.000000e+00
      vertex   -8.587081e-01 1.602591e+01 0.000000e+00
      vertex   -7.698966e-01 1.581150e+01 0.000000e+00
    endloop
  endfacet
  facet normal 0.000000e+00 0.000000e+00 -1.000000e+00
    outer loop
      vertex   -7.698966e-01 1.377950e+01 0.000000e+00
      vertex   -7.698966e-01 1.581150e+01 0.000000e+00
      vertex   -6.286179e-01 1.396362e+01 0.000000e+00
    endloop
  endfacet
  facet normal 0.000000e+00 0.000000e+00 -1.000000e+00
    outer loop
      vertex   -6.286179e-01 1.396362e+01 0.000000e+00
      vertex   -7.698966e-01 1.581150e+01 0.000000e+00
      vertex   -6.286179e-01 1.562738e+01 0.000000e+00
    endloop
  endfacet
  facet normal 0.000000e+00 0.000000e+00 -1.000000e+00
    outer loop
      vertex   -6.286179e-01 1.396362e+01 0.000000e+00
      vertex   -6.286179e-01 1.562738e+01 0.000000e+00
      vertex   -4.445000e-01 1.410490e+01 0.000000e+00
    endloop
  endfacet
  facet normal 0.000000e+00 0.000000e+00 -1.000000e+00
    outer loop
      vertex   -4.445000e-01 1.410490e+01 0.000000e+00
      vertex   -6.286179e-01 1.562738e+01 0.000000e+00
      vertex   -4.445000e-01 1.548610e+01 0.000000e+00
    endloop
  endfacet
  facet normal 0.000000e+00 0.000000e+00 -1.000000e+00
    outer loop
      vertex   -4.445000e-01 1.410490e+01 0.000000e+00
      vertex   -4.445000e-01 1.548610e+01 0.000000e+00
      vertex   -2.300901e-01 1.419371e+01 0.000000e+00
    endloop
  endfacet
  facet normal 0.000000e+00 0.000000e+00 -1.000000e+00
    outer loop
      vertex   -2.300901e-01 1.419371e+01 0.000000e+00
      vertex   -4.445000e-01 1.548610e+01 0.000000e+00
      vertex   -2.300901e-01 1.539729e+01 0.000000e+00
    endloop
  endfacet
  facet normal 0.000000e+00 0.000000e+00 -1.000000e+00
    outer loop
      vertex   -2.300901e-01 1.419371e+01 0.000000e+00
      vertex   -2.300901e-01 1.539729e+01 0.000000e+00
      vertex   -1.606621e-11 1.536700e+01 0.000000e+00
    endloop
  endfacet
  facet normal -0.000000e+00 0.000000e+00 -1.000000e+00
    outer loop
      vertex   -7.493000e+00 8.890000e-01 0.000000e+00
      vertex   -7.723090e+00 8.587081e-01 0.000000e+00
      vertex   -8.890000e-01 1.625600e+01 0.000000e+00
    endloop
  endfacet
  facet normal 0.000000e+00 0.000000e+00 -1.000000e+00
    outer loop
      vertex   -8.890000e-01 1.625600e+01 0.000000e+00
      vertex   -7.723090e+00 8.587081e-01 0.000000e+00
      vertex   -1.018391e+01 8.587081e-01 0.000000e+00
    endloop
  endfacet
  facet normal 0.000000e+00 0.000000e+00 -1.000000e+00
    outer loop
      vertex   -8.890000e-01 1.625600e+01 0.000000e+00
      vertex   -1.018391e+01 8.587081e-01 0.000000e+00
      vertex   -1.654386e+01 9.444736e+00 0.000000e+00
    endloop
  endfacet
  facet normal 0.000000e+00 0.000000e+00 -1.000000e+00
    outer loop
      vertex   -1.654386e+01 9.444736e+00 0.000000e+00
      vertex   -1.018391e+01 8.587081e-01 0.000000e+00
      vertex   -1.041400e+01 8.890000e-01 0.000000e+00
    endloop
  endfacet
  facet normal 0.000000e+00 0.000000e+00 -1.000000e+00
    outer loop
      vertex   -1.654386e+01 9.444736e+00 0.000000e+00
      vertex   -1.041400e+01 8.890000e-01 0.000000e+00
      vertex   -1.064409e+01 8.587081e-01 0.000000e+00
    endloop
  endfacet
  facet normal 0.000000e+00 0.000000e+00 -1.000000e+00
    outer loop
      vertex   -1.018391e+01 8.587081e-01 0.000000e+00
      vertex   -7.723090e+00 8.587081e-01 0.000000e+00
      vertex   -9.969500e+00 7.698966e-01 0.000000e+00
    endloop
  endfacet
  facet normal 0.000000e+00 0.000000e+00 -1.000000e+00
    outer loop
      vertex   -9.969500e+00 7.698966e-01 0.000000e+00
      vertex   -7.723090e+00 8.587081e-01 0.000000e+00
      vertex   -7.937500e+00 7.698966e-01 0.000000e+00
    endloop
  endfacet
  facet normal 0.000000e+00 0.000000e+00 -1.000000e+00
    outer loop
      vertex   -9.969500e+00 7.698966e-01 0.000000e+00
      vertex   -7.937500e+00 7.698966e-01 0.000000e+00
      vertex   -9.785382e+00 6.286179e-01 0.000000e+00
    endloop
  endfacet
  facet normal 0.000000e+00 0.000000e+00 -1.000000e+00
    outer loop
      vertex   -9.785382e+00 6.286179e-01 0.000000e+00
      vertex   -7.937500e+00 7.698966e-01 0.000000e+00
      vertex   -8.121618e+00 6.286179e-01 0.000000e+00
    endloop
  endfacet
  facet normal 0.000000e+00 0.000000e+00 -1.000000e+00
    outer loop
      vertex   -9.785382e+00 6.286179e-01 0.000000e+00
      vertex   -8.121618e+00 6.286179e-01 0.000000e+00
      vertex   -9.644103e+00 4.445000e-01 0.000000e+00
    endloop
  endfacet
  facet normal 0.000000e+00 0.000000e+00 -1.000000e+00
    outer loop
      vertex   -9.644103e+00 4.445000e-01 0.000000e+00
      vertex   -8.121618e+00 6.286179e-01 0.000000e+00
      vertex   -8.262897e+00 4.445000e-01 0.000000e+00
    endloop
  endfacet
  facet normal 0.000000e+00 0.000000e+00 -1.000000e+00
    outer loop
      vertex   -9.644103e+00 4.445000e-01 0.000000e+00
      vertex   -8.262897e+00 4.445000e-01 0.000000e+00
      vertex   -9.555292e+00 2.300901e-01 0.000000e+00
    endloop
  endfacet
  facet normal 0.000000e+00 0.000000e+00 -1.000000e+00
    outer loop
      vertex   -9.555292e+00 2.300901e-01 0.000000e+00
      vertex   -8.262897e+00 4.445000e-01 0.000000e+00
      vertex   -8.351708e+00 2.300901e-01 0.000000e+00
    endloop
  endfacet
  facet normal 0.000000e+00 0.000000e+00 -1.000000e+00
    outer loop
      vertex   -9.555292e+00 2.300901e-01 0.000000e+00
      vertex   -8.351708e+00 2.300901e-01 0.000000e+00
      vertex   -9.525000e+00 -1.606379e-11 0.000000e+00
    endloop
  endfacet
  facet normal 0.000000e+00 0.000000e+00 -1.000000e+00
    outer loop
      vertex   -9.525000e+00 -1.606379e-11 0.000000e+00
      vertex   -8.351708e+00 2.300901e-01 0.000000e+00
      vertex   -8.382000e+00 -1.606426e-11 0.000000e+00
    endloop
  endfacet
  facet normal 0.000000e+00 -0.000000e+00 -1.000000e+00
    outer loop
      vertex   -9.525000e+00 -1.606379e-11 0.000000e+00
      vertex   -8.382000e+00 -1.606426e-11 0.000000e+00
      vertex   -9.555292e+00 -2.300901e-01 0.000000e+00
    endloop
  endfacet
  facet normal 0.000000e+00 0.000000e+00 -1.000000e+00
    outer loop
      vertex   -9.555292e+00 -2.300901e-01 0.000000e+00
      vertex   -8.382000e+00 -1.606426e-11 0.000000e+00
      vertex   -8.351708e+00 -2.300901e-01 0.000000e+00
    endloop
  endfacet
  facet normal 0.000000e+00 -0.000000e+00 -1.000000e+00
    outer loop
      vertex   -9.555292e+00 -2.300901e-01 0.000000e+00
      vertex   -8.351708e+00 -2.300901e-01 0.000000e+00
      vertex   -9.644103e+00 -4.445000e-01 0.000000e+00
    endloop
  endfacet
  facet normal 0.000000e+00 0.000000e+00 -1.000000e+00
    outer loop
      vertex   -9.644103e+00 -4.445000e-01 0.000000e+00
      vertex   -8.351708e+00 -2.300901e-01 0.000000e+00
      vertex   -8.262897e+00 -4.445000e-01 0.000000e+00
    endloop
  endfacet
  facet normal 0.000000e+00 -0.000000e+00 -1.000000e+00
    outer loop
      vertex   -9.644103e+00 -4.445000e-01 0.000000e+00
      vertex   -8.262897e+00 -4.445000e-01 0.000000e+00
      vertex   -9.785382e+00 -6.286179e-01 0.000000e+00
    endloop
  endfacet
  facet normal 0.000000e+00 0.000000e+00 -1.000000e+00
    outer loop
      vertex   -9.785382e+00 -6.286179e-01 0.000000e+00
      vertex   -8.262897e+00 -4.445000e-01 0.000000e+00
      vertex   -8.121618e+00 -6.286179e-01 0.000000e+00
    endloop
  endfacet
  facet normal 0.000000e+00 -0.000000e+00 -1.000000e+00
    outer loop
      vertex   -9.785382e+00 -6.286179e-01 0.000000e+00
      vertex   -8.121618e+00 -6.286179e-01 0.000000e+00
      vertex   -9.969500e+00 -7.698966e-01 0.000000e+00
    endloop
  endfacet
  facet normal 0.000000e+00 0.000000e+00 -1.000000e+00
    outer loop
      vertex   -9.969500e+00 -7.698966e-01 0.000000e+00
      vertex   -8.121618e+00 -6.286179e-01 0.000000e+00
      vertex   -7.937500e+00 -7.698966e-01 0.000000e+00
    endloop
  endfacet
  facet normal 0.000000e+00 -0.000000e+00 -1.000000e+00
    outer loop
      vertex   -9.969500e+00 -7.698966e-01 0.000000e+00
      vertex   -7.937500e+00 -7.698966e-01 0.000000e+00
      vertex   -1.070939e+01 -1.575473e+01 0.000000e+00
    endloop
  endfacet
  facet normal 0.000000e+00 0.000000e+00 -1.000000e+00
    outer loop
      vertex   -1.070939e+01 -1.575473e+01 0.000000e+00
      vertex   -7.937500e+00 -7.698966e-01 0.000000e+00
      vertex   -9.504955e+00 -1.650934e+01 0.000000e+00
    endloop
  endfacet
  facet normal 0.000000e+00 0.000000e+00 -1.000000e+00
    outer loop
      vertex   -9.504955e+00 -1.650934e+01 0.000000e+00
      vertex   -7.937500e+00 -7.698966e-01 0.000000e+00
      vertex   -7.723090e+00 -8.587081e-01 0.000000e+00
    endloop
  endfacet
  facet normal 0.000000e+00 0.000000e+00 -1.000000e+00
    outer loop
      vertex   -9.504955e+00 -1.650934e+01 0.000000e+00
      vertex   -7.723090e+00 -8.587081e-01 0.000000e+00
      vertex   -7.493000e+00 -8.890000e-01 0.000000e+00
    endloop
  endfacet
  facet normal 0.000000e+00 0.000000e+00 -1.000000e+00
    outer loop
      vertex   -9.504955e+00 -1.650934e+01 0.000000e+00
      vertex   -7.493000e+00 -8.890000e-01 0.000000e+00
      vertex   -8.247612e+00 -1.717205e+01 0.000000e+00
    endloop
  endfacet
  facet normal 0.000000e+00 0.000000e+00 -1.000000e+00
    outer loop
      vertex   -8.247612e+00 -1.717205e+01 0.000000e+00
      vertex   -7.493000e+00 -8.890000e-01 0.000000e+00
      vertex   -7.262910e+00 -8.587081e-01 0.000000e+00
    endloop
  endfacet
  facet normal 0.000000e+00 0.000000e+00 -1.000000e+00
    outer loop
      vertex   8.587081e-01 -1.310491e+01 0.000000e+00
      vertex   8.587081e-01 -1.064409e+01 0.000000e+00
      vertex   8.890000e-01 -1.333500e+01 0.000000e+00
    endloop
  endfacet
  facet normal 0.000000e+00 0.000000e+00 -1.000000e+00
    outer loop
      vertex   8.890000e-01 -1.333500e+01 0.000000e+00
      vertex   8.587081e-01 -1.064409e+01 0.000000e+00
      vertex   8.890000e-01 -1.041400e+01 0.000000e+00
    endloop
  endfacet
  facet normal 0.000000e+00 0.000000e+00 -1.000000e+00
    outer loop
      vertex   8.890000e-01 -1.333500e+01 0.000000e+00
      vertex   8.890000e-01 -1.041400e+01 0.000000e+00
      vertex   4.229356e+00 -1.857458e+01 0.000000e+00
    endloop
  endfacet
  facet normal 0.000000e+00 0.000000e+00 -1.000000e+00
    outer loop
      vertex   4.229356e+00 -1.857458e+01 0.000000e+00
      vertex   8.890000e-01 -1.041400e+01 0.000000e+00
      vertex   5.602451e+00 -1.820755e+01 0.000000e+00
    endloop
  endfacet
  facet normal 0.000000e+00 0.000000e+00 -1.000000e+00
    outer loop
      vertex   5.602451e+00 -1.820755e+01 0.000000e+00
      vertex   8.890000e-01 -1.041400e+01 0.000000e+00
      vertex   3.248472e+00 -3.126340e+00 0.000000e+00
    endloop
  endfacet
  facet normal 0.000000e+00 0.000000e+00 -1.000000e+00
    outer loop
      vertex   5.602451e+00 -1.820755e+01 0.000000e+00
      vertex   3.248472e+00 -3.126340e+00 0.000000e+00
      vertex   6.944359e+00 -1.773918e+01 0.000000e+00
    endloop
  endfacet
  facet normal 0.000000e+00 0.000000e+00 -1.000000e+00
    outer loop
      vertex   6.944359e+00 -1.773918e+01 0.000000e+00
      vertex   3.248472e+00 -3.126340e+00 0.000000e+00
      vertex   3.687635e+00 -2.593824e+00 0.000000e+00
    endloop
  endfacet
  facet normal 0.000000e+00 0.000000e+00 -1.000000e+00
    outer loop
      vertex   6.944359e+00 -1.773918e+01 0.000000e+00
      vertex   3.687635e+00 -2.593824e+00 0.000000e+00
      vertex   7.262910e+00 -8.587081e-01 0.000000e+00
    endloop
  endfacet
  facet normal -0.000000e+00 0.000000e+00 -1.000000e+00
    outer loop
      vertex   7.262910e+00 -8.587081e-01 0.000000e+00
      vertex   3.687635e+00 -2.593824e+00 0.000000e+00
      vertex   7.048500e+00 -7.698966e-01 0.000000e+00
    endloop
  endfacet
  facet normal 0.000000e+00 0.000000e+00 -1.000000e+00
    outer loop
      vertex   7.048500e+00 -7.698966e-01 0.000000e+00
      vertex   3.687635e+00 -2.593824e+00 0.000000e+00
      vertex   4.040362e+00 -2.000511e+00 0.000000e+00
    endloop
  endfacet
  facet normal -0.000000e+00 0.000000e+00 -1.000000e+00
    outer loop
      vertex   7.048500e+00 -7.698966e-01 0.000000e+00
      vertex   4.040362e+00 -2.000511e+00 0.000000e+00
      vertex   6.864382e+00 -6.286179e-01 0.000000e+00
    endloop
  endfacet
  facet normal 0.000000e+00 0.000000e+00 -1.000000e+00
    outer loop
      vertex   6.864382e+00 -6.286179e-01 0.000000e+00
      vertex   4.040362e+00 -2.000511e+00 0.000000e+00
      vertex   4.298388e+00 -1.360307e+00 0.000000e+00
    endloop
  endfacet
  facet normal -0.000000e+00 0.000000e+00 -1.000000e+00
    outer loop
      vertex   6.864382e+00 -6.286179e-01 0.000000e+00
      vertex   4.298388e+00 -1.360307e+00 0.000000e+00
      vertex   6.723103e+00 -4.445000e-01 0.000000e+00
    endloop
  endfacet
  facet normal 0.000000e+00 0.000000e+00 -1.000000e+00
    outer loop
      vertex   6.723103e+00 -4.445000e-01 0.000000e+00
      vertex   4.298388e+00 -1.360307e+00 0.000000e+00
      vertex   4.455662e+00 -6.882193e-01 0.000000e+00
    endloop
  endfacet
  facet normal -0.000000e+00 0.000000e+00 -1.000000e+00
    outer loop
      vertex   6.723103e+00 -4.445000e-01 0.000000e+00
      vertex   4.455662e+00 -6.882193e-01 0.000000e+00
      vertex   6.634292e+00 -2.300901e-01 0.000000e+00
    endloop
  endfacet
  facet normal -0.000000e+00 0.000000e+00 -1.000000e+00
    outer loop
      vertex   6.634292e+00 -2.300901e-01 0.000000e+00
      vertex   4.455662e+00 -6.882193e-01 0.000000e+00
      vertex   6.604000e+00 1.606912e-11 0.000000e+00
    endloop
  endfacet
  facet normal 0.000000e+00 0.000000e+00 -1.000000e+00
    outer loop
      vertex   6.604000e+00 1.606912e-11 0.000000e+00
      vertex   4.455662e+00 -6.882193e-01 0.000000e+00
      vertex   4.508500e+00 5.521320e-16 0.000000e+00
    endloop
  endfacet
  facet normal -0.000000e+00 0.000000e+00 -1.000000e+00
    outer loop
      vertex   6.604000e+00 1.606912e-11 0.000000e+00
      vertex   4.508500e+00 5.521320e-16 0.000000e+00
      vertex   4.455662e+00 6.882193e-01 0.000000e+00
    endloop
  endfacet
  facet normal 0.000000e+00 0.000000e+00 -1.000000e+00
    outer loop
      vertex   8.587081e-01 -1.310491e+01 0.000000e+00
      vertex   7.698966e-01 -1.289050e+01 0.000000e+00
      vertex   8.587081e-01 -1.064409e+01 0.000000e+00
    endloop
  endfacet
  facet normal 0.000000e+00 0.000000e+00 -1.000000e+00
    outer loop
      vertex   8.587081e-01 -1.064409e+01 0.000000e+00
      vertex   7.698966e-01 -1.289050e+01 0.000000e+00
      vertex   7.698966e-01 -1.085850e+01 0.000000e+00
    endloop
  endfacet
  facet normal 0.000000e+00 0.000000e+00 -1.000000e+00
    outer loop
      vertex   7.698966e-01 -1.085850e+01 0.000000e+00
      vertex   7.698966e-01 -1.289050e+01 0.000000e+00
      vertex   6.286179e-01 -1.270638e+01 0.000000e+00
    endloop
  endfacet
  facet normal 0.000000e+00 0.000000e+00 -1.000000e+00
    outer loop
      vertex   7.698966e-01 -1.085850e+01 0.000000e+00
      vertex   6.286179e-01 -1.270638e+01 0.000000e+00
      vertex   6.286179e-01 -1.104262e+01 0.000000e+00
    endloop
  endfacet
  facet normal 0.000000e+00 0.000000e+00 -1.000000e+00
    outer loop
      vertex   6.286179e-01 -1.104262e+01 0.000000e+00
      vertex   6.286179e-01 -1.270638e+01 0.000000e+00
      vertex   4.445000e-01 -1.256510e+01 0.000000e+00
    endloop
  endfacet
  facet normal 0.000000e+00 0.000000e+00 -1.000000e+00
    outer loop
      vertex   6.286179e-01 -1.104262e+01 0.000000e+00
      vertex   4.445000e-01 -1.256510e+01 0.000000e+00
      vertex   4.445000e-01 -1.118390e+01 0.000000e+00
    endloop
  endfacet
  facet normal 0.000000e+00 -0.000000e+00 -1.000000e+00
    outer loop
      vertex   4.445000e-01 -1.118390e+01 0.000000e+00
      vertex   4.445000e-01 -1.256510e+01 0.000000e+00
      vertex   2.300901e-01 -1.247629e+01 0.000000e+00
    endloop
  endfacet
  facet normal 0.000000e+00 0.000000e+00 -1.000000e+00
    outer loop
      vertex   4.445000e-01 -1.118390e+01 0.000000e+00
      vertex   2.300901e-01 -1.247629e+01 0.000000e+00
      vertex   2.300901e-01 -1.127271e+01 0.000000e+00
    endloop
  endfacet
  facet normal 0.000000e+00 0.000000e+00 -1.000000e+00
    outer loop
      vertex   2.300901e-01 -1.127271e+01 0.000000e+00
      vertex   2.300901e-01 -1.247629e+01 0.000000e+00
      vertex   1.606464e-11 -1.244600e+01 0.000000e+00
    endloop
  endfacet
  facet normal 0.000000e+00 0.000000e+00 -1.000000e+00
    outer loop
      vertex   2.300901e-01 -1.127271e+01 0.000000e+00
      vertex   1.606464e-11 -1.244600e+01 0.000000e+00
      vertex   1.606518e-11 -1.130300e+01 0.000000e+00
    endloop
  endfacet
  facet normal 0.000000e+00 0.000000e+00 -1.000000e+00
    outer loop
      vertex   1.606518e-11 -1.130300e+01 0.000000e+00
      vertex   1.606464e-11 -1.244600e+01 0.000000e+00
      vertex   -2.300901e-01 -1.247629e+01 0.000000e+00
    endloop
  endfacet
  facet normal -0.000000e+00 0.000000e+00 -1.000000e+00
    outer loop
      vertex   1.606518e-11 -1.130300e+01 0.000000e+00
      vertex   -2.300901e-01 -1.247629e+01 0.000000e+00
      vertex   -2.300901e-01 -1.127271e+01 0.000000e+00
    endloop
  endfacet
  facet normal 0.000000e+00 -0.000000e+00 -1.000000e+00
    outer loop
      vertex   -2.300901e-01 -1.127271e+01 0.000000e+00
      vertex   -2.300901e-01 -1.247629e+01 0.000000e+00
      vertex   -4.445000e-01 -1.256510e+01 0.000000e+00
    endloop
  endfacet
  facet normal -0.000000e+00 0.000000e+00 -1.000000e+00
    outer loop
      vertex   -2.300901e-01 -1.127271e+01 0.000000e+00
      vertex   -4.445000e-01 -1.256510e+01 0.000000e+00
      vertex   -4.445000e-01 -1.118390e+01 0.000000e+00
    endloop
  endfacet
  facet normal 0.000000e+00 0.000000e+00 -1.000000e+00
    outer loop
      vertex   -4.445000e-01 -1.118390e+01 0.000000e+00
      vertex   -4.445000e-01 -1.256510e+01 0.000000e+00
      vertex   -6.286179e-01 -1.270638e+01 0.000000e+00
    endloop
  endfacet
  facet normal -0.000000e+00 0.000000e+00 -1.000000e+00
    outer loop
      vertex   -4.445000e-01 -1.118390e+01 0.000000e+00
      vertex   -6.286179e-01 -1.270638e+01 0.000000e+00
      vertex   -6.286179e-01 -1.104262e+01 0.000000e+00
    endloop
  endfacet
  facet normal 0.000000e+00 0.000000e+00 -1.000000e+00
    outer loop
      vertex   -6.286179e-01 -1.104262e+01 0.000000e+00
      vertex   -6.286179e-01 -1.270638e+01 0.000000e+00
      vertex   -7.698966e-01 -1.289050e+01 0.000000e+00
    endloop
  endfacet
  facet normal -0.000000e+00 0.000000e+00 -1.000000e+00
    outer loop
      vertex   -6.286179e-01 -1.104262e+01 0.000000e+00
      vertex   -7.698966e-01 -1.289050e+01 0.000000e+00
      vertex   -7.698966e-01 -1.085850e+01 0.000000e+00
    endloop
  endfacet
  facet normal 0.000000e+00 0.000000e+00 -1.000000e+00
    outer loop
      vertex   -7.698966e-01 -1.085850e+01 0.000000e+00
      vertex   -7.698966e-01 -1.289050e+01 0.000000e+00
      vertex   -8.587081e-01 -1.310491e+01 0.000000e+00
    endloop
  endfacet
  facet normal -0.000000e+00 0.000000e+00 -1.000000e+00
    outer loop
      vertex   -7.698966e-01 -1.085850e+01 0.000000e+00
      vertex   -8.587081e-01 -1.310491e+01 0.000000e+00
      vertex   -8.587081e-01 -1.064409e+01 0.000000e+00
    endloop
  endfacet
  facet normal 0.000000e+00 0.000000e+00 -1.000000e+00
    outer loop
      vertex   -8.587081e-01 -1.064409e+01 0.000000e+00
      vertex   -8.587081e-01 -1.310491e+01 0.000000e+00
      vertex   -8.890000e-01 -1.333500e+01 0.000000e+00
    endloop
  endfacet
  facet normal -0.000000e+00 0.000000e+00 -1.000000e+00
    outer loop
      vertex   -8.587081e-01 -1.064409e+01 0.000000e+00
      vertex   -8.890000e-01 -1.333500e+01 0.000000e+00
      vertex   -8.890000e-01 -1.041400e+01 0.000000e+00
    endloop
  endfacet
  facet normal 0.000000e+00 0.000000e+00 -1.000000e+00
    outer loop
      vertex   -8.890000e-01 -1.041400e+01 0.000000e+00
      vertex   -8.890000e-01 -1.333500e+01 0.000000e+00
      vertex   -4.229356e+00 -1.857458e+01 0.000000e+00
    endloop
  endfacet
  facet normal 0.000000e+00 0.000000e+00 -1.000000e+00
    outer loop
      vertex   -8.890000e-01 -1.041400e+01 0.000000e+00
      vertex   -4.229356e+00 -1.857458e+01 0.000000e+00
      vertex   -5.602451e+00 -1.820755e+01 0.000000e+00
    endloop
  endfacet
  facet normal 0.000000e+00 0.000000e+00 -1.000000e+00
    outer loop
      vertex   -4.229356e+00 -1.857458e+01 0.000000e+00
      vertex   -8.890000e-01 -1.333500e+01 0.000000e+00
      vertex   -2.832718e+00 -1.883821e+01 0.000000e+00
    endloop
  endfacet
  facet normal 0.000000e+00 0.000000e+00 -1.000000e+00
    outer loop
      vertex   -2.832718e+00 -1.883821e+01 0.000000e+00
      vertex   -8.890000e-01 -1.333500e+01 0.000000e+00
      vertex   -8.587081e-01 -1.356509e+01 0.000000e+00
    endloop
  endfacet
  facet normal 0.000000e+00 0.000000e+00 -1.000000e+00
    outer loop
      vertex   -2.832718e+00 -1.883821e+01 0.000000e+00
      vertex   -8.587081e-01 -1.356509e+01 0.000000e+00
      vertex   -8.587081e-01 -1.602591e+01 0.000000e+00
    endloop
  endfacet
  facet normal 0.000000e+00 0.000000e+00 -1.000000e+00
    outer loop
      vertex   -8.587081e-01 -1.602591e+01 0.000000e+00
      vertex   -8.587081e-01 -1.356509e+01 0.000000e+00
      vertex   -7.698966e-01 -1.377950e+01 0.000000e+00
    endloop
  endfacet
  facet normal 0.000000e+00 0.000000e+00 -1.000000e+00
    outer loop
      vertex   -8.587081e-01 -1.602591e+01 0.000000e+00
      vertex   -7.698966e-01 -1.377950e+01 0.000000e+00
      vertex   -7.698966e-01 -1.581150e+01 0.000000e+00
    endloop
  endfacet
  facet normal 0.000000e+00 0.000000e+00 -1.000000e+00
    outer loop
      vertex   -7.698966e-01 -1.581150e+01 0.000000e+00
      vertex   -7.698966e-01 -1.377950e+01 0.000000e+00
      vertex   -6.286179e-01 -1.396362e+01 0.000000e+00
    endloop
  endfacet
  facet normal 0.000000e+00 0.000000e+00 -1.000000e+00
    outer loop
      vertex   -7.698966e-01 -1.581150e+01 0.000000e+00
      vertex   -6.286179e-01 -1.396362e+01 0.000000e+00
      vertex   -6.286179e-01 -1.562738e+01 0.000000e+00
    endloop
  endfacet
  facet normal 0.000000e+00 0.000000e+00 -1.000000e+00
    outer loop
      vertex   -6.286179e-01 -1.562738e+01 0.000000e+00
      vertex   -6.286179e-01 -1.396362e+01 0.000000e+00
      vertex   -4.445000e-01 -1.410490e+01 0.000000e+00
    endloop
  endfacet
  facet normal 0.000000e+00 0.000000e+00 -1.000000e+00
    outer loop
      vertex   -6.286179e-01 -1.562738e+01 0.000000e+00
      vertex   -4.445000e-01 -1.410490e+01 0.000000e+00
      vertex   -4.445000e-01 -1.548610e+01 0.000000e+00
    endloop
  endfacet
  facet normal 0.000000e+00 0.000000e+00 -1.000000e+00
    outer loop
      vertex   -4.445000e-01 -1.548610e+01 0.000000e+00
      vertex   -4.445000e-01 -1.410490e+01 0.000000e+00
      vertex   -2.300901e-01 -1.419371e+01 0.000000e+00
    endloop
  endfacet
  facet normal 0.000000e+00 0.000000e+00 -1.000000e+00
    outer loop
      vertex   -4.445000e-01 -1.548610e+01 0.000000e+00
      vertex   -2.300901e-01 -1.419371e+01 0.000000e+00
      vertex   -2.300901e-01 -1.539729e+01 0.000000e+00
    endloop
  endfacet
  facet normal 0.000000e+00 0.000000e+00 -1.000000e+00
    outer loop
      vertex   -2.300901e-01 -1.539729e+01 0.000000e+00
      vertex   -2.300901e-01 -1.419371e+01 0.000000e+00
      vertex   1.606464e-11 -1.422400e+01 0.000000e+00
    endloop
  endfacet
  facet normal 0.000000e+00 0.000000e+00 -1.000000e+00
    outer loop
      vertex   -2.300901e-01 -1.539729e+01 0.000000e+00
      vertex   1.606464e-11 -1.422400e+01 0.000000e+00
      vertex   1.606411e-11 -1.536700e+01 0.000000e+00
    endloop
  endfacet
  facet normal 0.000000e+00 0.000000e+00 -1.000000e+00
    outer loop
      vertex   1.606411e-11 -1.536700e+01 0.000000e+00
      vertex   1.606464e-11 -1.422400e+01 0.000000e+00
      vertex   2.300901e-01 -1.419371e+01 0.000000e+00
    endloop
  endfacet
  facet normal 0.000000e+00 0.000000e+00 -1.000000e+00
    outer loop
      vertex   1.606411e-11 -1.536700e+01 0.000000e+00
      vertex   2.300901e-01 -1.419371e+01 0.000000e+00
      vertex   2.300901e-01 -1.539729e+01 0.000000e+00
    endloop
  endfacet
  facet normal 0.000000e+00 0.000000e+00 -1.000000e+00
    outer loop
      vertex   2.300901e-01 -1.539729e+01 0.000000e+00
      vertex   2.300901e-01 -1.419371e+01 0.000000e+00
      vertex   4.445000e-01 -1.410490e+01 0.000000e+00
    endloop
  endfacet
  facet normal 0.000000e+00 0.000000e+00 -1.000000e+00
    outer loop
      vertex   2.300901e-01 -1.539729e+01 0.000000e+00
      vertex   4.445000e-01 -1.410490e+01 0.000000e+00
      vertex   4.445000e-01 -1.548610e+01 0.000000e+00
    endloop
  endfacet
  facet normal 0.000000e+00 0.000000e+00 -1.000000e+00
    outer loop
      vertex   4.445000e-01 -1.548610e+01 0.000000e+00
      vertex   4.445000e-01 -1.410490e+01 0.000000e+00
      vertex   6.286179e-01 -1.396362e+01 0.000000e+00
    endloop
  endfacet
  facet normal 0.000000e+00 0.000000e+00 -1.000000e+00
    outer loop
      vertex   4.445000e-01 -1.548610e+01 0.000000e+00
      vertex   6.286179e-01 -1.396362e+01 0.000000e+00
      vertex   6.286179e-01 -1.562738e+01 0.000000e+00
    endloop
  endfacet
  facet normal 0.000000e+00 0.000000e+00 -1.000000e+00
    outer loop
      vertex   6.286179e-01 -1.562738e+01 0.000000e+00
      vertex   6.286179e-01 -1.396362e+01 0.000000e+00
      vertex   7.698966e-01 -1.377950e+01 0.000000e+00
    endloop
  endfacet
  facet normal 0.000000e+00 0.000000e+00 -1.000000e+00
    outer loop
      vertex   6.286179e-01 -1.562738e+01 0.000000e+00
      vertex   7.698966e-01 -1.377950e+01 0.000000e+00
      vertex   7.698966e-01 -1.581150e+01 0.000000e+00
    endloop
  endfacet
  facet normal 0.000000e+00 0.000000e+00 -1.000000e+00
    outer loop
      vertex   7.698966e-01 -1.581150e+01 0.000000e+00
      vertex   7.698966e-01 -1.377950e+01 0.000000e+00
      vertex   8.587081e-01 -1.356509e+01 0.000000e+00
    endloop
  endfacet
  facet normal 0.000000e+00 0.000000e+00 -1.000000e+00
    outer loop
      vertex   7.698966e-01 -1.581150e+01 0.000000e+00
      vertex   8.587081e-01 -1.356509e+01 0.000000e+00
      vertex   8.587081e-01 -1.602591e+01 0.000000e+00
    endloop
  endfacet
  facet normal 0.000000e+00 0.000000e+00 -1.000000e+00
    outer loop
      vertex   8.587081e-01 -1.602591e+01 0.000000e+00
      vertex   8.587081e-01 -1.356509e+01 0.000000e+00
      vertex   2.832718e+00 -1.883821e+01 0.000000e+00
    endloop
  endfacet
  facet normal 0.000000e+00 0.000000e+00 -1.000000e+00
    outer loop
      vertex   8.587081e-01 -1.602591e+01 0.000000e+00
      vertex   2.832718e+00 -1.883821e+01 0.000000e+00
      vertex   8.890000e-01 -1.625600e+01 0.000000e+00
    endloop
  endfacet
  facet normal 0.000000e+00 0.000000e+00 -1.000000e+00
    outer loop
      vertex   8.890000e-01 -1.625600e+01 0.000000e+00
      vertex   2.832718e+00 -1.883821e+01 0.000000e+00
      vertex   1.420312e+00 -1.899698e+01 0.000000e+00
    endloop
  endfacet
  facet normal 0.000000e+00 -0.000000e+00 -1.000000e+00
    outer loop
      vertex   8.890000e-01 -1.625600e+01 0.000000e+00
      vertex   1.420312e+00 -1.899698e+01 0.000000e+00
      vertex   8.587081e-01 -1.648609e+01 0.000000e+00
    endloop
  endfacet
  facet normal 0.000000e+00 -0.000000e+00 -1.000000e+00
    outer loop
      vertex   8.587081e-01 -1.648609e+01 0.000000e+00
      vertex   1.420312e+00 -1.899698e+01 0.000000e+00
      vertex   7.698966e-01 -1.670050e+01 0.000000e+00
    endloop
  endfacet
  facet normal 0.000000e+00 -0.000000e+00 -1.000000e+00
    outer loop
      vertex   7.698966e-01 -1.670050e+01 0.000000e+00
      vertex   1.420312e+00 -1.899698e+01 0.000000e+00
      vertex   6.286179e-01 -1.688462e+01 0.000000e+00
    endloop
  endfacet
  facet normal 0.000000e+00 -0.000000e+00 -1.000000e+00
    outer loop
      vertex   6.286179e-01 -1.688462e+01 0.000000e+00
      vertex   1.420312e+00 -1.899698e+01 0.000000e+00
      vertex   4.445000e-01 -1.702590e+01 0.000000e+00
    endloop
  endfacet
  facet normal 0.000000e+00 -0.000000e+00 -1.000000e+00
    outer loop
      vertex   4.445000e-01 -1.702590e+01 0.000000e+00
      vertex   1.420312e+00 -1.899698e+01 0.000000e+00
      vertex   1.808627e-14 -1.905000e+01 0.000000e+00
    endloop
  endfacet
  facet normal 0.000000e+00 0.000000e+00 -1.000000e+00
    outer loop
      vertex   4.445000e-01 -1.702590e+01 0.000000e+00
      vertex   1.808627e-14 -1.905000e+01 0.000000e+00
      vertex   2.300901e-01 -1.711471e+01 0.000000e+00
    endloop
  endfacet
  facet normal 0.000000e+00 0.000000e+00 -1.000000e+00
    outer loop
      vertex   2.300901e-01 -1.711471e+01 0.000000e+00
      vertex   1.808627e-14 -1.905000e+01 0.000000e+00
      vertex   1.606411e-11 -1.714500e+01 0.000000e+00
    endloop
  endfacet
  facet normal -0.000000e+00 0.000000e+00 -1.000000e+00
    outer loop
      vertex   1.606411e-11 -1.714500e+01 0.000000e+00
      vertex   1.808627e-14 -1.905000e+01 0.000000e+00
      vertex   -2.300901e-01 -1.711471e+01 0.000000e+00
    endloop
  endfacet
  facet normal -0.000000e+00 -0.000000e+00 -1.000000e+00
    outer loop
      vertex   -2.300901e-01 -1.711471e+01 0.000000e+00
      vertex   1.808627e-14 -1.905000e+01 0.000000e+00
      vertex   -4.445000e-01 -1.702590e+01 0.000000e+00
    endloop
  endfacet
  facet normal 0.000000e+00 -0.000000e+00 -1.000000e+00
    outer loop
      vertex   -4.445000e-01 -1.702590e+01 0.000000e+00
      vertex   1.808627e-14 -1.905000e+01 0.000000e+00
      vertex   -1.420312e+00 -1.899698e+01 0.000000e+00
    endloop
  endfacet
  facet normal -0.000000e+00 0.000000e+00 -1.000000e+00
    outer loop
      vertex   -4.445000e-01 -1.702590e+01 0.000000e+00
      vertex   -1.420312e+00 -1.899698e+01 0.000000e+00
      vertex   -6.286179e-01 -1.688462e+01 0.000000e+00
    endloop
  endfacet
  facet normal -0.000000e+00 0.000000e+00 -1.000000e+00
    outer loop
      vertex   -6.286179e-01 -1.688462e+01 0.000000e+00
      vertex   -1.420312e+00 -1.899698e+01 0.000000e+00
      vertex   -7.698966e-01 -1.670050e+01 0.000000e+00
    endloop
  endfacet
  facet normal -0.000000e+00 0.000000e+00 -1.000000e+00
    outer loop
      vertex   -7.698966e-01 -1.670050e+01 0.000000e+00
      vertex   -1.420312e+00 -1.899698e+01 0.000000e+00
      vertex   -8.587081e-01 -1.648609e+01 0.000000e+00
    endloop
  endfacet
  facet normal -0.000000e+00 0.000000e+00 -1.000000e+00
    outer loop
      vertex   -8.587081e-01 -1.648609e+01 0.000000e+00
      vertex   -1.420312e+00 -1.899698e+01 0.000000e+00
      vertex   -8.890000e-01 -1.625600e+01 0.000000e+00
    endloop
  endfacet
  facet normal 0.000000e+00 0.000000e+00 -1.000000e+00
    outer loop
      vertex   -8.890000e-01 -1.625600e+01 0.000000e+00
      vertex   -1.420312e+00 -1.899698e+01 0.000000e+00
      vertex   -2.832718e+00 -1.883821e+01 0.000000e+00
    endloop
  endfacet
  facet normal -0.000000e+00 0.000000e+00 -1.000000e+00
    outer loop
      vertex   -8.890000e-01 -1.625600e+01 0.000000e+00
      vertex   -2.832718e+00 -1.883821e+01 0.000000e+00
      vertex   -8.587081e-01 -1.602591e+01 0.000000e+00
    endloop
  endfacet
  facet normal 0.000000e+00 0.000000e+00 -1.000000e+00
    outer loop
      vertex   8.587081e-01 -1.356509e+01 0.000000e+00
      vertex   8.890000e-01 -1.333500e+01 0.000000e+00
      vertex   2.832718e+00 -1.883821e+01 0.000000e+00
    endloop
  endfacet
  facet normal 0.000000e+00 0.000000e+00 -1.000000e+00
    outer loop
      vertex   2.832718e+00 -1.883821e+01 0.000000e+00
      vertex   8.890000e-01 -1.333500e+01 0.000000e+00
      vertex   4.229356e+00 -1.857458e+01 0.000000e+00
    endloop
  endfacet
  facet normal 0.000000e+00 0.000000e+00 -1.000000e+00
    outer loop
      vertex   8.587081e-01 -7.262910e+00 0.000000e+00
      vertex   2.153800e+00 -3.960772e+00 0.000000e+00
      vertex   8.890000e-01 -7.493000e+00 0.000000e+00
    endloop
  endfacet
  facet normal 0.000000e+00 0.000000e+00 -1.000000e+00
    outer loop
      vertex   8.890000e-01 -7.493000e+00 0.000000e+00
      vertex   2.153800e+00 -3.960772e+00 0.000000e+00
      vertex   2.733167e+00 -3.585578e+00 0.000000e+00
    endloop
  endfacet
  facet normal 0.000000e+00 -0.000000e+00 -1.000000e+00
    outer loop
      vertex   8.890000e-01 -7.493000e+00 0.000000e+00
      vertex   2.733167e+00 -3.585578e+00 0.000000e+00
      vertex   8.890000e-01 -1.041400e+01 0.000000e+00
    endloop
  endfacet
  facet normal 0.000000e+00 0.000000e+00 -1.000000e+00
    outer loop
      vertex   8.890000e-01 -1.041400e+01 0.000000e+00
      vertex   2.733167e+00 -3.585578e+00 0.000000e+00
      vertex   3.248472e+00 -3.126340e+00 0.000000e+00
    endloop
  endfacet
  facet normal 0.000000e+00 0.000000e+00 -1.000000e+00
    outer loop
      vertex   2.153800e+00 -3.960772e+00 0.000000e+00
      vertex   8.587081e-01 -7.262910e+00 0.000000e+00
      vertex   1.523949e+00 -4.243130e+00 0.000000e+00
    endloop
  endfacet
  facet normal 0.000000e+00 0.000000e+00 -1.000000e+00
    outer loop
      vertex   1.523949e+00 -4.243130e+00 0.000000e+00
      vertex   8.587081e-01 -7.262910e+00 0.000000e+00
      vertex   7.698966e-01 -7.048500e+00 0.000000e+00
    endloop
  endfacet
  facet normal 0.000000e+00 0.000000e+00 -1.000000e+00
    outer loop
      vertex   1.523949e+00 -4.243130e+00 0.000000e+00
      vertex   7.698966e-01 -7.048500e+00 0.000000e+00
      vertex   8.583783e-01 -4.426032e+00 0.000000e+00
    endloop
  endfacet
  facet normal 0.000000e+00 0.000000e+00 -1.000000e+00
    outer loop
      vertex   8.583783e-01 -4.426032e+00 0.000000e+00
      vertex   7.698966e-01 -7.048500e+00 0.000000e+00
      vertex   6.286179e-01 -6.864382e+00 0.000000e+00
    endloop
  endfacet
  facet normal 0.000000e+00 0.000000e+00 -1.000000e+00
    outer loop
      vertex   8.583783e-01 -4.426032e+00 0.000000e+00
      vertex   6.286179e-01 -6.864382e+00 0.000000e+00
      vertex   4.445000e-01 -6.723103e+00 0.000000e+00
    endloop
  endfacet
  facet normal 0.000000e+00 0.000000e+00 -1.000000e+00
    outer loop
      vertex   8.583783e-01 -4.426032e+00 0.000000e+00
      vertex   4.445000e-01 -6.723103e+00 0.000000e+00
      vertex   1.726879e-01 -4.505192e+00 0.000000e+00
    endloop
  endfacet
  facet normal 0.000000e+00 0.000000e+00 -1.000000e+00
    outer loop
      vertex   1.726879e-01 -4.505192e+00 0.000000e+00
      vertex   4.445000e-01 -6.723103e+00 0.000000e+00
      vertex   2.300901e-01 -6.634292e+00 0.000000e+00
    endloop
  endfacet
  facet normal 0.000000e+00 -0.000000e+00 -1.000000e+00
    outer loop
      vertex   1.726879e-01 -4.505192e+00 0.000000e+00
      vertex   2.300901e-01 -6.634292e+00 0.000000e+00
      vertex   1.606572e-11 -6.604000e+00 0.000000e+00
    endloop
  endfacet
  facet normal -0.000000e+00 0.000000e+00 -1.000000e+00
    outer loop
      vertex   1.606572e-11 -6.604000e+00 0.000000e+00
      vertex   -2.300901e-01 -6.634292e+00 0.000000e+00
      vertex   1.726879e-01 -4.505192e+00 0.000000e+00
    endloop
  endfacet
  facet normal -0.000000e+00 0.000000e+00 -1.000000e+00
    outer loop
      vertex   1.726879e-01 -4.505192e+00 0.000000e+00
      vertex   -2.300901e-01 -6.634292e+00 0.000000e+00
      vertex   -5.170502e-01 -4.478753e+00 0.000000e+00
    endloop
  endfacet
  facet normal 0.000000e+00 0.000000e+00 -1.000000e+00
    outer loop
      vertex   -5.170502e-01 -4.478753e+00 0.000000e+00
      vertex   -2.300901e-01 -6.634292e+00 0.000000e+00
      vertex   -4.445000e-01 -6.723103e+00 0.000000e+00
    endloop
  endfacet
  facet normal 0.000000e+00 -0.000000e+00 -1.000000e+00
    outer loop
      vertex   -5.170502e-01 -4.478753e+00 0.000000e+00
      vertex   -4.445000e-01 -6.723103e+00 0.000000e+00
      vertex   -6.286179e-01 -6.864382e+00 0.000000e+00
    endloop
  endfacet
  facet normal -0.000000e+00 0.000000e+00 -1.000000e+00
    outer loop
      vertex   -5.170502e-01 -4.478753e+00 0.000000e+00
      vertex   -6.286179e-01 -6.864382e+00 0.000000e+00
      vertex   -1.194669e+00 -4.347337e+00 0.000000e+00
    endloop
  endfacet
  facet normal 0.000000e+00 0.000000e+00 -1.000000e+00
    outer loop
      vertex   -1.194669e+00 -4.347337e+00 0.000000e+00
      vertex   -6.286179e-01 -6.864382e+00 0.000000e+00
      vertex   -7.698966e-01 -7.048500e+00 0.000000e+00
    endloop
  endfacet
  facet normal 0.000000e+00 0.000000e+00 -1.000000e+00
    outer loop
      vertex   -1.194669e+00 -4.347337e+00 0.000000e+00
      vertex   -7.698966e-01 -7.048500e+00 0.000000e+00
      vertex   -8.587081e-01 -7.262910e+00 0.000000e+00
    endloop
  endfacet
  facet normal -0.000000e+00 -0.000000e+00 -1.000000e+00
    outer loop
      vertex   -1.194669e+00 -4.347337e+00 0.000000e+00
      vertex   -8.587081e-01 -7.262910e+00 0.000000e+00
      vertex   -1.844286e+00 -4.114023e+00 0.000000e+00
    endloop
  endfacet
  facet normal 0.000000e+00 0.000000e+00 -1.000000e+00
    outer loop
      vertex   -1.844286e+00 -4.114023e+00 0.000000e+00
      vertex   -8.587081e-01 -7.262910e+00 0.000000e+00
      vertex   -8.890000e-01 -7.493000e+00 0.000000e+00
    endloop
  endfacet
  facet normal -0.000000e+00 -0.000000e+00 -1.000000e+00
    outer loop
      vertex   -1.844286e+00 -4.114023e+00 0.000000e+00
      vertex   -8.890000e-01 -7.493000e+00 0.000000e+00
      vertex   -2.450674e+00 -3.784279e+00 0.000000e+00
    endloop
  endfacet
  facet normal 0.000000e+00 0.000000e+00 -1.000000e+00
    outer loop
      vertex   -2.450674e+00 -3.784279e+00 0.000000e+00
      vertex   -8.890000e-01 -7.493000e+00 0.000000e+00
      vertex   -8.890000e-01 -1.041400e+01 0.000000e+00
    endloop
  endfacet
  facet normal -0.000000e+00 -0.000000e+00 -1.000000e+00
    outer loop
      vertex   -2.450674e+00 -3.784279e+00 0.000000e+00
      vertex   -8.890000e-01 -1.041400e+01 0.000000e+00
      vertex   -2.999621e+00 -3.365835e+00 0.000000e+00
    endloop
  endfacet
  facet normal 0.000000e+00 -0.000000e+00 -1.000000e+00
    outer loop
      vertex   -2.999621e+00 -3.365835e+00 0.000000e+00
      vertex   -8.890000e-01 -1.041400e+01 0.000000e+00
      vertex   -5.602451e+00 -1.820755e+01 0.000000e+00
    endloop
  endfacet
  facet normal -0.000000e+00 0.000000e+00 -1.000000e+00
    outer loop
      vertex   -2.999621e+00 -3.365835e+00 0.000000e+00
      vertex   -5.602451e+00 -1.820755e+01 0.000000e+00
      vertex   -3.478259e+00 -2.868499e+00 0.000000e+00
    endloop
  endfacet
  facet normal 0.000000e+00 0.000000e+00 -1.000000e+00
    outer loop
      vertex   -3.478259e+00 -2.868499e+00 0.000000e+00
      vertex   -5.602451e+00 -1.820755e+01 0.000000e+00
      vertex   -6.944359e+00 -1.773918e+01 0.000000e+00
    endloop
  endfacet
  facet normal -0.000000e+00 0.000000e+00 -1.000000e+00
    outer loop
      vertex   -3.478259e+00 -2.868499e+00 0.000000e+00
      vertex   -6.944359e+00 -1.773918e+01 0.000000e+00
      vertex   -3.875370e+00 -2.303928e+00 0.000000e+00
    endloop
  endfacet
  facet normal 0.000000e+00 0.000000e+00 -1.000000e+00
    outer loop
      vertex   -8.890000e-01 -1.041400e+01 0.000000e+00
      vertex   -8.890000e-01 -7.493000e+00 0.000000e+00
      vertex   -8.587081e-01 -1.018391e+01 0.000000e+00
    endloop
  endfacet
  facet normal 0.000000e+00 0.000000e+00 -1.000000e+00
    outer loop
      vertex   -8.587081e-01 -1.018391e+01 0.000000e+00
      vertex   -8.890000e-01 -7.493000e+00 0.000000e+00
      vertex   -8.587081e-01 -7.723090e+00 0.000000e+00
    endloop
  endfacet
  facet normal 0.000000e+00 0.000000e+00 -1.000000e+00
    outer loop
      vertex   -8.587081e-01 -1.018391e+01 0.000000e+00
      vertex   -8.587081e-01 -7.723090e+00 0.000000e+00
      vertex   -7.698966e-01 -9.969500e+00 0.000000e+00
    endloop
  endfacet
  facet normal 0.000000e+00 0.000000e+00 -1.000000e+00
    outer loop
      vertex   -7.698966e-01 -9.969500e+00 0.000000e+00
      vertex   -8.587081e-01 -7.723090e+00 0.000000e+00
      vertex   -7.698966e-01 -7.937500e+00 0.000000e+00
    endloop
  endfacet
  facet normal 0.000000e+00 0.000000e+00 -1.000000e+00
    outer loop
      vertex   -7.698966e-01 -9.969500e+00 0.000000e+00
      vertex   -7.698966e-01 -7.937500e+00 0.000000e+00
      vertex   -6.286179e-01 -9.785382e+00 0.000000e+00
    endloop
  endfacet
  facet normal 0.000000e+00 0.000000e+00 -1.000000e+00
    outer loop
      vertex   -6.286179e-01 -9.785382e+00 0.000000e+00
      vertex   -7.698966e-01 -7.937500e+00 0.000000e+00
      vertex   -6.286179e-01 -8.121618e+00 0.000000e+00
    endloop
  endfacet
  facet normal 0.000000e+00 0.000000e+00 -1.000000e+00
    outer loop
      vertex   -6.286179e-01 -9.785382e+00 0.000000e+00
      vertex   -6.286179e-01 -8.121618e+00 0.000000e+00
      vertex   -4.445000e-01 -9.644103e+00 0.000000e+00
    endloop
  endfacet
  facet normal 0.000000e+00 0.000000e+00 -1.000000e+00
    outer loop
      vertex   -4.445000e-01 -9.644103e+00 0.000000e+00
      vertex   -6.286179e-01 -8.121618e+00 0.000000e+00
      vertex   -4.445000e-01 -8.262897e+00 0.000000e+00
    endloop
  endfacet
  facet normal 0.000000e+00 0.000000e+00 -1.000000e+00
    outer loop
      vertex   -4.445000e-01 -9.644103e+00 0.000000e+00
      vertex   -4.445000e-01 -8.262897e+00 0.000000e+00
      vertex   -2.300901e-01 -9.555292e+00 0.000000e+00
    endloop
  endfacet
  facet normal 0.000000e+00 0.000000e+00 -1.000000e+00
    outer loop
      vertex   -2.300901e-01 -9.555292e+00 0.000000e+00
      vertex   -4.445000e-01 -8.262897e+00 0.000000e+00
      vertex   -2.300901e-01 -8.351708e+00 0.000000e+00
    endloop
  endfacet
  facet normal 0.000000e+00 0.000000e+00 -1.000000e+00
    outer loop
      vertex   -2.300901e-01 -9.555292e+00 0.000000e+00
      vertex   -2.300901e-01 -8.351708e+00 0.000000e+00
      vertex   1.606518e-11 -9.525000e+00 0.000000e+00
    endloop
  endfacet
  facet normal 0.000000e+00 0.000000e+00 -1.000000e+00
    outer loop
      vertex   1.606518e-11 -9.525000e+00 0.000000e+00
      vertex   -2.300901e-01 -8.351708e+00 0.000000e+00
      vertex   1.606572e-11 -8.382000e+00 0.000000e+00
    endloop
  endfacet
  facet normal 0.000000e+00 0.000000e+00 -1.000000e+00
    outer loop
      vertex   1.606518e-11 -9.525000e+00 0.000000e+00
      vertex   1.606572e-11 -8.382000e+00 0.000000e+00
      vertex   2.300901e-01 -8.351708e+00 0.000000e+00
    endloop
  endfacet
  facet normal 0.000000e+00 0.000000e+00 -1.000000e+00
    outer loop
      vertex   1.606518e-11 -9.525000e+00 0.000000e+00
      vertex   2.300901e-01 -8.351708e+00 0.000000e+00
      vertex   2.300901e-01 -9.555292e+00 0.000000e+00
    endloop
  endfacet
  facet normal 0.000000e+00 0.000000e+00 -1.000000e+00
    outer loop
      vertex   2.300901e-01 -9.555292e+00 0.000000e+00
      vertex   2.300901e-01 -8.351708e+00 0.000000e+00
      vertex   4.445000e-01 -8.262897e+00 0.000000e+00
    endloop
  endfacet
  facet normal 0.000000e+00 0.000000e+00 -1.000000e+00
    outer loop
      vertex   2.300901e-01 -9.555292e+00 0.000000e+00
      vertex   4.445000e-01 -8.262897e+00 0.000000e+00
      vertex   4.445000e-01 -9.644103e+00 0.000000e+00
    endloop
  endfacet
  facet normal 0.000000e+00 0.000000e+00 -1.000000e+00
    outer loop
      vertex   4.445000e-01 -9.644103e+00 0.000000e+00
      vertex   4.445000e-01 -8.262897e+00 0.000000e+00
      vertex   6.286179e-01 -8.121618e+00 0.000000e+00
    endloop
  endfacet
  facet normal 0.000000e+00 0.000000e+00 -1.000000e+00
    outer loop
      vertex   4.445000e-01 -9.644103e+00 0.000000e+00
      vertex   6.286179e-01 -8.121618e+00 0.000000e+00
      vertex   6.286179e-01 -9.785382e+00 0.000000e+00
    endloop
  endfacet
  facet normal 0.000000e+00 0.000000e+00 -1.000000e+00
    outer loop
      vertex   6.286179e-01 -9.785382e+00 0.000000e+00
      vertex   6.286179e-01 -8.121618e+00 0.000000e+00
      vertex   7.698966e-01 -7.937500e+00 0.000000e+00
    endloop
  endfacet
  facet normal 0.000000e+00 0.000000e+00 -1.000000e+00
    outer loop
      vertex   6.286179e-01 -9.785382e+00 0.000000e+00
      vertex   7.698966e-01 -7.937500e+00 0.000000e+00
      vertex   7.698966e-01 -9.969500e+00 0.000000e+00
    endloop
  endfacet
  facet normal 0.000000e+00 0.000000e+00 -1.000000e+00
    outer loop
      vertex   7.698966e-01 -9.969500e+00 0.000000e+00
      vertex   7.698966e-01 -7.937500e+00 0.000000e+00
      vertex   8.587081e-01 -7.723090e+00 0.000000e+00
    endloop
  endfacet
  facet normal 0.000000e+00 0.000000e+00 -1.000000e+00
    outer loop
      vertex   7.698966e-01 -9.969500e+00 0.000000e+00
      vertex   8.587081e-01 -7.723090e+00 0.000000e+00
      vertex   8.587081e-01 -1.018391e+01 0.000000e+00
    endloop
  endfacet
  facet normal 0.000000e+00 0.000000e+00 -1.000000e+00
    outer loop
      vertex   8.587081e-01 -1.018391e+01 0.000000e+00
      vertex   8.587081e-01 -7.723090e+00 0.000000e+00
      vertex   8.890000e-01 -7.493000e+00 0.000000e+00
    endloop
  endfacet
  facet normal 0.000000e+00 0.000000e+00 -1.000000e+00
    outer loop
      vertex   8.587081e-01 -1.018391e+01 0.000000e+00
      vertex   8.890000e-01 -7.493000e+00 0.000000e+00
      vertex   8.890000e-01 -1.041400e+01 0.000000e+00
    endloop
  endfacet
  facet normal 0.000000e+00 0.000000e+00 -1.000000e+00
    outer loop
      vertex   1.419371e+01 2.300901e-01 0.000000e+00
      vertex   1.539729e+01 2.300901e-01 0.000000e+00
      vertex   1.422400e+01 1.606923e-11 0.000000e+00
    endloop
  endfacet
  facet normal 0.000000e+00 0.000000e+00 -1.000000e+00
    outer loop
      vertex   1.422400e+01 1.606923e-11 0.000000e+00
      vertex   1.539729e+01 2.300901e-01 0.000000e+00
      vertex   1.536700e+01 1.606912e-11 0.000000e+00
    endloop
  endfacet
  facet normal 0.000000e+00 -0.000000e+00 -1.000000e+00
    outer loop
      vertex   1.422400e+01 1.606923e-11 0.000000e+00
      vertex   1.536700e+01 1.606912e-11 0.000000e+00
      vertex   1.419371e+01 -2.300901e-01 0.000000e+00
    endloop
  endfacet
  facet normal 0.000000e+00 0.000000e+00 -1.000000e+00
    outer loop
      vertex   1.419371e+01 -2.300901e-01 0.000000e+00
      vertex   1.536700e+01 1.606912e-11 0.000000e+00
      vertex   1.539729e+01 -2.300901e-01 0.000000e+00
    endloop
  endfacet
  facet normal 0.000000e+00 -0.000000e+00 -1.000000e+00
    outer loop
      vertex   1.419371e+01 -2.300901e-01 0.000000e+00
      vertex   1.539729e+01 -2.300901e-01 0.000000e+00
      vertex   1.410490e+01 -4.445000e-01 0.000000e+00
    endloop
  endfacet
  facet normal 0.000000e+00 0.000000e+00 -1.000000e+00
    outer loop
      vertex   1.410490e+01 -4.445000e-01 0.000000e+00
      vertex   1.539729e+01 -2.300901e-01 0.000000e+00
      vertex   1.548610e+01 -4.445000e-01 0.000000e+00
    endloop
  endfacet
  facet normal 0.000000e+00 -0.000000e+00 -1.000000e+00
    outer loop
      vertex   1.410490e+01 -4.445000e-01 0.000000e+00
      vertex   1.548610e+01 -4.445000e-01 0.000000e+00
      vertex   1.396362e+01 -6.286179e-01 0.000000e+00
    endloop
  endfacet
  facet normal 0.000000e+00 0.000000e+00 -1.000000e+00
    outer loop
      vertex   1.396362e+01 -6.286179e-01 0.000000e+00
      vertex   1.548610e+01 -4.445000e-01 0.000000e+00
      vertex   1.562738e+01 -6.286179e-01 0.000000e+00
    endloop
  endfacet
  facet normal 0.000000e+00 -0.000000e+00 -1.000000e+00
    outer loop
      vertex   1.396362e+01 -6.286179e-01 0.000000e+00
      vertex   1.562738e+01 -6.286179e-01 0.000000e+00
      vertex   1.377950e+01 -7.698966e-01 0.000000e+00
    endloop
  endfacet
  facet normal 0.000000e+00 0.000000e+00 -1.000000e+00
    outer loop
      vertex   1.377950e+01 -7.698966e-01 0.000000e+00
      vertex   1.562738e+01 -6.286179e-01 0.000000e+00
      vertex   1.581150e+01 -7.698966e-01 0.000000e+00
    endloop
  endfacet
  facet normal 0.000000e+00 0.000000e+00 -1.000000e+00
    outer loop
      vertex   1.377950e+01 -7.698966e-01 0.000000e+00
      vertex   1.581150e+01 -7.698966e-01 0.000000e+00
      vertex   1.647460e+01 -9.565048e+00 0.000000e+00
    endloop
  endfacet
  facet normal 0.000000e+00 0.000000e+00 -1.000000e+00
    outer loop
      vertex   1.647460e+01 -9.565048e+00 0.000000e+00
      vertex   1.581150e+01 -7.698966e-01 0.000000e+00
      vertex   1.714189e+01 -8.310128e+00 0.000000e+00
    endloop
  endfacet
  facet normal 0.000000e+00 0.000000e+00 -1.000000e+00
    outer loop
      vertex   1.714189e+01 -8.310128e+00 0.000000e+00
      vertex   1.581150e+01 -7.698966e-01 0.000000e+00
      vertex   1.602591e+01 -8.587081e-01 0.000000e+00
    endloop
  endfacet
  facet normal 0.000000e+00 0.000000e+00 -1.000000e+00
    outer loop
      vertex   1.714189e+01 -8.310128e+00 0.000000e+00
      vertex   1.602591e+01 -8.587081e-01 0.000000e+00
      vertex   1.771376e+01 -7.008950e+00 0.000000e+00
    endloop
  endfacet
  facet normal 0.000000e+00 0.000000e+00 -1.000000e+00
    outer loop
      vertex   1.771376e+01 -7.008950e+00 0.000000e+00
      vertex   1.602591e+01 -8.587081e-01 0.000000e+00
      vertex   1.625600e+01 -8.890000e-01 0.000000e+00
    endloop
  endfacet
  facet normal 0.000000e+00 0.000000e+00 -1.000000e+00
    outer loop
      vertex   1.771376e+01 -7.008950e+00 0.000000e+00
      vertex   1.625600e+01 -8.890000e-01 0.000000e+00
      vertex   1.648609e+01 -8.587081e-01 0.000000e+00
    endloop
  endfacet
  facet normal 0.000000e+00 0.000000e+00 -1.000000e+00
    outer loop
      vertex   1.539729e+01 2.300901e-01 0.000000e+00
      vertex   1.419371e+01 2.300901e-01 0.000000e+00
      vertex   1.548610e+01 4.445000e-01 0.000000e+00
    endloop
  endfacet
  facet normal 0.000000e+00 0.000000e+00 -1.000000e+00
    outer loop
      vertex   1.548610e+01 4.445000e-01 0.000000e+00
      vertex   1.419371e+01 2.300901e-01 0.000000e+00
      vertex   1.410490e+01 4.445000e-01 0.000000e+00
    endloop
  endfacet
  facet normal -0.000000e+00 0.000000e+00 -1.000000e+00
    outer loop
      vertex   1.548610e+01 4.445000e-01 0.000000e+00
      vertex   1.410490e+01 4.445000e-01 0.000000e+00
      vertex   1.562738e+01 6.286179e-01 0.000000e+00
    endloop
  endfacet
  facet normal -0.000000e+00 0.000000e+00 -1.000000e+00
    outer loop
      vertex   1.562738e+01 6.286179e-01 0.000000e+00
      vertex   1.410490e+01 4.445000e-01 0.000000e+00
      vertex   1.396362e+01 6.286179e-01 0.000000e+00
    endloop
  endfacet
  facet normal 0.000000e+00 0.000000e+00 -1.000000e+00
    outer loop
      vertex   1.562738e+01 6.286179e-01 0.000000e+00
      vertex   1.396362e+01 6.286179e-01 0.000000e+00
      vertex   1.581150e+01 7.698966e-01 0.000000e+00
    endloop
  endfacet
  facet normal 0.000000e+00 0.000000e+00 -1.000000e+00
    outer loop
      vertex   1.581150e+01 7.698966e-01 0.000000e+00
      vertex   1.396362e+01 6.286179e-01 0.000000e+00
      vertex   1.377950e+01 7.698966e-01 0.000000e+00
    endloop
  endfacet
  facet normal -0.000000e+00 0.000000e+00 -1.000000e+00
    outer loop
      vertex   1.581150e+01 7.698966e-01 0.000000e+00
      vertex   1.377950e+01 7.698966e-01 0.000000e+00
      vertex   1.654386e+01 9.444736e+00 0.000000e+00
    endloop
  endfacet
  facet normal 0.000000e+00 0.000000e+00 -1.000000e+00
    outer loop
      vertex   1.654386e+01 9.444736e+00 0.000000e+00
      vertex   1.377950e+01 7.698966e-01 0.000000e+00
      vertex   1.356509e+01 8.587081e-01 0.000000e+00
    endloop
  endfacet
  facet normal 0.000000e+00 0.000000e+00 -1.000000e+00
    outer loop
      vertex   1.654386e+01 9.444736e+00 0.000000e+00
      vertex   1.356509e+01 8.587081e-01 0.000000e+00
      vertex   1.333500e+01 8.890000e-01 0.000000e+00
    endloop
  endfacet
  facet normal -0.000000e+00 0.000000e+00 -1.000000e+00
    outer loop
      vertex   1.333500e+01 8.890000e-01 0.000000e+00
      vertex   1.310491e+01 8.587081e-01 0.000000e+00
      vertex   1.654386e+01 9.444736e+00 0.000000e+00
    endloop
  endfacet
  facet normal 0.000000e+00 0.000000e+00 -1.000000e+00
    outer loop
      vertex   1.654386e+01 9.444736e+00 0.000000e+00
      vertex   1.310491e+01 8.587081e-01 0.000000e+00
      vertex   1.289050e+01 7.698966e-01 0.000000e+00
    endloop
  endfacet
  facet normal 0.000000e+00 0.000000e+00 -1.000000e+00
    outer loop
      vertex   1.654386e+01 9.444736e+00 0.000000e+00
      vertex   1.289050e+01 7.698966e-01 0.000000e+00
      vertex   1.085850e+01 7.698966e-01 0.000000e+00
    endloop
  endfacet
  facet normal 0.000000e+00 0.000000e+00 -1.000000e+00
    outer loop
      vertex   1.085850e+01 7.698966e-01 0.000000e+00
      vertex   1.289050e+01 7.698966e-01 0.000000e+00
      vertex   1.104262e+01 6.286179e-01 0.000000e+00
    endloop
  endfacet
  facet normal 0.000000e+00 0.000000e+00 -1.000000e+00
    outer loop
      vertex   1.104262e+01 6.286179e-01 0.000000e+00
      vertex   1.289050e+01 7.698966e-01 0.000000e+00
      vertex   1.270638e+01 6.286179e-01 0.000000e+00
    endloop
  endfacet
  facet normal 0.000000e+00 0.000000e+00 -1.000000e+00
    outer loop
      vertex   1.104262e+01 6.286179e-01 0.000000e+00
      vertex   1.270638e+01 6.286179e-01 0.000000e+00
      vertex   1.118390e+01 4.445000e-01 0.000000e+00
    endloop
  endfacet
  facet normal 0.000000e+00 0.000000e+00 -1.000000e+00
    outer loop
      vertex   1.118390e+01 4.445000e-01 0.000000e+00
      vertex   1.270638e+01 6.286179e-01 0.000000e+00
      vertex   1.256510e+01 4.445000e-01 0.000000e+00
    endloop
  endfacet
  facet normal 0.000000e+00 0.000000e+00 -1.000000e+00
    outer loop
      vertex   1.118390e+01 4.445000e-01 0.000000e+00
      vertex   1.256510e+01 4.445000e-01 0.000000e+00
      vertex   1.127271e+01 2.300901e-01 0.000000e+00
    endloop
  endfacet
  facet normal 0.000000e+00 0.000000e+00 -1.000000e+00
    outer loop
      vertex   1.127271e+01 2.300901e-01 0.000000e+00
      vertex   1.256510e+01 4.445000e-01 0.000000e+00
      vertex   1.247629e+01 2.300901e-01 0.000000e+00
    endloop
  endfacet
  facet normal 0.000000e+00 0.000000e+00 -1.000000e+00
    outer loop
      vertex   1.127271e+01 2.300901e-01 0.000000e+00
      vertex   1.247629e+01 2.300901e-01 0.000000e+00
      vertex   1.130300e+01 1.606923e-11 0.000000e+00
    endloop
  endfacet
  facet normal 0.000000e+00 0.000000e+00 -1.000000e+00
    outer loop
      vertex   1.130300e+01 1.606923e-11 0.000000e+00
      vertex   1.247629e+01 2.300901e-01 0.000000e+00
      vertex   1.244600e+01 1.606912e-11 0.000000e+00
    endloop
  endfacet
  facet normal 0.000000e+00 -0.000000e+00 -1.000000e+00
    outer loop
      vertex   1.130300e+01 1.606923e-11 0.000000e+00
      vertex   1.244600e+01 1.606912e-11 0.000000e+00
      vertex   1.127271e+01 -2.300901e-01 0.000000e+00
    endloop
  endfacet
  facet normal 0.000000e+00 0.000000e+00 -1.000000e+00
    outer loop
      vertex   1.127271e+01 -2.300901e-01 0.000000e+00
      vertex   1.244600e+01 1.606912e-11 0.000000e+00
      vertex   1.247629e+01 -2.300901e-01 0.000000e+00
    endloop
  endfacet
  facet normal 0.000000e+00 -0.000000e+00 -1.000000e+00
    outer loop
      vertex   1.127271e+01 -2.300901e-01 0.000000e+00
      vertex   1.247629e+01 -2.300901e-01 0.000000e+00
      vertex   1.118390e+01 -4.445000e-01 0.000000e+00
    endloop
  endfacet
  facet normal 0.000000e+00 0.000000e+00 -1.000000e+00
    outer loop
      vertex   1.118390e+01 -4.445000e-01 0.000000e+00
      vertex   1.247629e+01 -2.300901e-01 0.000000e+00
      vertex   1.256510e+01 -4.445000e-01 0.000000e+00
    endloop
  endfacet
  facet normal 0.000000e+00 -0.000000e+00 -1.000000e+00
    outer loop
      vertex   1.118390e+01 -4.445000e-01 0.000000e+00
      vertex   1.256510e+01 -4.445000e-01 0.000000e+00
      vertex   1.104262e+01 -6.286179e-01 0.000000e+00
    endloop
  endfacet
  facet normal 0.000000e+00 0.000000e+00 -1.000000e+00
    outer loop
      vertex   1.104262e+01 -6.286179e-01 0.000000e+00
      vertex   1.256510e+01 -4.445000e-01 0.000000e+00
      vertex   1.270638e+01 -6.286179e-01 0.000000e+00
    endloop
  endfacet
  facet normal 0.000000e+00 -0.000000e+00 -1.000000e+00
    outer loop
      vertex   1.104262e+01 -6.286179e-01 0.000000e+00
      vertex   1.270638e+01 -6.286179e-01 0.000000e+00
      vertex   1.085850e+01 -7.698966e-01 0.000000e+00
    endloop
  endfacet
  facet normal 0.000000e+00 0.000000e+00 -1.000000e+00
    outer loop
      vertex   1.085850e+01 -7.698966e-01 0.000000e+00
      vertex   1.270638e+01 -6.286179e-01 0.000000e+00
      vertex   1.289050e+01 -7.698966e-01 0.000000e+00
    endloop
  endfacet
  facet normal 0.000000e+00 0.000000e+00 -1.000000e+00
    outer loop
      vertex   1.085850e+01 -7.698966e-01 0.000000e+00
      vertex   1.289050e+01 -7.698966e-01 0.000000e+00
      vertex   1.393988e+01 -1.298392e+01 0.000000e+00
    endloop
  endfacet
  facet normal 0.000000e+00 0.000000e+00 -1.000000e+00
    outer loop
      vertex   1.393988e+01 -1.298392e+01 0.000000e+00
      vertex   1.289050e+01 -7.698966e-01 0.000000e+00
      vertex   1.310491e+01 -8.587081e-01 0.000000e+00
    endloop
  endfacet
  facet normal 0.000000e+00 0.000000e+00 -1.000000e+00
    outer loop
      vertex   1.393988e+01 -1.298392e+01 0.000000e+00
      vertex   1.310491e+01 -8.587081e-01 0.000000e+00
      vertex   1.486913e+01 -1.190847e+01 0.000000e+00
    endloop
  endfacet
  facet normal 0.000000e+00 0.000000e+00 -1.000000e+00
    outer loop
      vertex   1.486913e+01 -1.190847e+01 0.000000e+00
      vertex   1.310491e+01 -8.587081e-01 0.000000e+00
      vertex   1.333500e+01 -8.890000e-01 0.000000e+00
    endloop
  endfacet
  facet normal 0.000000e+00 0.000000e+00 -1.000000e+00
    outer loop
      vertex   1.486913e+01 -1.190847e+01 0.000000e+00
      vertex   1.333500e+01 -8.890000e-01 0.000000e+00
      vertex   1.356509e+01 -8.587081e-01 0.000000e+00
    endloop
  endfacet
  facet normal 0.000000e+00 0.000000e+00 -1.000000e+00
    outer loop
      vertex   1.486913e+01 -1.190847e+01 0.000000e+00
      vertex   1.356509e+01 -8.587081e-01 0.000000e+00
      vertex   1.571560e+01 -1.076672e+01 0.000000e+00
    endloop
  endfacet
  facet normal 0.000000e+00 0.000000e+00 -1.000000e+00
    outer loop
      vertex   1.571560e+01 -1.076672e+01 0.000000e+00
      vertex   1.356509e+01 -8.587081e-01 0.000000e+00
      vertex   1.377950e+01 -7.698966e-01 0.000000e+00
    endloop
  endfacet
  facet normal 0.000000e+00 0.000000e+00 -1.000000e+00
    outer loop
      vertex   1.571560e+01 -1.076672e+01 0.000000e+00
      vertex   1.377950e+01 -7.698966e-01 0.000000e+00
      vertex   1.647460e+01 -9.565048e+00 0.000000e+00
    endloop
  endfacet
  facet normal 0.000000e+00 0.000000e+00 -1.000000e+00
    outer loop
      vertex   8.351708e+00 2.300901e-01 0.000000e+00
      vertex   9.555292e+00 2.300901e-01 0.000000e+00
      vertex   8.382000e+00 1.606923e-11 0.000000e+00
    endloop
  endfacet
  facet normal 0.000000e+00 0.000000e+00 -1.000000e+00
    outer loop
      vertex   8.382000e+00 1.606923e-11 0.000000e+00
      vertex   9.555292e+00 2.300901e-01 0.000000e+00
      vertex   9.525000e+00 1.606912e-11 0.000000e+00
    endloop
  endfacet
  facet normal 0.000000e+00 -0.000000e+00 -1.000000e+00
    outer loop
      vertex   8.382000e+00 1.606923e-11 0.000000e+00
      vertex   9.525000e+00 1.606912e-11 0.000000e+00
      vertex   8.351708e+00 -2.300901e-01 0.000000e+00
    endloop
  endfacet
  facet normal 0.000000e+00 0.000000e+00 -1.000000e+00
    outer loop
      vertex   8.351708e+00 -2.300901e-01 0.000000e+00
      vertex   9.525000e+00 1.606912e-11 0.000000e+00
      vertex   9.555292e+00 -2.300901e-01 0.000000e+00
    endloop
  endfacet
  facet normal 0.000000e+00 -0.000000e+00 -1.000000e+00
    outer loop
      vertex   8.351708e+00 -2.300901e-01 0.000000e+00
      vertex   9.555292e+00 -2.300901e-01 0.000000e+00
      vertex   8.262897e+00 -4.445000e-01 0.000000e+00
    endloop
  endfacet
  facet normal 0.000000e+00 0.000000e+00 -1.000000e+00
    outer loop
      vertex   8.262897e+00 -4.445000e-01 0.000000e+00
      vertex   9.555292e+00 -2.300901e-01 0.000000e+00
      vertex   9.644103e+00 -4.445000e-01 0.000000e+00
    endloop
  endfacet
  facet normal 0.000000e+00 -0.000000e+00 -1.000000e+00
    outer loop
      vertex   8.262897e+00 -4.445000e-01 0.000000e+00
      vertex   9.644103e+00 -4.445000e-01 0.000000e+00
      vertex   8.121618e+00 -6.286179e-01 0.000000e+00
    endloop
  endfacet
  facet normal 0.000000e+00 0.000000e+00 -1.000000e+00
    outer loop
      vertex   8.121618e+00 -6.286179e-01 0.000000e+00
      vertex   9.644103e+00 -4.445000e-01 0.000000e+00
      vertex   9.785382e+00 -6.286179e-01 0.000000e+00
    endloop
  endfacet
  facet normal 0.000000e+00 -0.000000e+00 -1.000000e+00
    outer loop
      vertex   8.121618e+00 -6.286179e-01 0.000000e+00
      vertex   9.785382e+00 -6.286179e-01 0.000000e+00
      vertex   7.937500e+00 -7.698966e-01 0.000000e+00
    endloop
  endfacet
  facet normal 0.000000e+00 0.000000e+00 -1.000000e+00
    outer loop
      vertex   7.937500e+00 -7.698966e-01 0.000000e+00
      vertex   9.785382e+00 -6.286179e-01 0.000000e+00
      vertex   9.969500e+00 -7.698966e-01 0.000000e+00
    endloop
  endfacet
  facet normal 0.000000e+00 0.000000e+00 -1.000000e+00
    outer loop
      vertex   7.937500e+00 -7.698966e-01 0.000000e+00
      vertex   9.969500e+00 -7.698966e-01 0.000000e+00
      vertex   1.070939e+01 -1.575473e+01 0.000000e+00
    endloop
  endfacet
  facet normal 0.000000e+00 0.000000e+00 -1.000000e+00
    outer loop
      vertex   1.070939e+01 -1.575473e+01 0.000000e+00
      vertex   9.969500e+00 -7.698966e-01 0.000000e+00
      vertex   1.018391e+01 -8.587081e-01 0.000000e+00
    endloop
  endfacet
  facet normal 0.000000e+00 0.000000e+00 -1.000000e+00
    outer loop
      vertex   1.070939e+01 -1.575473e+01 0.000000e+00
      vertex   1.018391e+01 -8.587081e-01 0.000000e+00
      vertex   1.185421e+01 -1.491242e+01 0.000000e+00
    endloop
  endfacet
  facet normal 0.000000e+00 0.000000e+00 -1.000000e+00
    outer loop
      vertex   1.185421e+01 -1.491242e+01 0.000000e+00
      vertex   1.018391e+01 -8.587081e-01 0.000000e+00
      vertex   1.041400e+01 -8.890000e-01 0.000000e+00
    endloop
  endfacet
  facet normal 0.000000e+00 0.000000e+00 -1.000000e+00
    outer loop
      vertex   1.185421e+01 -1.491242e+01 0.000000e+00
      vertex   1.041400e+01 -8.890000e-01 0.000000e+00
      vertex   1.064409e+01 -8.587081e-01 0.000000e+00
    endloop
  endfacet
  facet normal 0.000000e+00 0.000000e+00 -1.000000e+00
    outer loop
      vertex   9.555292e+00 2.300901e-01 0.000000e+00
      vertex   8.351708e+00 2.300901e-01 0.000000e+00
      vertex   9.644103e+00 4.445000e-01 0.000000e+00
    endloop
  endfacet
  facet normal 0.000000e+00 0.000000e+00 -1.000000e+00
    outer loop
      vertex   9.644103e+00 4.445000e-01 0.000000e+00
      vertex   8.351708e+00 2.300901e-01 0.000000e+00
      vertex   8.262897e+00 4.445000e-01 0.000000e+00
    endloop
  endfacet
  facet normal -0.000000e+00 0.000000e+00 -1.000000e+00
    outer loop
      vertex   9.644103e+00 4.445000e-01 0.000000e+00
      vertex   8.262897e+00 4.445000e-01 0.000000e+00
      vertex   9.785382e+00 6.286179e-01 0.000000e+00
    endloop
  endfacet
  facet normal -0.000000e+00 0.000000e+00 -1.000000e+00
    outer loop
      vertex   9.785382e+00 6.286179e-01 0.000000e+00
      vertex   8.262897e+00 4.445000e-01 0.000000e+00
      vertex   8.121618e+00 6.286179e-01 0.000000e+00
    endloop
  endfacet
  facet normal 0.000000e+00 0.000000e+00 -1.000000e+00
    outer loop
      vertex   9.785382e+00 6.286179e-01 0.000000e+00
      vertex   8.121618e+00 6.286179e-01 0.000000e+00
      vertex   9.969500e+00 7.698966e-01 0.000000e+00
    endloop
  endfacet
  facet normal 0.000000e+00 0.000000e+00 -1.000000e+00
    outer loop
      vertex   9.969500e+00 7.698966e-01 0.000000e+00
      vertex   8.121618e+00 6.286179e-01 0.000000e+00
      vertex   7.937500e+00 7.698966e-01 0.000000e+00
    endloop
  endfacet
  facet normal -0.000000e+00 0.000000e+00 -1.000000e+00
    outer loop
      vertex   9.969500e+00 7.698966e-01 0.000000e+00
      vertex   7.937500e+00 7.698966e-01 0.000000e+00
      vertex   1.018391e+01 8.587081e-01 0.000000e+00
    endloop
  endfacet
  facet normal -0.000000e+00 0.000000e+00 -1.000000e+00
    outer loop
      vertex   1.018391e+01 8.587081e-01 0.000000e+00
      vertex   7.937500e+00 7.698966e-01 0.000000e+00
      vertex   7.723090e+00 8.587081e-01 0.000000e+00
    endloop
  endfacet
  facet normal 0.000000e+00 0.000000e+00 -1.000000e+00
    outer loop
      vertex   1.018391e+01 8.587081e-01 0.000000e+00
      vertex   7.723090e+00 8.587081e-01 0.000000e+00
      vertex   8.890000e-01 1.625600e+01 0.000000e+00
    endloop
  endfacet
  facet normal 0.000000e+00 0.000000e+00 -1.000000e+00
    outer loop
      vertex   8.890000e-01 1.625600e+01 0.000000e+00
      vertex   7.723090e+00 8.587081e-01 0.000000e+00
      vertex   7.493000e+00 8.890000e-01 0.000000e+00
    endloop
  endfacet
  facet normal 0.000000e+00 -0.000000e+00 -1.000000e+00
    outer loop
      vertex   8.890000e-01 1.625600e+01 0.000000e+00
      vertex   7.493000e+00 8.890000e-01 0.000000e+00
      vertex   8.890000e-01 1.333500e+01 0.000000e+00
    endloop
  endfacet
  facet normal 0.000000e+00 0.000000e+00 -1.000000e+00
    outer loop
      vertex   8.890000e-01 1.333500e+01 0.000000e+00
      vertex   7.493000e+00 8.890000e-01 0.000000e+00
      vertex   7.262910e+00 8.587081e-01 0.000000e+00
    endloop
  endfacet
  facet normal 0.000000e+00 0.000000e+00 -1.000000e+00
    outer loop
      vertex   8.890000e-01 1.333500e+01 0.000000e+00
      vertex   7.262910e+00 8.587081e-01 0.000000e+00
      vertex   3.687635e+00 2.593824e+00 0.000000e+00
    endloop
  endfacet
  facet normal 0.000000e+00 0.000000e+00 -1.000000e+00
    outer loop
      vertex   3.687635e+00 2.593824e+00 0.000000e+00
      vertex   7.262910e+00 8.587081e-01 0.000000e+00
      vertex   7.048500e+00 7.698966e-01 0.000000e+00
    endloop
  endfacet
  facet normal 0.000000e+00 0.000000e+00 -1.000000e+00
    outer loop
      vertex   3.687635e+00 2.593824e+00 0.000000e+00
      vertex   7.048500e+00 7.698966e-01 0.000000e+00
      vertex   4.040362e+00 2.000511e+00 0.000000e+00
    endloop
  endfacet
  facet normal 0.000000e+00 0.000000e+00 -1.000000e+00
    outer loop
      vertex   4.040362e+00 2.000511e+00 0.000000e+00
      vertex   7.048500e+00 7.698966e-01 0.000000e+00
      vertex   6.864382e+00 6.286179e-01 0.000000e+00
    endloop
  endfacet
  facet normal 0.000000e+00 0.000000e+00 -1.000000e+00
    outer loop
      vertex   4.040362e+00 2.000511e+00 0.000000e+00
      vertex   6.864382e+00 6.286179e-01 0.000000e+00
      vertex   4.298388e+00 1.360307e+00 0.000000e+00
    endloop
  endfacet
  facet normal 0.000000e+00 0.000000e+00 -1.000000e+00
    outer loop
      vertex   4.298388e+00 1.360307e+00 0.000000e+00
      vertex   6.864382e+00 6.286179e-01 0.000000e+00
      vertex   6.723103e+00 4.445000e-01 0.000000e+00
    endloop
  endfacet
  facet normal 0.000000e+00 0.000000e+00 -1.000000e+00
    outer loop
      vertex   4.298388e+00 1.360307e+00 0.000000e+00
      vertex   6.723103e+00 4.445000e-01 0.000000e+00
      vertex   4.455662e+00 6.882193e-01 0.000000e+00
    endloop
  endfacet
  facet normal 0.000000e+00 0.000000e+00 -1.000000e+00
    outer loop
      vertex   4.455662e+00 6.882193e-01 0.000000e+00
      vertex   6.723103e+00 4.445000e-01 0.000000e+00
      vertex   6.634292e+00 2.300901e-01 0.000000e+00
    endloop
  endfacet
  facet normal 0.000000e+00 0.000000e+00 -1.000000e+00
    outer loop
      vertex   4.455662e+00 6.882193e-01 0.000000e+00
      vertex   6.634292e+00 2.300901e-01 0.000000e+00
      vertex   6.604000e+00 1.606912e-11 0.000000e+00
    endloop
  endfacet
  facet normal 0.000000e+00 0.000000e+00 -1.000000e+00
    outer loop
      vertex   6.944359e+00 -1.773918e+01 0.000000e+00
      vertex   7.262910e+00 -8.587081e-01 0.000000e+00
      vertex   8.247612e+00 -1.717205e+01 0.000000e+00
    endloop
  endfacet
  facet normal 0.000000e+00 0.000000e+00 -1.000000e+00
    outer loop
      vertex   8.247612e+00 -1.717205e+01 0.000000e+00
      vertex   7.262910e+00 -8.587081e-01 0.000000e+00
      vertex   7.493000e+00 -8.890000e-01 0.000000e+00
    endloop
  endfacet
  facet normal 0.000000e+00 0.000000e+00 -1.000000e+00
    outer loop
      vertex   8.247612e+00 -1.717205e+01 0.000000e+00
      vertex   7.493000e+00 -8.890000e-01 0.000000e+00
      vertex   9.504955e+00 -1.650934e+01 0.000000e+00
    endloop
  endfacet
  facet normal 0.000000e+00 0.000000e+00 -1.000000e+00
    outer loop
      vertex   9.504955e+00 -1.650934e+01 0.000000e+00
      vertex   7.493000e+00 -8.890000e-01 0.000000e+00
      vertex   7.723090e+00 -8.587081e-01 0.000000e+00
    endloop
  endfacet
  facet normal 0.000000e+00 0.000000e+00 -1.000000e+00
    outer loop
      vertex   9.504955e+00 -1.650934e+01 0.000000e+00
      vertex   7.723090e+00 -8.587081e-01 0.000000e+00
      vertex   7.937500e+00 -7.698966e-01 0.000000e+00
    endloop
  endfacet
  facet normal 0.000000e+00 0.000000e+00 -1.000000e+00
    outer loop
      vertex   8.587081e-01 1.064409e+01 0.000000e+00
      vertex   8.890000e-01 1.333500e+01 0.000000e+00
      vertex   8.890000e-01 1.041400e+01 0.000000e+00
    endloop
  endfacet
  facet normal 0.000000e+00 0.000000e+00 -1.000000e+00
    outer loop
      vertex   8.890000e-01 1.041400e+01 0.000000e+00
      vertex   8.890000e-01 1.333500e+01 0.000000e+00
      vertex   3.248472e+00 3.126340e+00 0.000000e+00
    endloop
  endfacet
  facet normal 0.000000e+00 0.000000e+00 -1.000000e+00
    outer loop
      vertex   8.890000e-01 1.041400e+01 0.000000e+00
      vertex   3.248472e+00 3.126340e+00 0.000000e+00
      vertex   2.733167e+00 3.585578e+00 0.000000e+00
    endloop
  endfacet
  facet normal 0.000000e+00 0.000000e+00 -1.000000e+00
    outer loop
      vertex   8.890000e-01 1.333500e+01 0.000000e+00
      vertex   8.587081e-01 1.064409e+01 0.000000e+00
      vertex   8.587081e-01 1.310491e+01 0.000000e+00
    endloop
  endfacet
  facet normal 0.000000e+00 -0.000000e+00 -1.000000e+00
    outer loop
      vertex   8.587081e-01 1.310491e+01 0.000000e+00
      vertex   8.587081e-01 1.064409e+01 0.000000e+00
      vertex   7.698966e-01 1.085850e+01 0.000000e+00
    endloop
  endfacet
  facet normal 0.000000e+00 0.000000e+00 -1.000000e+00
    outer loop
      vertex   8.587081e-01 1.310491e+01 0.000000e+00
      vertex   7.698966e-01 1.085850e+01 0.000000e+00
      vertex   7.698966e-01 1.289050e+01 0.000000e+00
    endloop
  endfacet
  facet normal 0.000000e+00 -0.000000e+00 -1.000000e+00
    outer loop
      vertex   7.698966e-01 1.289050e+01 0.000000e+00
      vertex   7.698966e-01 1.085850e+01 0.000000e+00
      vertex   6.286179e-01 1.104262e+01 0.000000e+00
    endloop
  endfacet
  facet normal 0.000000e+00 0.000000e+00 -1.000000e+00
    outer loop
      vertex   7.698966e-01 1.289050e+01 0.000000e+00
      vertex   6.286179e-01 1.104262e+01 0.000000e+00
      vertex   6.286179e-01 1.270638e+01 0.000000e+00
    endloop
  endfacet
  facet normal 0.000000e+00 0.000000e+00 -1.000000e+00
    outer loop
      vertex   6.286179e-01 1.270638e+01 0.000000e+00
      vertex   6.286179e-01 1.104262e+01 0.000000e+00
      vertex   4.445000e-01 1.118390e+01 0.000000e+00
    endloop
  endfacet
  facet normal 0.000000e+00 0.000000e+00 -1.000000e+00
    outer loop
      vertex   6.286179e-01 1.270638e+01 0.000000e+00
      vertex   4.445000e-01 1.118390e+01 0.000000e+00
      vertex   4.445000e-01 1.256510e+01 0.000000e+00
    endloop
  endfacet
  facet normal 0.000000e+00 -0.000000e+00 -1.000000e+00
    outer loop
      vertex   4.445000e-01 1.256510e+01 0.000000e+00
      vertex   4.445000e-01 1.118390e+01 0.000000e+00
      vertex   2.300901e-01 1.127271e+01 0.000000e+00
    endloop
  endfacet
  facet normal 0.000000e+00 0.000000e+00 -1.000000e+00
    outer loop
      vertex   4.445000e-01 1.256510e+01 0.000000e+00
      vertex   2.300901e-01 1.127271e+01 0.000000e+00
      vertex   2.300901e-01 1.247629e+01 0.000000e+00
    endloop
  endfacet
  facet normal 0.000000e+00 -0.000000e+00 -1.000000e+00
    outer loop
      vertex   2.300901e-01 1.247629e+01 0.000000e+00
      vertex   2.300901e-01 1.127271e+01 0.000000e+00
      vertex   -1.606656e-11 1.130300e+01 0.000000e+00
    endloop
  endfacet
  facet normal -0.000000e+00 0.000000e+00 -1.000000e+00
    outer loop
      vertex   -8.587081e-01 1.018391e+01 0.000000e+00
      vertex   -8.890000e-01 7.493000e+00 0.000000e+00
      vertex   -8.890000e-01 1.041400e+01 0.000000e+00
    endloop
  endfacet
  facet normal 0.000000e+00 0.000000e+00 -1.000000e+00
    outer loop
      vertex   -8.890000e-01 1.041400e+01 0.000000e+00
      vertex   -8.890000e-01 7.493000e+00 0.000000e+00
      vertex   -2.450674e+00 3.784279e+00 0.000000e+00
    endloop
  endfacet
  facet normal 0.000000e+00 0.000000e+00 -1.000000e+00
    outer loop
      vertex   -8.890000e-01 1.041400e+01 0.000000e+00
      vertex   -2.450674e+00 3.784279e+00 0.000000e+00
      vertex   -2.999621e+00 3.365835e+00 0.000000e+00
    endloop
  endfacet
  facet normal 0.000000e+00 0.000000e+00 -1.000000e+00
    outer loop
      vertex   -8.890000e-01 7.493000e+00 0.000000e+00
      vertex   -8.587081e-01 1.018391e+01 0.000000e+00
      vertex   -8.587081e-01 7.723090e+00 0.000000e+00
    endloop
  endfacet
  facet normal 0.000000e+00 0.000000e+00 -1.000000e+00
    outer loop
      vertex   -8.587081e-01 7.723090e+00 0.000000e+00
      vertex   -8.587081e-01 1.018391e+01 0.000000e+00
      vertex   -7.698966e-01 9.969500e+00 0.000000e+00
    endloop
  endfacet
  facet normal 0.000000e+00 0.000000e+00 -1.000000e+00
    outer loop
      vertex   -8.587081e-01 7.723090e+00 0.000000e+00
      vertex   -7.698966e-01 9.969500e+00 0.000000e+00
      vertex   -7.698966e-01 7.937500e+00 0.000000e+00
    endloop
  endfacet
  facet normal 0.000000e+00 0.000000e+00 -1.000000e+00
    outer loop
      vertex   -7.698966e-01 7.937500e+00 0.000000e+00
      vertex   -7.698966e-01 9.969500e+00 0.000000e+00
      vertex   -6.286179e-01 9.785382e+00 0.000000e+00
    endloop
  endfacet
  facet normal 0.000000e+00 0.000000e+00 -1.000000e+00
    outer loop
      vertex   -7.698966e-01 7.937500e+00 0.000000e+00
      vertex   -6.286179e-01 9.785382e+00 0.000000e+00
      vertex   -6.286179e-01 8.121618e+00 0.000000e+00
    endloop
  endfacet
  facet normal 0.000000e+00 0.000000e+00 -1.000000e+00
    outer loop
      vertex   -6.286179e-01 8.121618e+00 0.000000e+00
      vertex   -6.286179e-01 9.785382e+00 0.000000e+00
      vertex   -4.445000e-01 9.644103e+00 0.000000e+00
    endloop
  endfacet
  facet normal 0.000000e+00 0.000000e+00 -1.000000e+00
    outer loop
      vertex   -6.286179e-01 8.121618e+00 0.000000e+00
      vertex   -4.445000e-01 9.644103e+00 0.000000e+00
      vertex   -4.445000e-01 8.262897e+00 0.000000e+00
    endloop
  endfacet
  facet normal 0.000000e+00 0.000000e+00 -1.000000e+00
    outer loop
      vertex   -4.445000e-01 8.262897e+00 0.000000e+00
      vertex   -4.445000e-01 9.644103e+00 0.000000e+00
      vertex   -2.300901e-01 9.555292e+00 0.000000e+00
    endloop
  endfacet
  facet normal 0.000000e+00 0.000000e+00 -1.000000e+00
    outer loop
      vertex   -4.445000e-01 8.262897e+00 0.000000e+00
      vertex   -2.300901e-01 9.555292e+00 0.000000e+00
      vertex   -2.300901e-01 8.351708e+00 0.000000e+00
    endloop
  endfacet
  facet normal 0.000000e+00 0.000000e+00 -1.000000e+00
    outer loop
      vertex   -2.300901e-01 8.351708e+00 0.000000e+00
      vertex   -2.300901e-01 9.555292e+00 0.000000e+00
      vertex   -1.606656e-11 9.525000e+00 0.000000e+00
    endloop
  endfacet
  facet normal 0.000000e+00 0.000000e+00 -1.000000e+00
    outer loop
      vertex   -2.300901e-01 8.351708e+00 0.000000e+00
      vertex   -1.606656e-11 9.525000e+00 0.000000e+00
      vertex   -1.606674e-11 8.382000e+00 0.000000e+00
    endloop
  endfacet
  facet normal 0.000000e+00 0.000000e+00 -1.000000e+00
    outer loop
      vertex   -1.606674e-11 8.382000e+00 0.000000e+00
      vertex   -1.606656e-11 9.525000e+00 0.000000e+00
      vertex   2.300901e-01 9.555292e+00 0.000000e+00
    endloop
  endfacet
  facet normal 0.000000e+00 0.000000e+00 -1.000000e+00
    outer loop
      vertex   -1.606674e-11 8.382000e+00 0.000000e+00
      vertex   2.300901e-01 9.555292e+00 0.000000e+00
      vertex   2.300901e-01 8.351708e+00 0.000000e+00
    endloop
  endfacet
  facet normal 0.000000e+00 0.000000e+00 -1.000000e+00
    outer loop
      vertex   2.300901e-01 8.351708e+00 0.000000e+00
      vertex   2.300901e-01 9.555292e+00 0.000000e+00
      vertex   4.445000e-01 9.644103e+00 0.000000e+00
    endloop
  endfacet
  facet normal 0.000000e+00 0.000000e+00 -1.000000e+00
    outer loop
      vertex   2.300901e-01 8.351708e+00 0.000000e+00
      vertex   4.445000e-01 9.644103e+00 0.000000e+00
      vertex   4.445000e-01 8.262897e+00 0.000000e+00
    endloop
  endfacet
  facet normal 0.000000e+00 0.000000e+00 -1.000000e+00
    outer loop
      vertex   4.445000e-01 8.262897e+00 0.000000e+00
      vertex   4.445000e-01 9.644103e+00 0.000000e+00
      vertex   6.286179e-01 9.785382e+00 0.000000e+00
    endloop
  endfacet
  facet normal 0.000000e+00 0.000000e+00 -1.000000e+00
    outer loop
      vertex   4.445000e-01 8.262897e+00 0.000000e+00
      vertex   6.286179e-01 9.785382e+00 0.000000e+00
      vertex   6.286179e-01 8.121618e+00 0.000000e+00
    endloop
  endfacet
  facet normal 0.000000e+00 0.000000e+00 -1.000000e+00
    outer loop
      vertex   6.286179e-01 8.121618e+00 0.000000e+00
      vertex   6.286179e-01 9.785382e+00 0.000000e+00
      vertex   7.698966e-01 9.969500e+00 0.000000e+00
    endloop
  endfacet
  facet normal 0.000000e+00 0.000000e+00 -1.000000e+00
    outer loop
      vertex   6.286179e-01 8.121618e+00 0.000000e+00
      vertex   7.698966e-01 9.969500e+00 0.000000e+00
      vertex   7.698966e-01 7.937500e+00 0.000000e+00
    endloop
  endfacet
  facet normal 0.000000e+00 0.000000e+00 -1.000000e+00
    outer loop
      vertex   7.698966e-01 7.937500e+00 0.000000e+00
      vertex   7.698966e-01 9.969500e+00 0.000000e+00
      vertex   8.587081e-01 1.018391e+01 0.000000e+00
    endloop
  endfacet
  facet normal 0.000000e+00 0.000000e+00 -1.000000e+00
    outer loop
      vertex   7.698966e-01 7.937500e+00 0.000000e+00
      vertex   8.587081e-01 1.018391e+01 0.000000e+00
      vertex   8.587081e-01 7.723090e+00 0.000000e+00
    endloop
  endfacet
  facet normal 0.000000e+00 0.000000e+00 -1.000000e+00
    outer loop
      vertex   8.587081e-01 7.723090e+00 0.000000e+00
      vertex   8.587081e-01 1.018391e+01 0.000000e+00
      vertex   8.890000e-01 1.041400e+01 0.000000e+00
    endloop
  endfacet
  facet normal 0.000000e+00 0.000000e+00 -1.000000e+00
    outer loop
      vertex   8.587081e-01 7.723090e+00 0.000000e+00
      vertex   8.890000e-01 1.041400e+01 0.000000e+00
      vertex   8.890000e-01 7.493000e+00 0.000000e+00
    endloop
  endfacet
  facet normal 0.000000e+00 0.000000e+00 -1.000000e+00
    outer loop
      vertex   8.890000e-01 7.493000e+00 0.000000e+00
      vertex   8.890000e-01 1.041400e+01 0.000000e+00
      vertex   2.733167e+00 3.585578e+00 0.000000e+00
    endloop
  endfacet
  facet normal 0.000000e+00 0.000000e+00 -1.000000e+00
    outer loop
      vertex   8.890000e-01 7.493000e+00 0.000000e+00
      vertex   2.733167e+00 3.585578e+00 0.000000e+00
      vertex   2.153800e+00 3.960772e+00 0.000000e+00
    endloop
  endfacet
  facet normal 0.000000e+00 0.000000e+00 -1.000000e+00
    outer loop
      vertex   8.587081e-01 1.648609e+01 0.000000e+00
      vertex   3.810000e+00 3.175000e+01 0.000000e+00
      vertex   8.890000e-01 1.625600e+01 0.000000e+00
    endloop
  endfacet
  facet normal 0.000000e+00 0.000000e+00 -1.000000e+00
    outer loop
      vertex   8.890000e-01 1.625600e+01 0.000000e+00
      vertex   3.810000e+00 3.175000e+01 0.000000e+00
      vertex   1.654386e+01 9.444736e+00 0.000000e+00
    endloop
  endfacet
  facet normal 0.000000e+00 0.000000e+00 -1.000000e+00
    outer loop
      vertex   8.890000e-01 1.625600e+01 0.000000e+00
      vertex   1.654386e+01 9.444736e+00 0.000000e+00
      vertex   1.018391e+01 8.587081e-01 0.000000e+00
    endloop
  endfacet
  facet normal 0.000000e+00 0.000000e+00 -1.000000e+00
    outer loop
      vertex   1.018391e+01 8.587081e-01 0.000000e+00
      vertex   1.654386e+01 9.444736e+00 0.000000e+00
      vertex   1.041400e+01 8.890000e-01 0.000000e+00
    endloop
  endfacet
  facet normal 0.000000e+00 0.000000e+00 -1.000000e+00
    outer loop
      vertex   1.041400e+01 8.890000e-01 0.000000e+00
      vertex   1.654386e+01 9.444736e+00 0.000000e+00
      vertex   1.064409e+01 8.587081e-01 0.000000e+00
    endloop
  endfacet
  facet normal 0.000000e+00 0.000000e+00 -1.000000e+00
    outer loop
      vertex   1.064409e+01 8.587081e-01 0.000000e+00
      vertex   1.654386e+01 9.444736e+00 0.000000e+00
      vertex   1.085850e+01 7.698966e-01 0.000000e+00
    endloop
  endfacet
  facet normal 0.000000e+00 0.000000e+00 -1.000000e+00
    outer loop
      vertex   8.587081e-01 1.648609e+01 0.000000e+00
      vertex   7.698966e-01 1.670050e+01 0.000000e+00
      vertex   3.810000e+00 3.175000e+01 0.000000e+00
    endloop
  endfacet
  facet normal 0.000000e+00 0.000000e+00 -1.000000e+00
    outer loop
      vertex   3.810000e+00 3.175000e+01 0.000000e+00
      vertex   7.698966e-01 1.670050e+01 0.000000e+00
      vertex   6.286179e-01 1.688462e+01 0.000000e+00
    endloop
  endfacet
  facet normal 0.000000e+00 0.000000e+00 -1.000000e+00
    outer loop
      vertex   3.810000e+00 3.175000e+01 0.000000e+00
      vertex   6.286179e-01 1.688462e+01 0.000000e+00
      vertex   4.445000e-01 1.702590e+01 0.000000e+00
    endloop
  endfacet
  facet normal 0.000000e+00 0.000000e+00 -1.000000e+00
    outer loop
      vertex   4.445000e-01 1.702590e+01 0.000000e+00
      vertex   2.300901e-01 1.711471e+01 0.000000e+00
      vertex   3.810000e+00 3.175000e+01 0.000000e+00
    endloop
  endfacet
  facet normal 0.000000e+00 0.000000e+00 -1.000000e+00
    outer loop
      vertex   3.810000e+00 3.175000e+01 0.000000e+00
      vertex   2.300901e-01 1.711471e+01 0.000000e+00
      vertex   -1.606621e-11 1.714500e+01 0.000000e+00
    endloop
  endfacet
  facet normal -0.000000e+00 0.000000e+00 -1.000000e+00
    outer loop
      vertex   3.810000e+00 3.175000e+01 0.000000e+00
      vertex   -1.606621e-11 1.714500e+01 0.000000e+00
      vertex   9.967995e-02 3.651563e+01 0.000000e+00
    endloop
  endfacet
  facet normal 0.000000e+00 0.000000e+00 -1.000000e+00
    outer loop
      vertex   9.967995e-02 3.651563e+01 0.000000e+00
      vertex   -1.606621e-11 1.714500e+01 0.000000e+00
      vertex   -3.810000e+00 3.175000e+01 0.000000e+00
    endloop
  endfacet
  facet normal -0.000000e+00 0.000000e+00 -1.000000e+00
    outer loop
      vertex   9.967995e-02 3.651563e+01 0.000000e+00
      vertex   -3.810000e+00 3.175000e+01 0.000000e+00
      vertex   -2.974678e-01 3.654062e+01 0.000000e+00
    endloop
  endfacet
  facet normal -0.000000e+00 0.000000e+00 -1.000000e+00
    outer loop
      vertex   -2.974678e-01 3.654062e+01 0.000000e+00
      vertex   -3.810000e+00 3.175000e+01 0.000000e+00
      vertex   -6.759246e-01 3.666359e+01 0.000000e+00
    endloop
  endfacet
  facet normal -0.000000e+00 0.000000e+00 -1.000000e+00
    outer loop
      vertex   -6.759246e-01 3.666359e+01 0.000000e+00
      vertex   -3.810000e+00 3.175000e+01 0.000000e+00
      vertex   -1.011911e+00 3.687681e+01 0.000000e+00
    endloop
  endfacet
  facet normal -0.000000e+00 0.000000e+00 -1.000000e+00
    outer loop
      vertex   -1.011911e+00 3.687681e+01 0.000000e+00
      vertex   -3.810000e+00 3.175000e+01 0.000000e+00
      vertex   -1.284314e+00 3.716689e+01 0.000000e+00
    endloop
  endfacet
  facet normal -0.000000e+00 0.000000e+00 -1.000000e+00
    outer loop
      vertex   -1.284314e+00 3.716689e+01 0.000000e+00
      vertex   -3.810000e+00 3.175000e+01 0.000000e+00
      vertex   -1.476020e+00 3.751560e+01 0.000000e+00
    endloop
  endfacet
  facet normal -0.000000e+00 0.000000e+00 -1.000000e+00
    outer loop
      vertex   -1.476020e+00 3.751560e+01 0.000000e+00
      vertex   -3.810000e+00 3.175000e+01 0.000000e+00
      vertex   -1.574982e+00 3.790103e+01 0.000000e+00
    endloop
  endfacet
  facet normal -0.000000e+00 0.000000e+00 -1.000000e+00
    outer loop
      vertex   -1.574982e+00 3.790103e+01 0.000000e+00
      vertex   -3.810000e+00 3.175000e+01 0.000000e+00
      vertex   -1.574982e+00 3.829897e+01 0.000000e+00
    endloop
  endfacet
  facet normal -0.000000e+00 0.000000e+00 -1.000000e+00
    outer loop
      vertex   -1.574982e+00 3.829897e+01 0.000000e+00
      vertex   -3.810000e+00 3.175000e+01 0.000000e+00
      vertex   -1.574982e+00 5.060103e+01 0.000000e+00
    endloop
  endfacet
  facet normal 0.000000e+00 0.000000e+00 -1.000000e+00
    outer loop
      vertex   -1.574982e+00 3.829897e+01 0.000000e+00
      vertex   -1.574982e+00 5.060103e+01 0.000000e+00
      vertex   -1.476020e+00 3.868440e+01 0.000000e+00
    endloop
  endfacet
  facet normal 0.000000e+00 0.000000e+00 -1.000000e+00
    outer loop
      vertex   -1.476020e+00 3.868440e+01 0.000000e+00
      vertex   -1.574982e+00 5.060103e+01 0.000000e+00
      vertex   -1.476020e+00 5.021560e+01 0.000000e+00
    endloop
  endfacet
  facet normal 0.000000e+00 0.000000e+00 -1.000000e+00
    outer loop
      vertex   -1.476020e+00 3.868440e+01 0.000000e+00
      vertex   -1.476020e+00 5.021560e+01 0.000000e+00
      vertex   -1.284314e+00 4.986689e+01 0.000000e+00
    endloop
  endfacet
  facet normal -0.000000e+00 0.000000e+00 -1.000000e+00
    outer loop
      vertex   -1.606621e-11 1.714500e+01 0.000000e+00
      vertex   -2.300901e-01 1.711471e+01 0.000000e+00
      vertex   -3.810000e+00 3.175000e+01 0.000000e+00
    endloop
  endfacet
  facet normal 0.000000e+00 0.000000e+00 -1.000000e+00
    outer loop
      vertex   -3.810000e+00 3.175000e+01 0.000000e+00
      vertex   -2.300901e-01 1.711471e+01 0.000000e+00
      vertex   -4.445000e-01 1.702590e+01 0.000000e+00
    endloop
  endfacet
  facet normal 0.000000e+00 0.000000e+00 -1.000000e+00
    outer loop
      vertex   -3.810000e+00 3.175000e+01 0.000000e+00
      vertex   -4.445000e-01 1.702590e+01 0.000000e+00
      vertex   -6.286179e-01 1.688462e+01 0.000000e+00
    endloop
  endfacet
  facet normal -0.000000e+00 0.000000e+00 -1.000000e+00
    outer loop
      vertex   -6.286179e-01 1.688462e+01 0.000000e+00
      vertex   -7.698966e-01 1.670050e+01 0.000000e+00
      vertex   -3.810000e+00 3.175000e+01 0.000000e+00
    endloop
  endfacet
  facet normal 0.000000e+00 0.000000e+00 -1.000000e+00
    outer loop
      vertex   -3.810000e+00 3.175000e+01 0.000000e+00
      vertex   -7.698966e-01 1.670050e+01 0.000000e+00
      vertex   -8.587081e-01 1.648609e+01 0.000000e+00
    endloop
  endfacet
  facet normal 0.000000e+00 0.000000e+00 -1.000000e+00
    outer loop
      vertex   -3.810000e+00 3.175000e+01 0.000000e+00
      vertex   -8.587081e-01 1.648609e+01 0.000000e+00
      vertex   -8.890000e-01 1.625600e+01 0.000000e+00
    endloop
  endfacet
  facet normal 0.000000e+00 -0.000000e+00 -1.000000e+00
    outer loop
      vertex   2.300901e-01 1.539729e+01 0.000000e+00
      vertex   2.300901e-01 1.419371e+01 0.000000e+00
      vertex   -1.606621e-11 1.536700e+01 0.000000e+00
    endloop
  endfacet
  facet normal 0.000000e+00 -0.000000e+00 -1.000000e+00
    outer loop
      vertex   -1.606621e-11 1.536700e+01 0.000000e+00
      vertex   2.300901e-01 1.419371e+01 0.000000e+00
      vertex   -1.606639e-11 1.422400e+01 0.000000e+00
    endloop
  endfacet
  facet normal 0.000000e+00 0.000000e+00 -1.000000e+00
    outer loop
      vertex   -1.606621e-11 1.536700e+01 0.000000e+00
      vertex   -1.606639e-11 1.422400e+01 0.000000e+00
      vertex   -2.300901e-01 1.419371e+01 0.000000e+00
    endloop
  endfacet
  facet normal 0.000000e+00 0.000000e+00 -1.000000e+00
    outer loop
      vertex   2.300901e-01 1.539729e+01 0.000000e+00
      vertex   4.445000e-01 1.548610e+01 0.000000e+00
      vertex   2.300901e-01 1.419371e+01 0.000000e+00
    endloop
  endfacet
  facet normal 0.000000e+00 0.000000e+00 -1.000000e+00
    outer loop
      vertex   2.300901e-01 1.419371e+01 0.000000e+00
      vertex   4.445000e-01 1.548610e+01 0.000000e+00
      vertex   4.445000e-01 1.410490e+01 0.000000e+00
    endloop
  endfacet
  facet normal 0.000000e+00 0.000000e+00 -1.000000e+00
    outer loop
      vertex   4.445000e-01 1.410490e+01 0.000000e+00
      vertex   4.445000e-01 1.548610e+01 0.000000e+00
      vertex   6.286179e-01 1.562738e+01 0.000000e+00
    endloop
  endfacet
  facet normal 0.000000e+00 0.000000e+00 -1.000000e+00
    outer loop
      vertex   4.445000e-01 1.410490e+01 0.000000e+00
      vertex   6.286179e-01 1.562738e+01 0.000000e+00
      vertex   6.286179e-01 1.396362e+01 0.000000e+00
    endloop
  endfacet
  facet normal 0.000000e+00 0.000000e+00 -1.000000e+00
    outer loop
      vertex   6.286179e-01 1.396362e+01 0.000000e+00
      vertex   6.286179e-01 1.562738e+01 0.000000e+00
      vertex   7.698966e-01 1.581150e+01 0.000000e+00
    endloop
  endfacet
  facet normal 0.000000e+00 0.000000e+00 -1.000000e+00
    outer loop
      vertex   6.286179e-01 1.396362e+01 0.000000e+00
      vertex   7.698966e-01 1.581150e+01 0.000000e+00
      vertex   7.698966e-01 1.377950e+01 0.000000e+00
    endloop
  endfacet
  facet normal 0.000000e+00 0.000000e+00 -1.000000e+00
    outer loop
      vertex   7.698966e-01 1.377950e+01 0.000000e+00
      vertex   7.698966e-01 1.581150e+01 0.000000e+00
      vertex   8.587081e-01 1.602591e+01 0.000000e+00
    endloop
  endfacet
  facet normal 0.000000e+00 0.000000e+00 -1.000000e+00
    outer loop
      vertex   7.698966e-01 1.377950e+01 0.000000e+00
      vertex   8.587081e-01 1.602591e+01 0.000000e+00
      vertex   8.587081e-01 1.356509e+01 0.000000e+00
    endloop
  endfacet
  facet normal 0.000000e+00 0.000000e+00 -1.000000e+00
    outer loop
      vertex   8.587081e-01 1.356509e+01 0.000000e+00
      vertex   8.587081e-01 1.602591e+01 0.000000e+00
      vertex   8.890000e-01 1.625600e+01 0.000000e+00
    endloop
  endfacet
  facet normal 0.000000e+00 0.000000e+00 -1.000000e+00
    outer loop
      vertex   8.587081e-01 1.356509e+01 0.000000e+00
      vertex   8.890000e-01 1.625600e+01 0.000000e+00
      vertex   8.890000e-01 1.333500e+01 0.000000e+00
    endloop
  endfacet
  facet normal 0.000000e+00 0.000000e+00 -1.000000e+00
    outer loop
      vertex   -2.450674e+00 3.784279e+00 0.000000e+00
      vertex   -8.890000e-01 7.493000e+00 0.000000e+00
      vertex   -1.844286e+00 4.114023e+00 0.000000e+00
    endloop
  endfacet
  facet normal 0.000000e+00 0.000000e+00 -1.000000e+00
    outer loop
      vertex   -1.844286e+00 4.114023e+00 0.000000e+00
      vertex   -8.890000e-01 7.493000e+00 0.000000e+00
      vertex   -8.587081e-01 7.262910e+00 0.000000e+00
    endloop
  endfacet
  facet normal 0.000000e+00 0.000000e+00 -1.000000e+00
    outer loop
      vertex   -1.844286e+00 4.114023e+00 0.000000e+00
      vertex   -8.587081e-01 7.262910e+00 0.000000e+00
      vertex   -1.194669e+00 4.347337e+00 0.000000e+00
    endloop
  endfacet
  facet normal 0.000000e+00 0.000000e+00 -1.000000e+00
    outer loop
      vertex   -1.194669e+00 4.347337e+00 0.000000e+00
      vertex   -8.587081e-01 7.262910e+00 0.000000e+00
      vertex   -7.698966e-01 7.048500e+00 0.000000e+00
    endloop
  endfacet
  facet normal 0.000000e+00 0.000000e+00 -1.000000e+00
    outer loop
      vertex   -1.194669e+00 4.347337e+00 0.000000e+00
      vertex   -7.698966e-01 7.048500e+00 0.000000e+00
      vertex   -6.286179e-01 6.864382e+00 0.000000e+00
    endloop
  endfacet
  facet normal 0.000000e+00 0.000000e+00 -1.000000e+00
    outer loop
      vertex   -1.194669e+00 4.347337e+00 0.000000e+00
      vertex   -6.286179e-01 6.864382e+00 0.000000e+00
      vertex   -5.170502e-01 4.478753e+00 0.000000e+00
    endloop
  endfacet
  facet normal 0.000000e+00 0.000000e+00 -1.000000e+00
    outer loop
      vertex   -5.170502e-01 4.478753e+00 0.000000e+00
      vertex   -6.286179e-01 6.864382e+00 0.000000e+00
      vertex   -4.445000e-01 6.723103e+00 0.000000e+00
    endloop
  endfacet
  facet normal 0.000000e+00 0.000000e+00 -1.000000e+00
    outer loop
      vertex   -5.170502e-01 4.478753e+00 0.000000e+00
      vertex   -4.445000e-01 6.723103e+00 0.000000e+00
      vertex   -2.300901e-01 6.634292e+00 0.000000e+00
    endloop
  endfacet
  facet normal 0.000000e+00 0.000000e+00 -1.000000e+00
    outer loop
      vertex   -5.170502e-01 4.478753e+00 0.000000e+00
      vertex   -2.300901e-01 6.634292e+00 0.000000e+00
      vertex   1.726879e-01 4.505192e+00 0.000000e+00
    endloop
  endfacet
  facet normal 0.000000e+00 0.000000e+00 -1.000000e+00
    outer loop
      vertex   1.726879e-01 4.505192e+00 0.000000e+00
      vertex   -2.300901e-01 6.634292e+00 0.000000e+00
      vertex   -1.606674e-11 6.604000e+00 0.000000e+00
    endloop
  endfacet
  facet normal 0.000000e+00 0.000000e+00 -1.000000e+00
    outer loop
      vertex   1.726879e-01 4.505192e+00 0.000000e+00
      vertex   -1.606674e-11 6.604000e+00 0.000000e+00
      vertex   2.300901e-01 6.634292e+00 0.000000e+00
    endloop
  endfacet
  facet normal 0.000000e+00 -0.000000e+00 -1.000000e+00
    outer loop
      vertex   2.300901e-01 6.634292e+00 0.000000e+00
      vertex   4.445000e-01 6.723103e+00 0.000000e+00
      vertex   1.726879e-01 4.505192e+00 0.000000e+00
    endloop
  endfacet
  facet normal 0.000000e+00 0.000000e+00 -1.000000e+00
    outer loop
      vertex   1.726879e-01 4.505192e+00 0.000000e+00
      vertex   4.445000e-01 6.723103e+00 0.000000e+00
      vertex   8.583783e-01 4.426032e+00 0.000000e+00
    endloop
  endfacet
  facet normal 0.000000e+00 0.000000e+00 -1.000000e+00
    outer loop
      vertex   8.583783e-01 4.426032e+00 0.000000e+00
      vertex   4.445000e-01 6.723103e+00 0.000000e+00
      vertex   6.286179e-01 6.864382e+00 0.000000e+00
    endloop
  endfacet
  facet normal 0.000000e+00 0.000000e+00 -1.000000e+00
    outer loop
      vertex   8.583783e-01 4.426032e+00 0.000000e+00
      vertex   6.286179e-01 6.864382e+00 0.000000e+00
      vertex   7.698966e-01 7.048500e+00 0.000000e+00
    endloop
  endfacet
  facet normal 0.000000e+00 0.000000e+00 -1.000000e+00
    outer loop
      vertex   8.583783e-01 4.426032e+00 0.000000e+00
      vertex   7.698966e-01 7.048500e+00 0.000000e+00
      vertex   1.523949e+00 4.243130e+00 0.000000e+00
    endloop
  endfacet
  facet normal 0.000000e+00 0.000000e+00 -1.000000e+00
    outer loop
      vertex   1.523949e+00 4.243130e+00 0.000000e+00
      vertex   7.698966e-01 7.048500e+00 0.000000e+00
      vertex   8.587081e-01 7.262910e+00 0.000000e+00
    endloop
  endfacet
  facet normal 0.000000e+00 0.000000e+00 -1.000000e+00
    outer loop
      vertex   1.523949e+00 4.243130e+00 0.000000e+00
      vertex   8.587081e-01 7.262910e+00 0.000000e+00
      vertex   2.153800e+00 3.960772e+00 0.000000e+00
    endloop
  endfacet
  facet normal 0.000000e+00 0.000000e+00 -1.000000e+00
    outer loop
      vertex   2.153800e+00 3.960772e+00 0.000000e+00
      vertex   8.587081e-01 7.262910e+00 0.000000e+00
      vertex   8.890000e-01 7.493000e+00 0.000000e+00
    endloop
  endfacet
  facet normal 0.000000e+00 0.000000e+00 -1.000000e+00
    outer loop
      vertex   1.185421e+01 -1.491242e+01 0.000000e+00
      vertex   1.064409e+01 -8.587081e-01 0.000000e+00
      vertex   1.293304e+01 -1.398710e+01 0.000000e+00
    endloop
  endfacet
  facet normal 0.000000e+00 0.000000e+00 -1.000000e+00
    outer loop
      vertex   1.293304e+01 -1.398710e+01 0.000000e+00
      vertex   1.064409e+01 -8.587081e-01 0.000000e+00
      vertex   1.085850e+01 -7.698966e-01 0.000000e+00
    endloop
  endfacet
  facet normal 0.000000e+00 0.000000e+00 -1.000000e+00
    outer loop
      vertex   1.293304e+01 -1.398710e+01 0.000000e+00
      vertex   1.085850e+01 -7.698966e-01 0.000000e+00
      vertex   1.393988e+01 -1.298392e+01 0.000000e+00
    endloop
  endfacet
  facet normal 0.000000e+00 0.000000e+00 -1.000000e+00
    outer loop
      vertex   1.711471e+01 2.300901e-01 0.000000e+00
      vertex   1.900203e+01 1.351083e+00 0.000000e+00
      vertex   1.714500e+01 1.606923e-11 0.000000e+00
    endloop
  endfacet
  facet normal 0.000000e+00 0.000000e+00 -1.000000e+00
    outer loop
      vertex   1.714500e+01 1.606923e-11 0.000000e+00
      vertex   1.900203e+01 1.351083e+00 0.000000e+00
      vertex   1.904987e+01 -6.941322e-02 0.000000e+00
    endloop
  endfacet
  facet normal 0.000000e+00 -0.000000e+00 -1.000000e+00
    outer loop
      vertex   1.714500e+01 1.606923e-11 0.000000e+00
      vertex   1.904987e+01 -6.941322e-02 0.000000e+00
      vertex   1.711471e+01 -2.300901e-01 0.000000e+00
    endloop
  endfacet
  facet normal 0.000000e+00 0.000000e+00 -1.000000e+00
    outer loop
      vertex   1.711471e+01 -2.300901e-01 0.000000e+00
      vertex   1.904987e+01 -6.941322e-02 0.000000e+00
      vertex   1.899168e+01 -1.489523e+00 0.000000e+00
    endloop
  endfacet
  facet normal 0.000000e+00 -0.000000e+00 -1.000000e+00
    outer loop
      vertex   1.711471e+01 -2.300901e-01 0.000000e+00
      vertex   1.899168e+01 -1.489523e+00 0.000000e+00
      vertex   1.702590e+01 -4.445000e-01 0.000000e+00
    endloop
  endfacet
  facet normal 0.000000e+00 0.000000e+00 -1.000000e+00
    outer loop
      vertex   1.702590e+01 -4.445000e-01 0.000000e+00
      vertex   1.899168e+01 -1.489523e+00 0.000000e+00
      vertex   1.882776e+01 -2.901341e+00 0.000000e+00
    endloop
  endfacet
  facet normal 0.000000e+00 -0.000000e+00 -1.000000e+00
    outer loop
      vertex   1.702590e+01 -4.445000e-01 0.000000e+00
      vertex   1.882776e+01 -2.901341e+00 0.000000e+00
      vertex   1.688462e+01 -6.286179e-01 0.000000e+00
    endloop
  endfacet
  facet normal 0.000000e+00 0.000000e+00 -1.000000e+00
    outer loop
      vertex   1.688462e+01 -6.286179e-01 0.000000e+00
      vertex   1.882776e+01 -2.901341e+00 0.000000e+00
      vertex   1.855905e+01 -4.297008e+00 0.000000e+00
    endloop
  endfacet
  facet normal 0.000000e+00 -0.000000e+00 -1.000000e+00
    outer loop
      vertex   1.688462e+01 -6.286179e-01 0.000000e+00
      vertex   1.855905e+01 -4.297008e+00 0.000000e+00
      vertex   1.670050e+01 -7.698966e-01 0.000000e+00
    endloop
  endfacet
  facet normal 0.000000e+00 0.000000e+00 -1.000000e+00
    outer loop
      vertex   1.670050e+01 -7.698966e-01 0.000000e+00
      vertex   1.855905e+01 -4.297008e+00 0.000000e+00
      vertex   1.818702e+01 -5.668757e+00 0.000000e+00
    endloop
  endfacet
  facet normal 0.000000e+00 -0.000000e+00 -1.000000e+00
    outer loop
      vertex   1.670050e+01 -7.698966e-01 0.000000e+00
      vertex   1.818702e+01 -5.668757e+00 0.000000e+00
      vertex   1.648609e+01 -8.587081e-01 0.000000e+00
    endloop
  endfacet
  facet normal 0.000000e+00 0.000000e+00 -1.000000e+00
    outer loop
      vertex   1.648609e+01 -8.587081e-01 0.000000e+00
      vertex   1.818702e+01 -5.668757e+00 0.000000e+00
      vertex   1.771376e+01 -7.008950e+00 0.000000e+00
    endloop
  endfacet
  facet normal -0.000000e+00 0.000000e+00 -1.000000e+00
    outer loop
      vertex   1.900203e+01 1.351083e+00 0.000000e+00
      vertex   1.711471e+01 2.300901e-01 0.000000e+00
      vertex   1.884841e+01 2.764058e+00 0.000000e+00
    endloop
  endfacet
  facet normal 0.000000e+00 0.000000e+00 -1.000000e+00
    outer loop
      vertex   1.884841e+01 2.764058e+00 0.000000e+00
      vertex   1.711471e+01 2.300901e-01 0.000000e+00
      vertex   1.702590e+01 4.445000e-01 0.000000e+00
    endloop
  endfacet
  facet normal 0.000000e+00 0.000000e+00 -1.000000e+00
    outer loop
      vertex   1.884841e+01 2.764058e+00 0.000000e+00
      vertex   1.702590e+01 4.445000e-01 0.000000e+00
      vertex   1.688462e+01 6.286179e-01 0.000000e+00
    endloop
  endfacet
  facet normal -0.000000e+00 0.000000e+00 -1.000000e+00
    outer loop
      vertex   1.884841e+01 2.764058e+00 0.000000e+00
      vertex   1.688462e+01 6.286179e-01 0.000000e+00
      vertex   1.858987e+01 4.161647e+00 0.000000e+00
    endloop
  endfacet
  facet normal 0.000000e+00 0.000000e+00 -1.000000e+00
    outer loop
      vertex   1.858987e+01 4.161647e+00 0.000000e+00
      vertex   1.688462e+01 6.286179e-01 0.000000e+00
      vertex   1.670050e+01 7.698966e-01 0.000000e+00
    endloop
  endfacet
  facet normal -0.000000e+00 0.000000e+00 -1.000000e+00
    outer loop
      vertex   1.858987e+01 4.161647e+00 0.000000e+00
      vertex   1.670050e+01 7.698966e-01 0.000000e+00
      vertex   1.822785e+01 5.536070e+00 0.000000e+00
    endloop
  endfacet
  facet normal 0.000000e+00 0.000000e+00 -1.000000e+00
    outer loop
      vertex   1.822785e+01 5.536070e+00 0.000000e+00
      vertex   1.670050e+01 7.698966e-01 0.000000e+00
      vertex   1.648609e+01 8.587081e-01 0.000000e+00
    endloop
  endfacet
  facet normal -0.000000e+00 0.000000e+00 -1.000000e+00
    outer loop
      vertex   1.822785e+01 5.536070e+00 0.000000e+00
      vertex   1.648609e+01 8.587081e-01 0.000000e+00
      vertex   1.776436e+01 6.879676e+00 0.000000e+00
    endloop
  endfacet
  facet normal 0.000000e+00 0.000000e+00 -1.000000e+00
    outer loop
      vertex   1.776436e+01 6.879676e+00 0.000000e+00
      vertex   1.648609e+01 8.587081e-01 0.000000e+00
      vertex   1.625600e+01 8.890000e-01 0.000000e+00
    endloop
  endfacet
  facet normal 0.000000e+00 0.000000e+00 -1.000000e+00
    outer loop
      vertex   1.776436e+01 6.879676e+00 0.000000e+00
      vertex   1.625600e+01 8.890000e-01 0.000000e+00
      vertex   1.602591e+01 8.587081e-01 0.000000e+00
    endloop
  endfacet
  facet normal -0.000000e+00 0.000000e+00 -1.000000e+00
    outer loop
      vertex   1.776436e+01 6.879676e+00 0.000000e+00
      vertex   1.602591e+01 8.587081e-01 0.000000e+00
      vertex   1.720199e+01 8.184987e+00 0.000000e+00
    endloop
  endfacet
  facet normal 0.000000e+00 0.000000e+00 -1.000000e+00
    outer loop
      vertex   1.720199e+01 8.184987e+00 0.000000e+00
      vertex   1.602591e+01 8.587081e-01 0.000000e+00
      vertex   1.581150e+01 7.698966e-01 0.000000e+00
    endloop
  endfacet
  facet normal -0.000000e+00 0.000000e+00 -1.000000e+00
    outer loop
      vertex   1.720199e+01 8.184987e+00 0.000000e+00
      vertex   1.581150e+01 7.698966e-01 0.000000e+00
      vertex   1.654386e+01 9.444736e+00 0.000000e+00
    endloop
  endfacet
  facet normal -0.000000e+00 0.000000e+00 -1.000000e+00
    outer loop
      vertex   -1.064409e+01 8.587081e-01 0.000000e+00
      vertex   -1.085850e+01 7.698966e-01 0.000000e+00
      vertex   -1.654386e+01 9.444736e+00 0.000000e+00
    endloop
  endfacet
  facet normal 0.000000e+00 0.000000e+00 -1.000000e+00
    outer loop
      vertex   -1.185421e+01 -1.491242e+01 0.000000e+00
      vertex   -1.018391e+01 -8.587081e-01 0.000000e+00
      vertex   -1.070939e+01 -1.575473e+01 0.000000e+00
    endloop
  endfacet
  facet normal 0.000000e+00 0.000000e+00 -1.000000e+00
    outer loop
      vertex   -1.070939e+01 -1.575473e+01 0.000000e+00
      vertex   -1.018391e+01 -8.587081e-01 0.000000e+00
      vertex   -9.969500e+00 -7.698966e-01 0.000000e+00
    endloop
  endfacet
  facet normal 0.000000e+00 -0.000000e+00 -1.000000e+00
    outer loop
      vertex   -1.654386e+01 9.444736e+00 0.000000e+00
      vertex   -1.581150e+01 7.698966e-01 0.000000e+00
      vertex   -1.720199e+01 8.184987e+00 0.000000e+00
    endloop
  endfacet
  facet normal 0.000000e+00 0.000000e+00 -1.000000e+00
    outer loop
      vertex   -1.720199e+01 8.184987e+00 0.000000e+00
      vertex   -1.581150e+01 7.698966e-01 0.000000e+00
      vertex   -1.602591e+01 8.587081e-01 0.000000e+00
    endloop
  endfacet
  facet normal 0.000000e+00 -0.000000e+00 -1.000000e+00
    outer loop
      vertex   -1.720199e+01 8.184987e+00 0.000000e+00
      vertex   -1.602591e+01 8.587081e-01 0.000000e+00
      vertex   -1.776436e+01 6.879676e+00 0.000000e+00
    endloop
  endfacet
  facet normal 0.000000e+00 0.000000e+00 -1.000000e+00
    outer loop
      vertex   -1.776436e+01 6.879676e+00 0.000000e+00
      vertex   -1.602591e+01 8.587081e-01 0.000000e+00
      vertex   -1.625600e+01 8.890000e-01 0.000000e+00
    endloop
  endfacet
  facet normal 0.000000e+00 0.000000e+00 -1.000000e+00
    outer loop
      vertex   -1.776436e+01 6.879676e+00 0.000000e+00
      vertex   -1.625600e+01 8.890000e-01 0.000000e+00
      vertex   -1.648609e+01 8.587081e-01 0.000000e+00
    endloop
  endfacet
  facet normal 0.000000e+00 -0.000000e+00 -1.000000e+00
    outer loop
      vertex   -1.776436e+01 6.879676e+00 0.000000e+00
      vertex   -1.648609e+01 8.587081e-01 0.000000e+00
      vertex   -1.822785e+01 5.536070e+00 0.000000e+00
    endloop
  endfacet
  facet normal 0.000000e+00 0.000000e+00 -1.000000e+00
    outer loop
      vertex   -1.822785e+01 5.536070e+00 0.000000e+00
      vertex   -1.648609e+01 8.587081e-01 0.000000e+00
      vertex   -1.670050e+01 7.698966e-01 0.000000e+00
    endloop
  endfacet
  facet normal 0.000000e+00 -0.000000e+00 -1.000000e+00
    outer loop
      vertex   -1.822785e+01 5.536070e+00 0.000000e+00
      vertex   -1.670050e+01 7.698966e-01 0.000000e+00
      vertex   -1.858987e+01 4.161647e+00 0.000000e+00
    endloop
  endfacet
  facet normal 0.000000e+00 0.000000e+00 -1.000000e+00
    outer loop
      vertex   -1.858987e+01 4.161647e+00 0.000000e+00
      vertex   -1.670050e+01 7.698966e-01 0.000000e+00
      vertex   -1.688462e+01 6.286179e-01 0.000000e+00
    endloop
  endfacet
  facet normal 0.000000e+00 -0.000000e+00 -1.000000e+00
    outer loop
      vertex   -1.858987e+01 4.161647e+00 0.000000e+00
      vertex   -1.688462e+01 6.286179e-01 0.000000e+00
      vertex   -1.884841e+01 2.764058e+00 0.000000e+00
    endloop
  endfacet
  facet normal 0.000000e+00 0.000000e+00 -1.000000e+00
    outer loop
      vertex   -1.884841e+01 2.764058e+00 0.000000e+00
      vertex   -1.688462e+01 6.286179e-01 0.000000e+00
      vertex   -1.702590e+01 4.445000e-01 0.000000e+00
    endloop
  endfacet
  facet normal 0.000000e+00 0.000000e+00 -1.000000e+00
    outer loop
      vertex   -1.884841e+01 2.764058e+00 0.000000e+00
      vertex   -1.702590e+01 4.445000e-01 0.000000e+00
      vertex   -1.711471e+01 2.300901e-01 0.000000e+00
    endloop
  endfacet
  facet normal 0.000000e+00 -0.000000e+00 -1.000000e+00
    outer loop
      vertex   -1.884841e+01 2.764058e+00 0.000000e+00
      vertex   -1.711471e+01 2.300901e-01 0.000000e+00
      vertex   -1.900203e+01 1.351083e+00 0.000000e+00
    endloop
  endfacet
  facet normal 0.000000e+00 0.000000e+00 -1.000000e+00
    outer loop
      vertex   -1.900203e+01 1.351083e+00 0.000000e+00
      vertex   -1.711471e+01 2.300901e-01 0.000000e+00
      vertex   -1.714500e+01 -1.606318e-11 0.000000e+00
    endloop
  endfacet
  facet normal 0.000000e+00 -0.000000e+00 -1.000000e+00
    outer loop
      vertex   -1.900203e+01 1.351083e+00 0.000000e+00
      vertex   -1.714500e+01 -1.606318e-11 0.000000e+00
      vertex   -1.904987e+01 -6.941322e-02 0.000000e+00
    endloop
  endfacet
  facet normal 0.000000e+00 0.000000e+00 -1.000000e+00
    outer loop
      vertex   -1.904987e+01 -6.941322e-02 0.000000e+00
      vertex   -1.714500e+01 -1.606318e-11 0.000000e+00
      vertex   -1.711471e+01 -2.300901e-01 0.000000e+00
    endloop
  endfacet
  facet normal 0.000000e+00 0.000000e+00 -1.000000e+00
    outer loop
      vertex   -1.904987e+01 -6.941322e-02 0.000000e+00
      vertex   -1.711471e+01 -2.300901e-01 0.000000e+00
      vertex   -1.899168e+01 -1.489523e+00 0.000000e+00
    endloop
  endfacet
  facet normal 0.000000e+00 0.000000e+00 -1.000000e+00
    outer loop
      vertex   -1.899168e+01 -1.489523e+00 0.000000e+00
      vertex   -1.711471e+01 -2.300901e-01 0.000000e+00
      vertex   -1.702590e+01 -4.445000e-01 0.000000e+00
    endloop
  endfacet
  facet normal 0.000000e+00 0.000000e+00 -1.000000e+00
    outer loop
      vertex   -1.899168e+01 -1.489523e+00 0.000000e+00
      vertex   -1.702590e+01 -4.445000e-01 0.000000e+00
      vertex   -1.882776e+01 -2.901341e+00 0.000000e+00
    endloop
  endfacet
  facet normal 0.000000e+00 0.000000e+00 -1.000000e+00
    outer loop
      vertex   -1.882776e+01 -2.901341e+00 0.000000e+00
      vertex   -1.702590e+01 -4.445000e-01 0.000000e+00
      vertex   -1.688462e+01 -6.286179e-01 0.000000e+00
    endloop
  endfacet
  facet normal 0.000000e+00 0.000000e+00 -1.000000e+00
    outer loop
      vertex   -1.882776e+01 -2.901341e+00 0.000000e+00
      vertex   -1.688462e+01 -6.286179e-01 0.000000e+00
      vertex   -1.855905e+01 -4.297008e+00 0.000000e+00
    endloop
  endfacet
  facet normal 0.000000e+00 0.000000e+00 -1.000000e+00
    outer loop
      vertex   -1.855905e+01 -4.297008e+00 0.000000e+00
      vertex   -1.688462e+01 -6.286179e-01 0.000000e+00
      vertex   -1.670050e+01 -7.698966e-01 0.000000e+00
    endloop
  endfacet
  facet normal 0.000000e+00 0.000000e+00 -1.000000e+00
    outer loop
      vertex   -1.855905e+01 -4.297008e+00 0.000000e+00
      vertex   -1.670050e+01 -7.698966e-01 0.000000e+00
      vertex   -1.818702e+01 -5.668757e+00 0.000000e+00
    endloop
  endfacet
  facet normal 0.000000e+00 0.000000e+00 -1.000000e+00
    outer loop
      vertex   -1.818702e+01 -5.668757e+00 0.000000e+00
      vertex   -1.670050e+01 -7.698966e-01 0.000000e+00
      vertex   -1.648609e+01 -8.587081e-01 0.000000e+00
    endloop
  endfacet
  facet normal 0.000000e+00 0.000000e+00 -1.000000e+00
    outer loop
      vertex   -1.818702e+01 -5.668757e+00 0.000000e+00
      vertex   -1.648609e+01 -8.587081e-01 0.000000e+00
      vertex   -1.771376e+01 -7.008950e+00 0.000000e+00
    endloop
  endfacet
  facet normal 0.000000e+00 0.000000e+00 -1.000000e+00
    outer loop
      vertex   -1.771376e+01 -7.008950e+00 0.000000e+00
      vertex   -1.648609e+01 -8.587081e-01 0.000000e+00
      vertex   -1.625600e+01 -8.890000e-01 0.000000e+00
    endloop
  endfacet
  facet normal 0.000000e+00 0.000000e+00 -1.000000e+00
    outer loop
      vertex   -1.771376e+01 -7.008950e+00 0.000000e+00
      vertex   -1.625600e+01 -8.890000e-01 0.000000e+00
      vertex   -1.602591e+01 -8.587081e-01 0.000000e+00
    endloop
  endfacet
  facet normal 0.000000e+00 0.000000e+00 -1.000000e+00
    outer loop
      vertex   -1.771376e+01 -7.008950e+00 0.000000e+00
      vertex   -1.602591e+01 -8.587081e-01 0.000000e+00
      vertex   -1.714189e+01 -8.310128e+00 0.000000e+00
    endloop
  endfacet
  facet normal 0.000000e+00 0.000000e+00 -1.000000e+00
    outer loop
      vertex   -1.714189e+01 -8.310128e+00 0.000000e+00
      vertex   -1.602591e+01 -8.587081e-01 0.000000e+00
      vertex   -1.581150e+01 -7.698966e-01 0.000000e+00
    endloop
  endfacet
  facet normal 0.000000e+00 0.000000e+00 -1.000000e+00
    outer loop
      vertex   -1.714189e+01 -8.310128e+00 0.000000e+00
      vertex   -1.581150e+01 -7.698966e-01 0.000000e+00
      vertex   -1.647460e+01 -9.565048e+00 0.000000e+00
    endloop
  endfacet
  facet normal 0.000000e+00 0.000000e+00 -1.000000e+00
    outer loop
      vertex   3.687635e+00 2.593824e+00 0.000000e+00
      vertex   3.248472e+00 3.126340e+00 0.000000e+00
      vertex   8.890000e-01 1.333500e+01 0.000000e+00
    endloop
  endfacet
  facet normal -0.000000e+00 0.000000e+00 -1.000000e+00
    outer loop
      vertex   -2.999621e+00 3.365835e+00 0.000000e+00
      vertex   -3.478259e+00 2.868499e+00 0.000000e+00
      vertex   -8.890000e-01 1.041400e+01 0.000000e+00
    endloop
  endfacet
  facet normal -0.000000e+00 0.000000e+00 -1.000000e+00
    outer loop
      vertex   1.070939e+01 -1.575473e+01 0.000000e+00
      vertex   9.504955e+00 -1.650934e+01 0.000000e+00
      vertex   7.937500e+00 -7.698966e-01 0.000000e+00
    endloop
  endfacet
  facet normal 0.000000e+00 0.000000e+00 -1.000000e+00
    outer loop
      vertex   -1.654386e+01 9.444736e+00 0.000000e+00
      vertex   -3.810000e+00 3.175000e+01 0.000000e+00
      vertex   -8.890000e-01 1.625600e+01 0.000000e+00
    endloop
  endfacet
  facet normal 0.000000e+00 0.000000e+00 -1.000000e+00
    outer loop
      vertex   -3.810000e+00 3.175000e+01 0.000000e+00
      vertex   -3.810000e+00 5.715000e+01 0.000000e+00
      vertex   -1.574982e+00 5.060103e+01 0.000000e+00
    endloop
  endfacet
  facet normal 0.000000e+00 0.000000e+00 -1.000000e+00
    outer loop
      vertex   -1.574982e+00 5.060103e+01 0.000000e+00
      vertex   -3.810000e+00 5.715000e+01 0.000000e+00
      vertex   -1.574982e+00 5.099897e+01 0.000000e+00
    endloop
  endfacet
  facet normal 0.000000e+00 0.000000e+00 -1.000000e+00
    outer loop
      vertex   -1.574982e+00 5.099897e+01 0.000000e+00
      vertex   -3.810000e+00 5.715000e+01 0.000000e+00
      vertex   -1.476020e+00 5.138440e+01 0.000000e+00
    endloop
  endfacet
  facet normal 0.000000e+00 0.000000e+00 -1.000000e+00
    outer loop
      vertex   -1.476020e+00 5.138440e+01 0.000000e+00
      vertex   -3.810000e+00 5.715000e+01 0.000000e+00
      vertex   -1.284314e+00 5.173311e+01 0.000000e+00
    endloop
  endfacet
  facet normal 0.000000e+00 0.000000e+00 -1.000000e+00
    outer loop
      vertex   -1.284314e+00 5.173311e+01 0.000000e+00
      vertex   -3.810000e+00 5.715000e+01 0.000000e+00
      vertex   -1.011911e+00 5.202319e+01 0.000000e+00
    endloop
  endfacet
  facet normal 0.000000e+00 0.000000e+00 -1.000000e+00
    outer loop
      vertex   -1.011911e+00 5.202319e+01 0.000000e+00
      vertex   -3.810000e+00 5.715000e+01 0.000000e+00
      vertex   -6.759246e-01 5.223641e+01 0.000000e+00
    endloop
  endfacet
  facet normal 0.000000e+00 0.000000e+00 -1.000000e+00
    outer loop
      vertex   -6.759246e-01 5.223641e+01 0.000000e+00
      vertex   -3.810000e+00 5.715000e+01 0.000000e+00
      vertex   -2.974678e-01 5.235938e+01 0.000000e+00
    endloop
  endfacet
  facet normal 0.000000e+00 0.000000e+00 -1.000000e+00
    outer loop
      vertex   -2.974678e-01 5.235938e+01 0.000000e+00
      vertex   -3.810000e+00 5.715000e+01 0.000000e+00
      vertex   9.967995e-02 5.238437e+01 0.000000e+00
    endloop
  endfacet
  facet normal 0.000000e+00 0.000000e+00 -1.000000e+00
    outer loop
      vertex   9.967995e-02 5.238437e+01 0.000000e+00
      vertex   -3.810000e+00 5.715000e+01 0.000000e+00
      vertex   3.810000e+00 5.715000e+01 0.000000e+00
    endloop
  endfacet
  facet normal 0.000000e+00 0.000000e+00 -1.000000e+00
    outer loop
      vertex   9.967995e-02 5.238437e+01 0.000000e+00
      vertex   3.810000e+00 5.715000e+01 0.000000e+00
      vertex   4.905645e-01 5.230980e+01 0.000000e+00
    endloop
  endfacet
  facet normal 0.000000e+00 0.000000e+00 -1.000000e+00
    outer loop
      vertex   4.905645e-01 5.230980e+01 0.000000e+00
      vertex   3.810000e+00 5.715000e+01 0.000000e+00
      vertex   8.506250e-01 5.214037e+01 0.000000e+00
    endloop
  endfacet
  facet normal 0.000000e+00 0.000000e+00 -1.000000e+00
    outer loop
      vertex   8.506250e-01 5.214037e+01 0.000000e+00
      vertex   3.810000e+00 5.715000e+01 0.000000e+00
      vertex   1.157238e+00 5.188672e+01 0.000000e+00
    endloop
  endfacet
  facet normal 0.000000e+00 0.000000e+00 -1.000000e+00
    outer loop
      vertex   1.157238e+00 5.188672e+01 0.000000e+00
      vertex   3.810000e+00 5.715000e+01 0.000000e+00
      vertex   1.391137e+00 5.156478e+01 0.000000e+00
    endloop
  endfacet
  facet normal 0.000000e+00 0.000000e+00 -1.000000e+00
    outer loop
      vertex   1.391137e+00 5.156478e+01 0.000000e+00
      vertex   3.810000e+00 5.715000e+01 0.000000e+00
      vertex   1.537626e+00 5.119480e+01 0.000000e+00
    endloop
  endfacet
  facet normal 0.000000e+00 0.000000e+00 -1.000000e+00
    outer loop
      vertex   1.537626e+00 5.119480e+01 0.000000e+00
      vertex   3.810000e+00 5.715000e+01 0.000000e+00
      vertex   1.587500e+00 5.080000e+01 0.000000e+00
    endloop
  endfacet
  facet normal 0.000000e+00 -0.000000e+00 -1.000000e+00
    outer loop
      vertex   1.587500e+00 5.080000e+01 0.000000e+00
      vertex   3.810000e+00 5.715000e+01 0.000000e+00
      vertex   1.537626e+00 5.040520e+01 0.000000e+00
    endloop
  endfacet
  facet normal 0.000000e+00 0.000000e+00 -1.000000e+00
    outer loop
      vertex   1.537626e+00 5.040520e+01 0.000000e+00
      vertex   3.810000e+00 5.715000e+01 0.000000e+00
      vertex   3.810000e+00 3.175000e+01 0.000000e+00
    endloop
  endfacet
  facet normal 0.000000e+00 0.000000e+00 -1.000000e+00
    outer loop
      vertex   1.537626e+00 5.040520e+01 0.000000e+00
      vertex   3.810000e+00 3.175000e+01 0.000000e+00
      vertex   1.537626e+00 3.849480e+01 0.000000e+00
    endloop
  endfacet
  facet normal 0.000000e+00 0.000000e+00 -1.000000e+00
    outer loop
      vertex   1.537626e+00 3.849480e+01 0.000000e+00
      vertex   3.810000e+00 3.175000e+01 0.000000e+00
      vertex   1.587500e+00 3.810000e+01 0.000000e+00
    endloop
  endfacet
  facet normal 0.000000e+00 -0.000000e+00 -1.000000e+00
    outer loop
      vertex   1.587500e+00 3.810000e+01 0.000000e+00
      vertex   3.810000e+00 3.175000e+01 0.000000e+00
      vertex   1.537626e+00 3.770520e+01 0.000000e+00
    endloop
  endfacet
  facet normal 0.000000e+00 -0.000000e+00 -1.000000e+00
    outer loop
      vertex   1.537626e+00 3.770520e+01 0.000000e+00
      vertex   3.810000e+00 3.175000e+01 0.000000e+00
      vertex   1.391137e+00 3.733522e+01 0.000000e+00
    endloop
  endfacet
  facet normal 0.000000e+00 -0.000000e+00 -1.000000e+00
    outer loop
      vertex   1.391137e+00 3.733522e+01 0.000000e+00
      vertex   3.810000e+00 3.175000e+01 0.000000e+00
      vertex   1.157238e+00 3.701328e+01 0.000000e+00
    endloop
  endfacet
  facet normal 0.000000e+00 -0.000000e+00 -1.000000e+00
    outer loop
      vertex   1.157238e+00 3.701328e+01 0.000000e+00
      vertex   3.810000e+00 3.175000e+01 0.000000e+00
      vertex   8.506250e-01 3.675963e+01 0.000000e+00
    endloop
  endfacet
  facet normal 0.000000e+00 -0.000000e+00 -1.000000e+00
    outer loop
      vertex   8.506250e-01 3.675963e+01 0.000000e+00
      vertex   3.810000e+00 3.175000e+01 0.000000e+00
      vertex   4.905645e-01 3.659020e+01 0.000000e+00
    endloop
  endfacet
  facet normal 0.000000e+00 -0.000000e+00 -1.000000e+00
    outer loop
      vertex   4.905645e-01 3.659020e+01 0.000000e+00
      vertex   3.810000e+00 3.175000e+01 0.000000e+00
      vertex   9.967995e-02 3.651563e+01 0.000000e+00
    endloop
  endfacet
  facet normal 0.000000e+00 -0.000000e+00 -1.000000e+00
    outer loop
      vertex   1.537626e+00 5.040520e+01 0.000000e+00
      vertex   1.537626e+00 3.849480e+01 0.000000e+00
      vertex   1.391137e+00 5.003522e+01 0.000000e+00
    endloop
  endfacet
  facet normal 0.000000e+00 0.000000e+00 -1.000000e+00
    outer loop
      vertex   1.391137e+00 5.003522e+01 0.000000e+00
      vertex   1.537626e+00 3.849480e+01 0.000000e+00
      vertex   1.391137e+00 3.886478e+01 0.000000e+00
    endloop
  endfacet
  facet normal 0.000000e+00 -0.000000e+00 -1.000000e+00
    outer loop
      vertex   1.391137e+00 5.003522e+01 0.000000e+00
      vertex   1.391137e+00 3.886478e+01 0.000000e+00
      vertex   1.157238e+00 4.971328e+01 0.000000e+00
    endloop
  endfacet
  facet normal 0.000000e+00 0.000000e+00 -1.000000e+00
    outer loop
      vertex   1.157238e+00 4.971328e+01 0.000000e+00
      vertex   1.391137e+00 3.886478e+01 0.000000e+00
      vertex   1.157238e+00 3.918672e+01 0.000000e+00
    endloop
  endfacet
  facet normal 0.000000e+00 -0.000000e+00 -1.000000e+00
    outer loop
      vertex   1.157238e+00 4.971328e+01 0.000000e+00
      vertex   1.157238e+00 3.918672e+01 0.000000e+00
      vertex   8.506250e-01 4.945963e+01 0.000000e+00
    endloop
  endfacet
  facet normal 0.000000e+00 0.000000e+00 -1.000000e+00
    outer loop
      vertex   8.506250e-01 4.945963e+01 0.000000e+00
      vertex   1.157238e+00 3.918672e+01 0.000000e+00
      vertex   8.506250e-01 3.944037e+01 0.000000e+00
    endloop
  endfacet
  facet normal 0.000000e+00 -0.000000e+00 -1.000000e+00
    outer loop
      vertex   8.506250e-01 4.945963e+01 0.000000e+00
      vertex   8.506250e-01 3.944037e+01 0.000000e+00
      vertex   4.905645e-01 4.929020e+01 0.000000e+00
    endloop
  endfacet
  facet normal 0.000000e+00 0.000000e+00 -1.000000e+00
    outer loop
      vertex   4.905645e-01 4.929020e+01 0.000000e+00
      vertex   8.506250e-01 3.944037e+01 0.000000e+00
      vertex   4.905645e-01 3.960980e+01 0.000000e+00
    endloop
  endfacet
  facet normal 0.000000e+00 -0.000000e+00 -1.000000e+00
    outer loop
      vertex   4.905645e-01 4.929020e+01 0.000000e+00
      vertex   4.905645e-01 3.960980e+01 0.000000e+00
      vertex   9.967995e-02 4.921563e+01 0.000000e+00
    endloop
  endfacet
  facet normal 0.000000e+00 0.000000e+00 -1.000000e+00
    outer loop
      vertex   9.967995e-02 4.921563e+01 0.000000e+00
      vertex   4.905645e-01 3.960980e+01 0.000000e+00
      vertex   9.967995e-02 3.968437e+01 0.000000e+00
    endloop
  endfacet
  facet normal 0.000000e+00 -0.000000e+00 -1.000000e+00
    outer loop
      vertex   9.967995e-02 4.921563e+01 0.000000e+00
      vertex   9.967995e-02 3.968437e+01 0.000000e+00
      vertex   -2.974678e-01 3.965938e+01 0.000000e+00
    endloop
  endfacet
  facet normal -0.000000e+00 0.000000e+00 -1.000000e+00
    outer loop
      vertex   9.967995e-02 4.921563e+01 0.000000e+00
      vertex   -2.974678e-01 3.965938e+01 0.000000e+00
      vertex   -2.974678e-01 4.924062e+01 0.000000e+00
    endloop
  endfacet
  facet normal 0.000000e+00 -0.000000e+00 -1.000000e+00
    outer loop
      vertex   -2.974678e-01 4.924062e+01 0.000000e+00
      vertex   -2.974678e-01 3.965938e+01 0.000000e+00
      vertex   -6.759246e-01 3.953641e+01 0.000000e+00
    endloop
  endfacet
  facet normal -0.000000e+00 0.000000e+00 -1.000000e+00
    outer loop
      vertex   -2.974678e-01 4.924062e+01 0.000000e+00
      vertex   -6.759246e-01 3.953641e+01 0.000000e+00
      vertex   -6.759246e-01 4.936359e+01 0.000000e+00
    endloop
  endfacet
  facet normal 0.000000e+00 -0.000000e+00 -1.000000e+00
    outer loop
      vertex   -6.759246e-01 4.936359e+01 0.000000e+00
      vertex   -6.759246e-01 3.953641e+01 0.000000e+00
      vertex   -1.011911e+00 3.932319e+01 0.000000e+00
    endloop
  endfacet
  facet normal -0.000000e+00 0.000000e+00 -1.000000e+00
    outer loop
      vertex   -6.759246e-01 4.936359e+01 0.000000e+00
      vertex   -1.011911e+00 3.932319e+01 0.000000e+00
      vertex   -1.011911e+00 4.957681e+01 0.000000e+00
    endloop
  endfacet
  facet normal 0.000000e+00 -0.000000e+00 -1.000000e+00
    outer loop
      vertex   -1.011911e+00 4.957681e+01 0.000000e+00
      vertex   -1.011911e+00 3.932319e+01 0.000000e+00
      vertex   -1.284314e+00 3.903311e+01 0.000000e+00
    endloop
  endfacet
  facet normal -0.000000e+00 0.000000e+00 -1.000000e+00
    outer loop
      vertex   -1.011911e+00 4.957681e+01 0.000000e+00
      vertex   -1.284314e+00 3.903311e+01 0.000000e+00
      vertex   -1.284314e+00 4.986689e+01 0.000000e+00
    endloop
  endfacet
  facet normal 0.000000e+00 -0.000000e+00 -1.000000e+00
    outer loop
      vertex   -1.284314e+00 4.986689e+01 0.000000e+00
      vertex   -1.284314e+00 3.903311e+01 0.000000e+00
      vertex   -1.476020e+00 3.868440e+01 0.000000e+00
    endloop
  endfacet
endsolid
