solid ASCII
  facet normal -9.945219e-01 1.045285e-01 -5.796016e-17
    outer loop
      vertex   1.118023e+00 -1.649364e+01 -2.540000e-01
      vertex   1.118023e+00 -1.649364e+01 3.556000e+00
      vertex   1.143000e+00 -1.625600e+01 -2.540000e-01
    endloop
  endfacet
  facet normal -9.945219e-01 1.045285e-01 0.000000e+00
    outer loop
      vertex   1.143000e+00 -1.625600e+01 -2.540000e-01
      vertex   1.118023e+00 -1.649364e+01 3.556000e+00
      vertex   1.143000e+00 -1.625600e+01 3.556000e+00
    endloop
  endfacet
  facet normal -9.945219e-01 -1.045285e-01 0.000000e+00
    outer loop
      vertex   1.143000e+00 -1.625600e+01 -2.540000e-01
      vertex   1.143000e+00 -1.625600e+01 3.556000e+00
      vertex   1.118023e+00 -1.601836e+01 -2.540000e-01
    endloop
  endfacet
  facet normal -9.945219e-01 -1.045285e-01 -5.796016e-17
    outer loop
      vertex   1.118023e+00 -1.601836e+01 -2.540000e-01
      vertex   1.143000e+00 -1.625600e+01 3.556000e+00
      vertex   1.118023e+00 -1.601836e+01 3.556000e+00
    endloop
  endfacet
  facet normal -9.510565e-01 -3.090170e-01 -5.542703e-17
    outer loop
      vertex   1.118023e+00 -1.601836e+01 -2.540000e-01
      vertex   1.118023e+00 -1.601836e+01 3.556000e+00
      vertex   1.044182e+00 -1.579110e+01 -2.540000e-01
    endloop
  endfacet
  facet normal -9.510565e-01 -3.090170e-01 -5.542703e-17
    outer loop
      vertex   1.044182e+00 -1.579110e+01 -2.540000e-01
      vertex   1.118023e+00 -1.601836e+01 3.556000e+00
      vertex   1.044182e+00 -1.579110e+01 3.556000e+00
    endloop
  endfacet
  facet normal -8.660254e-01 -5.000000e-01 -5.047146e-17
    outer loop
      vertex   1.044182e+00 -1.579110e+01 -2.540000e-01
      vertex   1.044182e+00 -1.579110e+01 3.556000e+00
      vertex   9.247064e-01 -1.558416e+01 -2.540000e-01
    endloop
  endfacet
  facet normal -8.660254e-01 -5.000000e-01 -7.570719e-17
    outer loop
      vertex   9.247064e-01 -1.558416e+01 -2.540000e-01
      vertex   1.044182e+00 -1.579110e+01 3.556000e+00
      vertex   9.247064e-01 -1.558416e+01 3.556000e+00
    endloop
  endfacet
  facet normal -7.431448e-01 -6.691306e-01 -6.496508e-17
    outer loop
      vertex   9.247064e-01 -1.558416e+01 -2.540000e-01
      vertex   9.247064e-01 -1.558416e+01 3.556000e+00
      vertex   7.648163e-01 -1.540659e+01 -2.540000e-01
    endloop
  endfacet
  facet normal -7.431448e-01 -6.691306e-01 -8.662010e-17
    outer loop
      vertex   7.648163e-01 -1.540659e+01 -2.540000e-01
      vertex   9.247064e-01 -1.558416e+01 3.556000e+00
      vertex   7.648163e-01 -1.540659e+01 3.556000e+00
    endloop
  endfacet
  facet normal -5.877853e-01 -8.090170e-01 -6.851157e-17
    outer loop
      vertex   7.648163e-01 -1.540659e+01 -2.540000e-01
      vertex   7.648163e-01 -1.540659e+01 3.556000e+00
      vertex   5.715000e-01 -1.526613e+01 -2.540000e-01
    endloop
  endfacet
  facet normal -5.877853e-01 -8.090170e-01 -8.563946e-17
    outer loop
      vertex   5.715000e-01 -1.526613e+01 -2.540000e-01
      vertex   7.648163e-01 -1.540659e+01 3.556000e+00
      vertex   5.715000e-01 -1.526613e+01 3.556000e+00
    endloop
  endfacet
  facet normal -4.067366e-01 -9.135455e-01 -5.926094e-17
    outer loop
      vertex   5.715000e-01 -1.526613e+01 -2.540000e-01
      vertex   5.715000e-01 -1.526613e+01 3.556000e+00
      vertex   3.532064e-01 -1.516894e+01 -2.540000e-01
    endloop
  endfacet
  facet normal -4.067366e-01 -9.135455e-01 0.000000e+00
    outer loop
      vertex   3.532064e-01 -1.516894e+01 -2.540000e-01
      vertex   5.715000e-01 -1.526613e+01 3.556000e+00
      vertex   3.532064e-01 -1.516894e+01 3.556000e+00
    endloop
  endfacet
  facet normal -2.079117e-01 -9.781476e-01 0.000000e+00
    outer loop
      vertex   3.532064e-01 -1.516894e+01 -2.540000e-01
      vertex   3.532064e-01 -1.516894e+01 3.556000e+00
      vertex   1.194760e-01 -1.511926e+01 -2.540000e-01
    endloop
  endfacet
  facet normal -2.079117e-01 -9.781476e-01 -1.363160e-17
    outer loop
      vertex   1.194760e-01 -1.511926e+01 -2.540000e-01
      vertex   3.532064e-01 -1.516894e+01 3.556000e+00
      vertex   1.194760e-01 -1.511926e+01 3.556000e+00
    endloop
  endfacet
  facet normal 0.000000e+00 -1.000000e+00 0.000000e+00
    outer loop
      vertex   1.194760e-01 -1.511926e+01 -2.540000e-01
      vertex   1.194760e-01 -1.511926e+01 3.556000e+00
      vertex   -1.194760e-01 -1.511926e+01 -2.540000e-01
    endloop
  endfacet
  facet normal 0.000000e+00 -1.000000e+00 0.000000e+00
    outer loop
      vertex   -1.194760e-01 -1.511926e+01 -2.540000e-01
      vertex   1.194760e-01 -1.511926e+01 3.556000e+00
      vertex   -1.194760e-01 -1.511926e+01 3.556000e+00
    endloop
  endfacet
  facet normal 2.079117e-01 -9.781476e-01 1.363160e-17
    outer loop
      vertex   -1.194760e-01 -1.511926e+01 -2.540000e-01
      vertex   -1.194760e-01 -1.511926e+01 3.556000e+00
      vertex   -3.532064e-01 -1.516894e+01 -2.540000e-01
    endloop
  endfacet
  facet normal 2.079117e-01 -9.781476e-01 0.000000e+00
    outer loop
      vertex   -3.532064e-01 -1.516894e+01 -2.540000e-01
      vertex   -1.194760e-01 -1.511926e+01 3.556000e+00
      vertex   -3.532064e-01 -1.516894e+01 3.556000e+00
    endloop
  endfacet
  facet normal 4.067366e-01 -9.135455e-01 0.000000e+00
    outer loop
      vertex   -3.532064e-01 -1.516894e+01 -2.540000e-01
      vertex   -3.532064e-01 -1.516894e+01 3.556000e+00
      vertex   -5.715000e-01 -1.526613e+01 -2.540000e-01
    endloop
  endfacet
  facet normal 4.067366e-01 -9.135455e-01 2.370438e-17
    outer loop
      vertex   -5.715000e-01 -1.526613e+01 -2.540000e-01
      vertex   -3.532064e-01 -1.516894e+01 3.556000e+00
      vertex   -5.715000e-01 -1.526613e+01 3.556000e+00
    endloop
  endfacet
  facet normal 5.877853e-01 -8.090170e-01 3.425579e-17
    outer loop
      vertex   -5.715000e-01 -1.526613e+01 -2.540000e-01
      vertex   -5.715000e-01 -1.526613e+01 3.556000e+00
      vertex   -7.648163e-01 -1.540659e+01 -2.540000e-01
    endloop
  endfacet
  facet normal 5.877853e-01 -8.090170e-01 3.425579e-17
    outer loop
      vertex   -7.648163e-01 -1.540659e+01 -2.540000e-01
      vertex   -5.715000e-01 -1.526613e+01 3.556000e+00
      vertex   -7.648163e-01 -1.540659e+01 3.556000e+00
    endloop
  endfacet
  facet normal 7.431448e-01 -6.691306e-01 4.331005e-17
    outer loop
      vertex   -7.648163e-01 -1.540659e+01 -2.540000e-01
      vertex   -7.648163e-01 -1.540659e+01 3.556000e+00
      vertex   -9.247064e-01 -1.558416e+01 -2.540000e-01
    endloop
  endfacet
  facet normal 7.431448e-01 -6.691306e-01 -8.662010e-17
    outer loop
      vertex   -9.247064e-01 -1.558416e+01 -2.540000e-01
      vertex   -7.648163e-01 -1.540659e+01 3.556000e+00
      vertex   -9.247064e-01 -1.558416e+01 3.556000e+00
    endloop
  endfacet
  facet normal 8.660254e-01 -5.000000e-01 -1.009429e-16
    outer loop
      vertex   -9.247064e-01 -1.558416e+01 -2.540000e-01
      vertex   -9.247064e-01 -1.558416e+01 3.556000e+00
      vertex   -1.044182e+00 -1.579110e+01 -2.540000e-01
    endloop
  endfacet
  facet normal 8.660254e-01 -5.000000e-01 -5.047146e-17
    outer loop
      vertex   -1.044182e+00 -1.579110e+01 -2.540000e-01
      vertex   -9.247064e-01 -1.558416e+01 3.556000e+00
      vertex   -1.044182e+00 -1.579110e+01 3.556000e+00
    endloop
  endfacet
  facet normal 9.510565e-01 -3.090170e-01 -5.542703e-17
    outer loop
      vertex   -1.044182e+00 -1.579110e+01 -2.540000e-01
      vertex   -1.044182e+00 -1.579110e+01 3.556000e+00
      vertex   -1.118023e+00 -1.601836e+01 -2.540000e-01
    endloop
  endfacet
  facet normal 9.510565e-01 -3.090170e-01 0.000000e+00
    outer loop
      vertex   -1.118023e+00 -1.601836e+01 -2.540000e-01
      vertex   -1.044182e+00 -1.579110e+01 3.556000e+00
      vertex   -1.118023e+00 -1.601836e+01 3.556000e+00
    endloop
  endfacet
  facet normal 9.945219e-01 -1.045285e-01 0.000000e+00
    outer loop
      vertex   -1.118023e+00 -1.601836e+01 -2.540000e-01
      vertex   -1.118023e+00 -1.601836e+01 3.556000e+00
      vertex   -1.143000e+00 -1.625600e+01 -2.540000e-01
    endloop
  endfacet
  facet normal 9.945219e-01 -1.045285e-01 0.000000e+00
    outer loop
      vertex   -1.143000e+00 -1.625600e+01 -2.540000e-01
      vertex   -1.118023e+00 -1.601836e+01 3.556000e+00
      vertex   -1.143000e+00 -1.625600e+01 3.556000e+00
    endloop
  endfacet
  facet normal 9.945219e-01 1.045285e-01 -0.000000e+00
    outer loop
      vertex   -1.143000e+00 -1.625600e+01 -2.540000e-01
      vertex   -1.143000e+00 -1.625600e+01 3.556000e+00
      vertex   -1.118023e+00 -1.649364e+01 -2.540000e-01
    endloop
  endfacet
  facet normal 9.945219e-01 1.045285e-01 -5.796016e-17
    outer loop
      vertex   -1.118023e+00 -1.649364e+01 -2.540000e-01
      vertex   -1.143000e+00 -1.625600e+01 3.556000e+00
      vertex   -1.118023e+00 -1.649364e+01 3.556000e+00
    endloop
  endfacet
  facet normal 9.510565e-01 3.090170e-01 -5.542703e-17
    outer loop
      vertex   -1.118023e+00 -1.649364e+01 -2.540000e-01
      vertex   -1.118023e+00 -1.649364e+01 3.556000e+00
      vertex   -1.044182e+00 -1.672090e+01 -2.540000e-01
    endloop
  endfacet
  facet normal 9.510565e-01 3.090170e-01 -5.542703e-17
    outer loop
      vertex   -1.044182e+00 -1.672090e+01 -2.540000e-01
      vertex   -1.118023e+00 -1.649364e+01 3.556000e+00
      vertex   -1.044182e+00 -1.672090e+01 3.556000e+00
    endloop
  endfacet
  facet normal 8.660254e-01 5.000000e-01 -5.047146e-17
    outer loop
      vertex   -1.044182e+00 -1.672090e+01 -2.540000e-01
      vertex   -1.044182e+00 -1.672090e+01 3.556000e+00
      vertex   -9.247064e-01 -1.692784e+01 -2.540000e-01
    endloop
  endfacet
  facet normal 8.660254e-01 5.000000e-01 -1.009429e-16
    outer loop
      vertex   -9.247064e-01 -1.692784e+01 -2.540000e-01
      vertex   -1.044182e+00 -1.672090e+01 3.556000e+00
      vertex   -9.247064e-01 -1.692784e+01 3.556000e+00
    endloop
  endfacet
  facet normal 7.431448e-01 6.691306e-01 -8.662010e-17
    outer loop
      vertex   -9.247064e-01 -1.692784e+01 -2.540000e-01
      vertex   -9.247064e-01 -1.692784e+01 3.556000e+00
      vertex   -7.648163e-01 -1.710541e+01 -2.540000e-01
    endloop
  endfacet
  facet normal 7.431448e-01 6.691306e-01 6.022897e-16
    outer loop
      vertex   -7.648163e-01 -1.710541e+01 -2.540000e-01
      vertex   -9.247064e-01 -1.692784e+01 3.556000e+00
      vertex   -7.648163e-01 -1.710541e+01 3.556000e+00
    endloop
  endfacet
  facet normal 5.877853e-01 8.090170e-01 7.372568e-16
    outer loop
      vertex   -7.648163e-01 -1.710541e+01 -2.540000e-01
      vertex   -7.648163e-01 -1.710541e+01 3.556000e+00
      vertex   -5.715000e-01 -1.724587e+01 -2.540000e-01
    endloop
  endfacet
  facet normal 5.877853e-01 8.090170e-01 -3.425579e-17
    outer loop
      vertex   -5.715000e-01 -1.724587e+01 -2.540000e-01
      vertex   -7.648163e-01 -1.710541e+01 3.556000e+00
      vertex   -5.715000e-01 -1.724587e+01 3.556000e+00
    endloop
  endfacet
  facet normal 4.067366e-01 9.135455e-01 -2.370438e-17
    outer loop
      vertex   -5.715000e-01 -1.724587e+01 -2.540000e-01
      vertex   -5.715000e-01 -1.724587e+01 3.556000e+00
      vertex   -3.532064e-01 -1.734306e+01 -2.540000e-01
    endloop
  endfacet
  facet normal 4.067366e-01 9.135455e-01 -0.000000e+00
    outer loop
      vertex   -3.532064e-01 -1.734306e+01 -2.540000e-01
      vertex   -5.715000e-01 -1.724587e+01 3.556000e+00
      vertex   -3.532064e-01 -1.734306e+01 3.556000e+00
    endloop
  endfacet
  facet normal 2.079117e-01 9.781476e-01 -0.000000e+00
    outer loop
      vertex   -3.532064e-01 -1.734306e+01 -2.540000e-01
      vertex   -3.532064e-01 -1.734306e+01 3.556000e+00
      vertex   -1.194760e-01 -1.739274e+01 -2.540000e-01
    endloop
  endfacet
  facet normal 2.079117e-01 9.781476e-01 -2.802050e-17
    outer loop
      vertex   -1.194760e-01 -1.739274e+01 -2.540000e-01
      vertex   -3.532064e-01 -1.734306e+01 3.556000e+00
      vertex   -1.194760e-01 -1.739274e+01 3.556000e+00
    endloop
  endfacet
  facet normal 0.000000e+00 1.000000e+00 0.000000e+00
    outer loop
      vertex   -1.194760e-01 -1.739274e+01 -2.540000e-01
      vertex   -1.194760e-01 -1.739274e+01 3.556000e+00
      vertex   1.194760e-01 -1.739274e+01 -2.540000e-01
    endloop
  endfacet
  facet normal 0.000000e+00 1.000000e+00 -0.000000e+00
    outer loop
      vertex   1.194760e-01 -1.739274e+01 -2.540000e-01
      vertex   -1.194760e-01 -1.739274e+01 3.556000e+00
      vertex   1.194760e-01 -1.739274e+01 3.556000e+00
    endloop
  endfacet
  facet normal -2.079117e-01 9.781476e-01 1.438891e-17
    outer loop
      vertex   1.194760e-01 -1.739274e+01 -2.540000e-01
      vertex   1.194760e-01 -1.739274e+01 3.556000e+00
      vertex   3.532064e-01 -1.734306e+01 -2.540000e-01
    endloop
  endfacet
  facet normal -2.079117e-01 9.781476e-01 0.000000e+00
    outer loop
      vertex   3.532064e-01 -1.734306e+01 -2.540000e-01
      vertex   1.194760e-01 -1.739274e+01 3.556000e+00
      vertex   3.532064e-01 -1.734306e+01 3.556000e+00
    endloop
  endfacet
  facet normal -4.067366e-01 9.135455e-01 0.000000e+00
    outer loop
      vertex   3.532064e-01 -1.734306e+01 -2.540000e-01
      vertex   3.532064e-01 -1.734306e+01 3.556000e+00
      vertex   5.715000e-01 -1.724587e+01 -2.540000e-01
    endloop
  endfacet
  facet normal -4.067366e-01 9.135455e-01 4.740875e-17
    outer loop
      vertex   5.715000e-01 -1.724587e+01 -2.540000e-01
      vertex   3.532064e-01 -1.734306e+01 3.556000e+00
      vertex   5.715000e-01 -1.724587e+01 3.556000e+00
    endloop
  endfacet
  facet normal -5.877853e-01 8.090170e-01 6.851157e-17
    outer loop
      vertex   5.715000e-01 -1.724587e+01 -2.540000e-01
      vertex   5.715000e-01 -1.724587e+01 3.556000e+00
      vertex   7.648163e-01 -1.710541e+01 -2.540000e-01
    endloop
  endfacet
  facet normal -5.877853e-01 8.090170e-01 0.000000e+00
    outer loop
      vertex   7.648163e-01 -1.710541e+01 -2.540000e-01
      vertex   5.715000e-01 -1.724587e+01 3.556000e+00
      vertex   7.648163e-01 -1.710541e+01 3.556000e+00
    endloop
  endfacet
  facet normal -7.431448e-01 6.691306e-01 0.000000e+00
    outer loop
      vertex   7.648163e-01 -1.710541e+01 -2.540000e-01
      vertex   7.648163e-01 -1.710541e+01 3.556000e+00
      vertex   9.247064e-01 -1.692784e+01 -2.540000e-01
    endloop
  endfacet
  facet normal -7.431448e-01 6.691306e-01 -6.496508e-17
    outer loop
      vertex   9.247064e-01 -1.692784e+01 -2.540000e-01
      vertex   7.648163e-01 -1.710541e+01 3.556000e+00
      vertex   9.247064e-01 -1.692784e+01 3.556000e+00
    endloop
  endfacet
  facet normal -8.660254e-01 5.000000e-01 -7.570719e-17
    outer loop
      vertex   9.247064e-01 -1.692784e+01 -2.540000e-01
      vertex   9.247064e-01 -1.692784e+01 3.556000e+00
      vertex   1.044182e+00 -1.672090e+01 -2.540000e-01
    endloop
  endfacet
  facet normal -8.660254e-01 5.000000e-01 0.000000e+00
    outer loop
      vertex   1.044182e+00 -1.672090e+01 -2.540000e-01
      vertex   9.247064e-01 -1.692784e+01 3.556000e+00
      vertex   1.044182e+00 -1.672090e+01 3.556000e+00
    endloop
  endfacet
  facet normal -9.510565e-01 3.090170e-01 0.000000e+00
    outer loop
      vertex   1.044182e+00 -1.672090e+01 -2.540000e-01
      vertex   1.044182e+00 -1.672090e+01 3.556000e+00
      vertex   1.118023e+00 -1.649364e+01 -2.540000e-01
    endloop
  endfacet
  facet normal -9.510565e-01 3.090170e-01 -5.542703e-17
    outer loop
      vertex   1.118023e+00 -1.649364e+01 -2.540000e-01
      vertex   1.044182e+00 -1.672090e+01 3.556000e+00
      vertex   1.118023e+00 -1.649364e+01 3.556000e+00
    endloop
  endfacet
  facet normal -9.945219e-01 -1.045285e-01 5.796016e-17
    outer loop
      vertex   1.118023e+00 -1.601836e+01 7.366000e+00
      vertex   1.118023e+00 -1.601836e+01 3.556000e+00
      vertex   1.143000e+00 -1.625600e+01 7.366000e+00
    endloop
  endfacet
  facet normal -9.945219e-01 -1.045285e-01 -0.000000e+00
    outer loop
      vertex   1.143000e+00 -1.625600e+01 7.366000e+00
      vertex   1.118023e+00 -1.601836e+01 3.556000e+00
      vertex   1.143000e+00 -1.625600e+01 3.556000e+00
    endloop
  endfacet
  facet normal -9.945219e-01 1.045285e-01 0.000000e+00
    outer loop
      vertex   1.143000e+00 -1.625600e+01 7.366000e+00
      vertex   1.143000e+00 -1.625600e+01 3.556000e+00
      vertex   1.118023e+00 -1.649364e+01 7.366000e+00
    endloop
  endfacet
  facet normal -9.945219e-01 1.045285e-01 5.796016e-17
    outer loop
      vertex   1.118023e+00 -1.649364e+01 7.366000e+00
      vertex   1.143000e+00 -1.625600e+01 3.556000e+00
      vertex   1.118023e+00 -1.649364e+01 3.556000e+00
    endloop
  endfacet
  facet normal -9.510565e-01 3.090170e-01 5.542703e-17
    outer loop
      vertex   1.118023e+00 -1.649364e+01 7.366000e+00
      vertex   1.118023e+00 -1.649364e+01 3.556000e+00
      vertex   1.044182e+00 -1.672090e+01 7.366000e+00
    endloop
  endfacet
  facet normal -9.510565e-01 3.090170e-01 5.542703e-17
    outer loop
      vertex   1.044182e+00 -1.672090e+01 7.366000e+00
      vertex   1.118023e+00 -1.649364e+01 3.556000e+00
      vertex   1.044182e+00 -1.672090e+01 3.556000e+00
    endloop
  endfacet
  facet normal -8.660254e-01 5.000000e-01 5.047146e-17
    outer loop
      vertex   1.044182e+00 -1.672090e+01 7.366000e+00
      vertex   1.044182e+00 -1.672090e+01 3.556000e+00
      vertex   9.247064e-01 -1.692784e+01 7.366000e+00
    endloop
  endfacet
  facet normal -8.660254e-01 5.000000e-01 7.570719e-17
    outer loop
      vertex   9.247064e-01 -1.692784e+01 7.366000e+00
      vertex   1.044182e+00 -1.672090e+01 3.556000e+00
      vertex   9.247064e-01 -1.692784e+01 3.556000e+00
    endloop
  endfacet
  facet normal -7.431448e-01 6.691306e-01 6.496508e-17
    outer loop
      vertex   9.247064e-01 -1.692784e+01 7.366000e+00
      vertex   9.247064e-01 -1.692784e+01 3.556000e+00
      vertex   7.648163e-01 -1.710541e+01 7.366000e+00
    endloop
  endfacet
  facet normal -7.431448e-01 6.691306e-01 8.662010e-17
    outer loop
      vertex   7.648163e-01 -1.710541e+01 7.366000e+00
      vertex   9.247064e-01 -1.692784e+01 3.556000e+00
      vertex   7.648163e-01 -1.710541e+01 3.556000e+00
    endloop
  endfacet
  facet normal -5.877853e-01 8.090170e-01 6.851157e-17
    outer loop
      vertex   7.648163e-01 -1.710541e+01 7.366000e+00
      vertex   7.648163e-01 -1.710541e+01 3.556000e+00
      vertex   5.715000e-01 -1.724587e+01 7.366000e+00
    endloop
  endfacet
  facet normal -5.877853e-01 8.090170e-01 8.563946e-17
    outer loop
      vertex   5.715000e-01 -1.724587e+01 7.366000e+00
      vertex   7.648163e-01 -1.710541e+01 3.556000e+00
      vertex   5.715000e-01 -1.724587e+01 3.556000e+00
    endloop
  endfacet
  facet normal -4.067366e-01 9.135455e-01 5.926094e-17
    outer loop
      vertex   5.715000e-01 -1.724587e+01 7.366000e+00
      vertex   5.715000e-01 -1.724587e+01 3.556000e+00
      vertex   3.532064e-01 -1.734306e+01 7.366000e+00
    endloop
  endfacet
  facet normal -4.067366e-01 9.135455e-01 0.000000e+00
    outer loop
      vertex   3.532064e-01 -1.734306e+01 7.366000e+00
      vertex   5.715000e-01 -1.724587e+01 3.556000e+00
      vertex   3.532064e-01 -1.734306e+01 3.556000e+00
    endloop
  endfacet
  facet normal -2.079117e-01 9.781476e-01 0.000000e+00
    outer loop
      vertex   3.532064e-01 -1.734306e+01 7.366000e+00
      vertex   3.532064e-01 -1.734306e+01 3.556000e+00
      vertex   1.194760e-01 -1.739274e+01 7.366000e+00
    endloop
  endfacet
  facet normal -2.079117e-01 9.781476e-01 1.363160e-17
    outer loop
      vertex   1.194760e-01 -1.739274e+01 7.366000e+00
      vertex   3.532064e-01 -1.734306e+01 3.556000e+00
      vertex   1.194760e-01 -1.739274e+01 3.556000e+00
    endloop
  endfacet
  facet normal 0.000000e+00 1.000000e+00 0.000000e+00
    outer loop
      vertex   1.194760e-01 -1.739274e+01 7.366000e+00
      vertex   1.194760e-01 -1.739274e+01 3.556000e+00
      vertex   -1.194760e-01 -1.739274e+01 7.366000e+00
    endloop
  endfacet
  facet normal 0.000000e+00 1.000000e+00 0.000000e+00
    outer loop
      vertex   -1.194760e-01 -1.739274e+01 7.366000e+00
      vertex   1.194760e-01 -1.739274e+01 3.556000e+00
      vertex   -1.194760e-01 -1.739274e+01 3.556000e+00
    endloop
  endfacet
  facet normal 2.079117e-01 9.781476e-01 -1.363160e-17
    outer loop
      vertex   -1.194760e-01 -1.739274e+01 7.366000e+00
      vertex   -1.194760e-01 -1.739274e+01 3.556000e+00
      vertex   -3.532064e-01 -1.734306e+01 7.366000e+00
    endloop
  endfacet
  facet normal 2.079117e-01 9.781476e-01 0.000000e+00
    outer loop
      vertex   -3.532064e-01 -1.734306e+01 7.366000e+00
      vertex   -1.194760e-01 -1.739274e+01 3.556000e+00
      vertex   -3.532064e-01 -1.734306e+01 3.556000e+00
    endloop
  endfacet
  facet normal 4.067366e-01 9.135455e-01 0.000000e+00
    outer loop
      vertex   -3.532064e-01 -1.734306e+01 7.366000e+00
      vertex   -3.532064e-01 -1.734306e+01 3.556000e+00
      vertex   -5.715000e-01 -1.724587e+01 7.366000e+00
    endloop
  endfacet
  facet normal 4.067366e-01 9.135455e-01 -2.370438e-17
    outer loop
      vertex   -5.715000e-01 -1.724587e+01 7.366000e+00
      vertex   -3.532064e-01 -1.734306e+01 3.556000e+00
      vertex   -5.715000e-01 -1.724587e+01 3.556000e+00
    endloop
  endfacet
  facet normal 5.877853e-01 8.090170e-01 -3.425579e-17
    outer loop
      vertex   -5.715000e-01 -1.724587e+01 7.366000e+00
      vertex   -5.715000e-01 -1.724587e+01 3.556000e+00
      vertex   -7.648163e-01 -1.710541e+01 7.366000e+00
    endloop
  endfacet
  facet normal 5.877853e-01 8.090170e-01 -3.425579e-17
    outer loop
      vertex   -7.648163e-01 -1.710541e+01 7.366000e+00
      vertex   -5.715000e-01 -1.724587e+01 3.556000e+00
      vertex   -7.648163e-01 -1.710541e+01 3.556000e+00
    endloop
  endfacet
  facet normal 7.431448e-01 6.691306e-01 -4.331005e-17
    outer loop
      vertex   -7.648163e-01 -1.710541e+01 7.366000e+00
      vertex   -7.648163e-01 -1.710541e+01 3.556000e+00
      vertex   -9.247064e-01 -1.692784e+01 7.366000e+00
    endloop
  endfacet
  facet normal 7.431448e-01 6.691306e-01 8.662010e-17
    outer loop
      vertex   -9.247064e-01 -1.692784e+01 7.366000e+00
      vertex   -7.648163e-01 -1.710541e+01 3.556000e+00
      vertex   -9.247064e-01 -1.692784e+01 3.556000e+00
    endloop
  endfacet
  facet normal 8.660254e-01 5.000000e-01 1.009429e-16
    outer loop
      vertex   -9.247064e-01 -1.692784e+01 7.366000e+00
      vertex   -9.247064e-01 -1.692784e+01 3.556000e+00
      vertex   -1.044182e+00 -1.672090e+01 7.366000e+00
    endloop
  endfacet
  facet normal 8.660254e-01 5.000000e-01 5.047146e-17
    outer loop
      vertex   -1.044182e+00 -1.672090e+01 7.366000e+00
      vertex   -9.247064e-01 -1.692784e+01 3.556000e+00
      vertex   -1.044182e+00 -1.672090e+01 3.556000e+00
    endloop
  endfacet
  facet normal 9.510565e-01 3.090170e-01 5.542703e-17
    outer loop
      vertex   -1.044182e+00 -1.672090e+01 7.366000e+00
      vertex   -1.044182e+00 -1.672090e+01 3.556000e+00
      vertex   -1.118023e+00 -1.649364e+01 7.366000e+00
    endloop
  endfacet
  facet normal 9.510565e-01 3.090170e-01 0.000000e+00
    outer loop
      vertex   -1.118023e+00 -1.649364e+01 7.366000e+00
      vertex   -1.044182e+00 -1.672090e+01 3.556000e+00
      vertex   -1.118023e+00 -1.649364e+01 3.556000e+00
    endloop
  endfacet
  facet normal 9.945219e-01 1.045285e-01 0.000000e+00
    outer loop
      vertex   -1.118023e+00 -1.649364e+01 7.366000e+00
      vertex   -1.118023e+00 -1.649364e+01 3.556000e+00
      vertex   -1.143000e+00 -1.625600e+01 7.366000e+00
    endloop
  endfacet
  facet normal 9.945219e-01 1.045285e-01 0.000000e+00
    outer loop
      vertex   -1.143000e+00 -1.625600e+01 7.366000e+00
      vertex   -1.118023e+00 -1.649364e+01 3.556000e+00
      vertex   -1.143000e+00 -1.625600e+01 3.556000e+00
    endloop
  endfacet
  facet normal 9.945219e-01 -1.045285e-01 0.000000e+00
    outer loop
      vertex   -1.143000e+00 -1.625600e+01 7.366000e+00
      vertex   -1.143000e+00 -1.625600e+01 3.556000e+00
      vertex   -1.118023e+00 -1.601836e+01 7.366000e+00
    endloop
  endfacet
  facet normal 9.945219e-01 -1.045285e-01 5.796016e-17
    outer loop
      vertex   -1.118023e+00 -1.601836e+01 7.366000e+00
      vertex   -1.143000e+00 -1.625600e+01 3.556000e+00
      vertex   -1.118023e+00 -1.601836e+01 3.556000e+00
    endloop
  endfacet
  facet normal 9.510565e-01 -3.090170e-01 5.542703e-17
    outer loop
      vertex   -1.118023e+00 -1.601836e+01 7.366000e+00
      vertex   -1.118023e+00 -1.601836e+01 3.556000e+00
      vertex   -1.044182e+00 -1.579110e+01 7.366000e+00
    endloop
  endfacet
  facet normal 9.510565e-01 -3.090170e-01 5.542703e-17
    outer loop
      vertex   -1.044182e+00 -1.579110e+01 7.366000e+00
      vertex   -1.118023e+00 -1.601836e+01 3.556000e+00
      vertex   -1.044182e+00 -1.579110e+01 3.556000e+00
    endloop
  endfacet
  facet normal 8.660254e-01 -5.000000e-01 5.047146e-17
    outer loop
      vertex   -1.044182e+00 -1.579110e+01 7.366000e+00
      vertex   -1.044182e+00 -1.579110e+01 3.556000e+00
      vertex   -9.247064e-01 -1.558416e+01 7.366000e+00
    endloop
  endfacet
  facet normal 8.660254e-01 -5.000000e-01 1.009429e-16
    outer loop
      vertex   -9.247064e-01 -1.558416e+01 7.366000e+00
      vertex   -1.044182e+00 -1.579110e+01 3.556000e+00
      vertex   -9.247064e-01 -1.558416e+01 3.556000e+00
    endloop
  endfacet
  facet normal 7.431448e-01 -6.691306e-01 8.662010e-17
    outer loop
      vertex   -9.247064e-01 -1.558416e+01 7.366000e+00
      vertex   -9.247064e-01 -1.558416e+01 3.556000e+00
      vertex   -7.648163e-01 -1.540659e+01 7.366000e+00
    endloop
  endfacet
  facet normal 7.431448e-01 -6.691306e-01 -6.022897e-16
    outer loop
      vertex   -7.648163e-01 -1.540659e+01 7.366000e+00
      vertex   -9.247064e-01 -1.558416e+01 3.556000e+00
      vertex   -7.648163e-01 -1.540659e+01 3.556000e+00
    endloop
  endfacet
  facet normal 5.877853e-01 -8.090170e-01 -7.372568e-16
    outer loop
      vertex   -7.648163e-01 -1.540659e+01 7.366000e+00
      vertex   -7.648163e-01 -1.540659e+01 3.556000e+00
      vertex   -5.715000e-01 -1.526613e+01 7.366000e+00
    endloop
  endfacet
  facet normal 5.877853e-01 -8.090170e-01 3.425579e-17
    outer loop
      vertex   -5.715000e-01 -1.526613e+01 7.366000e+00
      vertex   -7.648163e-01 -1.540659e+01 3.556000e+00
      vertex   -5.715000e-01 -1.526613e+01 3.556000e+00
    endloop
  endfacet
  facet normal 4.067366e-01 -9.135455e-01 2.370438e-17
    outer loop
      vertex   -5.715000e-01 -1.526613e+01 7.366000e+00
      vertex   -5.715000e-01 -1.526613e+01 3.556000e+00
      vertex   -3.532064e-01 -1.516894e+01 7.366000e+00
    endloop
  endfacet
  facet normal 4.067366e-01 -9.135455e-01 0.000000e+00
    outer loop
      vertex   -3.532064e-01 -1.516894e+01 7.366000e+00
      vertex   -5.715000e-01 -1.526613e+01 3.556000e+00
      vertex   -3.532064e-01 -1.516894e+01 3.556000e+00
    endloop
  endfacet
  facet normal 2.079117e-01 -9.781476e-01 0.000000e+00
    outer loop
      vertex   -3.532064e-01 -1.516894e+01 7.366000e+00
      vertex   -3.532064e-01 -1.516894e+01 3.556000e+00
      vertex   -1.194760e-01 -1.511926e+01 7.366000e+00
    endloop
  endfacet
  facet normal 2.079117e-01 -9.781476e-01 2.802050e-17
    outer loop
      vertex   -1.194760e-01 -1.511926e+01 7.366000e+00
      vertex   -3.532064e-01 -1.516894e+01 3.556000e+00
      vertex   -1.194760e-01 -1.511926e+01 3.556000e+00
    endloop
  endfacet
  facet normal 0.000000e+00 -1.000000e+00 0.000000e+00
    outer loop
      vertex   -1.194760e-01 -1.511926e+01 7.366000e+00
      vertex   -1.194760e-01 -1.511926e+01 3.556000e+00
      vertex   1.194760e-01 -1.511926e+01 7.366000e+00
    endloop
  endfacet
  facet normal 0.000000e+00 -1.000000e+00 -0.000000e+00
    outer loop
      vertex   1.194760e-01 -1.511926e+01 7.366000e+00
      vertex   -1.194760e-01 -1.511926e+01 3.556000e+00
      vertex   1.194760e-01 -1.511926e+01 3.556000e+00
    endloop
  endfacet
  facet normal -2.079117e-01 -9.781476e-01 -1.438891e-17
    outer loop
      vertex   1.194760e-01 -1.511926e+01 7.366000e+00
      vertex   1.194760e-01 -1.511926e+01 3.556000e+00
      vertex   3.532064e-01 -1.516894e+01 7.366000e+00
    endloop
  endfacet
  facet normal -2.079117e-01 -9.781476e-01 -0.000000e+00
    outer loop
      vertex   3.532064e-01 -1.516894e+01 7.366000e+00
      vertex   1.194760e-01 -1.511926e+01 3.556000e+00
      vertex   3.532064e-01 -1.516894e+01 3.556000e+00
    endloop
  endfacet
  facet normal -4.067366e-01 -9.135455e-01 -0.000000e+00
    outer loop
      vertex   3.532064e-01 -1.516894e+01 7.366000e+00
      vertex   3.532064e-01 -1.516894e+01 3.556000e+00
      vertex   5.715000e-01 -1.526613e+01 7.366000e+00
    endloop
  endfacet
  facet normal -4.067366e-01 -9.135455e-01 -4.740875e-17
    outer loop
      vertex   5.715000e-01 -1.526613e+01 7.366000e+00
      vertex   3.532064e-01 -1.516894e+01 3.556000e+00
      vertex   5.715000e-01 -1.526613e+01 3.556000e+00
    endloop
  endfacet
  facet normal -5.877853e-01 -8.090170e-01 -6.851157e-17
    outer loop
      vertex   5.715000e-01 -1.526613e+01 7.366000e+00
      vertex   5.715000e-01 -1.526613e+01 3.556000e+00
      vertex   7.648163e-01 -1.540659e+01 7.366000e+00
    endloop
  endfacet
  facet normal -5.877853e-01 -8.090170e-01 -0.000000e+00
    outer loop
      vertex   7.648163e-01 -1.540659e+01 7.366000e+00
      vertex   5.715000e-01 -1.526613e+01 3.556000e+00
      vertex   7.648163e-01 -1.540659e+01 3.556000e+00
    endloop
  endfacet
  facet normal -7.431448e-01 -6.691306e-01 -0.000000e+00
    outer loop
      vertex   7.648163e-01 -1.540659e+01 7.366000e+00
      vertex   7.648163e-01 -1.540659e+01 3.556000e+00
      vertex   9.247064e-01 -1.558416e+01 7.366000e+00
    endloop
  endfacet
  facet normal -7.431448e-01 -6.691306e-01 6.496508e-17
    outer loop
      vertex   9.247064e-01 -1.558416e+01 7.366000e+00
      vertex   7.648163e-01 -1.540659e+01 3.556000e+00
      vertex   9.247064e-01 -1.558416e+01 3.556000e+00
    endloop
  endfacet
  facet normal -8.660254e-01 -5.000000e-01 7.570719e-17
    outer loop
      vertex   9.247064e-01 -1.558416e+01 7.366000e+00
      vertex   9.247064e-01 -1.558416e+01 3.556000e+00
      vertex   1.044182e+00 -1.579110e+01 7.366000e+00
    endloop
  endfacet
  facet normal -8.660254e-01 -5.000000e-01 -0.000000e+00
    outer loop
      vertex   1.044182e+00 -1.579110e+01 7.366000e+00
      vertex   9.247064e-01 -1.558416e+01 3.556000e+00
      vertex   1.044182e+00 -1.579110e+01 3.556000e+00
    endloop
  endfacet
  facet normal -9.510565e-01 -3.090170e-01 -0.000000e+00
    outer loop
      vertex   1.044182e+00 -1.579110e+01 7.366000e+00
      vertex   1.044182e+00 -1.579110e+01 3.556000e+00
      vertex   1.118023e+00 -1.601836e+01 7.366000e+00
    endloop
  endfacet
  facet normal -9.510565e-01 -3.090170e-01 5.542703e-17
    outer loop
      vertex   1.118023e+00 -1.601836e+01 7.366000e+00
      vertex   1.044182e+00 -1.579110e+01 3.556000e+00
      vertex   1.118023e+00 -1.601836e+01 3.556000e+00
    endloop
  endfacet
  facet normal -9.945219e-01 1.045285e-01 -5.796016e-17
    outer loop
      vertex   1.118023e+00 1.601836e+01 -2.540000e-01
      vertex   1.118023e+00 1.601836e+01 3.556000e+00
      vertex   1.143000e+00 1.625600e+01 -2.540000e-01
    endloop
  endfacet
  facet normal -9.945219e-01 1.045285e-01 0.000000e+00
    outer loop
      vertex   1.143000e+00 1.625600e+01 -2.540000e-01
      vertex   1.118023e+00 1.601836e+01 3.556000e+00
      vertex   1.143000e+00 1.625600e+01 3.556000e+00
    endloop
  endfacet
  facet normal -9.945219e-01 -1.045285e-01 0.000000e+00
    outer loop
      vertex   1.143000e+00 1.625600e+01 -2.540000e-01
      vertex   1.143000e+00 1.625600e+01 3.556000e+00
      vertex   1.118023e+00 1.649364e+01 -2.540000e-01
    endloop
  endfacet
  facet normal -9.945219e-01 -1.045285e-01 -1.159203e-16
    outer loop
      vertex   1.118023e+00 1.649364e+01 -2.540000e-01
      vertex   1.143000e+00 1.625600e+01 3.556000e+00
      vertex   1.118023e+00 1.649364e+01 3.556000e+00
    endloop
  endfacet
  facet normal -9.510565e-01 -3.090170e-01 -1.108541e-16
    outer loop
      vertex   1.118023e+00 1.649364e+01 -2.540000e-01
      vertex   1.118023e+00 1.649364e+01 3.556000e+00
      vertex   1.044182e+00 1.672090e+01 -2.540000e-01
    endloop
  endfacet
  facet normal -9.510565e-01 -3.090170e-01 -5.542703e-17
    outer loop
      vertex   1.044182e+00 1.672090e+01 -2.540000e-01
      vertex   1.118023e+00 1.649364e+01 3.556000e+00
      vertex   1.044182e+00 1.672090e+01 3.556000e+00
    endloop
  endfacet
  facet normal -8.660254e-01 -5.000000e-01 -5.047146e-17
    outer loop
      vertex   1.044182e+00 1.672090e+01 -2.540000e-01
      vertex   1.044182e+00 1.672090e+01 3.556000e+00
      vertex   9.247064e-01 1.692784e+01 -2.540000e-01
    endloop
  endfacet
  facet normal -8.660254e-01 -5.000000e-01 -5.047146e-17
    outer loop
      vertex   9.247064e-01 1.692784e+01 -2.540000e-01
      vertex   1.044182e+00 1.672090e+01 3.556000e+00
      vertex   9.247064e-01 1.692784e+01 3.556000e+00
    endloop
  endfacet
  facet normal -7.431448e-01 -6.691306e-01 -4.331005e-17
    outer loop
      vertex   9.247064e-01 1.692784e+01 -2.540000e-01
      vertex   9.247064e-01 1.692784e+01 3.556000e+00
      vertex   7.648163e-01 1.710541e+01 -2.540000e-01
    endloop
  endfacet
  facet normal -7.431448e-01 -6.691306e-01 -6.496508e-17
    outer loop
      vertex   7.648163e-01 1.710541e+01 -2.540000e-01
      vertex   9.247064e-01 1.692784e+01 3.556000e+00
      vertex   7.648163e-01 1.710541e+01 3.556000e+00
    endloop
  endfacet
  facet normal -5.877853e-01 -8.090170e-01 -5.138368e-17
    outer loop
      vertex   7.648163e-01 1.710541e+01 -2.540000e-01
      vertex   7.648163e-01 1.710541e+01 3.556000e+00
      vertex   5.715000e-01 1.724587e+01 -2.540000e-01
    endloop
  endfacet
  facet normal -5.877853e-01 -8.090170e-01 -8.563946e-17
    outer loop
      vertex   5.715000e-01 1.724587e+01 -2.540000e-01
      vertex   7.648163e-01 1.710541e+01 3.556000e+00
      vertex   5.715000e-01 1.724587e+01 3.556000e+00
    endloop
  endfacet
  facet normal -4.067366e-01 -9.135455e-01 -5.926094e-17
    outer loop
      vertex   5.715000e-01 1.724587e+01 -2.540000e-01
      vertex   5.715000e-01 1.724587e+01 3.556000e+00
      vertex   3.532064e-01 1.734306e+01 -2.540000e-01
    endloop
  endfacet
  facet normal -4.067366e-01 -9.135455e-01 0.000000e+00
    outer loop
      vertex   3.532064e-01 1.734306e+01 -2.540000e-01
      vertex   5.715000e-01 1.724587e+01 3.556000e+00
      vertex   3.532064e-01 1.734306e+01 3.556000e+00
    endloop
  endfacet
  facet normal -2.079117e-01 -9.781476e-01 0.000000e+00
    outer loop
      vertex   3.532064e-01 1.734306e+01 -2.540000e-01
      vertex   3.532064e-01 1.734306e+01 3.556000e+00
      vertex   1.194760e-01 1.739274e+01 -2.540000e-01
    endloop
  endfacet
  facet normal -2.079117e-01 -9.781476e-01 -1.438891e-17
    outer loop
      vertex   1.194760e-01 1.739274e+01 -2.540000e-01
      vertex   3.532064e-01 1.734306e+01 3.556000e+00
      vertex   1.194760e-01 1.739274e+01 3.556000e+00
    endloop
  endfacet
  facet normal 0.000000e+00 -1.000000e+00 0.000000e+00
    outer loop
      vertex   1.194760e-01 1.739274e+01 -2.540000e-01
      vertex   1.194760e-01 1.739274e+01 3.556000e+00
      vertex   -1.194760e-01 1.739274e+01 -2.540000e-01
    endloop
  endfacet
  facet normal 0.000000e+00 -1.000000e+00 0.000000e+00
    outer loop
      vertex   -1.194760e-01 1.739274e+01 -2.540000e-01
      vertex   1.194760e-01 1.739274e+01 3.556000e+00
      vertex   -1.194760e-01 1.739274e+01 3.556000e+00
    endloop
  endfacet
  facet normal 2.079117e-01 -9.781476e-01 1.363160e-17
    outer loop
      vertex   -1.194760e-01 1.739274e+01 -2.540000e-01
      vertex   -1.194760e-01 1.739274e+01 3.556000e+00
      vertex   -3.532064e-01 1.734306e+01 -2.540000e-01
    endloop
  endfacet
  facet normal 2.079117e-01 -9.781476e-01 0.000000e+00
    outer loop
      vertex   -3.532064e-01 1.734306e+01 -2.540000e-01
      vertex   -1.194760e-01 1.739274e+01 3.556000e+00
      vertex   -3.532064e-01 1.734306e+01 3.556000e+00
    endloop
  endfacet
  facet normal 4.067366e-01 -9.135455e-01 0.000000e+00
    outer loop
      vertex   -3.532064e-01 1.734306e+01 -2.540000e-01
      vertex   -3.532064e-01 1.734306e+01 3.556000e+00
      vertex   -5.715000e-01 1.724587e+01 -2.540000e-01
    endloop
  endfacet
  facet normal 4.067366e-01 -9.135455e-01 3.555657e-17
    outer loop
      vertex   -5.715000e-01 1.724587e+01 -2.540000e-01
      vertex   -3.532064e-01 1.734306e+01 3.556000e+00
      vertex   -5.715000e-01 1.724587e+01 3.556000e+00
    endloop
  endfacet
  facet normal 5.877853e-01 -8.090170e-01 5.138368e-17
    outer loop
      vertex   -5.715000e-01 1.724587e+01 -2.540000e-01
      vertex   -5.715000e-01 1.724587e+01 3.556000e+00
      vertex   -7.648163e-01 1.710541e+01 -2.540000e-01
    endloop
  endfacet
  facet normal 5.877853e-01 -8.090170e-01 5.138368e-17
    outer loop
      vertex   -7.648163e-01 1.710541e+01 -2.540000e-01
      vertex   -5.715000e-01 1.724587e+01 3.556000e+00
      vertex   -7.648163e-01 1.710541e+01 3.556000e+00
    endloop
  endfacet
  facet normal 7.431448e-01 -6.691306e-01 6.496508e-17
    outer loop
      vertex   -7.648163e-01 1.710541e+01 -2.540000e-01
      vertex   -7.648163e-01 1.710541e+01 3.556000e+00
      vertex   -9.247064e-01 1.692784e+01 -2.540000e-01
    endloop
  endfacet
  facet normal 7.431448e-01 -6.691306e-01 -6.496508e-17
    outer loop
      vertex   -9.247064e-01 1.692784e+01 -2.540000e-01
      vertex   -7.648163e-01 1.710541e+01 3.556000e+00
      vertex   -9.247064e-01 1.692784e+01 3.556000e+00
    endloop
  endfacet
  facet normal 8.660254e-01 -5.000000e-01 -7.570719e-17
    outer loop
      vertex   -9.247064e-01 1.692784e+01 -2.540000e-01
      vertex   -9.247064e-01 1.692784e+01 3.556000e+00
      vertex   -1.044182e+00 1.672090e+01 -2.540000e-01
    endloop
  endfacet
  facet normal 8.660254e-01 -5.000000e-01 -5.047146e-17
    outer loop
      vertex   -1.044182e+00 1.672090e+01 -2.540000e-01
      vertex   -9.247064e-01 1.692784e+01 3.556000e+00
      vertex   -1.044182e+00 1.672090e+01 3.556000e+00
    endloop
  endfacet
  facet normal 9.510565e-01 -3.090170e-01 -5.542703e-17
    outer loop
      vertex   -1.044182e+00 1.672090e+01 -2.540000e-01
      vertex   -1.044182e+00 1.672090e+01 3.556000e+00
      vertex   -1.118023e+00 1.649364e+01 -2.540000e-01
    endloop
  endfacet
  facet normal 9.510565e-01 -3.090170e-01 0.000000e+00
    outer loop
      vertex   -1.118023e+00 1.649364e+01 -2.540000e-01
      vertex   -1.044182e+00 1.672090e+01 3.556000e+00
      vertex   -1.118023e+00 1.649364e+01 3.556000e+00
    endloop
  endfacet
  facet normal 9.945219e-01 -1.045285e-01 0.000000e+00
    outer loop
      vertex   -1.118023e+00 1.649364e+01 -2.540000e-01
      vertex   -1.118023e+00 1.649364e+01 3.556000e+00
      vertex   -1.143000e+00 1.625600e+01 -2.540000e-01
    endloop
  endfacet
  facet normal 9.945219e-01 -1.045285e-01 0.000000e+00
    outer loop
      vertex   -1.143000e+00 1.625600e+01 -2.540000e-01
      vertex   -1.118023e+00 1.649364e+01 3.556000e+00
      vertex   -1.143000e+00 1.625600e+01 3.556000e+00
    endloop
  endfacet
  facet normal 9.945219e-01 1.045285e-01 -0.000000e+00
    outer loop
      vertex   -1.143000e+00 1.625600e+01 -2.540000e-01
      vertex   -1.143000e+00 1.625600e+01 3.556000e+00
      vertex   -1.118023e+00 1.601836e+01 -2.540000e-01
    endloop
  endfacet
  facet normal 9.945219e-01 1.045285e-01 -5.796016e-17
    outer loop
      vertex   -1.118023e+00 1.601836e+01 -2.540000e-01
      vertex   -1.143000e+00 1.625600e+01 3.556000e+00
      vertex   -1.118023e+00 1.601836e+01 3.556000e+00
    endloop
  endfacet
  facet normal 9.510565e-01 3.090170e-01 -5.542703e-17
    outer loop
      vertex   -1.118023e+00 1.601836e+01 -2.540000e-01
      vertex   -1.118023e+00 1.601836e+01 3.556000e+00
      vertex   -1.044182e+00 1.579110e+01 -2.540000e-01
    endloop
  endfacet
  facet normal 9.510565e-01 3.090170e-01 -5.542703e-17
    outer loop
      vertex   -1.044182e+00 1.579110e+01 -2.540000e-01
      vertex   -1.118023e+00 1.601836e+01 3.556000e+00
      vertex   -1.044182e+00 1.579110e+01 3.556000e+00
    endloop
  endfacet
  facet normal 8.660254e-01 5.000000e-01 -5.047146e-17
    outer loop
      vertex   -1.044182e+00 1.579110e+01 -2.540000e-01
      vertex   -1.044182e+00 1.579110e+01 3.556000e+00
      vertex   -9.247064e-01 1.558416e+01 -2.540000e-01
    endloop
  endfacet
  facet normal 8.660254e-01 5.000000e-01 -7.570719e-17
    outer loop
      vertex   -9.247064e-01 1.558416e+01 -2.540000e-01
      vertex   -1.044182e+00 1.579110e+01 3.556000e+00
      vertex   -9.247064e-01 1.558416e+01 3.556000e+00
    endloop
  endfacet
  facet normal 7.431448e-01 6.691306e-01 -6.496508e-17
    outer loop
      vertex   -9.247064e-01 1.558416e+01 -2.540000e-01
      vertex   -9.247064e-01 1.558416e+01 3.556000e+00
      vertex   -7.648163e-01 1.540659e+01 -2.540000e-01
    endloop
  endfacet
  facet normal 7.431448e-01 6.691306e-01 6.022897e-16
    outer loop
      vertex   -7.648163e-01 1.540659e+01 -2.540000e-01
      vertex   -9.247064e-01 1.558416e+01 3.556000e+00
      vertex   -7.648163e-01 1.540659e+01 3.556000e+00
    endloop
  endfacet
  facet normal 5.877853e-01 8.090170e-01 7.372568e-16
    outer loop
      vertex   -7.648163e-01 1.540659e+01 -2.540000e-01
      vertex   -7.648163e-01 1.540659e+01 3.556000e+00
      vertex   -5.715000e-01 1.526613e+01 -2.540000e-01
    endloop
  endfacet
  facet normal 5.877853e-01 8.090170e-01 -1.712789e-17
    outer loop
      vertex   -5.715000e-01 1.526613e+01 -2.540000e-01
      vertex   -7.648163e-01 1.540659e+01 3.556000e+00
      vertex   -5.715000e-01 1.526613e+01 3.556000e+00
    endloop
  endfacet
  facet normal 4.067366e-01 9.135455e-01 -1.185219e-17
    outer loop
      vertex   -5.715000e-01 1.526613e+01 -2.540000e-01
      vertex   -5.715000e-01 1.526613e+01 3.556000e+00
      vertex   -3.532064e-01 1.516894e+01 -2.540000e-01
    endloop
  endfacet
  facet normal 4.067366e-01 9.135455e-01 -0.000000e+00
    outer loop
      vertex   -3.532064e-01 1.516894e+01 -2.540000e-01
      vertex   -5.715000e-01 1.526613e+01 3.556000e+00
      vertex   -3.532064e-01 1.516894e+01 3.556000e+00
    endloop
  endfacet
  facet normal 2.079117e-01 9.781476e-01 -0.000000e+00
    outer loop
      vertex   -3.532064e-01 1.516894e+01 -2.540000e-01
      vertex   -3.532064e-01 1.516894e+01 3.556000e+00
      vertex   -1.194760e-01 1.511926e+01 -2.540000e-01
    endloop
  endfacet
  facet normal 2.079117e-01 9.781476e-01 -2.726319e-17
    outer loop
      vertex   -1.194760e-01 1.511926e+01 -2.540000e-01
      vertex   -3.532064e-01 1.516894e+01 3.556000e+00
      vertex   -1.194760e-01 1.511926e+01 3.556000e+00
    endloop
  endfacet
  facet normal 0.000000e+00 1.000000e+00 0.000000e+00
    outer loop
      vertex   -1.194760e-01 1.511926e+01 -2.540000e-01
      vertex   -1.194760e-01 1.511926e+01 3.556000e+00
      vertex   1.194760e-01 1.511926e+01 -2.540000e-01
    endloop
  endfacet
  facet normal 0.000000e+00 1.000000e+00 -0.000000e+00
    outer loop
      vertex   1.194760e-01 1.511926e+01 -2.540000e-01
      vertex   -1.194760e-01 1.511926e+01 3.556000e+00
      vertex   1.194760e-01 1.511926e+01 3.556000e+00
    endloop
  endfacet
  facet normal -2.079117e-01 9.781476e-01 1.438891e-17
    outer loop
      vertex   1.194760e-01 1.511926e+01 -2.540000e-01
      vertex   1.194760e-01 1.511926e+01 3.556000e+00
      vertex   3.532064e-01 1.516894e+01 -2.540000e-01
    endloop
  endfacet
  facet normal -2.079117e-01 9.781476e-01 0.000000e+00
    outer loop
      vertex   3.532064e-01 1.516894e+01 -2.540000e-01
      vertex   1.194760e-01 1.511926e+01 3.556000e+00
      vertex   3.532064e-01 1.516894e+01 3.556000e+00
    endloop
  endfacet
  facet normal -4.067366e-01 9.135455e-01 0.000000e+00
    outer loop
      vertex   3.532064e-01 1.516894e+01 -2.540000e-01
      vertex   3.532064e-01 1.516894e+01 3.556000e+00
      vertex   5.715000e-01 1.526613e+01 -2.540000e-01
    endloop
  endfacet
  facet normal -4.067366e-01 9.135455e-01 3.555657e-17
    outer loop
      vertex   5.715000e-01 1.526613e+01 -2.540000e-01
      vertex   3.532064e-01 1.516894e+01 3.556000e+00
      vertex   5.715000e-01 1.526613e+01 3.556000e+00
    endloop
  endfacet
  facet normal -5.877853e-01 8.090170e-01 5.138368e-17
    outer loop
      vertex   5.715000e-01 1.526613e+01 -2.540000e-01
      vertex   5.715000e-01 1.526613e+01 3.556000e+00
      vertex   7.648163e-01 1.540659e+01 -2.540000e-01
    endloop
  endfacet
  facet normal -5.877853e-01 8.090170e-01 0.000000e+00
    outer loop
      vertex   7.648163e-01 1.540659e+01 -2.540000e-01
      vertex   5.715000e-01 1.526613e+01 3.556000e+00
      vertex   7.648163e-01 1.540659e+01 3.556000e+00
    endloop
  endfacet
  facet normal -7.431448e-01 6.691306e-01 0.000000e+00
    outer loop
      vertex   7.648163e-01 1.540659e+01 -2.540000e-01
      vertex   7.648163e-01 1.540659e+01 3.556000e+00
      vertex   9.247064e-01 1.558416e+01 -2.540000e-01
    endloop
  endfacet
  facet normal -7.431448e-01 6.691306e-01 -4.331005e-17
    outer loop
      vertex   9.247064e-01 1.558416e+01 -2.540000e-01
      vertex   7.648163e-01 1.540659e+01 3.556000e+00
      vertex   9.247064e-01 1.558416e+01 3.556000e+00
    endloop
  endfacet
  facet normal -8.660254e-01 5.000000e-01 -5.047146e-17
    outer loop
      vertex   9.247064e-01 1.558416e+01 -2.540000e-01
      vertex   9.247064e-01 1.558416e+01 3.556000e+00
      vertex   1.044182e+00 1.579110e+01 -2.540000e-01
    endloop
  endfacet
  facet normal -8.660254e-01 5.000000e-01 0.000000e+00
    outer loop
      vertex   1.044182e+00 1.579110e+01 -2.540000e-01
      vertex   9.247064e-01 1.558416e+01 3.556000e+00
      vertex   1.044182e+00 1.579110e+01 3.556000e+00
    endloop
  endfacet
  facet normal -9.510565e-01 3.090170e-01 0.000000e+00
    outer loop
      vertex   1.044182e+00 1.579110e+01 -2.540000e-01
      vertex   1.044182e+00 1.579110e+01 3.556000e+00
      vertex   1.118023e+00 1.601836e+01 -2.540000e-01
    endloop
  endfacet
  facet normal -9.510565e-01 3.090170e-01 -5.542703e-17
    outer loop
      vertex   1.118023e+00 1.601836e+01 -2.540000e-01
      vertex   1.044182e+00 1.579110e+01 3.556000e+00
      vertex   1.118023e+00 1.601836e+01 3.556000e+00
    endloop
  endfacet
  facet normal -9.945219e-01 -1.045285e-01 5.796016e-17
    outer loop
      vertex   1.118023e+00 1.649364e+01 7.366000e+00
      vertex   1.118023e+00 1.649364e+01 3.556000e+00
      vertex   1.143000e+00 1.625600e+01 7.366000e+00
    endloop
  endfacet
  facet normal -9.945219e-01 -1.045285e-01 -0.000000e+00
    outer loop
      vertex   1.143000e+00 1.625600e+01 7.366000e+00
      vertex   1.118023e+00 1.649364e+01 3.556000e+00
      vertex   1.143000e+00 1.625600e+01 3.556000e+00
    endloop
  endfacet
  facet normal -9.945219e-01 1.045285e-01 0.000000e+00
    outer loop
      vertex   1.143000e+00 1.625600e+01 7.366000e+00
      vertex   1.143000e+00 1.625600e+01 3.556000e+00
      vertex   1.118023e+00 1.601836e+01 7.366000e+00
    endloop
  endfacet
  facet normal -9.945219e-01 1.045285e-01 1.159203e-16
    outer loop
      vertex   1.118023e+00 1.601836e+01 7.366000e+00
      vertex   1.143000e+00 1.625600e+01 3.556000e+00
      vertex   1.118023e+00 1.601836e+01 3.556000e+00
    endloop
  endfacet
  facet normal -9.510565e-01 3.090170e-01 1.108541e-16
    outer loop
      vertex   1.118023e+00 1.601836e+01 7.366000e+00
      vertex   1.118023e+00 1.601836e+01 3.556000e+00
      vertex   1.044182e+00 1.579110e+01 7.366000e+00
    endloop
  endfacet
  facet normal -9.510565e-01 3.090170e-01 5.542703e-17
    outer loop
      vertex   1.044182e+00 1.579110e+01 7.366000e+00
      vertex   1.118023e+00 1.601836e+01 3.556000e+00
      vertex   1.044182e+00 1.579110e+01 3.556000e+00
    endloop
  endfacet
  facet normal -8.660254e-01 5.000000e-01 5.047146e-17
    outer loop
      vertex   1.044182e+00 1.579110e+01 7.366000e+00
      vertex   1.044182e+00 1.579110e+01 3.556000e+00
      vertex   9.247064e-01 1.558416e+01 7.366000e+00
    endloop
  endfacet
  facet normal -8.660254e-01 5.000000e-01 5.047146e-17
    outer loop
      vertex   9.247064e-01 1.558416e+01 7.366000e+00
      vertex   1.044182e+00 1.579110e+01 3.556000e+00
      vertex   9.247064e-01 1.558416e+01 3.556000e+00
    endloop
  endfacet
  facet normal -7.431448e-01 6.691306e-01 4.331005e-17
    outer loop
      vertex   9.247064e-01 1.558416e+01 7.366000e+00
      vertex   9.247064e-01 1.558416e+01 3.556000e+00
      vertex   7.648163e-01 1.540659e+01 7.366000e+00
    endloop
  endfacet
  facet normal -7.431448e-01 6.691306e-01 6.496508e-17
    outer loop
      vertex   7.648163e-01 1.540659e+01 7.366000e+00
      vertex   9.247064e-01 1.558416e+01 3.556000e+00
      vertex   7.648163e-01 1.540659e+01 3.556000e+00
    endloop
  endfacet
  facet normal -5.877853e-01 8.090170e-01 5.138368e-17
    outer loop
      vertex   7.648163e-01 1.540659e+01 7.366000e+00
      vertex   7.648163e-01 1.540659e+01 3.556000e+00
      vertex   5.715000e-01 1.526613e+01 7.366000e+00
    endloop
  endfacet
  facet normal -5.877853e-01 8.090170e-01 8.563946e-17
    outer loop
      vertex   5.715000e-01 1.526613e+01 7.366000e+00
      vertex   7.648163e-01 1.540659e+01 3.556000e+00
      vertex   5.715000e-01 1.526613e+01 3.556000e+00
    endloop
  endfacet
  facet normal -4.067366e-01 9.135455e-01 5.926094e-17
    outer loop
      vertex   5.715000e-01 1.526613e+01 7.366000e+00
      vertex   5.715000e-01 1.526613e+01 3.556000e+00
      vertex   3.532064e-01 1.516894e+01 7.366000e+00
    endloop
  endfacet
  facet normal -4.067366e-01 9.135455e-01 0.000000e+00
    outer loop
      vertex   3.532064e-01 1.516894e+01 7.366000e+00
      vertex   5.715000e-01 1.526613e+01 3.556000e+00
      vertex   3.532064e-01 1.516894e+01 3.556000e+00
    endloop
  endfacet
  facet normal -2.079117e-01 9.781476e-01 0.000000e+00
    outer loop
      vertex   3.532064e-01 1.516894e+01 7.366000e+00
      vertex   3.532064e-01 1.516894e+01 3.556000e+00
      vertex   1.194760e-01 1.511926e+01 7.366000e+00
    endloop
  endfacet
  facet normal -2.079117e-01 9.781476e-01 1.438891e-17
    outer loop
      vertex   1.194760e-01 1.511926e+01 7.366000e+00
      vertex   3.532064e-01 1.516894e+01 3.556000e+00
      vertex   1.194760e-01 1.511926e+01 3.556000e+00
    endloop
  endfacet
  facet normal 0.000000e+00 1.000000e+00 0.000000e+00
    outer loop
      vertex   1.194760e-01 1.511926e+01 7.366000e+00
      vertex   1.194760e-01 1.511926e+01 3.556000e+00
      vertex   -1.194760e-01 1.511926e+01 7.366000e+00
    endloop
  endfacet
  facet normal 0.000000e+00 1.000000e+00 0.000000e+00
    outer loop
      vertex   -1.194760e-01 1.511926e+01 7.366000e+00
      vertex   1.194760e-01 1.511926e+01 3.556000e+00
      vertex   -1.194760e-01 1.511926e+01 3.556000e+00
    endloop
  endfacet
  facet normal 2.079117e-01 9.781476e-01 -1.363160e-17
    outer loop
      vertex   -1.194760e-01 1.511926e+01 7.366000e+00
      vertex   -1.194760e-01 1.511926e+01 3.556000e+00
      vertex   -3.532064e-01 1.516894e+01 7.366000e+00
    endloop
  endfacet
  facet normal 2.079117e-01 9.781476e-01 0.000000e+00
    outer loop
      vertex   -3.532064e-01 1.516894e+01 7.366000e+00
      vertex   -1.194760e-01 1.511926e+01 3.556000e+00
      vertex   -3.532064e-01 1.516894e+01 3.556000e+00
    endloop
  endfacet
  facet normal 4.067366e-01 9.135455e-01 0.000000e+00
    outer loop
      vertex   -3.532064e-01 1.516894e+01 7.366000e+00
      vertex   -3.532064e-01 1.516894e+01 3.556000e+00
      vertex   -5.715000e-01 1.526613e+01 7.366000e+00
    endloop
  endfacet
  facet normal 4.067366e-01 9.135455e-01 -3.555657e-17
    outer loop
      vertex   -5.715000e-01 1.526613e+01 7.366000e+00
      vertex   -3.532064e-01 1.516894e+01 3.556000e+00
      vertex   -5.715000e-01 1.526613e+01 3.556000e+00
    endloop
  endfacet
  facet normal 5.877853e-01 8.090170e-01 -5.138368e-17
    outer loop
      vertex   -5.715000e-01 1.526613e+01 7.366000e+00
      vertex   -5.715000e-01 1.526613e+01 3.556000e+00
      vertex   -7.648163e-01 1.540659e+01 7.366000e+00
    endloop
  endfacet
  facet normal 5.877853e-01 8.090170e-01 -5.138368e-17
    outer loop
      vertex   -7.648163e-01 1.540659e+01 7.366000e+00
      vertex   -5.715000e-01 1.526613e+01 3.556000e+00
      vertex   -7.648163e-01 1.540659e+01 3.556000e+00
    endloop
  endfacet
  facet normal 7.431448e-01 6.691306e-01 -6.496508e-17
    outer loop
      vertex   -7.648163e-01 1.540659e+01 7.366000e+00
      vertex   -7.648163e-01 1.540659e+01 3.556000e+00
      vertex   -9.247064e-01 1.558416e+01 7.366000e+00
    endloop
  endfacet
  facet normal 7.431448e-01 6.691306e-01 6.496508e-17
    outer loop
      vertex   -9.247064e-01 1.558416e+01 7.366000e+00
      vertex   -7.648163e-01 1.540659e+01 3.556000e+00
      vertex   -9.247064e-01 1.558416e+01 3.556000e+00
    endloop
  endfacet
  facet normal 8.660254e-01 5.000000e-01 7.570719e-17
    outer loop
      vertex   -9.247064e-01 1.558416e+01 7.366000e+00
      vertex   -9.247064e-01 1.558416e+01 3.556000e+00
      vertex   -1.044182e+00 1.579110e+01 7.366000e+00
    endloop
  endfacet
  facet normal 8.660254e-01 5.000000e-01 5.047146e-17
    outer loop
      vertex   -1.044182e+00 1.579110e+01 7.366000e+00
      vertex   -9.247064e-01 1.558416e+01 3.556000e+00
      vertex   -1.044182e+00 1.579110e+01 3.556000e+00
    endloop
  endfacet
  facet normal 9.510565e-01 3.090170e-01 5.542703e-17
    outer loop
      vertex   -1.044182e+00 1.579110e+01 7.366000e+00
      vertex   -1.044182e+00 1.579110e+01 3.556000e+00
      vertex   -1.118023e+00 1.601836e+01 7.366000e+00
    endloop
  endfacet
  facet normal 9.510565e-01 3.090170e-01 0.000000e+00
    outer loop
      vertex   -1.118023e+00 1.601836e+01 7.366000e+00
      vertex   -1.044182e+00 1.579110e+01 3.556000e+00
      vertex   -1.118023e+00 1.601836e+01 3.556000e+00
    endloop
  endfacet
  facet normal 9.945219e-01 1.045285e-01 0.000000e+00
    outer loop
      vertex   -1.118023e+00 1.601836e+01 7.366000e+00
      vertex   -1.118023e+00 1.601836e+01 3.556000e+00
      vertex   -1.143000e+00 1.625600e+01 7.366000e+00
    endloop
  endfacet
  facet normal 9.945219e-01 1.045285e-01 0.000000e+00
    outer loop
      vertex   -1.143000e+00 1.625600e+01 7.366000e+00
      vertex   -1.118023e+00 1.601836e+01 3.556000e+00
      vertex   -1.143000e+00 1.625600e+01 3.556000e+00
    endloop
  endfacet
  facet normal 9.945219e-01 -1.045285e-01 0.000000e+00
    outer loop
      vertex   -1.143000e+00 1.625600e+01 7.366000e+00
      vertex   -1.143000e+00 1.625600e+01 3.556000e+00
      vertex   -1.118023e+00 1.649364e+01 7.366000e+00
    endloop
  endfacet
  facet normal 9.945219e-01 -1.045285e-01 5.796016e-17
    outer loop
      vertex   -1.118023e+00 1.649364e+01 7.366000e+00
      vertex   -1.143000e+00 1.625600e+01 3.556000e+00
      vertex   -1.118023e+00 1.649364e+01 3.556000e+00
    endloop
  endfacet
  facet normal 9.510565e-01 -3.090170e-01 5.542703e-17
    outer loop
      vertex   -1.118023e+00 1.649364e+01 7.366000e+00
      vertex   -1.118023e+00 1.649364e+01 3.556000e+00
      vertex   -1.044182e+00 1.672090e+01 7.366000e+00
    endloop
  endfacet
  facet normal 9.510565e-01 -3.090170e-01 5.542703e-17
    outer loop
      vertex   -1.044182e+00 1.672090e+01 7.366000e+00
      vertex   -1.118023e+00 1.649364e+01 3.556000e+00
      vertex   -1.044182e+00 1.672090e+01 3.556000e+00
    endloop
  endfacet
  facet normal 8.660254e-01 -5.000000e-01 5.047146e-17
    outer loop
      vertex   -1.044182e+00 1.672090e+01 7.366000e+00
      vertex   -1.044182e+00 1.672090e+01 3.556000e+00
      vertex   -9.247064e-01 1.692784e+01 7.366000e+00
    endloop
  endfacet
  facet normal 8.660254e-01 -5.000000e-01 7.570719e-17
    outer loop
      vertex   -9.247064e-01 1.692784e+01 7.366000e+00
      vertex   -1.044182e+00 1.672090e+01 3.556000e+00
      vertex   -9.247064e-01 1.692784e+01 3.556000e+00
    endloop
  endfacet
  facet normal 7.431448e-01 -6.691306e-01 6.496508e-17
    outer loop
      vertex   -9.247064e-01 1.692784e+01 7.366000e+00
      vertex   -9.247064e-01 1.692784e+01 3.556000e+00
      vertex   -7.648163e-01 1.710541e+01 7.366000e+00
    endloop
  endfacet
  facet normal 7.431448e-01 -6.691306e-01 -6.022897e-16
    outer loop
      vertex   -7.648163e-01 1.710541e+01 7.366000e+00
      vertex   -9.247064e-01 1.692784e+01 3.556000e+00
      vertex   -7.648163e-01 1.710541e+01 3.556000e+00
    endloop
  endfacet
  facet normal 5.877853e-01 -8.090170e-01 -7.372568e-16
    outer loop
      vertex   -7.648163e-01 1.710541e+01 7.366000e+00
      vertex   -7.648163e-01 1.710541e+01 3.556000e+00
      vertex   -5.715000e-01 1.724587e+01 7.366000e+00
    endloop
  endfacet
  facet normal 5.877853e-01 -8.090170e-01 1.712789e-17
    outer loop
      vertex   -5.715000e-01 1.724587e+01 7.366000e+00
      vertex   -7.648163e-01 1.710541e+01 3.556000e+00
      vertex   -5.715000e-01 1.724587e+01 3.556000e+00
    endloop
  endfacet
  facet normal 4.067366e-01 -9.135455e-01 1.185219e-17
    outer loop
      vertex   -5.715000e-01 1.724587e+01 7.366000e+00
      vertex   -5.715000e-01 1.724587e+01 3.556000e+00
      vertex   -3.532064e-01 1.734306e+01 7.366000e+00
    endloop
  endfacet
  facet normal 4.067366e-01 -9.135455e-01 0.000000e+00
    outer loop
      vertex   -3.532064e-01 1.734306e+01 7.366000e+00
      vertex   -5.715000e-01 1.724587e+01 3.556000e+00
      vertex   -3.532064e-01 1.734306e+01 3.556000e+00
    endloop
  endfacet
  facet normal 2.079117e-01 -9.781476e-01 0.000000e+00
    outer loop
      vertex   -3.532064e-01 1.734306e+01 7.366000e+00
      vertex   -3.532064e-01 1.734306e+01 3.556000e+00
      vertex   -1.194760e-01 1.739274e+01 7.366000e+00
    endloop
  endfacet
  facet normal 2.079117e-01 -9.781476e-01 2.726319e-17
    outer loop
      vertex   -1.194760e-01 1.739274e+01 7.366000e+00
      vertex   -3.532064e-01 1.734306e+01 3.556000e+00
      vertex   -1.194760e-01 1.739274e+01 3.556000e+00
    endloop
  endfacet
  facet normal 0.000000e+00 -1.000000e+00 0.000000e+00
    outer loop
      vertex   -1.194760e-01 1.739274e+01 7.366000e+00
      vertex   -1.194760e-01 1.739274e+01 3.556000e+00
      vertex   1.194760e-01 1.739274e+01 7.366000e+00
    endloop
  endfacet
  facet normal 0.000000e+00 -1.000000e+00 -0.000000e+00
    outer loop
      vertex   1.194760e-01 1.739274e+01 7.366000e+00
      vertex   -1.194760e-01 1.739274e+01 3.556000e+00
      vertex   1.194760e-01 1.739274e+01 3.556000e+00
    endloop
  endfacet
  facet normal -2.079117e-01 -9.781476e-01 -1.438891e-17
    outer loop
      vertex   1.194760e-01 1.739274e+01 7.366000e+00
      vertex   1.194760e-01 1.739274e+01 3.556000e+00
      vertex   3.532064e-01 1.734306e+01 7.366000e+00
    endloop
  endfacet
  facet normal -2.079117e-01 -9.781476e-01 -0.000000e+00
    outer loop
      vertex   3.532064e-01 1.734306e+01 7.366000e+00
      vertex   1.194760e-01 1.739274e+01 3.556000e+00
      vertex   3.532064e-01 1.734306e+01 3.556000e+00
    endloop
  endfacet
  facet normal -4.067366e-01 -9.135455e-01 -0.000000e+00
    outer loop
      vertex   3.532064e-01 1.734306e+01 7.366000e+00
      vertex   3.532064e-01 1.734306e+01 3.556000e+00
      vertex   5.715000e-01 1.724587e+01 7.366000e+00
    endloop
  endfacet
  facet normal -4.067366e-01 -9.135455e-01 -3.555657e-17
    outer loop
      vertex   5.715000e-01 1.724587e+01 7.366000e+00
      vertex   3.532064e-01 1.734306e+01 3.556000e+00
      vertex   5.715000e-01 1.724587e+01 3.556000e+00
    endloop
  endfacet
  facet normal -5.877853e-01 -8.090170e-01 -5.138368e-17
    outer loop
      vertex   5.715000e-01 1.724587e+01 7.366000e+00
      vertex   5.715000e-01 1.724587e+01 3.556000e+00
      vertex   7.648163e-01 1.710541e+01 7.366000e+00
    endloop
  endfacet
  facet normal -5.877853e-01 -8.090170e-01 -0.000000e+00
    outer loop
      vertex   7.648163e-01 1.710541e+01 7.366000e+00
      vertex   5.715000e-01 1.724587e+01 3.556000e+00
      vertex   7.648163e-01 1.710541e+01 3.556000e+00
    endloop
  endfacet
  facet normal -7.431448e-01 -6.691306e-01 -0.000000e+00
    outer loop
      vertex   7.648163e-01 1.710541e+01 7.366000e+00
      vertex   7.648163e-01 1.710541e+01 3.556000e+00
      vertex   9.247064e-01 1.692784e+01 7.366000e+00
    endloop
  endfacet
  facet normal -7.431448e-01 -6.691306e-01 4.331005e-17
    outer loop
      vertex   9.247064e-01 1.692784e+01 7.366000e+00
      vertex   7.648163e-01 1.710541e+01 3.556000e+00
      vertex   9.247064e-01 1.692784e+01 3.556000e+00
    endloop
  endfacet
  facet normal -8.660254e-01 -5.000000e-01 5.047146e-17
    outer loop
      vertex   9.247064e-01 1.692784e+01 7.366000e+00
      vertex   9.247064e-01 1.692784e+01 3.556000e+00
      vertex   1.044182e+00 1.672090e+01 7.366000e+00
    endloop
  endfacet
  facet normal -8.660254e-01 -5.000000e-01 -0.000000e+00
    outer loop
      vertex   1.044182e+00 1.672090e+01 7.366000e+00
      vertex   9.247064e-01 1.692784e+01 3.556000e+00
      vertex   1.044182e+00 1.672090e+01 3.556000e+00
    endloop
  endfacet
  facet normal -9.510565e-01 -3.090170e-01 -0.000000e+00
    outer loop
      vertex   1.044182e+00 1.672090e+01 7.366000e+00
      vertex   1.044182e+00 1.672090e+01 3.556000e+00
      vertex   1.118023e+00 1.649364e+01 7.366000e+00
    endloop
  endfacet
  facet normal -9.510565e-01 -3.090170e-01 5.542703e-17
    outer loop
      vertex   1.118023e+00 1.649364e+01 7.366000e+00
      vertex   1.044182e+00 1.672090e+01 3.556000e+00
      vertex   1.118023e+00 1.649364e+01 3.556000e+00
    endloop
  endfacet
  facet normal -7.067505e-01 -3.174020e-02 -7.067505e-01
    outer loop
      vertex   6.266589e+00 5.640033e-01 -2.540000e-01
      vertex   6.291919e+00 -7.705378e-16 -2.540000e-01
      vertex   5.529919e+00 6.772197e-16 5.080000e-01
    endloop
  endfacet
  facet normal -7.067505e-01 3.174020e-02 -7.067505e-01
    outer loop
      vertex   5.529919e+00 6.772197e-16 5.080000e-01
      vertex   6.291919e+00 -7.705378e-16 -2.540000e-01
      vertex   6.266589e+00 -5.640033e-01 -2.540000e-01
    endloop
  endfacet
  facet normal -7.059942e-01 3.363065e-02 -7.074186e-01
    outer loop
      vertex   5.529919e+00 6.772197e-16 5.080000e-01
      vertex   6.266589e+00 -5.640033e-01 -2.540000e-01
      vertex   5.504879e+00 -5.256522e-01 5.080000e-01
    endloop
  endfacet
  facet normal -7.016437e-01 9.504409e-02 -7.061606e-01
    outer loop
      vertex   5.504879e+00 -5.256522e-01 5.080000e-01
      vertex   6.266589e+00 -5.640033e-01 -2.540000e-01
      vertex   6.190805e+00 -1.123465e+00 -2.540000e-01
    endloop
  endfacet
  facet normal -6.989814e-01 1.004984e-01 -7.080431e-01
    outer loop
      vertex   5.504879e+00 -5.256522e-01 5.080000e-01
      vertex   6.190805e+00 -1.123465e+00 -2.540000e-01
      vertex   5.429986e+00 -1.046544e+00 5.080000e-01
    endloop
  endfacet
  facet normal -6.907998e-01 1.576705e-01 -7.056456e-01
    outer loop
      vertex   5.429986e+00 -1.046544e+00 5.080000e-01
      vertex   6.190805e+00 -1.123465e+00 -2.540000e-01
      vertex   6.065176e+00 -1.673882e+00 -2.540000e-01
    endloop
  endfacet
  facet normal -6.857396e-01 1.663586e-01 -7.085802e-01
    outer loop
      vertex   5.429986e+00 -1.046544e+00 5.080000e-01
      vertex   6.065176e+00 -1.673882e+00 -2.540000e-01
      vertex   5.305918e+00 -1.557958e+00 5.080000e-01
    endloop
  endfacet
  facet normal -6.743015e-01 2.190938e-01 -7.052059e-01
    outer loop
      vertex   5.305918e+00 -1.557958e+00 5.080000e-01
      vertex   6.065176e+00 -1.673882e+00 -2.540000e-01
      vertex   5.890714e+00 -2.210822e+00 -2.540000e-01
    endloop
  endfacet
  facet normal -6.663936e-01 2.306411e-01 -7.090305e-01
    outer loop
      vertex   5.305918e+00 -1.557958e+00 5.080000e-01
      vertex   5.890714e+00 -2.210822e+00 -2.540000e-01
      vertex   5.133799e+00 -2.055263e+00 5.080000e-01
    endloop
  endfacet
  facet normal -6.522801e-01 2.787979e-01 -7.048421e-01
    outer loop
      vertex   5.133799e+00 -2.055263e+00 5.080000e-01
      vertex   5.890714e+00 -2.210822e+00 -2.540000e-01
      vertex   5.668823e+00 -2.729961e+00 -2.540000e-01
    endloop
  endfacet
  facet normal -6.411194e-01 2.927894e-01 -7.093943e-01
    outer loop
      vertex   5.133799e+00 -2.055263e+00 5.080000e-01
      vertex   5.668823e+00 -2.729961e+00 -2.540000e-01
      vertex   4.915188e+00 -2.533955e+00 5.080000e-01
    endloop
  endfacet
  facet normal -6.249145e-01 3.362808e-01 -7.045545e-01
    outer loop
      vertex   4.915188e+00 -2.533955e+00 5.080000e-01
      vertex   5.668823e+00 -2.729961e+00 -2.540000e-01
      vertex   5.401290e+00 -3.227121e+00 -2.540000e-01
    endloop
  endfacet
  facet normal -6.101426e-01 3.522660e-01 -7.096722e-01
    outer loop
      vertex   4.915188e+00 -2.533955e+00 5.080000e-01
      vertex   5.401290e+00 -3.227121e+00 -2.540000e-01
      vertex   4.652064e+00 -2.989700e+00 5.080000e-01
    endloop
  endfacet
  facet normal -5.924297e-01 3.910594e-01 -7.043433e-01
    outer loop
      vertex   4.652064e+00 -2.989700e+00 5.080000e-01
      vertex   5.401290e+00 -3.227121e+00 -2.540000e-01
      vertex   5.090269e+00 -3.698297e+00 -2.540000e-01
    endloop
  endfacet
  facet normal -5.737371e-01 4.085563e-01 -7.098644e-01
    outer loop
      vertex   4.652064e+00 -2.989700e+00 5.080000e-01
      vertex   5.090269e+00 -3.698297e+00 -2.540000e-01
      vertex   4.346810e+00 -3.418369e+00 5.080000e-01
    endloop
  endfacet
  facet normal -5.550948e-01 4.426733e-01 -7.042089e-01
    outer loop
      vertex   4.346810e+00 -3.418369e+00 5.080000e-01
      vertex   5.090269e+00 -3.698297e+00 -2.540000e-01
      vertex   4.738265e+00 -4.139697e+00 -2.540000e-01
    endloop
  endfacet
  facet normal -5.322221e-01 4.611731e-01 -7.099711e-01
    outer loop
      vertex   4.346810e+00 -3.418369e+00 5.080000e-01
      vertex   4.738265e+00 -4.139697e+00 -2.540000e-01
      vertex   4.002191e+00 -3.816081e+00 5.080000e-01
    endloop
  endfacet
  facet normal -5.132205e-01 4.906891e-01 -7.041512e-01
    outer loop
      vertex   4.002191e+00 -3.816081e+00 5.080000e-01
      vertex   4.738265e+00 -4.139697e+00 -2.540000e-01
      vertex   4.348110e+00 -4.547767e+00 -2.540000e-01
    endloop
  endfacet
  facet normal -4.859601e-01 5.096602e-01 -7.099924e-01
    outer loop
      vertex   4.002191e+00 -3.816081e+00 5.080000e-01
      vertex   4.348110e+00 -4.547767e+00 -2.540000e-01
      vertex   3.621327e+00 -4.179234e+00 5.080000e-01
    endloop
  endfacet
  facet normal -4.671569e-01 5.347041e-01 -7.041704e-01
    outer loop
      vertex   3.621327e+00 -4.179234e+00 5.080000e-01
      vertex   4.348110e+00 -4.547767e+00 -2.540000e-01
      vertex   3.922947e+00 -4.919220e+00 -2.540000e-01
    endloop
  endfacet
  facet normal -4.353532e-01 5.535966e-01 -7.099284e-01
    outer loop
      vertex   3.621327e+00 -4.179234e+00 5.080000e-01
      vertex   3.922947e+00 -4.919220e+00 -2.540000e-01
      vertex   3.207668e+00 -4.504539e+00 5.080000e-01
    endloop
  endfacet
  facet normal -4.172897e-01 5.743500e-01 -7.042665e-01
    outer loop
      vertex   3.207668e+00 -4.504539e+00 5.080000e-01
      vertex   3.922947e+00 -4.919220e+00 -2.540000e-01
      vertex   3.466199e+00 -5.251067e+00 -2.540000e-01
    endloop
  endfacet
  facet normal -3.808406e-01 5.925995e-01 -7.097790e-01
    outer loop
      vertex   3.207668e+00 -4.504539e+00 5.080000e-01
      vertex   3.466199e+00 -5.251067e+00 -2.540000e-01
      vertex   2.764959e+00 -4.789050e+00 5.080000e-01
    endloop
  endfacet
  facet normal -3.640375e-01 6.092962e-01 -7.044393e-01
    outer loop
      vertex   2.764959e+00 -4.789050e+00 5.080000e-01
      vertex   3.466199e+00 -5.251067e+00 -2.540000e-01
      vertex   2.981543e+00 -5.540636e+00 -2.540000e-01
    endloop
  endfacet
  facet normal -3.228944e-01 6.263278e-01 -7.095440e-01
    outer loop
      vertex   2.764959e+00 -4.789050e+00 5.080000e-01
      vertex   2.981543e+00 -5.540636e+00 -2.540000e-01
      vertex   2.297211e+00 -5.030191e+00 5.080000e-01
    endloop
  endfacet
  facet normal -3.078477e-01 6.392523e-01 -7.046888e-01
    outer loop
      vertex   2.297211e+00 -5.030191e+00 5.080000e-01
      vertex   2.981543e+00 -5.540636e+00 -2.540000e-01
      vertex   2.472882e+00 -5.785594e+00 -2.540000e-01
    endloop
  endfacet
  facet normal -2.620161e-01 6.544846e-01 -7.092232e-01
    outer loop
      vertex   2.297211e+00 -5.030191e+00 5.080000e-01
      vertex   2.472882e+00 -5.785594e+00 -2.540000e-01
      vertex   1.808659e+00 -5.225778e+00 5.080000e-01
    endloop
  endfacet
  facet normal -2.491925e-01 6.639711e-01 -7.050145e-01
    outer loop
      vertex   1.808659e+00 -5.225778e+00 5.080000e-01
      vertex   2.472882e+00 -5.785594e+00 -2.540000e-01
      vertex   1.944310e+00 -5.983970e+00 -2.540000e-01
    endloop
  endfacet
  facet normal -1.987322e-01 6.768199e-01 -7.088162e-01
    outer loop
      vertex   1.808659e+00 -5.225778e+00 5.080000e-01
      vertex   1.944310e+00 -5.983970e+00 -2.540000e-01
      vertex   1.303728e+00 -5.374039e+00 5.080000e-01
    endloop
  endfacet
  facet normal -1.885651e-01 6.832504e-01 -7.054163e-01
    outer loop
      vertex   1.303728e+00 -5.374039e+00 5.080000e-01
      vertex   1.944310e+00 -5.983970e+00 -2.540000e-01
      vertex   1.400084e+00 -6.134167e+00 -2.540000e-01
    endloop
  endfacet
  facet normal -1.335903e-01 6.931325e-01 -7.083226e-01
    outer loop
      vertex   1.303728e+00 -5.374039e+00 5.080000e-01
      vertex   1.400084e+00 -6.134167e+00 -2.540000e-01
      vertex   7.869895e-01 -5.473632e+00 5.080000e-01
    endloop
  endfacet
  facet normal -1.264750e-01 6.969348e-01 -7.058937e-01
    outer loop
      vertex   7.869895e-01 -5.473632e+00 5.080000e-01
      vertex   1.400084e+00 -6.134167e+00 -2.540000e-01
      vertex   8.445848e-01 -6.234976e+00 -2.540000e-01
    endloop
  endfacet
  facet normal -6.715435e-02 7.032722e-01 -7.077419e-01
    outer loop
      vertex   7.869895e-01 -5.473632e+00 5.080000e-01
      vertex   8.445848e-01 -6.234976e+00 -2.540000e-01
      vertex   2.631241e-01 -5.523655e+00 5.080000e-01
    endloop
  endfacet
  facet normal -6.344372e-02 7.049175e-01 -7.064462e-01
    outer loop
      vertex   2.631241e-01 -5.523655e+00 5.080000e-01
      vertex   8.445848e-01 -6.234976e+00 -2.540000e-01
      vertex   2.822859e-01 -6.285583e+00 -2.540000e-01
    endloop
  endfacet
  facet normal 2.189893e-15 7.071402e-01 -7.070734e-01
    outer loop
      vertex   2.631241e-01 -5.523655e+00 5.080000e-01
      vertex   2.822859e-01 -6.285583e+00 -2.540000e-01
      vertex   -2.822859e-01 -6.285583e+00 -2.540000e-01
    endloop
  endfacet
  facet normal 0.000000e+00 7.071402e-01 -7.070734e-01
    outer loop
      vertex   2.631241e-01 -5.523655e+00 5.080000e-01
      vertex   -2.822859e-01 -6.285583e+00 -2.540000e-01
      vertex   -2.631241e-01 -5.523655e+00 5.080000e-01
    endloop
  endfacet
  facet normal 6.344372e-02 7.049175e-01 -7.064462e-01
    outer loop
      vertex   -2.631241e-01 -5.523655e+00 5.080000e-01
      vertex   -2.822859e-01 -6.285583e+00 -2.540000e-01
      vertex   -8.445848e-01 -6.234976e+00 -2.540000e-01
    endloop
  endfacet
  facet normal 6.715435e-02 7.032722e-01 -7.077419e-01
    outer loop
      vertex   -2.631241e-01 -5.523655e+00 5.080000e-01
      vertex   -8.445848e-01 -6.234976e+00 -2.540000e-01
      vertex   -7.869895e-01 -5.473632e+00 5.080000e-01
    endloop
  endfacet
  facet normal 1.264750e-01 6.969348e-01 -7.058937e-01
    outer loop
      vertex   -7.869895e-01 -5.473632e+00 5.080000e-01
      vertex   -8.445848e-01 -6.234976e+00 -2.540000e-01
      vertex   -1.400084e+00 -6.134167e+00 -2.540000e-01
    endloop
  endfacet
  facet normal 1.335903e-01 6.931325e-01 -7.083226e-01
    outer loop
      vertex   -7.869895e-01 -5.473632e+00 5.080000e-01
      vertex   -1.400084e+00 -6.134167e+00 -2.540000e-01
      vertex   -1.303728e+00 -5.374039e+00 5.080000e-01
    endloop
  endfacet
  facet normal 1.885651e-01 6.832504e-01 -7.054163e-01
    outer loop
      vertex   -1.303728e+00 -5.374039e+00 5.080000e-01
      vertex   -1.400084e+00 -6.134167e+00 -2.540000e-01
      vertex   -1.944310e+00 -5.983970e+00 -2.540000e-01
    endloop
  endfacet
  facet normal 1.987322e-01 6.768199e-01 -7.088162e-01
    outer loop
      vertex   -1.303728e+00 -5.374039e+00 5.080000e-01
      vertex   -1.944310e+00 -5.983970e+00 -2.540000e-01
      vertex   -1.808659e+00 -5.225778e+00 5.080000e-01
    endloop
  endfacet
  facet normal 2.491925e-01 6.639711e-01 -7.050145e-01
    outer loop
      vertex   -1.808659e+00 -5.225778e+00 5.080000e-01
      vertex   -1.944310e+00 -5.983970e+00 -2.540000e-01
      vertex   -2.472882e+00 -5.785594e+00 -2.540000e-01
    endloop
  endfacet
  facet normal 2.620161e-01 6.544846e-01 -7.092232e-01
    outer loop
      vertex   -1.808659e+00 -5.225778e+00 5.080000e-01
      vertex   -2.472882e+00 -5.785594e+00 -2.540000e-01
      vertex   -2.297211e+00 -5.030191e+00 5.080000e-01
    endloop
  endfacet
  facet normal 3.078477e-01 6.392523e-01 -7.046888e-01
    outer loop
      vertex   -2.297211e+00 -5.030191e+00 5.080000e-01
      vertex   -2.472882e+00 -5.785594e+00 -2.540000e-01
      vertex   -2.981543e+00 -5.540636e+00 -2.540000e-01
    endloop
  endfacet
  facet normal 3.228944e-01 6.263278e-01 -7.095440e-01
    outer loop
      vertex   -2.297211e+00 -5.030191e+00 5.080000e-01
      vertex   -2.981543e+00 -5.540636e+00 -2.540000e-01
      vertex   -2.764959e+00 -4.789050e+00 5.080000e-01
    endloop
  endfacet
  facet normal 3.640375e-01 6.092962e-01 -7.044393e-01
    outer loop
      vertex   -2.764959e+00 -4.789050e+00 5.080000e-01
      vertex   -2.981543e+00 -5.540636e+00 -2.540000e-01
      vertex   -3.466199e+00 -5.251067e+00 -2.540000e-01
    endloop
  endfacet
  facet normal 3.808406e-01 5.925995e-01 -7.097790e-01
    outer loop
      vertex   -2.764959e+00 -4.789050e+00 5.080000e-01
      vertex   -3.466199e+00 -5.251067e+00 -2.540000e-01
      vertex   -3.207668e+00 -4.504539e+00 5.080000e-01
    endloop
  endfacet
  facet normal 4.172897e-01 5.743500e-01 -7.042665e-01
    outer loop
      vertex   -3.207668e+00 -4.504539e+00 5.080000e-01
      vertex   -3.466199e+00 -5.251067e+00 -2.540000e-01
      vertex   -3.922947e+00 -4.919220e+00 -2.540000e-01
    endloop
  endfacet
  facet normal 4.353532e-01 5.535966e-01 -7.099284e-01
    outer loop
      vertex   -3.207668e+00 -4.504539e+00 5.080000e-01
      vertex   -3.922947e+00 -4.919220e+00 -2.540000e-01
      vertex   -3.621327e+00 -4.179234e+00 5.080000e-01
    endloop
  endfacet
  facet normal 4.671569e-01 5.347041e-01 -7.041704e-01
    outer loop
      vertex   -3.621327e+00 -4.179234e+00 5.080000e-01
      vertex   -3.922947e+00 -4.919220e+00 -2.540000e-01
      vertex   -4.348110e+00 -4.547767e+00 -2.540000e-01
    endloop
  endfacet
  facet normal 4.859601e-01 5.096602e-01 -7.099924e-01
    outer loop
      vertex   -3.621327e+00 -4.179234e+00 5.080000e-01
      vertex   -4.348110e+00 -4.547767e+00 -2.540000e-01
      vertex   -4.002191e+00 -3.816081e+00 5.080000e-01
    endloop
  endfacet
  facet normal 5.132205e-01 4.906891e-01 -7.041512e-01
    outer loop
      vertex   -4.002191e+00 -3.816081e+00 5.080000e-01
      vertex   -4.348110e+00 -4.547767e+00 -2.540000e-01
      vertex   -4.738265e+00 -4.139697e+00 -2.540000e-01
    endloop
  endfacet
  facet normal 5.322221e-01 4.611731e-01 -7.099711e-01
    outer loop
      vertex   -4.002191e+00 -3.816081e+00 5.080000e-01
      vertex   -4.738265e+00 -4.139697e+00 -2.540000e-01
      vertex   -4.346810e+00 -3.418369e+00 5.080000e-01
    endloop
  endfacet
  facet normal 5.550948e-01 4.426733e-01 -7.042089e-01
    outer loop
      vertex   -4.346810e+00 -3.418369e+00 5.080000e-01
      vertex   -4.738265e+00 -4.139697e+00 -2.540000e-01
      vertex   -5.090269e+00 -3.698297e+00 -2.540000e-01
    endloop
  endfacet
  facet normal 5.737371e-01 4.085563e-01 -7.098644e-01
    outer loop
      vertex   -4.346810e+00 -3.418369e+00 5.080000e-01
      vertex   -5.090269e+00 -3.698297e+00 -2.540000e-01
      vertex   -4.652064e+00 -2.989700e+00 5.080000e-01
    endloop
  endfacet
  facet normal 5.924297e-01 3.910594e-01 -7.043433e-01
    outer loop
      vertex   -4.652064e+00 -2.989700e+00 5.080000e-01
      vertex   -5.090269e+00 -3.698297e+00 -2.540000e-01
      vertex   -5.401290e+00 -3.227121e+00 -2.540000e-01
    endloop
  endfacet
  facet normal 6.101426e-01 3.522660e-01 -7.096722e-01
    outer loop
      vertex   -4.652064e+00 -2.989700e+00 5.080000e-01
      vertex   -5.401290e+00 -3.227121e+00 -2.540000e-01
      vertex   -4.915188e+00 -2.533955e+00 5.080000e-01
    endloop
  endfacet
  facet normal 6.249145e-01 3.362808e-01 -7.045545e-01
    outer loop
      vertex   -4.915188e+00 -2.533955e+00 5.080000e-01
      vertex   -5.401290e+00 -3.227121e+00 -2.540000e-01
      vertex   -5.668823e+00 -2.729961e+00 -2.540000e-01
    endloop
  endfacet
  facet normal 6.411194e-01 2.927894e-01 -7.093943e-01
    outer loop
      vertex   -4.915188e+00 -2.533955e+00 5.080000e-01
      vertex   -5.668823e+00 -2.729961e+00 -2.540000e-01
      vertex   -5.133799e+00 -2.055263e+00 5.080000e-01
    endloop
  endfacet
  facet normal 6.522801e-01 2.787979e-01 -7.048421e-01
    outer loop
      vertex   -5.133799e+00 -2.055263e+00 5.080000e-01
      vertex   -5.668823e+00 -2.729961e+00 -2.540000e-01
      vertex   -5.890714e+00 -2.210822e+00 -2.540000e-01
    endloop
  endfacet
  facet normal 6.663936e-01 2.306411e-01 -7.090305e-01
    outer loop
      vertex   -5.133799e+00 -2.055263e+00 5.080000e-01
      vertex   -5.890714e+00 -2.210822e+00 -2.540000e-01
      vertex   -5.305918e+00 -1.557958e+00 5.080000e-01
    endloop
  endfacet
  facet normal 6.743015e-01 2.190938e-01 -7.052059e-01
    outer loop
      vertex   -5.305918e+00 -1.557958e+00 5.080000e-01
      vertex   -5.890714e+00 -2.210822e+00 -2.540000e-01
      vertex   -6.065176e+00 -1.673882e+00 -2.540000e-01
    endloop
  endfacet
  facet normal 6.857396e-01 1.663586e-01 -7.085802e-01
    outer loop
      vertex   -5.305918e+00 -1.557958e+00 5.080000e-01
      vertex   -6.065176e+00 -1.673882e+00 -2.540000e-01
      vertex   -5.429986e+00 -1.046544e+00 5.080000e-01
    endloop
  endfacet
  facet normal 6.907998e-01 1.576705e-01 -7.056456e-01
    outer loop
      vertex   -5.429986e+00 -1.046544e+00 5.080000e-01
      vertex   -6.065176e+00 -1.673882e+00 -2.540000e-01
      vertex   -6.190805e+00 -1.123465e+00 -2.540000e-01
    endloop
  endfacet
  facet normal 6.989814e-01 1.004984e-01 -7.080431e-01
    outer loop
      vertex   -5.429986e+00 -1.046544e+00 5.080000e-01
      vertex   -6.190805e+00 -1.123465e+00 -2.540000e-01
      vertex   -5.504879e+00 -5.256522e-01 5.080000e-01
    endloop
  endfacet
  facet normal 7.016437e-01 9.504409e-02 -7.061606e-01
    outer loop
      vertex   -5.504879e+00 -5.256522e-01 5.080000e-01
      vertex   -6.190805e+00 -1.123465e+00 -2.540000e-01
      vertex   -6.266589e+00 -5.640033e-01 -2.540000e-01
    endloop
  endfacet
  facet normal 7.059942e-01 3.363065e-02 -7.074186e-01
    outer loop
      vertex   -5.504879e+00 -5.256522e-01 5.080000e-01
      vertex   -6.266589e+00 -5.640033e-01 -2.540000e-01
      vertex   -5.529919e+00 0.000000e+00 5.080000e-01
    endloop
  endfacet
  facet normal 7.067505e-01 3.174020e-02 -7.067505e-01
    outer loop
      vertex   -5.529919e+00 0.000000e+00 5.080000e-01
      vertex   -6.266589e+00 -5.640033e-01 -2.540000e-01
      vertex   -6.291919e+00 0.000000e+00 -2.540000e-01
    endloop
  endfacet
  facet normal 7.067505e-01 -3.174020e-02 -7.067505e-01
    outer loop
      vertex   -5.529919e+00 0.000000e+00 5.080000e-01
      vertex   -6.291919e+00 0.000000e+00 -2.540000e-01
      vertex   -6.266589e+00 5.640033e-01 -2.540000e-01
    endloop
  endfacet
  facet normal 7.059942e-01 -3.363065e-02 -7.074186e-01
    outer loop
      vertex   -5.529919e+00 0.000000e+00 5.080000e-01
      vertex   -6.266589e+00 5.640033e-01 -2.540000e-01
      vertex   -5.504879e+00 5.256522e-01 5.080000e-01
    endloop
  endfacet
  facet normal 7.016437e-01 -9.504409e-02 -7.061606e-01
    outer loop
      vertex   -5.504879e+00 5.256522e-01 5.080000e-01
      vertex   -6.266589e+00 5.640033e-01 -2.540000e-01
      vertex   -6.190805e+00 1.123465e+00 -2.540000e-01
    endloop
  endfacet
  facet normal 6.989814e-01 -1.004984e-01 -7.080431e-01
    outer loop
      vertex   -5.504879e+00 5.256522e-01 5.080000e-01
      vertex   -6.190805e+00 1.123465e+00 -2.540000e-01
      vertex   -5.429986e+00 1.046544e+00 5.080000e-01
    endloop
  endfacet
  facet normal 6.907998e-01 -1.576705e-01 -7.056456e-01
    outer loop
      vertex   -5.429986e+00 1.046544e+00 5.080000e-01
      vertex   -6.190805e+00 1.123465e+00 -2.540000e-01
      vertex   -6.065176e+00 1.673882e+00 -2.540000e-01
    endloop
  endfacet
  facet normal 6.857396e-01 -1.663586e-01 -7.085802e-01
    outer loop
      vertex   -5.429986e+00 1.046544e+00 5.080000e-01
      vertex   -6.065176e+00 1.673882e+00 -2.540000e-01
      vertex   -5.305918e+00 1.557958e+00 5.080000e-01
    endloop
  endfacet
  facet normal 6.743015e-01 -2.190938e-01 -7.052059e-01
    outer loop
      vertex   -5.305918e+00 1.557958e+00 5.080000e-01
      vertex   -6.065176e+00 1.673882e+00 -2.540000e-01
      vertex   -5.890714e+00 2.210822e+00 -2.540000e-01
    endloop
  endfacet
  facet normal 6.663936e-01 -2.306411e-01 -7.090305e-01
    outer loop
      vertex   -5.305918e+00 1.557958e+00 5.080000e-01
      vertex   -5.890714e+00 2.210822e+00 -2.540000e-01
      vertex   -5.133799e+00 2.055263e+00 5.080000e-01
    endloop
  endfacet
  facet normal 6.522801e-01 -2.787979e-01 -7.048421e-01
    outer loop
      vertex   -5.133799e+00 2.055263e+00 5.080000e-01
      vertex   -5.890714e+00 2.210822e+00 -2.540000e-01
      vertex   -5.668823e+00 2.729961e+00 -2.540000e-01
    endloop
  endfacet
  facet normal 6.411194e-01 -2.927894e-01 -7.093943e-01
    outer loop
      vertex   -5.133799e+00 2.055263e+00 5.080000e-01
      vertex   -5.668823e+00 2.729961e+00 -2.540000e-01
      vertex   -4.915188e+00 2.533955e+00 5.080000e-01
    endloop
  endfacet
  facet normal 6.249145e-01 -3.362808e-01 -7.045545e-01
    outer loop
      vertex   -4.915188e+00 2.533955e+00 5.080000e-01
      vertex   -5.668823e+00 2.729961e+00 -2.540000e-01
      vertex   -5.401290e+00 3.227121e+00 -2.540000e-01
    endloop
  endfacet
  facet normal 6.101426e-01 -3.522660e-01 -7.096722e-01
    outer loop
      vertex   -4.915188e+00 2.533955e+00 5.080000e-01
      vertex   -5.401290e+00 3.227121e+00 -2.540000e-01
      vertex   -4.652064e+00 2.989700e+00 5.080000e-01
    endloop
  endfacet
  facet normal 5.924297e-01 -3.910594e-01 -7.043433e-01
    outer loop
      vertex   -4.652064e+00 2.989700e+00 5.080000e-01
      vertex   -5.401290e+00 3.227121e+00 -2.540000e-01
      vertex   -5.090269e+00 3.698297e+00 -2.540000e-01
    endloop
  endfacet
  facet normal 5.737371e-01 -4.085563e-01 -7.098644e-01
    outer loop
      vertex   -4.652064e+00 2.989700e+00 5.080000e-01
      vertex   -5.090269e+00 3.698297e+00 -2.540000e-01
      vertex   -4.346810e+00 3.418369e+00 5.080000e-01
    endloop
  endfacet
  facet normal 5.550948e-01 -4.426733e-01 -7.042089e-01
    outer loop
      vertex   -4.346810e+00 3.418369e+00 5.080000e-01
      vertex   -5.090269e+00 3.698297e+00 -2.540000e-01
      vertex   -4.738265e+00 4.139697e+00 -2.540000e-01
    endloop
  endfacet
  facet normal 5.322221e-01 -4.611731e-01 -7.099711e-01
    outer loop
      vertex   -4.346810e+00 3.418369e+00 5.080000e-01
      vertex   -4.738265e+00 4.139697e+00 -2.540000e-01
      vertex   -4.002191e+00 3.816081e+00 5.080000e-01
    endloop
  endfacet
  facet normal 5.132205e-01 -4.906891e-01 -7.041512e-01
    outer loop
      vertex   -4.002191e+00 3.816081e+00 5.080000e-01
      vertex   -4.738265e+00 4.139697e+00 -2.540000e-01
      vertex   -4.348110e+00 4.547767e+00 -2.540000e-01
    endloop
  endfacet
  facet normal 4.859601e-01 -5.096602e-01 -7.099924e-01
    outer loop
      vertex   -4.002191e+00 3.816081e+00 5.080000e-01
      vertex   -4.348110e+00 4.547767e+00 -2.540000e-01
      vertex   -3.621327e+00 4.179234e+00 5.080000e-01
    endloop
  endfacet
  facet normal 4.671569e-01 -5.347041e-01 -7.041704e-01
    outer loop
      vertex   -3.621327e+00 4.179234e+00 5.080000e-01
      vertex   -4.348110e+00 4.547767e+00 -2.540000e-01
      vertex   -3.922947e+00 4.919220e+00 -2.540000e-01
    endloop
  endfacet
  facet normal 4.353532e-01 -5.535966e-01 -7.099284e-01
    outer loop
      vertex   -3.621327e+00 4.179234e+00 5.080000e-01
      vertex   -3.922947e+00 4.919220e+00 -2.540000e-01
      vertex   -3.207668e+00 4.504539e+00 5.080000e-01
    endloop
  endfacet
  facet normal 4.172897e-01 -5.743500e-01 -7.042665e-01
    outer loop
      vertex   -3.207668e+00 4.504539e+00 5.080000e-01
      vertex   -3.922947e+00 4.919220e+00 -2.540000e-01
      vertex   -3.466199e+00 5.251067e+00 -2.540000e-01
    endloop
  endfacet
  facet normal 3.808406e-01 -5.925995e-01 -7.097790e-01
    outer loop
      vertex   -3.207668e+00 4.504539e+00 5.080000e-01
      vertex   -3.466199e+00 5.251067e+00 -2.540000e-01
      vertex   -2.764959e+00 4.789050e+00 5.080000e-01
    endloop
  endfacet
  facet normal 3.640375e-01 -6.092962e-01 -7.044393e-01
    outer loop
      vertex   -2.764959e+00 4.789050e+00 5.080000e-01
      vertex   -3.466199e+00 5.251067e+00 -2.540000e-01
      vertex   -2.981543e+00 5.540636e+00 -2.540000e-01
    endloop
  endfacet
  facet normal 3.228944e-01 -6.263278e-01 -7.095440e-01
    outer loop
      vertex   -2.764959e+00 4.789050e+00 5.080000e-01
      vertex   -2.981543e+00 5.540636e+00 -2.540000e-01
      vertex   -2.297211e+00 5.030191e+00 5.080000e-01
    endloop
  endfacet
  facet normal 3.078477e-01 -6.392523e-01 -7.046888e-01
    outer loop
      vertex   -2.297211e+00 5.030191e+00 5.080000e-01
      vertex   -2.981543e+00 5.540636e+00 -2.540000e-01
      vertex   -2.472882e+00 5.785594e+00 -2.540000e-01
    endloop
  endfacet
  facet normal 2.620161e-01 -6.544846e-01 -7.092232e-01
    outer loop
      vertex   -2.297211e+00 5.030191e+00 5.080000e-01
      vertex   -2.472882e+00 5.785594e+00 -2.540000e-01
      vertex   -1.808659e+00 5.225778e+00 5.080000e-01
    endloop
  endfacet
  facet normal 2.491925e-01 -6.639711e-01 -7.050145e-01
    outer loop
      vertex   -1.808659e+00 5.225778e+00 5.080000e-01
      vertex   -2.472882e+00 5.785594e+00 -2.540000e-01
      vertex   -1.944310e+00 5.983970e+00 -2.540000e-01
    endloop
  endfacet
  facet normal 1.987322e-01 -6.768199e-01 -7.088162e-01
    outer loop
      vertex   -1.808659e+00 5.225778e+00 5.080000e-01
      vertex   -1.944310e+00 5.983970e+00 -2.540000e-01
      vertex   -1.303728e+00 5.374039e+00 5.080000e-01
    endloop
  endfacet
  facet normal 1.885651e-01 -6.832504e-01 -7.054163e-01
    outer loop
      vertex   -1.303728e+00 5.374039e+00 5.080000e-01
      vertex   -1.944310e+00 5.983970e+00 -2.540000e-01
      vertex   -1.400084e+00 6.134167e+00 -2.540000e-01
    endloop
  endfacet
  facet normal 1.335903e-01 -6.931325e-01 -7.083226e-01
    outer loop
      vertex   -1.303728e+00 5.374039e+00 5.080000e-01
      vertex   -1.400084e+00 6.134167e+00 -2.540000e-01
      vertex   -7.869895e-01 5.473632e+00 5.080000e-01
    endloop
  endfacet
  facet normal 1.264750e-01 -6.969348e-01 -7.058937e-01
    outer loop
      vertex   -7.869895e-01 5.473632e+00 5.080000e-01
      vertex   -1.400084e+00 6.134167e+00 -2.540000e-01
      vertex   -8.445848e-01 6.234976e+00 -2.540000e-01
    endloop
  endfacet
  facet normal 6.715435e-02 -7.032722e-01 -7.077419e-01
    outer loop
      vertex   -7.869895e-01 5.473632e+00 5.080000e-01
      vertex   -8.445848e-01 6.234976e+00 -2.540000e-01
      vertex   -2.631241e-01 5.523655e+00 5.080000e-01
    endloop
  endfacet
  facet normal 6.344372e-02 -7.049175e-01 -7.064462e-01
    outer loop
      vertex   -2.631241e-01 5.523655e+00 5.080000e-01
      vertex   -8.445848e-01 6.234976e+00 -2.540000e-01
      vertex   -2.822859e-01 6.285583e+00 -2.540000e-01
    endloop
  endfacet
  facet normal 2.189893e-15 -7.071402e-01 -7.070734e-01
    outer loop
      vertex   -2.631241e-01 5.523655e+00 5.080000e-01
      vertex   -2.822859e-01 6.285583e+00 -2.540000e-01
      vertex   2.822859e-01 6.285583e+00 -2.540000e-01
    endloop
  endfacet
  facet normal 0.000000e+00 -7.071402e-01 -7.070734e-01
    outer loop
      vertex   -2.631241e-01 5.523655e+00 5.080000e-01
      vertex   2.822859e-01 6.285583e+00 -2.540000e-01
      vertex   2.631241e-01 5.523655e+00 5.080000e-01
    endloop
  endfacet
  facet normal -6.344372e-02 -7.049175e-01 -7.064462e-01
    outer loop
      vertex   2.631241e-01 5.523655e+00 5.080000e-01
      vertex   2.822859e-01 6.285583e+00 -2.540000e-01
      vertex   8.445848e-01 6.234976e+00 -2.540000e-01
    endloop
  endfacet
  facet normal -6.715435e-02 -7.032722e-01 -7.077419e-01
    outer loop
      vertex   2.631241e-01 5.523655e+00 5.080000e-01
      vertex   8.445848e-01 6.234976e+00 -2.540000e-01
      vertex   7.869895e-01 5.473632e+00 5.080000e-01
    endloop
  endfacet
  facet normal -1.264750e-01 -6.969348e-01 -7.058937e-01
    outer loop
      vertex   7.869895e-01 5.473632e+00 5.080000e-01
      vertex   8.445848e-01 6.234976e+00 -2.540000e-01
      vertex   1.400084e+00 6.134167e+00 -2.540000e-01
    endloop
  endfacet
  facet normal -1.335903e-01 -6.931325e-01 -7.083226e-01
    outer loop
      vertex   7.869895e-01 5.473632e+00 5.080000e-01
      vertex   1.400084e+00 6.134167e+00 -2.540000e-01
      vertex   1.303728e+00 5.374039e+00 5.080000e-01
    endloop
  endfacet
  facet normal -1.885651e-01 -6.832504e-01 -7.054163e-01
    outer loop
      vertex   1.303728e+00 5.374039e+00 5.080000e-01
      vertex   1.400084e+00 6.134167e+00 -2.540000e-01
      vertex   1.944310e+00 5.983970e+00 -2.540000e-01
    endloop
  endfacet
  facet normal -1.987322e-01 -6.768199e-01 -7.088162e-01
    outer loop
      vertex   1.303728e+00 5.374039e+00 5.080000e-01
      vertex   1.944310e+00 5.983970e+00 -2.540000e-01
      vertex   1.808659e+00 5.225778e+00 5.080000e-01
    endloop
  endfacet
  facet normal -2.491925e-01 -6.639711e-01 -7.050145e-01
    outer loop
      vertex   1.808659e+00 5.225778e+00 5.080000e-01
      vertex   1.944310e+00 5.983970e+00 -2.540000e-01
      vertex   2.472882e+00 5.785594e+00 -2.540000e-01
    endloop
  endfacet
  facet normal -2.620161e-01 -6.544846e-01 -7.092232e-01
    outer loop
      vertex   1.808659e+00 5.225778e+00 5.080000e-01
      vertex   2.472882e+00 5.785594e+00 -2.540000e-01
      vertex   2.297211e+00 5.030191e+00 5.080000e-01
    endloop
  endfacet
  facet normal -3.078477e-01 -6.392523e-01 -7.046888e-01
    outer loop
      vertex   2.297211e+00 5.030191e+00 5.080000e-01
      vertex   2.472882e+00 5.785594e+00 -2.540000e-01
      vertex   2.981543e+00 5.540636e+00 -2.540000e-01
    endloop
  endfacet
  facet normal -3.228944e-01 -6.263278e-01 -7.095440e-01
    outer loop
      vertex   2.297211e+00 5.030191e+00 5.080000e-01
      vertex   2.981543e+00 5.540636e+00 -2.540000e-01
      vertex   2.764959e+00 4.789050e+00 5.080000e-01
    endloop
  endfacet
  facet normal -3.640375e-01 -6.092962e-01 -7.044393e-01
    outer loop
      vertex   2.764959e+00 4.789050e+00 5.080000e-01
      vertex   2.981543e+00 5.540636e+00 -2.540000e-01
      vertex   3.466199e+00 5.251067e+00 -2.540000e-01
    endloop
  endfacet
  facet normal -3.808406e-01 -5.925995e-01 -7.097790e-01
    outer loop
      vertex   2.764959e+00 4.789050e+00 5.080000e-01
      vertex   3.466199e+00 5.251067e+00 -2.540000e-01
      vertex   3.207668e+00 4.504539e+00 5.080000e-01
    endloop
  endfacet
  facet normal -4.172897e-01 -5.743500e-01 -7.042665e-01
    outer loop
      vertex   3.207668e+00 4.504539e+00 5.080000e-01
      vertex   3.466199e+00 5.251067e+00 -2.540000e-01
      vertex   3.922947e+00 4.919220e+00 -2.540000e-01
    endloop
  endfacet
  facet normal -4.353532e-01 -5.535966e-01 -7.099284e-01
    outer loop
      vertex   3.207668e+00 4.504539e+00 5.080000e-01
      vertex   3.922947e+00 4.919220e+00 -2.540000e-01
      vertex   3.621327e+00 4.179234e+00 5.080000e-01
    endloop
  endfacet
  facet normal -4.671569e-01 -5.347041e-01 -7.041704e-01
    outer loop
      vertex   3.621327e+00 4.179234e+00 5.080000e-01
      vertex   3.922947e+00 4.919220e+00 -2.540000e-01
      vertex   4.348110e+00 4.547767e+00 -2.540000e-01
    endloop
  endfacet
  facet normal -4.859601e-01 -5.096602e-01 -7.099924e-01
    outer loop
      vertex   3.621327e+00 4.179234e+00 5.080000e-01
      vertex   4.348110e+00 4.547767e+00 -2.540000e-01
      vertex   4.002191e+00 3.816081e+00 5.080000e-01
    endloop
  endfacet
  facet normal -5.132205e-01 -4.906891e-01 -7.041512e-01
    outer loop
      vertex   4.002191e+00 3.816081e+00 5.080000e-01
      vertex   4.348110e+00 4.547767e+00 -2.540000e-01
      vertex   4.738265e+00 4.139697e+00 -2.540000e-01
    endloop
  endfacet
  facet normal -5.322221e-01 -4.611731e-01 -7.099711e-01
    outer loop
      vertex   4.002191e+00 3.816081e+00 5.080000e-01
      vertex   4.738265e+00 4.139697e+00 -2.540000e-01
      vertex   4.346810e+00 3.418369e+00 5.080000e-01
    endloop
  endfacet
  facet normal -5.550948e-01 -4.426733e-01 -7.042089e-01
    outer loop
      vertex   4.346810e+00 3.418369e+00 5.080000e-01
      vertex   4.738265e+00 4.139697e+00 -2.540000e-01
      vertex   5.090269e+00 3.698297e+00 -2.540000e-01
    endloop
  endfacet
  facet normal -5.737371e-01 -4.085563e-01 -7.098644e-01
    outer loop
      vertex   4.346810e+00 3.418369e+00 5.080000e-01
      vertex   5.090269e+00 3.698297e+00 -2.540000e-01
      vertex   4.652064e+00 2.989700e+00 5.080000e-01
    endloop
  endfacet
  facet normal -5.924297e-01 -3.910594e-01 -7.043433e-01
    outer loop
      vertex   4.652064e+00 2.989700e+00 5.080000e-01
      vertex   5.090269e+00 3.698297e+00 -2.540000e-01
      vertex   5.401290e+00 3.227121e+00 -2.540000e-01
    endloop
  endfacet
  facet normal -6.101426e-01 -3.522660e-01 -7.096722e-01
    outer loop
      vertex   4.652064e+00 2.989700e+00 5.080000e-01
      vertex   5.401290e+00 3.227121e+00 -2.540000e-01
      vertex   4.915188e+00 2.533955e+00 5.080000e-01
    endloop
  endfacet
  facet normal -6.249145e-01 -3.362808e-01 -7.045545e-01
    outer loop
      vertex   4.915188e+00 2.533955e+00 5.080000e-01
      vertex   5.401290e+00 3.227121e+00 -2.540000e-01
      vertex   5.668823e+00 2.729961e+00 -2.540000e-01
    endloop
  endfacet
  facet normal -6.411194e-01 -2.927894e-01 -7.093943e-01
    outer loop
      vertex   4.915188e+00 2.533955e+00 5.080000e-01
      vertex   5.668823e+00 2.729961e+00 -2.540000e-01
      vertex   5.133799e+00 2.055263e+00 5.080000e-01
    endloop
  endfacet
  facet normal -6.522801e-01 -2.787979e-01 -7.048421e-01
    outer loop
      vertex   5.133799e+00 2.055263e+00 5.080000e-01
      vertex   5.668823e+00 2.729961e+00 -2.540000e-01
      vertex   5.890714e+00 2.210822e+00 -2.540000e-01
    endloop
  endfacet
  facet normal -6.663936e-01 -2.306411e-01 -7.090305e-01
    outer loop
      vertex   5.133799e+00 2.055263e+00 5.080000e-01
      vertex   5.890714e+00 2.210822e+00 -2.540000e-01
      vertex   5.305918e+00 1.557958e+00 5.080000e-01
    endloop
  endfacet
  facet normal -6.743015e-01 -2.190938e-01 -7.052059e-01
    outer loop
      vertex   5.305918e+00 1.557958e+00 5.080000e-01
      vertex   5.890714e+00 2.210822e+00 -2.540000e-01
      vertex   6.065176e+00 1.673882e+00 -2.540000e-01
    endloop
  endfacet
  facet normal -6.857396e-01 -1.663586e-01 -7.085802e-01
    outer loop
      vertex   5.305918e+00 1.557958e+00 5.080000e-01
      vertex   6.065176e+00 1.673882e+00 -2.540000e-01
      vertex   5.429986e+00 1.046544e+00 5.080000e-01
    endloop
  endfacet
  facet normal -6.907998e-01 -1.576705e-01 -7.056456e-01
    outer loop
      vertex   5.429986e+00 1.046544e+00 5.080000e-01
      vertex   6.065176e+00 1.673882e+00 -2.540000e-01
      vertex   6.190805e+00 1.123465e+00 -2.540000e-01
    endloop
  endfacet
  facet normal -6.989814e-01 -1.004984e-01 -7.080431e-01
    outer loop
      vertex   5.429986e+00 1.046544e+00 5.080000e-01
      vertex   6.190805e+00 1.123465e+00 -2.540000e-01
      vertex   5.504879e+00 5.256522e-01 5.080000e-01
    endloop
  endfacet
  facet normal -7.016437e-01 -9.504409e-02 -7.061606e-01
    outer loop
      vertex   5.504879e+00 5.256522e-01 5.080000e-01
      vertex   6.190805e+00 1.123465e+00 -2.540000e-01
      vertex   6.266589e+00 5.640033e-01 -2.540000e-01
    endloop
  endfacet
  facet normal -7.059942e-01 -3.363065e-02 -7.074186e-01
    outer loop
      vertex   5.504879e+00 5.256522e-01 5.080000e-01
      vertex   6.266589e+00 5.640033e-01 -2.540000e-01
      vertex   5.529919e+00 6.772197e-16 5.080000e-01
    endloop
  endfacet
  facet normal -9.988673e-01 -4.758192e-02 6.536467e-17
    outer loop
      vertex   5.504879e+00 5.256522e-01 2.286000e+00
      vertex   5.504879e+00 5.256522e-01 5.080000e-01
      vertex   5.529919e+00 1.110223e-15 2.286000e+00
    endloop
  endfacet
  facet normal -9.988673e-01 -4.758192e-02 1.158781e-17
    outer loop
      vertex   5.529919e+00 1.110223e-15 2.286000e+00
      vertex   5.504879e+00 5.256522e-01 5.080000e-01
      vertex   5.529919e+00 6.772197e-16 5.080000e-01
    endloop
  endfacet
  facet normal -9.988673e-01 4.758192e-02 -1.158781e-17
    outer loop
      vertex   5.529919e+00 1.110223e-15 2.286000e+00
      vertex   5.529919e+00 6.772197e-16 5.080000e-01
      vertex   5.504879e+00 -5.256522e-01 2.286000e+00
    endloop
  endfacet
  facet normal -9.988673e-01 4.758192e-02 -6.536467e-17
    outer loop
      vertex   5.504879e+00 -5.256522e-01 2.286000e+00
      vertex   5.529919e+00 6.772197e-16 5.080000e-01
      vertex   5.504879e+00 -5.256522e-01 5.080000e-01
    endloop
  endfacet
  facet normal -9.898214e-01 1.423148e-01 -1.955021e-16
    outer loop
      vertex   5.504879e+00 -5.256522e-01 2.286000e+00
      vertex   5.504879e+00 -5.256522e-01 5.080000e-01
      vertex   5.429986e+00 -1.046544e+00 5.080000e-01
    endloop
  endfacet
  facet normal -9.898214e-01 -1.423148e-01 1.955021e-16
    outer loop
      vertex   5.504879e+00 5.256522e-01 2.286000e+00
      vertex   5.429986e+00 1.046544e+00 2.286000e+00
      vertex   5.504879e+00 5.256522e-01 5.080000e-01
    endloop
  endfacet
  facet normal -9.898214e-01 -1.423148e-01 0.000000e+00
    outer loop
      vertex   5.504879e+00 5.256522e-01 5.080000e-01
      vertex   5.429986e+00 1.046544e+00 2.286000e+00
      vertex   5.429986e+00 1.046544e+00 5.080000e-01
    endloop
  endfacet
  facet normal -9.718116e-01 -2.357589e-01 0.000000e+00
    outer loop
      vertex   5.429986e+00 1.046544e+00 5.080000e-01
      vertex   5.429986e+00 1.046544e+00 2.286000e+00
      vertex   5.305918e+00 1.557958e+00 2.286000e+00
    endloop
  endfacet
  facet normal -9.718116e-01 -2.357589e-01 0.000000e+00
    outer loop
      vertex   5.429986e+00 1.046544e+00 5.080000e-01
      vertex   5.305918e+00 1.557958e+00 2.286000e+00
      vertex   5.305918e+00 1.557958e+00 5.080000e-01
    endloop
  endfacet
  facet normal -9.450008e-01 -3.270680e-01 0.000000e+00
    outer loop
      vertex   5.305918e+00 1.557958e+00 5.080000e-01
      vertex   5.305918e+00 1.557958e+00 2.286000e+00
      vertex   5.133799e+00 2.055263e+00 2.286000e+00
    endloop
  endfacet
  facet normal -9.450008e-01 -3.270680e-01 -7.415967e-17
    outer loop
      vertex   5.305918e+00 1.557958e+00 5.080000e-01
      vertex   5.133799e+00 2.055263e+00 2.286000e+00
      vertex   5.133799e+00 2.055263e+00 5.080000e-01
    endloop
  endfacet
  facet normal -9.096320e-01 -4.154150e-01 6.439320e-17
    outer loop
      vertex   5.133799e+00 2.055263e+00 5.080000e-01
      vertex   5.133799e+00 2.055263e+00 2.286000e+00
      vertex   4.915188e+00 2.533955e+00 2.286000e+00
    endloop
  endfacet
  facet normal -9.096320e-01 -4.154150e-01 0.000000e+00
    outer loop
      vertex   5.133799e+00 2.055263e+00 5.080000e-01
      vertex   4.915188e+00 2.533955e+00 2.286000e+00
      vertex   4.915188e+00 2.533955e+00 5.080000e-01
    endloop
  endfacet
  facet normal -8.660254e-01 -5.000000e-01 0.000000e+00
    outer loop
      vertex   4.915188e+00 2.533955e+00 5.080000e-01
      vertex   4.915188e+00 2.533955e+00 2.286000e+00
      vertex   4.652064e+00 2.989700e+00 2.286000e+00
    endloop
  endfacet
  facet normal -8.660254e-01 -5.000000e-01 -4.894538e-16
    outer loop
      vertex   4.915188e+00 2.533955e+00 5.080000e-01
      vertex   4.652064e+00 2.989700e+00 2.286000e+00
      vertex   4.652064e+00 2.989700e+00 5.080000e-01
    endloop
  endfacet
  facet normal -8.145760e-01 -5.800569e-01 -3.791825e-16
    outer loop
      vertex   4.652064e+00 2.989700e+00 5.080000e-01
      vertex   4.652064e+00 2.989700e+00 2.286000e+00
      vertex   4.346810e+00 3.418369e+00 2.286000e+00
    endloop
  endfacet
  facet normal -8.145760e-01 -5.800569e-01 0.000000e+00
    outer loop
      vertex   4.652064e+00 2.989700e+00 5.080000e-01
      vertex   4.346810e+00 3.418369e+00 2.286000e+00
      vertex   4.346810e+00 3.418369e+00 5.080000e-01
    endloop
  endfacet
  facet normal -7.557496e-01 -6.548607e-01 0.000000e+00
    outer loop
      vertex   4.346810e+00 3.418369e+00 5.080000e-01
      vertex   4.346810e+00 3.418369e+00 2.286000e+00
      vertex   4.002191e+00 3.816081e+00 2.286000e+00
    endloop
  endfacet
  facet normal -7.557496e-01 -6.548607e-01 0.000000e+00
    outer loop
      vertex   4.346810e+00 3.418369e+00 5.080000e-01
      vertex   4.002191e+00 3.816081e+00 2.286000e+00
      vertex   4.002191e+00 3.816081e+00 5.080000e-01
    endloop
  endfacet
  facet normal -6.900790e-01 -7.237340e-01 0.000000e+00
    outer loop
      vertex   4.002191e+00 3.816081e+00 5.080000e-01
      vertex   4.002191e+00 3.816081e+00 2.286000e+00
      vertex   3.621327e+00 4.179234e+00 2.286000e+00
    endloop
  endfacet
  facet normal -6.900790e-01 -7.237340e-01 -1.483193e-16
    outer loop
      vertex   4.002191e+00 3.816081e+00 5.080000e-01
      vertex   3.621327e+00 4.179234e+00 2.286000e+00
      vertex   3.621327e+00 4.179234e+00 5.080000e-01
    endloop
  endfacet
  facet normal -6.181590e-01 -7.860531e-01 -7.052745e-17
    outer loop
      vertex   3.621327e+00 4.179234e+00 5.080000e-01
      vertex   3.621327e+00 4.179234e+00 2.286000e+00
      vertex   3.207668e+00 4.504539e+00 2.286000e+00
    endloop
  endfacet
  facet normal -6.181590e-01 -7.860531e-01 0.000000e+00
    outer loop
      vertex   3.621327e+00 4.179234e+00 5.080000e-01
      vertex   3.207668e+00 4.504539e+00 2.286000e+00
      vertex   3.207668e+00 4.504539e+00 5.080000e-01
    endloop
  endfacet
  facet normal -5.406408e-01 -8.412535e-01 0.000000e+00
    outer loop
      vertex   3.207668e+00 4.504539e+00 5.080000e-01
      vertex   3.207668e+00 4.504539e+00 2.286000e+00
      vertex   2.764959e+00 4.789050e+00 2.286000e+00
    endloop
  endfacet
  facet normal -5.406408e-01 -8.412535e-01 -8.899161e-17
    outer loop
      vertex   3.207668e+00 4.504539e+00 5.080000e-01
      vertex   2.764959e+00 4.789050e+00 2.286000e+00
      vertex   2.764959e+00 4.789050e+00 5.080000e-01
    endloop
  endfacet
  facet normal -4.582265e-01 -8.888354e-01 1.875134e-16
    outer loop
      vertex   2.764959e+00 4.789050e+00 5.080000e-01
      vertex   2.764959e+00 4.789050e+00 2.286000e+00
      vertex   2.297211e+00 5.030191e+00 2.286000e+00
    endloop
  endfacet
  facet normal -4.582265e-01 -8.888354e-01 2.076471e-16
    outer loop
      vertex   2.764959e+00 4.789050e+00 5.080000e-01
      vertex   2.297211e+00 5.030191e+00 2.286000e+00
      vertex   2.297211e+00 5.030191e+00 5.080000e-01
    endloop
  endfacet
  facet normal -3.716625e-01 -9.283679e-01 2.780955e-16
    outer loop
      vertex   2.297211e+00 5.030191e+00 5.080000e-01
      vertex   2.297211e+00 5.030191e+00 2.286000e+00
      vertex   1.808659e+00 5.225778e+00 2.286000e+00
    endloop
  endfacet
  facet normal -3.716625e-01 -9.283679e-01 0.000000e+00
    outer loop
      vertex   2.297211e+00 5.030191e+00 5.080000e-01
      vertex   1.808659e+00 5.225778e+00 2.286000e+00
      vertex   1.808659e+00 5.225778e+00 5.080000e-01
    endloop
  endfacet
  facet normal -2.817326e-01 -9.594930e-01 0.000000e+00
    outer loop
      vertex   1.808659e+00 5.225778e+00 5.080000e-01
      vertex   1.808659e+00 5.225778e+00 2.286000e+00
      vertex   1.303728e+00 5.374039e+00 2.286000e+00
    endloop
  endfacet
  facet normal -2.817326e-01 -9.594930e-01 6.081093e-16
    outer loop
      vertex   1.808659e+00 5.225778e+00 5.080000e-01
      vertex   1.303728e+00 5.374039e+00 2.286000e+00
      vertex   1.303728e+00 5.374039e+00 5.080000e-01
    endloop
  endfacet
  facet normal -1.892512e-01 -9.819287e-01 7.446758e-16
    outer loop
      vertex   1.303728e+00 5.374039e+00 5.080000e-01
      vertex   1.303728e+00 5.374039e+00 2.286000e+00
      vertex   7.869895e-01 5.473632e+00 2.286000e+00
    endloop
  endfacet
  facet normal -1.892512e-01 -9.819287e-01 -1.409034e-16
    outer loop
      vertex   1.303728e+00 5.374039e+00 5.080000e-01
      vertex   7.869895e-01 5.473632e+00 2.286000e+00
      vertex   7.869895e-01 5.473632e+00 5.080000e-01
    endloop
  endfacet
  facet normal -9.505604e-02 -9.954719e-01 -7.122615e-17
    outer loop
      vertex   7.869895e-01 5.473632e+00 5.080000e-01
      vertex   7.869895e-01 5.473632e+00 2.286000e+00
      vertex   2.631241e-01 5.523655e+00 2.286000e+00
    endloop
  endfacet
  facet normal -9.505604e-02 -9.954719e-01 6.674371e-17
    outer loop
      vertex   7.869895e-01 5.473632e+00 5.080000e-01
      vertex   2.631241e-01 5.523655e+00 2.286000e+00
      vertex   2.631241e-01 5.523655e+00 5.080000e-01
    endloop
  endfacet
  facet normal 0.000000e+00 -1.000000e+00 0.000000e+00
    outer loop
      vertex   2.631241e-01 5.523655e+00 5.080000e-01
      vertex   2.631241e-01 5.523655e+00 2.286000e+00
      vertex   -2.631241e-01 5.523655e+00 2.286000e+00
    endloop
  endfacet
  facet normal 0.000000e+00 -1.000000e+00 0.000000e+00
    outer loop
      vertex   2.631241e-01 5.523655e+00 5.080000e-01
      vertex   -2.631241e-01 5.523655e+00 2.286000e+00
      vertex   -2.631241e-01 5.523655e+00 5.080000e-01
    endloop
  endfacet
  facet normal 9.505604e-02 -9.954719e-01 6.529063e-17
    outer loop
      vertex   -2.631241e-01 5.523655e+00 5.080000e-01
      vertex   -2.631241e-01 5.523655e+00 2.286000e+00
      vertex   -7.869895e-01 5.473632e+00 2.286000e+00
    endloop
  endfacet
  facet normal 9.505604e-02 -9.954719e-01 0.000000e+00
    outer loop
      vertex   -2.631241e-01 5.523655e+00 5.080000e-01
      vertex   -7.869895e-01 5.473632e+00 2.286000e+00
      vertex   -7.869895e-01 5.473632e+00 5.080000e-01
    endloop
  endfacet
  facet normal 1.892512e-01 -9.819287e-01 0.000000e+00
    outer loop
      vertex   -7.869895e-01 5.473632e+00 5.080000e-01
      vertex   -7.869895e-01 5.473632e+00 2.286000e+00
      vertex   -1.303728e+00 5.374039e+00 2.286000e+00
    endloop
  endfacet
  facet normal 1.892512e-01 -9.819287e-01 2.595589e-16
    outer loop
      vertex   -7.869895e-01 5.473632e+00 5.080000e-01
      vertex   -1.303728e+00 5.374039e+00 2.286000e+00
      vertex   -1.303728e+00 5.374039e+00 5.080000e-01
    endloop
  endfacet
  facet normal 2.817326e-01 -9.594930e-01 3.870243e-16
    outer loop
      vertex   -1.303728e+00 5.374039e+00 5.080000e-01
      vertex   -1.303728e+00 5.374039e+00 2.286000e+00
      vertex   -1.808659e+00 5.225778e+00 2.286000e+00
    endloop
  endfacet
  facet normal 2.817326e-01 -9.594930e-01 2.076471e-16
    outer loop
      vertex   -1.303728e+00 5.374039e+00 5.080000e-01
      vertex   -1.808659e+00 5.225778e+00 2.286000e+00
      vertex   -1.808659e+00 5.225778e+00 5.080000e-01
    endloop
  endfacet
  facet normal 3.716625e-01 -9.283679e-01 2.784892e-16
    outer loop
      vertex   -1.808659e+00 5.225778e+00 5.080000e-01
      vertex   -1.808659e+00 5.225778e+00 2.286000e+00
      vertex   -2.297211e+00 5.030191e+00 2.286000e+00
    endloop
  endfacet
  facet normal 3.716625e-01 -9.283679e-01 -1.928152e-16
    outer loop
      vertex   -1.808659e+00 5.225778e+00 5.080000e-01
      vertex   -2.297211e+00 5.030191e+00 2.286000e+00
      vertex   -2.297211e+00 5.030191e+00 5.080000e-01
    endloop
  endfacet
  facet normal 4.582265e-01 -8.888354e-01 -2.289015e-16
    outer loop
      vertex   -2.297211e+00 5.030191e+00 5.080000e-01
      vertex   -2.297211e+00 5.030191e+00 2.286000e+00
      vertex   -2.764959e+00 4.789050e+00 2.286000e+00
    endloop
  endfacet
  facet normal 4.582265e-01 -8.888354e-01 1.334874e-16
    outer loop
      vertex   -2.297211e+00 5.030191e+00 5.080000e-01
      vertex   -2.764959e+00 4.789050e+00 2.286000e+00
      vertex   -2.764959e+00 4.789050e+00 5.080000e-01
    endloop
  endfacet
  facet normal 5.406408e-01 -8.412535e-01 2.549384e-16
    outer loop
      vertex   -2.764959e+00 4.789050e+00 5.080000e-01
      vertex   -2.764959e+00 4.789050e+00 2.286000e+00
      vertex   -3.207668e+00 4.504539e+00 2.286000e+00
    endloop
  endfacet
  facet normal 5.406408e-01 -8.412535e-01 0.000000e+00
    outer loop
      vertex   -2.764959e+00 4.789050e+00 5.080000e-01
      vertex   -3.207668e+00 4.504539e+00 2.286000e+00
      vertex   -3.207668e+00 4.504539e+00 5.080000e-01
    endloop
  endfacet
  facet normal 6.181590e-01 -7.860531e-01 0.000000e+00
    outer loop
      vertex   -3.207668e+00 4.504539e+00 5.080000e-01
      vertex   -3.207668e+00 4.504539e+00 2.286000e+00
      vertex   -3.621327e+00 4.179234e+00 2.286000e+00
    endloop
  endfacet
  facet normal 6.181590e-01 -7.860531e-01 0.000000e+00
    outer loop
      vertex   -3.207668e+00 4.504539e+00 5.080000e-01
      vertex   -3.621327e+00 4.179234e+00 2.286000e+00
      vertex   -3.621327e+00 4.179234e+00 5.080000e-01
    endloop
  endfacet
  facet normal 6.900790e-01 -7.237340e-01 0.000000e+00
    outer loop
      vertex   -3.621327e+00 4.179234e+00 5.080000e-01
      vertex   -3.621327e+00 4.179234e+00 2.286000e+00
      vertex   -4.002191e+00 3.816081e+00 2.286000e+00
    endloop
  endfacet
  facet normal 6.900790e-01 -7.237340e-01 0.000000e+00
    outer loop
      vertex   -3.621327e+00 4.179234e+00 5.080000e-01
      vertex   -4.002191e+00 3.816081e+00 2.286000e+00
      vertex   -4.002191e+00 3.816081e+00 5.080000e-01
    endloop
  endfacet
  facet normal 7.557496e-01 -6.548607e-01 0.000000e+00
    outer loop
      vertex   -4.002191e+00 3.816081e+00 5.080000e-01
      vertex   -4.002191e+00 3.816081e+00 2.286000e+00
      vertex   -4.346810e+00 3.418369e+00 2.286000e+00
    endloop
  endfacet
  facet normal 7.557496e-01 -6.548607e-01 8.899161e-17
    outer loop
      vertex   -4.002191e+00 3.816081e+00 5.080000e-01
      vertex   -4.346810e+00 3.418369e+00 2.286000e+00
      vertex   -4.346810e+00 3.418369e+00 5.080000e-01
    endloop
  endfacet
  facet normal 8.145760e-01 -5.800569e-01 2.343023e-16
    outer loop
      vertex   -4.346810e+00 3.418369e+00 5.080000e-01
      vertex   -4.346810e+00 3.418369e+00 2.286000e+00
      vertex   -4.652064e+00 2.989700e+00 2.286000e+00
    endloop
  endfacet
  facet normal 8.145760e-01 -5.800569e-01 -1.779832e-16
    outer loop
      vertex   -4.346810e+00 3.418369e+00 5.080000e-01
      vertex   -4.652064e+00 2.989700e+00 2.286000e+00
      vertex   -4.652064e+00 2.989700e+00 5.080000e-01
    endloop
  endfacet
  facet normal 8.660254e-01 -5.000000e-01 -6.692539e-17
    outer loop
      vertex   -4.652064e+00 2.989700e+00 5.080000e-01
      vertex   -4.652064e+00 2.989700e+00 2.286000e+00
      vertex   -4.915188e+00 2.533955e+00 2.286000e+00
    endloop
  endfacet
  facet normal 8.660254e-01 -5.000000e-01 0.000000e+00
    outer loop
      vertex   -4.652064e+00 2.989700e+00 5.080000e-01
      vertex   -4.915188e+00 2.533955e+00 2.286000e+00
      vertex   -4.915188e+00 2.533955e+00 5.080000e-01
    endloop
  endfacet
  facet normal 9.096320e-01 -4.154150e-01 0.000000e+00
    outer loop
      vertex   -4.915188e+00 2.533955e+00 5.080000e-01
      vertex   -4.915188e+00 2.533955e+00 2.286000e+00
      vertex   -5.133799e+00 2.055263e+00 2.286000e+00
    endloop
  endfacet
  facet normal 9.096320e-01 -4.154150e-01 0.000000e+00
    outer loop
      vertex   -4.915188e+00 2.533955e+00 5.080000e-01
      vertex   -5.133799e+00 2.055263e+00 2.286000e+00
      vertex   -5.133799e+00 2.055263e+00 5.080000e-01
    endloop
  endfacet
  facet normal 9.450008e-01 -3.270680e-01 0.000000e+00
    outer loop
      vertex   -5.133799e+00 2.055263e+00 5.080000e-01
      vertex   -5.133799e+00 2.055263e+00 2.286000e+00
      vertex   -5.305918e+00 1.557958e+00 2.286000e+00
    endloop
  endfacet
  facet normal 9.450008e-01 -3.270680e-01 4.894538e-16
    outer loop
      vertex   -5.133799e+00 2.055263e+00 5.080000e-01
      vertex   -5.305918e+00 1.557958e+00 2.286000e+00
      vertex   -5.305918e+00 1.557958e+00 5.080000e-01
    endloop
  endfacet
  facet normal 9.718116e-01 -2.357589e-01 6.470445e-16
    outer loop
      vertex   -5.305918e+00 1.557958e+00 5.080000e-01
      vertex   -5.305918e+00 1.557958e+00 2.286000e+00
      vertex   -5.429986e+00 1.046544e+00 2.286000e+00
    endloop
  endfacet
  facet normal 9.718116e-01 -2.357589e-01 -3.263026e-16
    outer loop
      vertex   -5.305918e+00 1.557958e+00 5.080000e-01
      vertex   -5.429986e+00 1.046544e+00 2.286000e+00
      vertex   -5.429986e+00 1.046544e+00 5.080000e-01
    endloop
  endfacet
  facet normal 9.898214e-01 -1.423148e-01 -1.955021e-16
    outer loop
      vertex   -5.429986e+00 1.046544e+00 5.080000e-01
      vertex   -5.429986e+00 1.046544e+00 2.286000e+00
      vertex   -5.504879e+00 5.256522e-01 2.286000e+00
    endloop
  endfacet
  facet normal 9.898214e-01 -1.423148e-01 0.000000e+00
    outer loop
      vertex   -5.429986e+00 1.046544e+00 5.080000e-01
      vertex   -5.504879e+00 5.256522e-01 2.286000e+00
      vertex   -5.504879e+00 5.256522e-01 5.080000e-01
    endloop
  endfacet
  facet normal 9.988673e-01 -4.758192e-02 0.000000e+00
    outer loop
      vertex   -5.504879e+00 5.256522e-01 5.080000e-01
      vertex   -5.504879e+00 5.256522e-01 2.286000e+00
      vertex   -5.529919e+00 0.000000e+00 2.286000e+00
    endloop
  endfacet
  facet normal 9.988673e-01 -4.758192e-02 0.000000e+00
    outer loop
      vertex   -5.504879e+00 5.256522e-01 5.080000e-01
      vertex   -5.529919e+00 0.000000e+00 2.286000e+00
      vertex   -5.529919e+00 0.000000e+00 5.080000e-01
    endloop
  endfacet
  facet normal 9.988673e-01 4.758192e-02 -0.000000e+00
    outer loop
      vertex   -5.529919e+00 0.000000e+00 5.080000e-01
      vertex   -5.529919e+00 0.000000e+00 2.286000e+00
      vertex   -5.504879e+00 -5.256522e-01 2.286000e+00
    endloop
  endfacet
  facet normal 9.988673e-01 4.758192e-02 0.000000e+00
    outer loop
      vertex   -5.529919e+00 0.000000e+00 5.080000e-01
      vertex   -5.504879e+00 -5.256522e-01 2.286000e+00
      vertex   -5.504879e+00 -5.256522e-01 5.080000e-01
    endloop
  endfacet
  facet normal 9.898214e-01 1.423148e-01 -0.000000e+00
    outer loop
      vertex   -5.504879e+00 -5.256522e-01 5.080000e-01
      vertex   -5.504879e+00 -5.256522e-01 2.286000e+00
      vertex   -5.429986e+00 -1.046544e+00 2.286000e+00
    endloop
  endfacet
  facet normal 9.898214e-01 1.423148e-01 2.002311e-16
    outer loop
      vertex   -5.504879e+00 -5.256522e-01 5.080000e-01
      vertex   -5.429986e+00 -1.046544e+00 2.286000e+00
      vertex   -5.429986e+00 -1.046544e+00 5.080000e-01
    endloop
  endfacet
  facet normal 9.718116e-01 2.357589e-01 3.238690e-16
    outer loop
      vertex   -5.429986e+00 -1.046544e+00 5.080000e-01
      vertex   -5.429986e+00 -1.046544e+00 2.286000e+00
      vertex   -5.305918e+00 -1.557958e+00 2.286000e+00
    endloop
  endfacet
  facet normal 9.718116e-01 2.357589e-01 -6.526051e-16
    outer loop
      vertex   -5.429986e+00 -1.046544e+00 5.080000e-01
      vertex   -5.305918e+00 -1.557958e+00 2.286000e+00
      vertex   -5.305918e+00 -1.557958e+00 5.080000e-01
    endloop
  endfacet
  facet normal 9.450008e-01 3.270680e-01 -4.948246e-16
    outer loop
      vertex   -5.305918e+00 -1.557958e+00 5.080000e-01
      vertex   -5.305918e+00 -1.557958e+00 2.286000e+00
      vertex   -5.133799e+00 -2.055263e+00 2.286000e+00
    endloop
  endfacet
  facet normal 9.450008e-01 3.270680e-01 0.000000e+00
    outer loop
      vertex   -5.305918e+00 -1.557958e+00 5.080000e-01
      vertex   -5.133799e+00 -2.055263e+00 2.286000e+00
      vertex   -5.133799e+00 -2.055263e+00 5.080000e-01
    endloop
  endfacet
  facet normal 9.096320e-01 4.154150e-01 -0.000000e+00
    outer loop
      vertex   -5.133799e+00 -2.055263e+00 5.080000e-01
      vertex   -5.133799e+00 -2.055263e+00 2.286000e+00
      vertex   -4.915188e+00 -2.533955e+00 2.286000e+00
    endloop
  endfacet
  facet normal 9.096320e-01 4.154150e-01 0.000000e+00
    outer loop
      vertex   -5.133799e+00 -2.055263e+00 5.080000e-01
      vertex   -4.915188e+00 -2.533955e+00 2.286000e+00
      vertex   -4.915188e+00 -2.533955e+00 5.080000e-01
    endloop
  endfacet
  facet normal 8.660254e-01 5.000000e-01 -0.000000e+00
    outer loop
      vertex   -4.915188e+00 -2.533955e+00 5.080000e-01
      vertex   -4.915188e+00 -2.533955e+00 2.286000e+00
      vertex   -4.652064e+00 -2.989700e+00 2.286000e+00
    endloop
  endfacet
  facet normal 8.660254e-01 5.000000e-01 7.415967e-17
    outer loop
      vertex   -4.915188e+00 -2.533955e+00 5.080000e-01
      vertex   -4.652064e+00 -2.989700e+00 2.286000e+00
      vertex   -4.652064e+00 -2.989700e+00 5.080000e-01
    endloop
  endfacet
  facet normal 8.145760e-01 5.800569e-01 1.726093e-16
    outer loop
      vertex   -4.652064e+00 -2.989700e+00 5.080000e-01
      vertex   -4.652064e+00 -2.989700e+00 2.286000e+00
      vertex   -4.346810e+00 -3.418369e+00 2.286000e+00
    endloop
  endfacet
  facet normal 8.145760e-01 5.800569e-01 -2.076471e-16
    outer loop
      vertex   -4.652064e+00 -2.989700e+00 5.080000e-01
      vertex   -4.346810e+00 -3.418369e+00 2.286000e+00
      vertex   -4.346810e+00 -3.418369e+00 5.080000e-01
    endloop
  endfacet
  facet normal 7.557496e-01 6.548607e-01 -1.007956e-16
    outer loop
      vertex   -4.346810e+00 -3.418369e+00 5.080000e-01
      vertex   -4.346810e+00 -3.418369e+00 2.286000e+00
      vertex   -4.002191e+00 -3.816081e+00 2.286000e+00
    endloop
  endfacet
  facet normal 7.557496e-01 6.548607e-01 0.000000e+00
    outer loop
      vertex   -4.346810e+00 -3.418369e+00 5.080000e-01
      vertex   -4.002191e+00 -3.816081e+00 2.286000e+00
      vertex   -4.002191e+00 -3.816081e+00 5.080000e-01
    endloop
  endfacet
  facet normal 6.900790e-01 7.237340e-01 -0.000000e+00
    outer loop
      vertex   -4.002191e+00 -3.816081e+00 5.080000e-01
      vertex   -4.002191e+00 -3.816081e+00 2.286000e+00
      vertex   -3.621327e+00 -4.179234e+00 2.286000e+00
    endloop
  endfacet
  facet normal 6.900790e-01 7.237340e-01 0.000000e+00
    outer loop
      vertex   -4.002191e+00 -3.816081e+00 5.080000e-01
      vertex   -3.621327e+00 -4.179234e+00 2.286000e+00
      vertex   -3.621327e+00 -4.179234e+00 5.080000e-01
    endloop
  endfacet
  facet normal 6.181590e-01 7.860531e-01 -0.000000e+00
    outer loop
      vertex   -3.621327e+00 -4.179234e+00 5.080000e-01
      vertex   -3.621327e+00 -4.179234e+00 2.286000e+00
      vertex   -3.207668e+00 -4.504539e+00 2.286000e+00
    endloop
  endfacet
  facet normal 6.181590e-01 7.860531e-01 0.000000e+00
    outer loop
      vertex   -3.621327e+00 -4.179234e+00 5.080000e-01
      vertex   -3.207668e+00 -4.504539e+00 2.286000e+00
      vertex   -3.207668e+00 -4.504539e+00 5.080000e-01
    endloop
  endfacet
  facet normal 5.406408e-01 8.412535e-01 -0.000000e+00
    outer loop
      vertex   -3.207668e+00 -4.504539e+00 5.080000e-01
      vertex   -3.207668e+00 -4.504539e+00 2.286000e+00
      vertex   -2.764959e+00 -4.789050e+00 2.286000e+00
    endloop
  endfacet
  facet normal 5.406408e-01 8.412535e-01 -2.669748e-16
    outer loop
      vertex   -3.207668e+00 -4.504539e+00 5.080000e-01
      vertex   -2.764959e+00 -4.789050e+00 2.286000e+00
      vertex   -2.764959e+00 -4.789050e+00 5.080000e-01
    endloop
  endfacet
  facet normal 4.582265e-01 8.888354e-01 -1.282468e-16
    outer loop
      vertex   -2.764959e+00 -4.789050e+00 5.080000e-01
      vertex   -2.764959e+00 -4.789050e+00 2.286000e+00
      vertex   -2.297211e+00 -5.030191e+00 2.286000e+00
    endloop
  endfacet
  facet normal 4.582265e-01 8.888354e-01 2.224790e-16
    outer loop
      vertex   -2.764959e+00 -4.789050e+00 5.080000e-01
      vertex   -2.297211e+00 -5.030191e+00 2.286000e+00
      vertex   -2.297211e+00 -5.030191e+00 5.080000e-01
    endloop
  endfacet
  facet normal 3.716625e-01 9.283679e-01 1.856595e-16
    outer loop
      vertex   -2.297211e+00 -5.030191e+00 5.080000e-01
      vertex   -2.297211e+00 -5.030191e+00 2.286000e+00
      vertex   -1.808659e+00 -5.225778e+00 2.286000e+00
    endloop
  endfacet
  facet normal 3.716625e-01 9.283679e-01 -2.669748e-16
    outer loop
      vertex   -2.297211e+00 -5.030191e+00 5.080000e-01
      vertex   -1.808659e+00 -5.225778e+00 2.286000e+00
      vertex   -1.808659e+00 -5.225778e+00 5.080000e-01
    endloop
  endfacet
  facet normal 2.817326e-01 9.594930e-01 -2.111041e-16
    outer loop
      vertex   -1.808659e+00 -5.225778e+00 5.080000e-01
      vertex   -1.808659e+00 -5.225778e+00 2.286000e+00
      vertex   -1.303728e+00 -5.374039e+00 2.286000e+00
    endloop
  endfacet
  facet normal 2.817326e-01 9.594930e-01 -3.856303e-16
    outer loop
      vertex   -1.808659e+00 -5.225778e+00 5.080000e-01
      vertex   -1.303728e+00 -5.374039e+00 2.286000e+00
      vertex   -1.303728e+00 -5.374039e+00 5.080000e-01
    endloop
  endfacet
  facet normal 1.892512e-01 9.819287e-01 -2.599800e-16
    outer loop
      vertex   -1.303728e+00 -5.374039e+00 5.080000e-01
      vertex   -1.303728e+00 -5.374039e+00 2.286000e+00
      vertex   -7.869895e-01 -5.473632e+00 2.286000e+00
    endloop
  endfacet
  facet normal 1.892512e-01 9.819287e-01 0.000000e+00
    outer loop
      vertex   -1.303728e+00 -5.374039e+00 5.080000e-01
      vertex   -7.869895e-01 -5.473632e+00 2.286000e+00
      vertex   -7.869895e-01 -5.473632e+00 5.080000e-01
    endloop
  endfacet
  facet normal 9.505604e-02 9.954719e-01 -0.000000e+00
    outer loop
      vertex   -7.869895e-01 -5.473632e+00 5.080000e-01
      vertex   -7.869895e-01 -5.473632e+00 2.286000e+00
      vertex   -2.631241e-01 -5.523655e+00 2.286000e+00
    endloop
  endfacet
  facet normal 9.505604e-02 9.954719e-01 -6.303572e-17
    outer loop
      vertex   -7.869895e-01 -5.473632e+00 5.080000e-01
      vertex   -2.631241e-01 -5.523655e+00 2.286000e+00
      vertex   -2.631241e-01 -5.523655e+00 5.080000e-01
    endloop
  endfacet
  facet normal 0.000000e+00 1.000000e+00 0.000000e+00
    outer loop
      vertex   -2.631241e-01 -5.523655e+00 5.080000e-01
      vertex   -2.631241e-01 -5.523655e+00 2.286000e+00
      vertex   2.631241e-01 -5.523655e+00 2.286000e+00
    endloop
  endfacet
  facet normal 0.000000e+00 1.000000e+00 0.000000e+00
    outer loop
      vertex   -2.631241e-01 -5.523655e+00 5.080000e-01
      vertex   2.631241e-01 -5.523655e+00 2.286000e+00
      vertex   2.631241e-01 -5.523655e+00 5.080000e-01
    endloop
  endfacet
  facet normal -9.505604e-02 9.954719e-01 -6.232288e-17
    outer loop
      vertex   2.631241e-01 -5.523655e+00 5.080000e-01
      vertex   2.631241e-01 -5.523655e+00 2.286000e+00
      vertex   7.869895e-01 -5.473632e+00 2.286000e+00
    endloop
  endfacet
  facet normal -9.505604e-02 9.954719e-01 7.045169e-17
    outer loop
      vertex   2.631241e-01 -5.523655e+00 5.080000e-01
      vertex   7.869895e-01 -5.473632e+00 2.286000e+00
      vertex   7.869895e-01 -5.473632e+00 5.080000e-01
    endloop
  endfacet
  facet normal -1.892512e-01 9.819287e-01 1.418073e-16
    outer loop
      vertex   7.869895e-01 -5.473632e+00 5.080000e-01
      vertex   7.869895e-01 -5.473632e+00 2.286000e+00
      vertex   1.303728e+00 -5.374039e+00 2.286000e+00
    endloop
  endfacet
  facet normal -1.892512e-01 9.819287e-01 -7.415967e-16
    outer loop
      vertex   7.869895e-01 -5.473632e+00 5.080000e-01
      vertex   1.303728e+00 -5.374039e+00 2.286000e+00
      vertex   1.303728e+00 -5.374039e+00 5.080000e-01
    endloop
  endfacet
  facet normal -2.817326e-01 9.594930e-01 -6.067660e-16
    outer loop
      vertex   1.303728e+00 -5.374039e+00 5.080000e-01
      vertex   1.303728e+00 -5.374039e+00 2.286000e+00
      vertex   1.808659e+00 -5.225778e+00 2.286000e+00
    endloop
  endfacet
  facet normal -2.817326e-01 9.594930e-01 0.000000e+00
    outer loop
      vertex   1.303728e+00 -5.374039e+00 5.080000e-01
      vertex   1.808659e+00 -5.225778e+00 2.286000e+00
      vertex   1.808659e+00 -5.225778e+00 5.080000e-01
    endloop
  endfacet
  facet normal -3.716625e-01 9.283679e-01 0.000000e+00
    outer loop
      vertex   1.808659e+00 -5.225778e+00 5.080000e-01
      vertex   1.808659e+00 -5.225778e+00 2.286000e+00
      vertex   2.297211e+00 -5.030191e+00 2.286000e+00
    endloop
  endfacet
  facet normal -3.716625e-01 9.283679e-01 -2.818068e-16
    outer loop
      vertex   1.808659e+00 -5.225778e+00 5.080000e-01
      vertex   2.297211e+00 -5.030191e+00 2.286000e+00
      vertex   2.297211e+00 -5.030191e+00 5.080000e-01
    endloop
  endfacet
  facet normal -4.582265e-01 8.888354e-01 -2.151055e-16
    outer loop
      vertex   2.297211e+00 -5.030191e+00 5.080000e-01
      vertex   2.297211e+00 -5.030191e+00 2.286000e+00
      vertex   2.764959e+00 -4.789050e+00 2.286000e+00
    endloop
  endfacet
  facet normal -4.582265e-01 8.888354e-01 -1.928152e-16
    outer loop
      vertex   2.297211e+00 -5.030191e+00 5.080000e-01
      vertex   2.764959e+00 -4.789050e+00 2.286000e+00
      vertex   2.764959e+00 -4.789050e+00 5.080000e-01
    endloop
  endfacet
  facet normal -5.406408e-01 8.412535e-01 8.963883e-17
    outer loop
      vertex   2.764959e+00 -4.789050e+00 5.080000e-01
      vertex   2.764959e+00 -4.789050e+00 2.286000e+00
      vertex   3.207668e+00 -4.504539e+00 2.286000e+00
    endloop
  endfacet
  facet normal -5.406408e-01 8.412535e-01 0.000000e+00
    outer loop
      vertex   2.764959e+00 -4.789050e+00 5.080000e-01
      vertex   3.207668e+00 -4.504539e+00 2.286000e+00
      vertex   3.207668e+00 -4.504539e+00 5.080000e-01
    endloop
  endfacet
  facet normal -6.181590e-01 7.860531e-01 0.000000e+00
    outer loop
      vertex   3.207668e+00 -4.504539e+00 5.080000e-01
      vertex   3.207668e+00 -4.504539e+00 2.286000e+00
      vertex   3.621327e+00 -4.179234e+00 2.286000e+00
    endloop
  endfacet
  facet normal -6.181590e-01 7.860531e-01 5.932774e-17
    outer loop
      vertex   3.207668e+00 -4.504539e+00 5.080000e-01
      vertex   3.621327e+00 -4.179234e+00 2.286000e+00
      vertex   3.621327e+00 -4.179234e+00 5.080000e-01
    endloop
  endfacet
  facet normal -6.900790e-01 7.237340e-01 1.555484e-16
    outer loop
      vertex   3.621327e+00 -4.179234e+00 5.080000e-01
      vertex   3.621327e+00 -4.179234e+00 2.286000e+00
      vertex   4.002191e+00 -3.816081e+00 2.286000e+00
    endloop
  endfacet
  facet normal -6.900790e-01 7.237340e-01 0.000000e+00
    outer loop
      vertex   3.621327e+00 -4.179234e+00 5.080000e-01
      vertex   4.002191e+00 -3.816081e+00 2.286000e+00
      vertex   4.002191e+00 -3.816081e+00 5.080000e-01
    endloop
  endfacet
  facet normal -7.557496e-01 6.548607e-01 0.000000e+00
    outer loop
      vertex   4.002191e+00 -3.816081e+00 5.080000e-01
      vertex   4.002191e+00 -3.816081e+00 2.286000e+00
      vertex   4.346810e+00 -3.418369e+00 2.286000e+00
    endloop
  endfacet
  facet normal -7.557496e-01 6.548607e-01 0.000000e+00
    outer loop
      vertex   4.002191e+00 -3.816081e+00 5.080000e-01
      vertex   4.346810e+00 -3.418369e+00 2.286000e+00
      vertex   4.346810e+00 -3.418369e+00 5.080000e-01
    endloop
  endfacet
  facet normal -8.145760e-01 5.800569e-01 0.000000e+00
    outer loop
      vertex   4.346810e+00 -3.418369e+00 5.080000e-01
      vertex   4.346810e+00 -3.418369e+00 2.286000e+00
      vertex   4.652064e+00 -2.989700e+00 2.286000e+00
    endloop
  endfacet
  facet normal -8.145760e-01 5.800569e-01 3.856303e-16
    outer loop
      vertex   4.346810e+00 -3.418369e+00 5.080000e-01
      vertex   4.652064e+00 -2.989700e+00 2.286000e+00
      vertex   4.652064e+00 -2.989700e+00 5.080000e-01
    endloop
  endfacet
  facet normal -8.660254e-01 5.000000e-01 4.905716e-16
    outer loop
      vertex   4.652064e+00 -2.989700e+00 5.080000e-01
      vertex   4.652064e+00 -2.989700e+00 2.286000e+00
      vertex   4.915188e+00 -2.533955e+00 2.286000e+00
    endloop
  endfacet
  facet normal -8.660254e-01 5.000000e-01 0.000000e+00
    outer loop
      vertex   4.652064e+00 -2.989700e+00 5.080000e-01
      vertex   4.915188e+00 -2.533955e+00 2.286000e+00
      vertex   4.915188e+00 -2.533955e+00 5.080000e-01
    endloop
  endfacet
  facet normal -9.096320e-01 4.154150e-01 0.000000e+00
    outer loop
      vertex   4.915188e+00 -2.533955e+00 5.080000e-01
      vertex   4.915188e+00 -2.533955e+00 2.286000e+00
      vertex   5.133799e+00 -2.055263e+00 2.286000e+00
    endloop
  endfacet
  facet normal -9.096320e-01 4.154150e-01 -7.415967e-17
    outer loop
      vertex   4.915188e+00 -2.533955e+00 5.080000e-01
      vertex   5.133799e+00 -2.055263e+00 2.286000e+00
      vertex   5.133799e+00 -2.055263e+00 5.080000e-01
    endloop
  endfacet
  facet normal -9.450008e-01 3.270680e-01 6.360662e-17
    outer loop
      vertex   5.133799e+00 -2.055263e+00 5.080000e-01
      vertex   5.133799e+00 -2.055263e+00 2.286000e+00
      vertex   5.305918e+00 -1.557958e+00 2.286000e+00
    endloop
  endfacet
  facet normal -9.450008e-01 3.270680e-01 0.000000e+00
    outer loop
      vertex   5.133799e+00 -2.055263e+00 5.080000e-01
      vertex   5.305918e+00 -1.557958e+00 2.286000e+00
      vertex   5.305918e+00 -1.557958e+00 5.080000e-01
    endloop
  endfacet
  facet normal -9.718116e-01 2.357589e-01 0.000000e+00
    outer loop
      vertex   5.305918e+00 -1.557958e+00 5.080000e-01
      vertex   5.305918e+00 -1.557958e+00 2.286000e+00
      vertex   5.429986e+00 -1.046544e+00 2.286000e+00
    endloop
  endfacet
  facet normal -9.718116e-01 2.357589e-01 0.000000e+00
    outer loop
      vertex   5.305918e+00 -1.557958e+00 5.080000e-01
      vertex   5.429986e+00 -1.046544e+00 2.286000e+00
      vertex   5.429986e+00 -1.046544e+00 5.080000e-01
    endloop
  endfacet
  facet normal -9.898214e-01 1.423148e-01 0.000000e+00
    outer loop
      vertex   5.429986e+00 -1.046544e+00 5.080000e-01
      vertex   5.429986e+00 -1.046544e+00 2.286000e+00
      vertex   5.504879e+00 -5.256522e-01 2.286000e+00
    endloop
  endfacet
  facet normal 0.000000e+00 0.000000e+00 -1.000000e+00
    outer loop
      vertex   6.266589e+00 5.640033e-01 -2.540000e-01
      vertex   7.021311e+00 5.844611e-01 -2.540000e-01
      vertex   6.291919e+00 -7.705378e-16 -2.540000e-01
    endloop
  endfacet
  facet normal 0.000000e+00 0.000000e+00 -1.000000e+00
    outer loop
      vertex   6.291919e+00 -7.705378e-16 -2.540000e-01
      vertex   7.021311e+00 5.844611e-01 -2.540000e-01
      vertex   7.045594e+00 -1.027921e-11 -2.540000e-01
    endloop
  endfacet
  facet normal 0.000000e+00 0.000000e+00 -1.000000e+00
    outer loop
      vertex   6.291919e+00 -7.705378e-16 -2.540000e-01
      vertex   7.045594e+00 -1.027921e-11 -2.540000e-01
      vertex   7.021311e+00 -5.844611e-01 -2.540000e-01
    endloop
  endfacet
  facet normal 0.000000e+00 0.000000e+00 -1.000000e+00
    outer loop
      vertex   6.190805e+00 1.123465e+00 -2.540000e-01
      vertex   6.828045e+00 1.737296e+00 -2.540000e-01
      vertex   6.266589e+00 5.640033e-01 -2.540000e-01
    endloop
  endfacet
  facet normal 0.000000e+00 0.000000e+00 -1.000000e+00
    outer loop
      vertex   6.266589e+00 5.640033e-01 -2.540000e-01
      vertex   6.828045e+00 1.737296e+00 -2.540000e-01
      vertex   6.948627e+00 1.164893e+00 -2.540000e-01
    endloop
  endfacet
  facet normal 0.000000e+00 0.000000e+00 -1.000000e+00
    outer loop
      vertex   6.266589e+00 5.640033e-01 -2.540000e-01
      vertex   6.948627e+00 1.164893e+00 -2.540000e-01
      vertex   7.021311e+00 5.844611e-01 -2.540000e-01
    endloop
  endfacet
  facet normal -0.000000e+00 0.000000e+00 -1.000000e+00
    outer loop
      vertex   6.828045e+00 1.737296e+00 -2.540000e-01
      vertex   6.190805e+00 1.123465e+00 -2.540000e-01
      vertex   6.660396e+00 2.297722e+00 -2.540000e-01
    endloop
  endfacet
  facet normal 0.000000e+00 0.000000e+00 -1.000000e+00
    outer loop
      vertex   6.660396e+00 2.297722e+00 -2.540000e-01
      vertex   6.190805e+00 1.123465e+00 -2.540000e-01
      vertex   6.065176e+00 1.673882e+00 -2.540000e-01
    endloop
  endfacet
  facet normal -0.000000e+00 0.000000e+00 -1.000000e+00
    outer loop
      vertex   6.660396e+00 2.297722e+00 -2.540000e-01
      vertex   6.065176e+00 1.673882e+00 -2.540000e-01
      vertex   6.446834e+00 2.842310e+00 -2.540000e-01
    endloop
  endfacet
  facet normal 0.000000e+00 0.000000e+00 -1.000000e+00
    outer loop
      vertex   6.446834e+00 2.842310e+00 -2.540000e-01
      vertex   6.065176e+00 1.673882e+00 -2.540000e-01
      vertex   5.890714e+00 2.210822e+00 -2.540000e-01
    endloop
  endfacet
  facet normal -0.000000e+00 0.000000e+00 -1.000000e+00
    outer loop
      vertex   6.446834e+00 2.842310e+00 -2.540000e-01
      vertex   5.890714e+00 2.210822e+00 -2.540000e-01
      vertex   6.188833e+00 3.367305e+00 -2.540000e-01
    endloop
  endfacet
  facet normal 0.000000e+00 0.000000e+00 -1.000000e+00
    outer loop
      vertex   6.188833e+00 3.367305e+00 -2.540000e-01
      vertex   5.890714e+00 2.210822e+00 -2.540000e-01
      vertex   5.668823e+00 2.729961e+00 -2.540000e-01
    endloop
  endfacet
  facet normal -0.000000e+00 0.000000e+00 -1.000000e+00
    outer loop
      vertex   6.188833e+00 3.367305e+00 -2.540000e-01
      vertex   5.668823e+00 2.729961e+00 -2.540000e-01
      vertex   5.888171e+00 3.869088e+00 -2.540000e-01
    endloop
  endfacet
  facet normal 0.000000e+00 0.000000e+00 -1.000000e+00
    outer loop
      vertex   5.888171e+00 3.869088e+00 -2.540000e-01
      vertex   5.668823e+00 2.729961e+00 -2.540000e-01
      vertex   5.401290e+00 3.227121e+00 -2.540000e-01
    endloop
  endfacet
  facet normal -0.000000e+00 0.000000e+00 -1.000000e+00
    outer loop
      vertex   5.888171e+00 3.869088e+00 -2.540000e-01
      vertex   5.401290e+00 3.227121e+00 -2.540000e-01
      vertex   5.546920e+00 4.344201e+00 -2.540000e-01
    endloop
  endfacet
  facet normal 0.000000e+00 0.000000e+00 -1.000000e+00
    outer loop
      vertex   5.546920e+00 4.344201e+00 -2.540000e-01
      vertex   5.401290e+00 3.227121e+00 -2.540000e-01
      vertex   5.090269e+00 3.698297e+00 -2.540000e-01
    endloop
  endfacet
  facet normal -0.000000e+00 0.000000e+00 -1.000000e+00
    outer loop
      vertex   5.546920e+00 4.344201e+00 -2.540000e-01
      vertex   5.090269e+00 3.698297e+00 -2.540000e-01
      vertex   5.167432e+00 4.789368e+00 -2.540000e-01
    endloop
  endfacet
  facet normal 0.000000e+00 0.000000e+00 -1.000000e+00
    outer loop
      vertex   5.167432e+00 4.789368e+00 -2.540000e-01
      vertex   5.090269e+00 3.698297e+00 -2.540000e-01
      vertex   4.738265e+00 4.139697e+00 -2.540000e-01
    endloop
  endfacet
  facet normal -0.000000e+00 0.000000e+00 -1.000000e+00
    outer loop
      vertex   5.167432e+00 4.789368e+00 -2.540000e-01
      vertex   4.738265e+00 4.139697e+00 -2.540000e-01
      vertex   4.789368e+00 5.167432e+00 -2.540000e-01
    endloop
  endfacet
  facet normal 0.000000e+00 0.000000e+00 -1.000000e+00
    outer loop
      vertex   4.789368e+00 5.167432e+00 -2.540000e-01
      vertex   4.738265e+00 4.139697e+00 -2.540000e-01
      vertex   4.348110e+00 4.547767e+00 -2.540000e-01
    endloop
  endfacet
  facet normal -0.000000e+00 0.000000e+00 -1.000000e+00
    outer loop
      vertex   4.789368e+00 5.167432e+00 -2.540000e-01
      vertex   4.348110e+00 4.547767e+00 -2.540000e-01
      vertex   4.562096e+00 5.427983e+00 -2.540000e-01
    endloop
  endfacet
  facet normal -0.000000e+00 0.000000e+00 -1.000000e+00
    outer loop
      vertex   4.562096e+00 5.427983e+00 -2.540000e-01
      vertex   4.348110e+00 4.547767e+00 -2.540000e-01
      vertex   4.372313e+00 5.716984e+00 -2.540000e-01
    endloop
  endfacet
  facet normal 0.000000e+00 0.000000e+00 -1.000000e+00
    outer loop
      vertex   4.372313e+00 5.716984e+00 -2.540000e-01
      vertex   4.348110e+00 4.547767e+00 -2.540000e-01
      vertex   3.922947e+00 4.919220e+00 -2.540000e-01
    endloop
  endfacet
  facet normal -0.000000e+00 0.000000e+00 -1.000000e+00
    outer loop
      vertex   4.372313e+00 5.716984e+00 -2.540000e-01
      vertex   3.922947e+00 4.919220e+00 -2.540000e-01
      vertex   4.223536e+00 6.029082e+00 -2.540000e-01
    endloop
  endfacet
  facet normal -0.000000e+00 0.000000e+00 -1.000000e+00
    outer loop
      vertex   4.223536e+00 6.029082e+00 -2.540000e-01
      vertex   3.922947e+00 4.919220e+00 -2.540000e-01
      vertex   4.118521e+00 6.358493e+00 -2.540000e-01
    endloop
  endfacet
  facet normal 0.000000e+00 0.000000e+00 -1.000000e+00
    outer loop
      vertex   4.118521e+00 6.358493e+00 -2.540000e-01
      vertex   3.922947e+00 4.919220e+00 -2.540000e-01
      vertex   3.466199e+00 5.251067e+00 -2.540000e-01
    endloop
  endfacet
  facet normal -0.000000e+00 0.000000e+00 -1.000000e+00
    outer loop
      vertex   4.118521e+00 6.358493e+00 -2.540000e-01
      vertex   3.466199e+00 5.251067e+00 -2.540000e-01
      vertex   4.059215e+00 6.699113e+00 -2.540000e-01
    endloop
  endfacet
  facet normal -0.000000e+00 0.000000e+00 -1.000000e+00
    outer loop
      vertex   4.059215e+00 6.699113e+00 -2.540000e-01
      vertex   3.466199e+00 5.251067e+00 -2.540000e-01
      vertex   3.810000e+00 9.080500e+00 -2.540000e-01
    endloop
  endfacet
  facet normal 0.000000e+00 0.000000e+00 -1.000000e+00
    outer loop
      vertex   3.810000e+00 9.080500e+00 -2.540000e-01
      vertex   3.466199e+00 5.251067e+00 -2.540000e-01
      vertex   2.981543e+00 5.540636e+00 -2.540000e-01
    endloop
  endfacet
  facet normal 0.000000e+00 0.000000e+00 -1.000000e+00
    outer loop
      vertex   3.810000e+00 9.080500e+00 -2.540000e-01
      vertex   2.981543e+00 5.540636e+00 -2.540000e-01
      vertex   2.472882e+00 5.785594e+00 -2.540000e-01
    endloop
  endfacet
  facet normal 0.000000e+00 0.000000e+00 -1.000000e+00
    outer loop
      vertex   2.472882e+00 5.785594e+00 -2.540000e-01
      vertex   1.944310e+00 5.983970e+00 -2.540000e-01
      vertex   3.810000e+00 9.080500e+00 -2.540000e-01
    endloop
  endfacet
  facet normal -0.000000e+00 0.000000e+00 -1.000000e+00
    outer loop
      vertex   3.810000e+00 9.080500e+00 -2.540000e-01
      vertex   1.944310e+00 5.983970e+00 -2.540000e-01
      vertex   8.890000e-01 1.041400e+01 -2.540000e-01
    endloop
  endfacet
  facet normal 0.000000e+00 0.000000e+00 -1.000000e+00
    outer loop
      vertex   3.810000e+00 9.080500e+00 -2.540000e-01
      vertex   8.890000e-01 1.041400e+01 -2.540000e-01
      vertex   8.650369e-01 1.061902e+01 -2.540000e-01
    endloop
  endfacet
  facet normal 0.000000e+00 -0.000000e+00 -1.000000e+00
    outer loop
      vertex   8.890000e-01 1.041400e+01 -2.540000e-01
      vertex   1.944310e+00 5.983970e+00 -2.540000e-01
      vertex   8.650369e-01 1.020898e+01 -2.540000e-01
    endloop
  endfacet
  facet normal 0.000000e+00 0.000000e+00 -1.000000e+00
    outer loop
      vertex   8.650369e-01 1.020898e+01 -2.540000e-01
      vertex   1.944310e+00 5.983970e+00 -2.540000e-01
      vertex   1.400084e+00 6.134167e+00 -2.540000e-01
    endloop
  endfacet
  facet normal 0.000000e+00 -0.000000e+00 -1.000000e+00
    outer loop
      vertex   8.650369e-01 1.020898e+01 -2.540000e-01
      vertex   1.400084e+00 6.134167e+00 -2.540000e-01
      vertex   8.650369e-01 7.698018e+00 -2.540000e-01
    endloop
  endfacet
  facet normal 0.000000e+00 0.000000e+00 -1.000000e+00
    outer loop
      vertex   8.650369e-01 7.698018e+00 -2.540000e-01
      vertex   1.400084e+00 6.134167e+00 -2.540000e-01
      vertex   8.890000e-01 7.493000e+00 -2.540000e-01
    endloop
  endfacet
  facet normal 0.000000e+00 -0.000000e+00 -1.000000e+00
    outer loop
      vertex   8.890000e-01 7.493000e+00 -2.540000e-01
      vertex   1.400084e+00 6.134167e+00 -2.540000e-01
      vertex   8.650369e-01 7.287982e+00 -2.540000e-01
    endloop
  endfacet
  facet normal 0.000000e+00 -0.000000e+00 -1.000000e+00
    outer loop
      vertex   8.650369e-01 7.287982e+00 -2.540000e-01
      vertex   1.400084e+00 6.134167e+00 -2.540000e-01
      vertex   8.445848e-01 6.234976e+00 -2.540000e-01
    endloop
  endfacet
  facet normal 0.000000e+00 0.000000e+00 -1.000000e+00
    outer loop
      vertex   8.650369e-01 7.287982e+00 -2.540000e-01
      vertex   8.445848e-01 6.234976e+00 -2.540000e-01
      vertex   7.944394e-01 7.094018e+00 -2.540000e-01
    endloop
  endfacet
  facet normal 0.000000e+00 -0.000000e+00 -1.000000e+00
    outer loop
      vertex   7.944394e-01 7.094018e+00 -2.540000e-01
      vertex   8.445848e-01 6.234976e+00 -2.540000e-01
      vertex   6.810135e-01 6.921562e+00 -2.540000e-01
    endloop
  endfacet
  facet normal 0.000000e+00 -0.000000e+00 -1.000000e+00
    outer loop
      vertex   6.810135e-01 6.921562e+00 -2.540000e-01
      vertex   8.445848e-01 6.234976e+00 -2.540000e-01
      vertex   5.308740e-01 6.779912e+00 -2.540000e-01
    endloop
  endfacet
  facet normal 0.000000e+00 -0.000000e+00 -1.000000e+00
    outer loop
      vertex   5.308740e-01 6.779912e+00 -2.540000e-01
      vertex   8.445848e-01 6.234976e+00 -2.540000e-01
      vertex   2.822859e-01 6.285583e+00 -2.540000e-01
    endloop
  endfacet
  facet normal 0.000000e+00 0.000000e+00 -1.000000e+00
    outer loop
      vertex   5.308740e-01 6.779912e+00 -2.540000e-01
      vertex   2.822859e-01 6.285583e+00 -2.540000e-01
      vertex   3.521149e-01 6.676706e+00 -2.540000e-01
    endloop
  endfacet
  facet normal 0.000000e+00 0.000000e+00 -1.000000e+00
    outer loop
      vertex   3.521149e-01 6.676706e+00 -2.540000e-01
      vertex   2.822859e-01 6.285583e+00 -2.540000e-01
      vertex   1.543732e-01 6.617506e+00 -2.540000e-01
    endloop
  endfacet
  facet normal 0.000000e+00 -0.000000e+00 -1.000000e+00
    outer loop
      vertex   1.543732e-01 6.617506e+00 -2.540000e-01
      vertex   2.822859e-01 6.285583e+00 -2.540000e-01
      vertex   -5.169075e-02 6.605504e+00 -2.540000e-01
    endloop
  endfacet
  facet normal 0.000000e+00 -0.000000e+00 -1.000000e+00
    outer loop
      vertex   -5.169075e-02 6.605504e+00 -2.540000e-01
      vertex   2.822859e-01 6.285583e+00 -2.540000e-01
      vertex   -2.822859e-01 6.285583e+00 -2.540000e-01
    endloop
  endfacet
  facet normal -0.000000e+00 0.000000e+00 -1.000000e+00
    outer loop
      vertex   -5.169075e-02 6.605504e+00 -2.540000e-01
      vertex   -2.822859e-01 6.285583e+00 -2.540000e-01
      vertex   -2.549681e-01 6.641347e+00 -2.540000e-01
    endloop
  endfacet
  facet normal -0.000000e+00 0.000000e+00 -1.000000e+00
    outer loop
      vertex   -2.549681e-01 6.641347e+00 -2.540000e-01
      vertex   -2.822859e-01 6.285583e+00 -2.540000e-01
      vertex   -4.445000e-01 6.723103e+00 -2.540000e-01
    endloop
  endfacet
  facet normal 0.000000e+00 -0.000000e+00 -1.000000e+00
    outer loop
      vertex   -4.445000e-01 6.723103e+00 -2.540000e-01
      vertex   -2.822859e-01 6.285583e+00 -2.540000e-01
      vertex   -8.445848e-01 6.234976e+00 -2.540000e-01
    endloop
  endfacet
  facet normal -0.000000e+00 0.000000e+00 -1.000000e+00
    outer loop
      vertex   -4.445000e-01 6.723103e+00 -2.540000e-01
      vertex   -8.445848e-01 6.234976e+00 -2.540000e-01
      vertex   -6.100688e-01 6.846365e+00 -2.540000e-01
    endloop
  endfacet
  facet normal -0.000000e+00 0.000000e+00 -1.000000e+00
    outer loop
      vertex   -6.100688e-01 6.846365e+00 -2.540000e-01
      vertex   -8.445848e-01 6.234976e+00 -2.540000e-01
      vertex   -7.427487e-01 7.004487e+00 -2.540000e-01
    endloop
  endfacet
  facet normal -0.000000e+00 0.000000e+00 -1.000000e+00
    outer loop
      vertex   -7.427487e-01 7.004487e+00 -2.540000e-01
      vertex   -8.445848e-01 6.234976e+00 -2.540000e-01
      vertex   -8.353867e-01 7.188944e+00 -2.540000e-01
    endloop
  endfacet
  facet normal 0.000000e+00 0.000000e+00 -1.000000e+00
    outer loop
      vertex   -8.353867e-01 7.188944e+00 -2.540000e-01
      vertex   -8.445848e-01 6.234976e+00 -2.540000e-01
      vertex   -1.400084e+00 6.134167e+00 -2.540000e-01
    endloop
  endfacet
  facet normal -0.000000e+00 0.000000e+00 -1.000000e+00
    outer loop
      vertex   -8.353867e-01 7.188944e+00 -2.540000e-01
      vertex   -1.400084e+00 6.134167e+00 -2.540000e-01
      vertex   -8.829889e-01 7.389793e+00 -2.540000e-01
    endloop
  endfacet
  facet normal -0.000000e+00 0.000000e+00 -1.000000e+00
    outer loop
      vertex   -8.829889e-01 7.389793e+00 -2.540000e-01
      vertex   -1.400084e+00 6.134167e+00 -2.540000e-01
      vertex   -8.829889e-01 7.596207e+00 -2.540000e-01
    endloop
  endfacet
  facet normal -0.000000e+00 0.000000e+00 -1.000000e+00
    outer loop
      vertex   -8.829889e-01 7.596207e+00 -2.540000e-01
      vertex   -1.400084e+00 6.134167e+00 -2.540000e-01
      vertex   -8.829889e-01 1.031079e+01 -2.540000e-01
    endloop
  endfacet
  facet normal 0.000000e+00 0.000000e+00 -1.000000e+00
    outer loop
      vertex   -8.829889e-01 7.596207e+00 -2.540000e-01
      vertex   -8.829889e-01 1.031079e+01 -2.540000e-01
      vertex   -8.353867e-01 1.010994e+01 -2.540000e-01
    endloop
  endfacet
  facet normal -0.000000e+00 0.000000e+00 -1.000000e+00
    outer loop
      vertex   -1.400084e+00 6.134167e+00 -2.540000e-01
      vertex   -1.944310e+00 5.983970e+00 -2.540000e-01
      vertex   -8.829889e-01 1.031079e+01 -2.540000e-01
    endloop
  endfacet
  facet normal 0.000000e+00 0.000000e+00 -1.000000e+00
    outer loop
      vertex   -8.829889e-01 1.031079e+01 -2.540000e-01
      vertex   -1.944310e+00 5.983970e+00 -2.540000e-01
      vertex   -3.810000e+00 9.080500e+00 -2.540000e-01
    endloop
  endfacet
  facet normal -0.000000e+00 0.000000e+00 -1.000000e+00
    outer loop
      vertex   -8.829889e-01 1.031079e+01 -2.540000e-01
      vertex   -3.810000e+00 9.080500e+00 -2.540000e-01
      vertex   -8.829889e-01 1.051721e+01 -2.540000e-01
    endloop
  endfacet
  facet normal -0.000000e+00 0.000000e+00 -1.000000e+00
    outer loop
      vertex   -8.829889e-01 1.051721e+01 -2.540000e-01
      vertex   -3.810000e+00 9.080500e+00 -2.540000e-01
      vertex   -8.829889e-01 1.323179e+01 -2.540000e-01
    endloop
  endfacet
  facet normal 0.000000e+00 0.000000e+00 -1.000000e+00
    outer loop
      vertex   -8.829889e-01 1.051721e+01 -2.540000e-01
      vertex   -8.829889e-01 1.323179e+01 -2.540000e-01
      vertex   -8.353867e-01 1.303094e+01 -2.540000e-01
    endloop
  endfacet
  facet normal -0.000000e+00 0.000000e+00 -1.000000e+00
    outer loop
      vertex   -1.944310e+00 5.983970e+00 -2.540000e-01
      vertex   -2.472882e+00 5.785594e+00 -2.540000e-01
      vertex   -3.810000e+00 9.080500e+00 -2.540000e-01
    endloop
  endfacet
  facet normal 0.000000e+00 0.000000e+00 -1.000000e+00
    outer loop
      vertex   -3.810000e+00 9.080500e+00 -2.540000e-01
      vertex   -2.472882e+00 5.785594e+00 -2.540000e-01
      vertex   -2.981543e+00 5.540636e+00 -2.540000e-01
    endloop
  endfacet
  facet normal 0.000000e+00 0.000000e+00 -1.000000e+00
    outer loop
      vertex   -3.810000e+00 9.080500e+00 -2.540000e-01
      vertex   -2.981543e+00 5.540636e+00 -2.540000e-01
      vertex   -3.466199e+00 5.251067e+00 -2.540000e-01
    endloop
  endfacet
  facet normal 0.000000e+00 0.000000e+00 -1.000000e+00
    outer loop
      vertex   -3.922947e+00 4.919220e+00 -2.540000e-01
      vertex   -4.118521e+00 6.358493e+00 -2.540000e-01
      vertex   -3.466199e+00 5.251067e+00 -2.540000e-01
    endloop
  endfacet
  facet normal 0.000000e+00 0.000000e+00 -1.000000e+00
    outer loop
      vertex   -3.466199e+00 5.251067e+00 -2.540000e-01
      vertex   -4.118521e+00 6.358493e+00 -2.540000e-01
      vertex   -4.059215e+00 6.699113e+00 -2.540000e-01
    endloop
  endfacet
  facet normal 0.000000e+00 0.000000e+00 -1.000000e+00
    outer loop
      vertex   -3.466199e+00 5.251067e+00 -2.540000e-01
      vertex   -4.059215e+00 6.699113e+00 -2.540000e-01
      vertex   -3.810000e+00 9.080500e+00 -2.540000e-01
    endloop
  endfacet
  facet normal 0.000000e+00 0.000000e+00 -1.000000e+00
    outer loop
      vertex   -4.348110e+00 4.547767e+00 -2.540000e-01
      vertex   -4.372313e+00 5.716984e+00 -2.540000e-01
      vertex   -3.922947e+00 4.919220e+00 -2.540000e-01
    endloop
  endfacet
  facet normal 0.000000e+00 0.000000e+00 -1.000000e+00
    outer loop
      vertex   -3.922947e+00 4.919220e+00 -2.540000e-01
      vertex   -4.372313e+00 5.716984e+00 -2.540000e-01
      vertex   -4.223536e+00 6.029082e+00 -2.540000e-01
    endloop
  endfacet
  facet normal 0.000000e+00 0.000000e+00 -1.000000e+00
    outer loop
      vertex   -3.922947e+00 4.919220e+00 -2.540000e-01
      vertex   -4.223536e+00 6.029082e+00 -2.540000e-01
      vertex   -4.118521e+00 6.358493e+00 -2.540000e-01
    endloop
  endfacet
  facet normal 0.000000e+00 0.000000e+00 -1.000000e+00
    outer loop
      vertex   -4.738265e+00 4.139697e+00 -2.540000e-01
      vertex   -4.789368e+00 5.167432e+00 -2.540000e-01
      vertex   -4.348110e+00 4.547767e+00 -2.540000e-01
    endloop
  endfacet
  facet normal 0.000000e+00 0.000000e+00 -1.000000e+00
    outer loop
      vertex   -4.348110e+00 4.547767e+00 -2.540000e-01
      vertex   -4.789368e+00 5.167432e+00 -2.540000e-01
      vertex   -4.562096e+00 5.427983e+00 -2.540000e-01
    endloop
  endfacet
  facet normal 0.000000e+00 0.000000e+00 -1.000000e+00
    outer loop
      vertex   -4.348110e+00 4.547767e+00 -2.540000e-01
      vertex   -4.562096e+00 5.427983e+00 -2.540000e-01
      vertex   -4.372313e+00 5.716984e+00 -2.540000e-01
    endloop
  endfacet
  facet normal 0.000000e+00 -0.000000e+00 -1.000000e+00
    outer loop
      vertex   -4.789368e+00 5.167432e+00 -2.540000e-01
      vertex   -4.738265e+00 4.139697e+00 -2.540000e-01
      vertex   -5.167432e+00 4.789368e+00 -2.540000e-01
    endloop
  endfacet
  facet normal 0.000000e+00 0.000000e+00 -1.000000e+00
    outer loop
      vertex   -5.167432e+00 4.789368e+00 -2.540000e-01
      vertex   -4.738265e+00 4.139697e+00 -2.540000e-01
      vertex   -5.090269e+00 3.698297e+00 -2.540000e-01
    endloop
  endfacet
  facet normal 0.000000e+00 -0.000000e+00 -1.000000e+00
    outer loop
      vertex   -5.167432e+00 4.789368e+00 -2.540000e-01
      vertex   -5.090269e+00 3.698297e+00 -2.540000e-01
      vertex   -5.546920e+00 4.344201e+00 -2.540000e-01
    endloop
  endfacet
  facet normal 0.000000e+00 0.000000e+00 -1.000000e+00
    outer loop
      vertex   -5.546920e+00 4.344201e+00 -2.540000e-01
      vertex   -5.090269e+00 3.698297e+00 -2.540000e-01
      vertex   -5.401290e+00 3.227121e+00 -2.540000e-01
    endloop
  endfacet
  facet normal 0.000000e+00 -0.000000e+00 -1.000000e+00
    outer loop
      vertex   -5.546920e+00 4.344201e+00 -2.540000e-01
      vertex   -5.401290e+00 3.227121e+00 -2.540000e-01
      vertex   -5.888171e+00 3.869088e+00 -2.540000e-01
    endloop
  endfacet
  facet normal 0.000000e+00 0.000000e+00 -1.000000e+00
    outer loop
      vertex   -5.888171e+00 3.869088e+00 -2.540000e-01
      vertex   -5.401290e+00 3.227121e+00 -2.540000e-01
      vertex   -5.668823e+00 2.729961e+00 -2.540000e-01
    endloop
  endfacet
  facet normal 0.000000e+00 -0.000000e+00 -1.000000e+00
    outer loop
      vertex   -5.888171e+00 3.869088e+00 -2.540000e-01
      vertex   -5.668823e+00 2.729961e+00 -2.540000e-01
      vertex   -6.188833e+00 3.367305e+00 -2.540000e-01
    endloop
  endfacet
  facet normal 0.000000e+00 0.000000e+00 -1.000000e+00
    outer loop
      vertex   -6.188833e+00 3.367305e+00 -2.540000e-01
      vertex   -5.668823e+00 2.729961e+00 -2.540000e-01
      vertex   -5.890714e+00 2.210822e+00 -2.540000e-01
    endloop
  endfacet
  facet normal 0.000000e+00 -0.000000e+00 -1.000000e+00
    outer loop
      vertex   -6.188833e+00 3.367305e+00 -2.540000e-01
      vertex   -5.890714e+00 2.210822e+00 -2.540000e-01
      vertex   -6.446834e+00 2.842310e+00 -2.540000e-01
    endloop
  endfacet
  facet normal 0.000000e+00 0.000000e+00 -1.000000e+00
    outer loop
      vertex   -6.446834e+00 2.842310e+00 -2.540000e-01
      vertex   -5.890714e+00 2.210822e+00 -2.540000e-01
      vertex   -6.065176e+00 1.673882e+00 -2.540000e-01
    endloop
  endfacet
  facet normal 0.000000e+00 -0.000000e+00 -1.000000e+00
    outer loop
      vertex   -6.446834e+00 2.842310e+00 -2.540000e-01
      vertex   -6.065176e+00 1.673882e+00 -2.540000e-01
      vertex   -6.660396e+00 2.297722e+00 -2.540000e-01
    endloop
  endfacet
  facet normal 0.000000e+00 0.000000e+00 -1.000000e+00
    outer loop
      vertex   -6.660396e+00 2.297722e+00 -2.540000e-01
      vertex   -6.065176e+00 1.673882e+00 -2.540000e-01
      vertex   -6.190805e+00 1.123465e+00 -2.540000e-01
    endloop
  endfacet
  facet normal 0.000000e+00 -0.000000e+00 -1.000000e+00
    outer loop
      vertex   -6.660396e+00 2.297722e+00 -2.540000e-01
      vertex   -6.190805e+00 1.123465e+00 -2.540000e-01
      vertex   -6.828045e+00 1.737296e+00 -2.540000e-01
    endloop
  endfacet
  facet normal 0.000000e+00 0.000000e+00 -1.000000e+00
    outer loop
      vertex   -6.828045e+00 1.737296e+00 -2.540000e-01
      vertex   -6.190805e+00 1.123465e+00 -2.540000e-01
      vertex   -6.266589e+00 5.640033e-01 -2.540000e-01
    endloop
  endfacet
  facet normal 0.000000e+00 -0.000000e+00 -1.000000e+00
    outer loop
      vertex   -6.828045e+00 1.737296e+00 -2.540000e-01
      vertex   -6.266589e+00 5.640033e-01 -2.540000e-01
      vertex   -6.948627e+00 1.164893e+00 -2.540000e-01
    endloop
  endfacet
  facet normal 0.000000e+00 -0.000000e+00 -1.000000e+00
    outer loop
      vertex   -6.948627e+00 1.164893e+00 -2.540000e-01
      vertex   -6.266589e+00 5.640033e-01 -2.540000e-01
      vertex   -7.021311e+00 5.844611e-01 -2.540000e-01
    endloop
  endfacet
  facet normal 0.000000e+00 0.000000e+00 -1.000000e+00
    outer loop
      vertex   -7.021311e+00 5.844611e-01 -2.540000e-01
      vertex   -6.266589e+00 5.640033e-01 -2.540000e-01
      vertex   -6.291919e+00 0.000000e+00 -2.540000e-01
    endloop
  endfacet
  facet normal 0.000000e+00 -0.000000e+00 -1.000000e+00
    outer loop
      vertex   -7.021311e+00 5.844611e-01 -2.540000e-01
      vertex   -6.291919e+00 0.000000e+00 -2.540000e-01
      vertex   -7.045594e+00 1.500294e-12 -2.540000e-01
    endloop
  endfacet
  facet normal 0.000000e+00 0.000000e+00 -1.000000e+00
    outer loop
      vertex   -7.045594e+00 1.500294e-12 -2.540000e-01
      vertex   -6.291919e+00 0.000000e+00 -2.540000e-01
      vertex   -7.021311e+00 -5.844611e-01 -2.540000e-01
    endloop
  endfacet
  facet normal 0.000000e+00 0.000000e+00 -1.000000e+00
    outer loop
      vertex   -7.021311e+00 -5.844611e-01 -2.540000e-01
      vertex   -6.291919e+00 0.000000e+00 -2.540000e-01
      vertex   -6.266589e+00 -5.640033e-01 -2.540000e-01
    endloop
  endfacet
  facet normal 0.000000e+00 0.000000e+00 -1.000000e+00
    outer loop
      vertex   -7.021311e+00 -5.844611e-01 -2.540000e-01
      vertex   -6.266589e+00 -5.640033e-01 -2.540000e-01
      vertex   -6.948627e+00 -1.164893e+00 -2.540000e-01
    endloop
  endfacet
  facet normal 0.000000e+00 0.000000e+00 -1.000000e+00
    outer loop
      vertex   -6.948627e+00 -1.164893e+00 -2.540000e-01
      vertex   -6.266589e+00 -5.640033e-01 -2.540000e-01
      vertex   -6.828045e+00 -1.737296e+00 -2.540000e-01
    endloop
  endfacet
  facet normal 0.000000e+00 0.000000e+00 -1.000000e+00
    outer loop
      vertex   -6.828045e+00 -1.737296e+00 -2.540000e-01
      vertex   -6.266589e+00 -5.640033e-01 -2.540000e-01
      vertex   -6.190805e+00 -1.123465e+00 -2.540000e-01
    endloop
  endfacet
  facet normal 0.000000e+00 0.000000e+00 -1.000000e+00
    outer loop
      vertex   -6.828045e+00 -1.737296e+00 -2.540000e-01
      vertex   -6.190805e+00 -1.123465e+00 -2.540000e-01
      vertex   -6.660396e+00 -2.297722e+00 -2.540000e-01
    endloop
  endfacet
  facet normal 0.000000e+00 0.000000e+00 -1.000000e+00
    outer loop
      vertex   -6.660396e+00 -2.297722e+00 -2.540000e-01
      vertex   -6.190805e+00 -1.123465e+00 -2.540000e-01
      vertex   -6.065176e+00 -1.673882e+00 -2.540000e-01
    endloop
  endfacet
  facet normal 0.000000e+00 0.000000e+00 -1.000000e+00
    outer loop
      vertex   -6.660396e+00 -2.297722e+00 -2.540000e-01
      vertex   -6.065176e+00 -1.673882e+00 -2.540000e-01
      vertex   -6.446834e+00 -2.842310e+00 -2.540000e-01
    endloop
  endfacet
  facet normal 0.000000e+00 0.000000e+00 -1.000000e+00
    outer loop
      vertex   -6.446834e+00 -2.842310e+00 -2.540000e-01
      vertex   -6.065176e+00 -1.673882e+00 -2.540000e-01
      vertex   -5.890714e+00 -2.210822e+00 -2.540000e-01
    endloop
  endfacet
  facet normal 0.000000e+00 0.000000e+00 -1.000000e+00
    outer loop
      vertex   -6.446834e+00 -2.842310e+00 -2.540000e-01
      vertex   -5.890714e+00 -2.210822e+00 -2.540000e-01
      vertex   -6.188833e+00 -3.367305e+00 -2.540000e-01
    endloop
  endfacet
  facet normal 0.000000e+00 0.000000e+00 -1.000000e+00
    outer loop
      vertex   -6.188833e+00 -3.367305e+00 -2.540000e-01
      vertex   -5.890714e+00 -2.210822e+00 -2.540000e-01
      vertex   -5.668823e+00 -2.729961e+00 -2.540000e-01
    endloop
  endfacet
  facet normal 0.000000e+00 0.000000e+00 -1.000000e+00
    outer loop
      vertex   -6.188833e+00 -3.367305e+00 -2.540000e-01
      vertex   -5.668823e+00 -2.729961e+00 -2.540000e-01
      vertex   -5.888171e+00 -3.869088e+00 -2.540000e-01
    endloop
  endfacet
  facet normal 0.000000e+00 0.000000e+00 -1.000000e+00
    outer loop
      vertex   -5.888171e+00 -3.869088e+00 -2.540000e-01
      vertex   -5.668823e+00 -2.729961e+00 -2.540000e-01
      vertex   -5.401290e+00 -3.227121e+00 -2.540000e-01
    endloop
  endfacet
  facet normal 0.000000e+00 0.000000e+00 -1.000000e+00
    outer loop
      vertex   -5.888171e+00 -3.869088e+00 -2.540000e-01
      vertex   -5.401290e+00 -3.227121e+00 -2.540000e-01
      vertex   -5.546920e+00 -4.344201e+00 -2.540000e-01
    endloop
  endfacet
  facet normal 0.000000e+00 0.000000e+00 -1.000000e+00
    outer loop
      vertex   -5.546920e+00 -4.344201e+00 -2.540000e-01
      vertex   -5.401290e+00 -3.227121e+00 -2.540000e-01
      vertex   -5.090269e+00 -3.698297e+00 -2.540000e-01
    endloop
  endfacet
  facet normal 0.000000e+00 0.000000e+00 -1.000000e+00
    outer loop
      vertex   -5.546920e+00 -4.344201e+00 -2.540000e-01
      vertex   -5.090269e+00 -3.698297e+00 -2.540000e-01
      vertex   -5.167432e+00 -4.789368e+00 -2.540000e-01
    endloop
  endfacet
  facet normal 0.000000e+00 0.000000e+00 -1.000000e+00
    outer loop
      vertex   -5.167432e+00 -4.789368e+00 -2.540000e-01
      vertex   -5.090269e+00 -3.698297e+00 -2.540000e-01
      vertex   -4.738265e+00 -4.139697e+00 -2.540000e-01
    endloop
  endfacet
  facet normal 0.000000e+00 0.000000e+00 -1.000000e+00
    outer loop
      vertex   -5.167432e+00 -4.789368e+00 -2.540000e-01
      vertex   -4.738265e+00 -4.139697e+00 -2.540000e-01
      vertex   -4.789368e+00 -5.167432e+00 -2.540000e-01
    endloop
  endfacet
  facet normal 0.000000e+00 0.000000e+00 -1.000000e+00
    outer loop
      vertex   -4.789368e+00 -5.167432e+00 -2.540000e-01
      vertex   -4.738265e+00 -4.139697e+00 -2.540000e-01
      vertex   -4.348110e+00 -4.547767e+00 -2.540000e-01
    endloop
  endfacet
  facet normal 0.000000e+00 0.000000e+00 -1.000000e+00
    outer loop
      vertex   -4.789368e+00 -5.167432e+00 -2.540000e-01
      vertex   -4.348110e+00 -4.547767e+00 -2.540000e-01
      vertex   -4.562096e+00 -5.427983e+00 -2.540000e-01
    endloop
  endfacet
  facet normal 0.000000e+00 0.000000e+00 -1.000000e+00
    outer loop
      vertex   -4.562096e+00 -5.427983e+00 -2.540000e-01
      vertex   -4.348110e+00 -4.547767e+00 -2.540000e-01
      vertex   -4.372313e+00 -5.716984e+00 -2.540000e-01
    endloop
  endfacet
  facet normal 0.000000e+00 0.000000e+00 -1.000000e+00
    outer loop
      vertex   -4.372313e+00 -5.716984e+00 -2.540000e-01
      vertex   -4.348110e+00 -4.547767e+00 -2.540000e-01
      vertex   -3.922947e+00 -4.919220e+00 -2.540000e-01
    endloop
  endfacet
  facet normal 0.000000e+00 0.000000e+00 -1.000000e+00
    outer loop
      vertex   -4.372313e+00 -5.716984e+00 -2.540000e-01
      vertex   -3.922947e+00 -4.919220e+00 -2.540000e-01
      vertex   -4.223536e+00 -6.029082e+00 -2.540000e-01
    endloop
  endfacet
  facet normal 0.000000e+00 0.000000e+00 -1.000000e+00
    outer loop
      vertex   -4.223536e+00 -6.029082e+00 -2.540000e-01
      vertex   -3.922947e+00 -4.919220e+00 -2.540000e-01
      vertex   -4.118521e+00 -6.358493e+00 -2.540000e-01
    endloop
  endfacet
  facet normal 0.000000e+00 0.000000e+00 -1.000000e+00
    outer loop
      vertex   -4.118521e+00 -6.358493e+00 -2.540000e-01
      vertex   -3.922947e+00 -4.919220e+00 -2.540000e-01
      vertex   -3.466199e+00 -5.251067e+00 -2.540000e-01
    endloop
  endfacet
  facet normal 0.000000e+00 0.000000e+00 -1.000000e+00
    outer loop
      vertex   -4.118521e+00 -6.358493e+00 -2.540000e-01
      vertex   -3.466199e+00 -5.251067e+00 -2.540000e-01
      vertex   -4.059215e+00 -6.699113e+00 -2.540000e-01
    endloop
  endfacet
  facet normal 0.000000e+00 0.000000e+00 -1.000000e+00
    outer loop
      vertex   -4.059215e+00 -6.699113e+00 -2.540000e-01
      vertex   -3.466199e+00 -5.251067e+00 -2.540000e-01
      vertex   -3.810000e+00 -9.080500e+00 -2.540000e-01
    endloop
  endfacet
  facet normal 0.000000e+00 0.000000e+00 -1.000000e+00
    outer loop
      vertex   -3.810000e+00 -9.080500e+00 -2.540000e-01
      vertex   -3.466199e+00 -5.251067e+00 -2.540000e-01
      vertex   -2.981543e+00 -5.540636e+00 -2.540000e-01
    endloop
  endfacet
  facet normal 0.000000e+00 0.000000e+00 -1.000000e+00
    outer loop
      vertex   -3.810000e+00 -9.080500e+00 -2.540000e-01
      vertex   -2.981543e+00 -5.540636e+00 -2.540000e-01
      vertex   -2.472882e+00 -5.785594e+00 -2.540000e-01
    endloop
  endfacet
  facet normal 0.000000e+00 -0.000000e+00 -1.000000e+00
    outer loop
      vertex   -2.472882e+00 -5.785594e+00 -2.540000e-01
      vertex   -1.944310e+00 -5.983970e+00 -2.540000e-01
      vertex   -3.810000e+00 -9.080500e+00 -2.540000e-01
    endloop
  endfacet
  facet normal 0.000000e+00 0.000000e+00 -1.000000e+00
    outer loop
      vertex   -3.810000e+00 -9.080500e+00 -2.540000e-01
      vertex   -1.944310e+00 -5.983970e+00 -2.540000e-01
      vertex   -8.829889e-01 -1.031079e+01 -2.540000e-01
    endloop
  endfacet
  facet normal 0.000000e+00 0.000000e+00 -1.000000e+00
    outer loop
      vertex   -3.810000e+00 -9.080500e+00 -2.540000e-01
      vertex   -8.829889e-01 -1.031079e+01 -2.540000e-01
      vertex   -8.829889e-01 -1.051721e+01 -2.540000e-01
    endloop
  endfacet
  facet normal 0.000000e+00 0.000000e+00 -1.000000e+00
    outer loop
      vertex   -1.944310e+00 -5.983970e+00 -2.540000e-01
      vertex   -1.400084e+00 -6.134167e+00 -2.540000e-01
      vertex   -8.829889e-01 -1.031079e+01 -2.540000e-01
    endloop
  endfacet
  facet normal 0.000000e+00 0.000000e+00 -1.000000e+00
    outer loop
      vertex   -8.829889e-01 -1.031079e+01 -2.540000e-01
      vertex   -1.400084e+00 -6.134167e+00 -2.540000e-01
      vertex   -8.829889e-01 -7.596207e+00 -2.540000e-01
    endloop
  endfacet
  facet normal 0.000000e+00 0.000000e+00 -1.000000e+00
    outer loop
      vertex   -8.829889e-01 -1.031079e+01 -2.540000e-01
      vertex   -8.829889e-01 -7.596207e+00 -2.540000e-01
      vertex   -8.353867e-01 -7.797056e+00 -2.540000e-01
    endloop
  endfacet
  facet normal -0.000000e+00 -0.000000e+00 -1.000000e+00
    outer loop
      vertex   -8.445848e-01 -6.234976e+00 -2.540000e-01
      vertex   -8.353867e-01 -7.188944e+00 -2.540000e-01
      vertex   -1.400084e+00 -6.134167e+00 -2.540000e-01
    endloop
  endfacet
  facet normal 0.000000e+00 0.000000e+00 -1.000000e+00
    outer loop
      vertex   -1.400084e+00 -6.134167e+00 -2.540000e-01
      vertex   -8.353867e-01 -7.188944e+00 -2.540000e-01
      vertex   -8.829889e-01 -7.389793e+00 -2.540000e-01
    endloop
  endfacet
  facet normal 0.000000e+00 0.000000e+00 -1.000000e+00
    outer loop
      vertex   -1.400084e+00 -6.134167e+00 -2.540000e-01
      vertex   -8.829889e-01 -7.389793e+00 -2.540000e-01
      vertex   -8.829889e-01 -7.596207e+00 -2.540000e-01
    endloop
  endfacet
  facet normal -0.000000e+00 0.000000e+00 -1.000000e+00
    outer loop
      vertex   -2.822859e-01 -6.285583e+00 -2.540000e-01
      vertex   -4.445000e-01 -6.723103e+00 -2.540000e-01
      vertex   -8.445848e-01 -6.234976e+00 -2.540000e-01
    endloop
  endfacet
  facet normal 0.000000e+00 0.000000e+00 -1.000000e+00
    outer loop
      vertex   -8.445848e-01 -6.234976e+00 -2.540000e-01
      vertex   -4.445000e-01 -6.723103e+00 -2.540000e-01
      vertex   -6.100688e-01 -6.846365e+00 -2.540000e-01
    endloop
  endfacet
  facet normal 0.000000e+00 0.000000e+00 -1.000000e+00
    outer loop
      vertex   -8.445848e-01 -6.234976e+00 -2.540000e-01
      vertex   -6.100688e-01 -6.846365e+00 -2.540000e-01
      vertex   -7.427487e-01 -7.004487e+00 -2.540000e-01
    endloop
  endfacet
  facet normal -0.000000e+00 0.000000e+00 -1.000000e+00
    outer loop
      vertex   2.822859e-01 -6.285583e+00 -2.540000e-01
      vertex   -5.169075e-02 -6.605504e+00 -2.540000e-01
      vertex   -2.822859e-01 -6.285583e+00 -2.540000e-01
    endloop
  endfacet
  facet normal 0.000000e+00 0.000000e+00 -1.000000e+00
    outer loop
      vertex   -2.822859e-01 -6.285583e+00 -2.540000e-01
      vertex   -5.169075e-02 -6.605504e+00 -2.540000e-01
      vertex   -2.549681e-01 -6.641347e+00 -2.540000e-01
    endloop
  endfacet
  facet normal 0.000000e+00 -0.000000e+00 -1.000000e+00
    outer loop
      vertex   -2.822859e-01 -6.285583e+00 -2.540000e-01
      vertex   -2.549681e-01 -6.641347e+00 -2.540000e-01
      vertex   -4.445000e-01 -6.723103e+00 -2.540000e-01
    endloop
  endfacet
  facet normal 0.000000e+00 0.000000e+00 -1.000000e+00
    outer loop
      vertex   8.445848e-01 -6.234976e+00 -2.540000e-01
      vertex   5.308740e-01 -6.779912e+00 -2.540000e-01
      vertex   2.822859e-01 -6.285583e+00 -2.540000e-01
    endloop
  endfacet
  facet normal 0.000000e+00 0.000000e+00 -1.000000e+00
    outer loop
      vertex   2.822859e-01 -6.285583e+00 -2.540000e-01
      vertex   5.308740e-01 -6.779912e+00 -2.540000e-01
      vertex   3.521149e-01 -6.676706e+00 -2.540000e-01
    endloop
  endfacet
  facet normal 0.000000e+00 -0.000000e+00 -1.000000e+00
    outer loop
      vertex   2.822859e-01 -6.285583e+00 -2.540000e-01
      vertex   3.521149e-01 -6.676706e+00 -2.540000e-01
      vertex   1.543732e-01 -6.617506e+00 -2.540000e-01
    endloop
  endfacet
  facet normal 0.000000e+00 0.000000e+00 -1.000000e+00
    outer loop
      vertex   1.400084e+00 -6.134167e+00 -2.540000e-01
      vertex   8.650369e-01 -7.287982e+00 -2.540000e-01
      vertex   8.445848e-01 -6.234976e+00 -2.540000e-01
    endloop
  endfacet
  facet normal 0.000000e+00 -0.000000e+00 -1.000000e+00
    outer loop
      vertex   8.445848e-01 -6.234976e+00 -2.540000e-01
      vertex   8.650369e-01 -7.287982e+00 -2.540000e-01
      vertex   7.944394e-01 -7.094018e+00 -2.540000e-01
    endloop
  endfacet
  facet normal 0.000000e+00 0.000000e+00 -1.000000e+00
    outer loop
      vertex   8.445848e-01 -6.234976e+00 -2.540000e-01
      vertex   7.944394e-01 -7.094018e+00 -2.540000e-01
      vertex   6.810135e-01 -6.921562e+00 -2.540000e-01
    endloop
  endfacet
  facet normal 0.000000e+00 0.000000e+00 -1.000000e+00
    outer loop
      vertex   1.944310e+00 -5.983970e+00 -2.540000e-01
      vertex   8.650369e-01 -1.020898e+01 -2.540000e-01
      vertex   1.400084e+00 -6.134167e+00 -2.540000e-01
    endloop
  endfacet
  facet normal 0.000000e+00 0.000000e+00 -1.000000e+00
    outer loop
      vertex   1.400084e+00 -6.134167e+00 -2.540000e-01
      vertex   8.650369e-01 -1.020898e+01 -2.540000e-01
      vertex   8.650369e-01 -7.698018e+00 -2.540000e-01
    endloop
  endfacet
  facet normal 0.000000e+00 0.000000e+00 -1.000000e+00
    outer loop
      vertex   1.400084e+00 -6.134167e+00 -2.540000e-01
      vertex   8.650369e-01 -7.698018e+00 -2.540000e-01
      vertex   8.890000e-01 -7.493000e+00 -2.540000e-01
    endloop
  endfacet
  facet normal 0.000000e+00 -0.000000e+00 -1.000000e+00
    outer loop
      vertex   2.472882e+00 -5.785594e+00 -2.540000e-01
      vertex   3.810000e+00 -9.080500e+00 -2.540000e-01
      vertex   1.944310e+00 -5.983970e+00 -2.540000e-01
    endloop
  endfacet
  facet normal 0.000000e+00 -0.000000e+00 -1.000000e+00
    outer loop
      vertex   1.944310e+00 -5.983970e+00 -2.540000e-01
      vertex   3.810000e+00 -9.080500e+00 -2.540000e-01
      vertex   8.890000e-01 -1.041400e+01 -2.540000e-01
    endloop
  endfacet
  facet normal 0.000000e+00 0.000000e+00 -1.000000e+00
    outer loop
      vertex   1.944310e+00 -5.983970e+00 -2.540000e-01
      vertex   8.890000e-01 -1.041400e+01 -2.540000e-01
      vertex   8.650369e-01 -1.020898e+01 -2.540000e-01
    endloop
  endfacet
  facet normal 0.000000e+00 0.000000e+00 -1.000000e+00
    outer loop
      vertex   2.472882e+00 -5.785594e+00 -2.540000e-01
      vertex   2.981543e+00 -5.540636e+00 -2.540000e-01
      vertex   3.810000e+00 -9.080500e+00 -2.540000e-01
    endloop
  endfacet
  facet normal 0.000000e+00 0.000000e+00 -1.000000e+00
    outer loop
      vertex   3.810000e+00 -9.080500e+00 -2.540000e-01
      vertex   2.981543e+00 -5.540636e+00 -2.540000e-01
      vertex   3.466199e+00 -5.251067e+00 -2.540000e-01
    endloop
  endfacet
  facet normal 0.000000e+00 0.000000e+00 -1.000000e+00
    outer loop
      vertex   3.810000e+00 -9.080500e+00 -2.540000e-01
      vertex   3.466199e+00 -5.251067e+00 -2.540000e-01
      vertex   4.059215e+00 -6.699113e+00 -2.540000e-01
    endloop
  endfacet
  facet normal 0.000000e+00 0.000000e+00 -1.000000e+00
    outer loop
      vertex   4.059215e+00 -6.699113e+00 -2.540000e-01
      vertex   3.466199e+00 -5.251067e+00 -2.540000e-01
      vertex   4.118521e+00 -6.358493e+00 -2.540000e-01
    endloop
  endfacet
  facet normal 0.000000e+00 0.000000e+00 -1.000000e+00
    outer loop
      vertex   4.118521e+00 -6.358493e+00 -2.540000e-01
      vertex   3.466199e+00 -5.251067e+00 -2.540000e-01
      vertex   3.922947e+00 -4.919220e+00 -2.540000e-01
    endloop
  endfacet
  facet normal 0.000000e+00 0.000000e+00 -1.000000e+00
    outer loop
      vertex   4.118521e+00 -6.358493e+00 -2.540000e-01
      vertex   3.922947e+00 -4.919220e+00 -2.540000e-01
      vertex   4.223536e+00 -6.029082e+00 -2.540000e-01
    endloop
  endfacet
  facet normal 0.000000e+00 0.000000e+00 -1.000000e+00
    outer loop
      vertex   4.223536e+00 -6.029082e+00 -2.540000e-01
      vertex   3.922947e+00 -4.919220e+00 -2.540000e-01
      vertex   4.372313e+00 -5.716984e+00 -2.540000e-01
    endloop
  endfacet
  facet normal 0.000000e+00 0.000000e+00 -1.000000e+00
    outer loop
      vertex   4.372313e+00 -5.716984e+00 -2.540000e-01
      vertex   3.922947e+00 -4.919220e+00 -2.540000e-01
      vertex   4.348110e+00 -4.547767e+00 -2.540000e-01
    endloop
  endfacet
  facet normal 0.000000e+00 0.000000e+00 -1.000000e+00
    outer loop
      vertex   4.372313e+00 -5.716984e+00 -2.540000e-01
      vertex   4.348110e+00 -4.547767e+00 -2.540000e-01
      vertex   4.562096e+00 -5.427983e+00 -2.540000e-01
    endloop
  endfacet
  facet normal 0.000000e+00 0.000000e+00 -1.000000e+00
    outer loop
      vertex   4.562096e+00 -5.427983e+00 -2.540000e-01
      vertex   4.348110e+00 -4.547767e+00 -2.540000e-01
      vertex   4.789368e+00 -5.167432e+00 -2.540000e-01
    endloop
  endfacet
  facet normal 0.000000e+00 0.000000e+00 -1.000000e+00
    outer loop
      vertex   4.789368e+00 -5.167432e+00 -2.540000e-01
      vertex   4.348110e+00 -4.547767e+00 -2.540000e-01
      vertex   4.738265e+00 -4.139697e+00 -2.540000e-01
    endloop
  endfacet
  facet normal 0.000000e+00 0.000000e+00 -1.000000e+00
    outer loop
      vertex   4.789368e+00 -5.167432e+00 -2.540000e-01
      vertex   4.738265e+00 -4.139697e+00 -2.540000e-01
      vertex   5.167432e+00 -4.789368e+00 -2.540000e-01
    endloop
  endfacet
  facet normal 0.000000e+00 0.000000e+00 -1.000000e+00
    outer loop
      vertex   5.167432e+00 -4.789368e+00 -2.540000e-01
      vertex   4.738265e+00 -4.139697e+00 -2.540000e-01
      vertex   5.090269e+00 -3.698297e+00 -2.540000e-01
    endloop
  endfacet
  facet normal 0.000000e+00 0.000000e+00 -1.000000e+00
    outer loop
      vertex   5.167432e+00 -4.789368e+00 -2.540000e-01
      vertex   5.090269e+00 -3.698297e+00 -2.540000e-01
      vertex   5.546920e+00 -4.344201e+00 -2.540000e-01
    endloop
  endfacet
  facet normal 0.000000e+00 0.000000e+00 -1.000000e+00
    outer loop
      vertex   5.546920e+00 -4.344201e+00 -2.540000e-01
      vertex   5.090269e+00 -3.698297e+00 -2.540000e-01
      vertex   5.401290e+00 -3.227121e+00 -2.540000e-01
    endloop
  endfacet
  facet normal 0.000000e+00 0.000000e+00 -1.000000e+00
    outer loop
      vertex   5.546920e+00 -4.344201e+00 -2.540000e-01
      vertex   5.401290e+00 -3.227121e+00 -2.540000e-01
      vertex   5.888171e+00 -3.869088e+00 -2.540000e-01
    endloop
  endfacet
  facet normal 0.000000e+00 0.000000e+00 -1.000000e+00
    outer loop
      vertex   5.888171e+00 -3.869088e+00 -2.540000e-01
      vertex   5.401290e+00 -3.227121e+00 -2.540000e-01
      vertex   5.668823e+00 -2.729961e+00 -2.540000e-01
    endloop
  endfacet
  facet normal 0.000000e+00 0.000000e+00 -1.000000e+00
    outer loop
      vertex   5.888171e+00 -3.869088e+00 -2.540000e-01
      vertex   5.668823e+00 -2.729961e+00 -2.540000e-01
      vertex   6.188833e+00 -3.367305e+00 -2.540000e-01
    endloop
  endfacet
  facet normal 0.000000e+00 0.000000e+00 -1.000000e+00
    outer loop
      vertex   6.188833e+00 -3.367305e+00 -2.540000e-01
      vertex   5.668823e+00 -2.729961e+00 -2.540000e-01
      vertex   5.890714e+00 -2.210822e+00 -2.540000e-01
    endloop
  endfacet
  facet normal 0.000000e+00 0.000000e+00 -1.000000e+00
    outer loop
      vertex   6.188833e+00 -3.367305e+00 -2.540000e-01
      vertex   5.890714e+00 -2.210822e+00 -2.540000e-01
      vertex   6.446834e+00 -2.842310e+00 -2.540000e-01
    endloop
  endfacet
  facet normal 0.000000e+00 0.000000e+00 -1.000000e+00
    outer loop
      vertex   6.446834e+00 -2.842310e+00 -2.540000e-01
      vertex   5.890714e+00 -2.210822e+00 -2.540000e-01
      vertex   6.065176e+00 -1.673882e+00 -2.540000e-01
    endloop
  endfacet
  facet normal 0.000000e+00 0.000000e+00 -1.000000e+00
    outer loop
      vertex   6.446834e+00 -2.842310e+00 -2.540000e-01
      vertex   6.065176e+00 -1.673882e+00 -2.540000e-01
      vertex   6.660396e+00 -2.297722e+00 -2.540000e-01
    endloop
  endfacet
  facet normal 0.000000e+00 0.000000e+00 -1.000000e+00
    outer loop
      vertex   6.660396e+00 -2.297722e+00 -2.540000e-01
      vertex   6.065176e+00 -1.673882e+00 -2.540000e-01
      vertex   6.190805e+00 -1.123465e+00 -2.540000e-01
    endloop
  endfacet
  facet normal 0.000000e+00 0.000000e+00 -1.000000e+00
    outer loop
      vertex   6.660396e+00 -2.297722e+00 -2.540000e-01
      vertex   6.190805e+00 -1.123465e+00 -2.540000e-01
      vertex   6.828045e+00 -1.737296e+00 -2.540000e-01
    endloop
  endfacet
  facet normal 0.000000e+00 0.000000e+00 -1.000000e+00
    outer loop
      vertex   6.828045e+00 -1.737296e+00 -2.540000e-01
      vertex   6.190805e+00 -1.123465e+00 -2.540000e-01
      vertex   6.266589e+00 -5.640033e-01 -2.540000e-01
    endloop
  endfacet
  facet normal 0.000000e+00 0.000000e+00 -1.000000e+00
    outer loop
      vertex   6.828045e+00 -1.737296e+00 -2.540000e-01
      vertex   6.266589e+00 -5.640033e-01 -2.540000e-01
      vertex   6.948627e+00 -1.164893e+00 -2.540000e-01
    endloop
  endfacet
  facet normal 0.000000e+00 0.000000e+00 -1.000000e+00
    outer loop
      vertex   6.948627e+00 -1.164893e+00 -2.540000e-01
      vertex   6.266589e+00 -5.640033e-01 -2.540000e-01
      vertex   7.021311e+00 -5.844611e-01 -2.540000e-01
    endloop
  endfacet
  facet normal 0.000000e+00 0.000000e+00 -1.000000e+00
    outer loop
      vertex   7.021311e+00 -5.844611e-01 -2.540000e-01
      vertex   6.266589e+00 -5.640033e-01 -2.540000e-01
      vertex   6.291919e+00 -7.705378e-16 -2.540000e-01
    endloop
  endfacet
  facet normal 0.000000e+00 0.000000e+00 -1.000000e+00
    outer loop
      vertex   8.890000e-01 -7.493000e+00 -2.540000e-01
      vertex   8.650369e-01 -7.287982e+00 -2.540000e-01
      vertex   1.400084e+00 -6.134167e+00 -2.540000e-01
    endloop
  endfacet
  facet normal 0.000000e+00 0.000000e+00 -1.000000e+00
    outer loop
      vertex   6.810135e-01 -6.921562e+00 -2.540000e-01
      vertex   5.308740e-01 -6.779912e+00 -2.540000e-01
      vertex   8.445848e-01 -6.234976e+00 -2.540000e-01
    endloop
  endfacet
  facet normal 0.000000e+00 0.000000e+00 -1.000000e+00
    outer loop
      vertex   1.543732e-01 -6.617506e+00 -2.540000e-01
      vertex   -5.169075e-02 -6.605504e+00 -2.540000e-01
      vertex   2.822859e-01 -6.285583e+00 -2.540000e-01
    endloop
  endfacet
  facet normal -0.000000e+00 0.000000e+00 -1.000000e+00
    outer loop
      vertex   -7.427487e-01 -7.004487e+00 -2.540000e-01
      vertex   -8.353867e-01 -7.188944e+00 -2.540000e-01
      vertex   -8.445848e-01 -6.234976e+00 -2.540000e-01
    endloop
  endfacet
  facet normal 0.000000e+00 0.000000e+00 -1.000000e+00
    outer loop
      vertex   -8.829889e-01 -1.031079e+01 -2.540000e-01
      vertex   -8.353867e-01 -7.797056e+00 -2.540000e-01
      vertex   -8.353867e-01 -1.010994e+01 -2.540000e-01
    endloop
  endfacet
  facet normal 0.000000e+00 0.000000e+00 -1.000000e+00
    outer loop
      vertex   -8.353867e-01 -1.010994e+01 -2.540000e-01
      vertex   -8.353867e-01 -7.797056e+00 -2.540000e-01
      vertex   -7.427487e-01 -7.981513e+00 -2.540000e-01
    endloop
  endfacet
  facet normal 0.000000e+00 0.000000e+00 -1.000000e+00
    outer loop
      vertex   -8.353867e-01 -1.010994e+01 -2.540000e-01
      vertex   -7.427487e-01 -7.981513e+00 -2.540000e-01
      vertex   -7.427487e-01 -9.925487e+00 -2.540000e-01
    endloop
  endfacet
  facet normal 0.000000e+00 0.000000e+00 -1.000000e+00
    outer loop
      vertex   -7.427487e-01 -9.925487e+00 -2.540000e-01
      vertex   -7.427487e-01 -7.981513e+00 -2.540000e-01
      vertex   -6.100688e-01 -9.767365e+00 -2.540000e-01
    endloop
  endfacet
  facet normal 0.000000e+00 0.000000e+00 -1.000000e+00
    outer loop
      vertex   -6.100688e-01 -9.767365e+00 -2.540000e-01
      vertex   -7.427487e-01 -7.981513e+00 -2.540000e-01
      vertex   -6.100688e-01 -8.139635e+00 -2.540000e-01
    endloop
  endfacet
  facet normal 0.000000e+00 0.000000e+00 -1.000000e+00
    outer loop
      vertex   -6.100688e-01 -9.767365e+00 -2.540000e-01
      vertex   -6.100688e-01 -8.139635e+00 -2.540000e-01
      vertex   -4.445000e-01 -9.644103e+00 -2.540000e-01
    endloop
  endfacet
  facet normal 0.000000e+00 0.000000e+00 -1.000000e+00
    outer loop
      vertex   -4.445000e-01 -9.644103e+00 -2.540000e-01
      vertex   -6.100688e-01 -8.139635e+00 -2.540000e-01
      vertex   -4.445000e-01 -8.262897e+00 -2.540000e-01
    endloop
  endfacet
  facet normal 0.000000e+00 0.000000e+00 -1.000000e+00
    outer loop
      vertex   -4.445000e-01 -9.644103e+00 -2.540000e-01
      vertex   -4.445000e-01 -8.262897e+00 -2.540000e-01
      vertex   -2.549681e-01 -9.562347e+00 -2.540000e-01
    endloop
  endfacet
  facet normal 0.000000e+00 0.000000e+00 -1.000000e+00
    outer loop
      vertex   -2.549681e-01 -9.562347e+00 -2.540000e-01
      vertex   -4.445000e-01 -8.262897e+00 -2.540000e-01
      vertex   -2.549681e-01 -8.344653e+00 -2.540000e-01
    endloop
  endfacet
  facet normal 0.000000e+00 0.000000e+00 -1.000000e+00
    outer loop
      vertex   -2.549681e-01 -9.562347e+00 -2.540000e-01
      vertex   -2.549681e-01 -8.344653e+00 -2.540000e-01
      vertex   -5.169075e-02 -9.526504e+00 -2.540000e-01
    endloop
  endfacet
  facet normal 0.000000e+00 0.000000e+00 -1.000000e+00
    outer loop
      vertex   -5.169075e-02 -9.526504e+00 -2.540000e-01
      vertex   -2.549681e-01 -8.344653e+00 -2.540000e-01
      vertex   -5.169075e-02 -8.380496e+00 -2.540000e-01
    endloop
  endfacet
  facet normal 0.000000e+00 0.000000e+00 -1.000000e+00
    outer loop
      vertex   -5.169075e-02 -9.526504e+00 -2.540000e-01
      vertex   -5.169075e-02 -8.380496e+00 -2.540000e-01
      vertex   1.543732e-01 -8.368494e+00 -2.540000e-01
    endloop
  endfacet
  facet normal 0.000000e+00 0.000000e+00 -1.000000e+00
    outer loop
      vertex   3.521149e-01 -8.309294e+00 -2.540000e-01
      vertex   3.521149e-01 -9.597706e+00 -2.540000e-01
      vertex   1.543732e-01 -8.368494e+00 -2.540000e-01
    endloop
  endfacet
  facet normal 0.000000e+00 -0.000000e+00 -1.000000e+00
    outer loop
      vertex   1.543732e-01 -8.368494e+00 -2.540000e-01
      vertex   3.521149e-01 -9.597706e+00 -2.540000e-01
      vertex   1.543732e-01 -9.538506e+00 -2.540000e-01
    endloop
  endfacet
  facet normal 0.000000e+00 0.000000e+00 -1.000000e+00
    outer loop
      vertex   1.543732e-01 -8.368494e+00 -2.540000e-01
      vertex   1.543732e-01 -9.538506e+00 -2.540000e-01
      vertex   -5.169075e-02 -9.526504e+00 -2.540000e-01
    endloop
  endfacet
  facet normal 0.000000e+00 0.000000e+00 -1.000000e+00
    outer loop
      vertex   3.521149e-01 -9.597706e+00 -2.540000e-01
      vertex   3.521149e-01 -8.309294e+00 -2.540000e-01
      vertex   5.308740e-01 -9.700912e+00 -2.540000e-01
    endloop
  endfacet
  facet normal 0.000000e+00 0.000000e+00 -1.000000e+00
    outer loop
      vertex   5.308740e-01 -9.700912e+00 -2.540000e-01
      vertex   3.521149e-01 -8.309294e+00 -2.540000e-01
      vertex   5.308740e-01 -8.206088e+00 -2.540000e-01
    endloop
  endfacet
  facet normal 0.000000e+00 0.000000e+00 -1.000000e+00
    outer loop
      vertex   5.308740e-01 -9.700912e+00 -2.540000e-01
      vertex   5.308740e-01 -8.206088e+00 -2.540000e-01
      vertex   6.810135e-01 -9.842562e+00 -2.540000e-01
    endloop
  endfacet
  facet normal 0.000000e+00 0.000000e+00 -1.000000e+00
    outer loop
      vertex   6.810135e-01 -9.842562e+00 -2.540000e-01
      vertex   5.308740e-01 -8.206088e+00 -2.540000e-01
      vertex   6.810135e-01 -8.064438e+00 -2.540000e-01
    endloop
  endfacet
  facet normal 0.000000e+00 0.000000e+00 -1.000000e+00
    outer loop
      vertex   6.810135e-01 -9.842562e+00 -2.540000e-01
      vertex   6.810135e-01 -8.064438e+00 -2.540000e-01
      vertex   7.944394e-01 -1.001502e+01 -2.540000e-01
    endloop
  endfacet
  facet normal 0.000000e+00 0.000000e+00 -1.000000e+00
    outer loop
      vertex   7.944394e-01 -1.001502e+01 -2.540000e-01
      vertex   6.810135e-01 -8.064438e+00 -2.540000e-01
      vertex   7.944394e-01 -7.891982e+00 -2.540000e-01
    endloop
  endfacet
  facet normal 0.000000e+00 0.000000e+00 -1.000000e+00
    outer loop
      vertex   7.944394e-01 -1.001502e+01 -2.540000e-01
      vertex   7.944394e-01 -7.891982e+00 -2.540000e-01
      vertex   8.650369e-01 -1.020898e+01 -2.540000e-01
    endloop
  endfacet
  facet normal 0.000000e+00 0.000000e+00 -1.000000e+00
    outer loop
      vertex   8.650369e-01 -1.020898e+01 -2.540000e-01
      vertex   7.944394e-01 -7.891982e+00 -2.540000e-01
      vertex   8.650369e-01 -7.698018e+00 -2.540000e-01
    endloop
  endfacet
  facet normal 0.000000e+00 0.000000e+00 -1.000000e+00
    outer loop
      vertex   8.650369e-01 1.354002e+01 -2.540000e-01
      vertex   1.044182e+00 1.579110e+01 -2.540000e-01
      vertex   8.890000e-01 1.333500e+01 -2.540000e-01
    endloop
  endfacet
  facet normal 0.000000e+00 0.000000e+00 -1.000000e+00
    outer loop
      vertex   8.890000e-01 1.333500e+01 -2.540000e-01
      vertex   1.044182e+00 1.579110e+01 -2.540000e-01
      vertex   2.042480e+00 1.678790e+01 -2.540000e-01
    endloop
  endfacet
  facet normal 0.000000e+00 0.000000e+00 -1.000000e+00
    outer loop
      vertex   8.890000e-01 1.333500e+01 -2.540000e-01
      vertex   2.042480e+00 1.678790e+01 -2.540000e-01
      vertex   3.810000e+00 9.080500e+00 -2.540000e-01
    endloop
  endfacet
  facet normal 0.000000e+00 0.000000e+00 -1.000000e+00
    outer loop
      vertex   1.044182e+00 1.579110e+01 -2.540000e-01
      vertex   8.650369e-01 1.354002e+01 -2.540000e-01
      vertex   9.247064e-01 1.558416e+01 -2.540000e-01
    endloop
  endfacet
  facet normal 0.000000e+00 0.000000e+00 -1.000000e+00
    outer loop
      vertex   9.247064e-01 1.558416e+01 -2.540000e-01
      vertex   8.650369e-01 1.354002e+01 -2.540000e-01
      vertex   7.944394e-01 1.373398e+01 -2.540000e-01
    endloop
  endfacet
  facet normal 0.000000e+00 0.000000e+00 -1.000000e+00
    outer loop
      vertex   9.247064e-01 1.558416e+01 -2.540000e-01
      vertex   7.944394e-01 1.373398e+01 -2.540000e-01
      vertex   7.648163e-01 1.540659e+01 -2.540000e-01
    endloop
  endfacet
  facet normal 0.000000e+00 -0.000000e+00 -1.000000e+00
    outer loop
      vertex   7.648163e-01 1.540659e+01 -2.540000e-01
      vertex   7.944394e-01 1.373398e+01 -2.540000e-01
      vertex   6.810135e-01 1.390644e+01 -2.540000e-01
    endloop
  endfacet
  facet normal 0.000000e+00 0.000000e+00 -1.000000e+00
    outer loop
      vertex   7.648163e-01 1.540659e+01 -2.540000e-01
      vertex   6.810135e-01 1.390644e+01 -2.540000e-01
      vertex   5.715000e-01 1.526613e+01 -2.540000e-01
    endloop
  endfacet
  facet normal 0.000000e+00 -0.000000e+00 -1.000000e+00
    outer loop
      vertex   5.715000e-01 1.526613e+01 -2.540000e-01
      vertex   6.810135e-01 1.390644e+01 -2.540000e-01
      vertex   5.308740e-01 1.404809e+01 -2.540000e-01
    endloop
  endfacet
  facet normal 0.000000e+00 0.000000e+00 -1.000000e+00
    outer loop
      vertex   5.715000e-01 1.526613e+01 -2.540000e-01
      vertex   5.308740e-01 1.404809e+01 -2.540000e-01
      vertex   3.521149e-01 1.415129e+01 -2.540000e-01
    endloop
  endfacet
  facet normal 0.000000e+00 0.000000e+00 -1.000000e+00
    outer loop
      vertex   5.715000e-01 1.526613e+01 -2.540000e-01
      vertex   3.521149e-01 1.415129e+01 -2.540000e-01
      vertex   3.532064e-01 1.516894e+01 -2.540000e-01
    endloop
  endfacet
  facet normal 0.000000e+00 0.000000e+00 -1.000000e+00
    outer loop
      vertex   3.532064e-01 1.516894e+01 -2.540000e-01
      vertex   3.521149e-01 1.415129e+01 -2.540000e-01
      vertex   1.543732e-01 1.421049e+01 -2.540000e-01
    endloop
  endfacet
  facet normal 0.000000e+00 0.000000e+00 -1.000000e+00
    outer loop
      vertex   3.532064e-01 1.516894e+01 -2.540000e-01
      vertex   1.543732e-01 1.421049e+01 -2.540000e-01
      vertex   1.194760e-01 1.511926e+01 -2.540000e-01
    endloop
  endfacet
  facet normal 0.000000e+00 -0.000000e+00 -1.000000e+00
    outer loop
      vertex   1.194760e-01 1.511926e+01 -2.540000e-01
      vertex   1.543732e-01 1.421049e+01 -2.540000e-01
      vertex   -5.169075e-02 1.422250e+01 -2.540000e-01
    endloop
  endfacet
  facet normal -0.000000e+00 0.000000e+00 -1.000000e+00
    outer loop
      vertex   1.194760e-01 1.511926e+01 -2.540000e-01
      vertex   -5.169075e-02 1.422250e+01 -2.540000e-01
      vertex   -1.194760e-01 1.511926e+01 -2.540000e-01
    endloop
  endfacet
  facet normal 0.000000e+00 -0.000000e+00 -1.000000e+00
    outer loop
      vertex   -1.194760e-01 1.511926e+01 -2.540000e-01
      vertex   -5.169075e-02 1.422250e+01 -2.540000e-01
      vertex   -2.549681e-01 1.418665e+01 -2.540000e-01
    endloop
  endfacet
  facet normal -0.000000e+00 0.000000e+00 -1.000000e+00
    outer loop
      vertex   -1.194760e-01 1.511926e+01 -2.540000e-01
      vertex   -2.549681e-01 1.418665e+01 -2.540000e-01
      vertex   -3.532064e-01 1.516894e+01 -2.540000e-01
    endloop
  endfacet
  facet normal 0.000000e+00 -0.000000e+00 -1.000000e+00
    outer loop
      vertex   -3.532064e-01 1.516894e+01 -2.540000e-01
      vertex   -2.549681e-01 1.418665e+01 -2.540000e-01
      vertex   -4.445000e-01 1.410490e+01 -2.540000e-01
    endloop
  endfacet
  facet normal -0.000000e+00 0.000000e+00 -1.000000e+00
    outer loop
      vertex   -3.532064e-01 1.516894e+01 -2.540000e-01
      vertex   -4.445000e-01 1.410490e+01 -2.540000e-01
      vertex   -5.715000e-01 1.526613e+01 -2.540000e-01
    endloop
  endfacet
  facet normal 0.000000e+00 -0.000000e+00 -1.000000e+00
    outer loop
      vertex   -5.715000e-01 1.526613e+01 -2.540000e-01
      vertex   -4.445000e-01 1.410490e+01 -2.540000e-01
      vertex   -6.100688e-01 1.398164e+01 -2.540000e-01
    endloop
  endfacet
  facet normal -0.000000e+00 0.000000e+00 -1.000000e+00
    outer loop
      vertex   -5.715000e-01 1.526613e+01 -2.540000e-01
      vertex   -6.100688e-01 1.398164e+01 -2.540000e-01
      vertex   -7.648163e-01 1.540659e+01 -2.540000e-01
    endloop
  endfacet
  facet normal 0.000000e+00 0.000000e+00 -1.000000e+00
    outer loop
      vertex   -7.648163e-01 1.540659e+01 -2.540000e-01
      vertex   -6.100688e-01 1.398164e+01 -2.540000e-01
      vertex   -7.427487e-01 1.382351e+01 -2.540000e-01
    endloop
  endfacet
  facet normal -0.000000e+00 -0.000000e+00 -1.000000e+00
    outer loop
      vertex   -7.648163e-01 1.540659e+01 -2.540000e-01
      vertex   -7.427487e-01 1.382351e+01 -2.540000e-01
      vertex   -9.247064e-01 1.558416e+01 -2.540000e-01
    endloop
  endfacet
  facet normal 0.000000e+00 0.000000e+00 -1.000000e+00
    outer loop
      vertex   -9.247064e-01 1.558416e+01 -2.540000e-01
      vertex   -7.427487e-01 1.382351e+01 -2.540000e-01
      vertex   -8.353867e-01 1.363906e+01 -2.540000e-01
    endloop
  endfacet
  facet normal -0.000000e+00 -0.000000e+00 -1.000000e+00
    outer loop
      vertex   -9.247064e-01 1.558416e+01 -2.540000e-01
      vertex   -8.353867e-01 1.363906e+01 -2.540000e-01
      vertex   -1.044182e+00 1.579110e+01 -2.540000e-01
    endloop
  endfacet
  facet normal 0.000000e+00 0.000000e+00 -1.000000e+00
    outer loop
      vertex   -1.044182e+00 1.579110e+01 -2.540000e-01
      vertex   -8.353867e-01 1.363906e+01 -2.540000e-01
      vertex   -8.829889e-01 1.343821e+01 -2.540000e-01
    endloop
  endfacet
  facet normal -0.000000e+00 -0.000000e+00 -1.000000e+00
    outer loop
      vertex   -1.044182e+00 1.579110e+01 -2.540000e-01
      vertex   -8.829889e-01 1.343821e+01 -2.540000e-01
      vertex   -2.042480e+00 1.678790e+01 -2.540000e-01
    endloop
  endfacet
  facet normal 0.000000e+00 0.000000e+00 -1.000000e+00
    outer loop
      vertex   -2.042480e+00 1.678790e+01 -2.540000e-01
      vertex   -8.829889e-01 1.343821e+01 -2.540000e-01
      vertex   -8.829889e-01 1.323179e+01 -2.540000e-01
    endloop
  endfacet
  facet normal 0.000000e+00 -0.000000e+00 -1.000000e+00
    outer loop
      vertex   -2.042480e+00 1.678790e+01 -2.540000e-01
      vertex   -8.829889e-01 1.323179e+01 -2.540000e-01
      vertex   -3.810000e+00 9.080500e+00 -2.540000e-01
    endloop
  endfacet
  facet normal -0.000000e+00 0.000000e+00 -1.000000e+00
    outer loop
      vertex   -7.427487e-01 1.284649e+01 -2.540000e-01
      vertex   -7.427487e-01 1.090251e+01 -2.540000e-01
      vertex   -8.353867e-01 1.303094e+01 -2.540000e-01
    endloop
  endfacet
  facet normal 0.000000e+00 -0.000000e+00 -1.000000e+00
    outer loop
      vertex   -8.353867e-01 1.303094e+01 -2.540000e-01
      vertex   -7.427487e-01 1.090251e+01 -2.540000e-01
      vertex   -8.353867e-01 1.071806e+01 -2.540000e-01
    endloop
  endfacet
  facet normal 0.000000e+00 0.000000e+00 -1.000000e+00
    outer loop
      vertex   -8.353867e-01 1.303094e+01 -2.540000e-01
      vertex   -8.353867e-01 1.071806e+01 -2.540000e-01
      vertex   -8.829889e-01 1.051721e+01 -2.540000e-01
    endloop
  endfacet
  facet normal 0.000000e+00 0.000000e+00 -1.000000e+00
    outer loop
      vertex   -7.427487e-01 1.090251e+01 -2.540000e-01
      vertex   -7.427487e-01 1.284649e+01 -2.540000e-01
      vertex   -6.100688e-01 1.106064e+01 -2.540000e-01
    endloop
  endfacet
  facet normal 0.000000e+00 0.000000e+00 -1.000000e+00
    outer loop
      vertex   -6.100688e-01 1.106064e+01 -2.540000e-01
      vertex   -7.427487e-01 1.284649e+01 -2.540000e-01
      vertex   -6.100688e-01 1.268836e+01 -2.540000e-01
    endloop
  endfacet
  facet normal 0.000000e+00 0.000000e+00 -1.000000e+00
    outer loop
      vertex   -6.100688e-01 1.106064e+01 -2.540000e-01
      vertex   -6.100688e-01 1.268836e+01 -2.540000e-01
      vertex   -4.445000e-01 1.118390e+01 -2.540000e-01
    endloop
  endfacet
  facet normal 0.000000e+00 0.000000e+00 -1.000000e+00
    outer loop
      vertex   -4.445000e-01 1.118390e+01 -2.540000e-01
      vertex   -6.100688e-01 1.268836e+01 -2.540000e-01
      vertex   -4.445000e-01 1.256510e+01 -2.540000e-01
    endloop
  endfacet
  facet normal 0.000000e+00 0.000000e+00 -1.000000e+00
    outer loop
      vertex   -4.445000e-01 1.118390e+01 -2.540000e-01
      vertex   -4.445000e-01 1.256510e+01 -2.540000e-01
      vertex   -2.549681e-01 1.126565e+01 -2.540000e-01
    endloop
  endfacet
  facet normal 0.000000e+00 0.000000e+00 -1.000000e+00
    outer loop
      vertex   -2.549681e-01 1.126565e+01 -2.540000e-01
      vertex   -4.445000e-01 1.256510e+01 -2.540000e-01
      vertex   -2.549681e-01 1.248335e+01 -2.540000e-01
    endloop
  endfacet
  facet normal 0.000000e+00 0.000000e+00 -1.000000e+00
    outer loop
      vertex   -2.549681e-01 1.126565e+01 -2.540000e-01
      vertex   -2.549681e-01 1.248335e+01 -2.540000e-01
      vertex   -5.169075e-02 1.130150e+01 -2.540000e-01
    endloop
  endfacet
  facet normal 0.000000e+00 0.000000e+00 -1.000000e+00
    outer loop
      vertex   -5.169075e-02 1.130150e+01 -2.540000e-01
      vertex   -2.549681e-01 1.248335e+01 -2.540000e-01
      vertex   -5.169075e-02 1.244750e+01 -2.540000e-01
    endloop
  endfacet
  facet normal 0.000000e+00 0.000000e+00 -1.000000e+00
    outer loop
      vertex   -5.169075e-02 1.130150e+01 -2.540000e-01
      vertex   -5.169075e-02 1.244750e+01 -2.540000e-01
      vertex   1.543732e-01 1.245951e+01 -2.540000e-01
    endloop
  endfacet
  facet normal 0.000000e+00 0.000000e+00 -1.000000e+00
    outer loop
      vertex   -5.169075e-02 1.130150e+01 -2.540000e-01
      vertex   1.543732e-01 1.245951e+01 -2.540000e-01
      vertex   1.543732e-01 1.128949e+01 -2.540000e-01
    endloop
  endfacet
  facet normal 0.000000e+00 0.000000e+00 -1.000000e+00
    outer loop
      vertex   1.543732e-01 1.128949e+01 -2.540000e-01
      vertex   1.543732e-01 1.245951e+01 -2.540000e-01
      vertex   3.521149e-01 1.251871e+01 -2.540000e-01
    endloop
  endfacet
  facet normal 0.000000e+00 0.000000e+00 -1.000000e+00
    outer loop
      vertex   1.543732e-01 1.128949e+01 -2.540000e-01
      vertex   3.521149e-01 1.251871e+01 -2.540000e-01
      vertex   3.521149e-01 1.123029e+01 -2.540000e-01
    endloop
  endfacet
  facet normal 0.000000e+00 0.000000e+00 -1.000000e+00
    outer loop
      vertex   3.521149e-01 1.123029e+01 -2.540000e-01
      vertex   3.521149e-01 1.251871e+01 -2.540000e-01
      vertex   5.308740e-01 1.262191e+01 -2.540000e-01
    endloop
  endfacet
  facet normal 0.000000e+00 0.000000e+00 -1.000000e+00
    outer loop
      vertex   3.521149e-01 1.123029e+01 -2.540000e-01
      vertex   5.308740e-01 1.262191e+01 -2.540000e-01
      vertex   5.308740e-01 1.112709e+01 -2.540000e-01
    endloop
  endfacet
  facet normal 0.000000e+00 0.000000e+00 -1.000000e+00
    outer loop
      vertex   5.308740e-01 1.112709e+01 -2.540000e-01
      vertex   5.308740e-01 1.262191e+01 -2.540000e-01
      vertex   6.810135e-01 1.276356e+01 -2.540000e-01
    endloop
  endfacet
  facet normal 0.000000e+00 0.000000e+00 -1.000000e+00
    outer loop
      vertex   5.308740e-01 1.112709e+01 -2.540000e-01
      vertex   6.810135e-01 1.276356e+01 -2.540000e-01
      vertex   6.810135e-01 1.098544e+01 -2.540000e-01
    endloop
  endfacet
  facet normal 0.000000e+00 0.000000e+00 -1.000000e+00
    outer loop
      vertex   6.810135e-01 1.098544e+01 -2.540000e-01
      vertex   6.810135e-01 1.276356e+01 -2.540000e-01
      vertex   7.944394e-01 1.293602e+01 -2.540000e-01
    endloop
  endfacet
  facet normal 0.000000e+00 0.000000e+00 -1.000000e+00
    outer loop
      vertex   6.810135e-01 1.098544e+01 -2.540000e-01
      vertex   7.944394e-01 1.293602e+01 -2.540000e-01
      vertex   7.944394e-01 1.081298e+01 -2.540000e-01
    endloop
  endfacet
  facet normal 0.000000e+00 0.000000e+00 -1.000000e+00
    outer loop
      vertex   7.944394e-01 1.081298e+01 -2.540000e-01
      vertex   7.944394e-01 1.293602e+01 -2.540000e-01
      vertex   8.650369e-01 1.312998e+01 -2.540000e-01
    endloop
  endfacet
  facet normal 0.000000e+00 0.000000e+00 -1.000000e+00
    outer loop
      vertex   7.944394e-01 1.081298e+01 -2.540000e-01
      vertex   8.650369e-01 1.312998e+01 -2.540000e-01
      vertex   8.650369e-01 1.061902e+01 -2.540000e-01
    endloop
  endfacet
  facet normal 0.000000e+00 0.000000e+00 -1.000000e+00
    outer loop
      vertex   8.650369e-01 1.061902e+01 -2.540000e-01
      vertex   8.650369e-01 1.312998e+01 -2.540000e-01
      vertex   3.810000e+00 9.080500e+00 -2.540000e-01
    endloop
  endfacet
  facet normal 0.000000e+00 0.000000e+00 -1.000000e+00
    outer loop
      vertex   8.650369e-01 1.312998e+01 -2.540000e-01
      vertex   8.890000e-01 1.333500e+01 -2.540000e-01
      vertex   3.810000e+00 9.080500e+00 -2.540000e-01
    endloop
  endfacet
  facet normal 0.000000e+00 0.000000e+00 -1.000000e+00
    outer loop
      vertex   8.650369e-01 1.020898e+01 -2.540000e-01
      vertex   8.650369e-01 7.698018e+00 -2.540000e-01
      vertex   7.944394e-01 1.001502e+01 -2.540000e-01
    endloop
  endfacet
  facet normal 0.000000e+00 -0.000000e+00 -1.000000e+00
    outer loop
      vertex   7.944394e-01 1.001502e+01 -2.540000e-01
      vertex   8.650369e-01 7.698018e+00 -2.540000e-01
      vertex   7.944394e-01 7.891982e+00 -2.540000e-01
    endloop
  endfacet
  facet normal 0.000000e+00 0.000000e+00 -1.000000e+00
    outer loop
      vertex   7.944394e-01 1.001502e+01 -2.540000e-01
      vertex   7.944394e-01 7.891982e+00 -2.540000e-01
      vertex   6.810135e-01 9.842562e+00 -2.540000e-01
    endloop
  endfacet
  facet normal 0.000000e+00 -0.000000e+00 -1.000000e+00
    outer loop
      vertex   6.810135e-01 9.842562e+00 -2.540000e-01
      vertex   7.944394e-01 7.891982e+00 -2.540000e-01
      vertex   6.810135e-01 8.064438e+00 -2.540000e-01
    endloop
  endfacet
  facet normal 0.000000e+00 0.000000e+00 -1.000000e+00
    outer loop
      vertex   6.810135e-01 9.842562e+00 -2.540000e-01
      vertex   6.810135e-01 8.064438e+00 -2.540000e-01
      vertex   5.308740e-01 9.700912e+00 -2.540000e-01
    endloop
  endfacet
  facet normal 0.000000e+00 -0.000000e+00 -1.000000e+00
    outer loop
      vertex   5.308740e-01 9.700912e+00 -2.540000e-01
      vertex   6.810135e-01 8.064438e+00 -2.540000e-01
      vertex   5.308740e-01 8.206088e+00 -2.540000e-01
    endloop
  endfacet
  facet normal 0.000000e+00 0.000000e+00 -1.000000e+00
    outer loop
      vertex   5.308740e-01 9.700912e+00 -2.540000e-01
      vertex   5.308740e-01 8.206088e+00 -2.540000e-01
      vertex   3.521149e-01 9.597706e+00 -2.540000e-01
    endloop
  endfacet
  facet normal 0.000000e+00 -0.000000e+00 -1.000000e+00
    outer loop
      vertex   3.521149e-01 9.597706e+00 -2.540000e-01
      vertex   5.308740e-01 8.206088e+00 -2.540000e-01
      vertex   3.521149e-01 8.309294e+00 -2.540000e-01
    endloop
  endfacet
  facet normal 0.000000e+00 0.000000e+00 -1.000000e+00
    outer loop
      vertex   3.521149e-01 9.597706e+00 -2.540000e-01
      vertex   3.521149e-01 8.309294e+00 -2.540000e-01
      vertex   1.543732e-01 9.538506e+00 -2.540000e-01
    endloop
  endfacet
  facet normal 0.000000e+00 -0.000000e+00 -1.000000e+00
    outer loop
      vertex   1.543732e-01 9.538506e+00 -2.540000e-01
      vertex   3.521149e-01 8.309294e+00 -2.540000e-01
      vertex   1.543732e-01 8.368494e+00 -2.540000e-01
    endloop
  endfacet
  facet normal 0.000000e+00 0.000000e+00 -1.000000e+00
    outer loop
      vertex   1.543732e-01 9.538506e+00 -2.540000e-01
      vertex   1.543732e-01 8.368494e+00 -2.540000e-01
      vertex   -5.169075e-02 8.380496e+00 -2.540000e-01
    endloop
  endfacet
  facet normal 0.000000e+00 0.000000e+00 -1.000000e+00
    outer loop
      vertex   -2.549681e-01 8.344653e+00 -2.540000e-01
      vertex   -2.549681e-01 9.562347e+00 -2.540000e-01
      vertex   -5.169075e-02 8.380496e+00 -2.540000e-01
    endloop
  endfacet
  facet normal 0.000000e+00 0.000000e+00 -1.000000e+00
    outer loop
      vertex   -5.169075e-02 8.380496e+00 -2.540000e-01
      vertex   -2.549681e-01 9.562347e+00 -2.540000e-01
      vertex   -5.169075e-02 9.526504e+00 -2.540000e-01
    endloop
  endfacet
  facet normal 0.000000e+00 0.000000e+00 -1.000000e+00
    outer loop
      vertex   -5.169075e-02 8.380496e+00 -2.540000e-01
      vertex   -5.169075e-02 9.526504e+00 -2.540000e-01
      vertex   1.543732e-01 9.538506e+00 -2.540000e-01
    endloop
  endfacet
  facet normal -0.000000e+00 0.000000e+00 -1.000000e+00
    outer loop
      vertex   -2.549681e-01 9.562347e+00 -2.540000e-01
      vertex   -2.549681e-01 8.344653e+00 -2.540000e-01
      vertex   -4.445000e-01 9.644103e+00 -2.540000e-01
    endloop
  endfacet
  facet normal 0.000000e+00 -0.000000e+00 -1.000000e+00
    outer loop
      vertex   -4.445000e-01 9.644103e+00 -2.540000e-01
      vertex   -2.549681e-01 8.344653e+00 -2.540000e-01
      vertex   -4.445000e-01 8.262897e+00 -2.540000e-01
    endloop
  endfacet
  facet normal -0.000000e+00 0.000000e+00 -1.000000e+00
    outer loop
      vertex   -4.445000e-01 9.644103e+00 -2.540000e-01
      vertex   -4.445000e-01 8.262897e+00 -2.540000e-01
      vertex   -6.100688e-01 9.767365e+00 -2.540000e-01
    endloop
  endfacet
  facet normal 0.000000e+00 -0.000000e+00 -1.000000e+00
    outer loop
      vertex   -6.100688e-01 9.767365e+00 -2.540000e-01
      vertex   -4.445000e-01 8.262897e+00 -2.540000e-01
      vertex   -6.100688e-01 8.139635e+00 -2.540000e-01
    endloop
  endfacet
  facet normal -0.000000e+00 0.000000e+00 -1.000000e+00
    outer loop
      vertex   -6.100688e-01 9.767365e+00 -2.540000e-01
      vertex   -6.100688e-01 8.139635e+00 -2.540000e-01
      vertex   -7.427487e-01 9.925487e+00 -2.540000e-01
    endloop
  endfacet
  facet normal 0.000000e+00 -0.000000e+00 -1.000000e+00
    outer loop
      vertex   -7.427487e-01 9.925487e+00 -2.540000e-01
      vertex   -6.100688e-01 8.139635e+00 -2.540000e-01
      vertex   -7.427487e-01 7.981513e+00 -2.540000e-01
    endloop
  endfacet
  facet normal 0.000000e+00 0.000000e+00 -1.000000e+00
    outer loop
      vertex   -7.427487e-01 9.925487e+00 -2.540000e-01
      vertex   -7.427487e-01 7.981513e+00 -2.540000e-01
      vertex   -8.353867e-01 7.797056e+00 -2.540000e-01
    endloop
  endfacet
  facet normal -0.000000e+00 0.000000e+00 -1.000000e+00
    outer loop
      vertex   -7.427487e-01 9.925487e+00 -2.540000e-01
      vertex   -8.353867e-01 7.797056e+00 -2.540000e-01
      vertex   -8.353867e-01 1.010994e+01 -2.540000e-01
    endloop
  endfacet
  facet normal 0.000000e+00 0.000000e+00 -1.000000e+00
    outer loop
      vertex   -8.353867e-01 1.010994e+01 -2.540000e-01
      vertex   -8.353867e-01 7.797056e+00 -2.540000e-01
      vertex   -8.829889e-01 7.596207e+00 -2.540000e-01
    endloop
  endfacet
  facet normal 0.000000e+00 0.000000e+00 -1.000000e+00
    outer loop
      vertex   -3.810000e+00 -9.080500e+00 -2.540000e-01
      vertex   -8.829889e-01 -1.051721e+01 -2.540000e-01
      vertex   -8.829889e-01 -1.323179e+01 -2.540000e-01
    endloop
  endfacet
  facet normal 0.000000e+00 0.000000e+00 -1.000000e+00
    outer loop
      vertex   -8.829889e-01 -1.323179e+01 -2.540000e-01
      vertex   -8.829889e-01 -1.051721e+01 -2.540000e-01
      vertex   -8.353867e-01 -1.071806e+01 -2.540000e-01
    endloop
  endfacet
  facet normal 0.000000e+00 0.000000e+00 -1.000000e+00
    outer loop
      vertex   -8.829889e-01 -1.323179e+01 -2.540000e-01
      vertex   -8.353867e-01 -1.071806e+01 -2.540000e-01
      vertex   -8.353867e-01 -1.303094e+01 -2.540000e-01
    endloop
  endfacet
  facet normal 0.000000e+00 0.000000e+00 -1.000000e+00
    outer loop
      vertex   -8.353867e-01 -1.303094e+01 -2.540000e-01
      vertex   -8.353867e-01 -1.071806e+01 -2.540000e-01
      vertex   -7.427487e-01 -1.090251e+01 -2.540000e-01
    endloop
  endfacet
  facet normal 0.000000e+00 0.000000e+00 -1.000000e+00
    outer loop
      vertex   -8.353867e-01 -1.303094e+01 -2.540000e-01
      vertex   -7.427487e-01 -1.090251e+01 -2.540000e-01
      vertex   -7.427487e-01 -1.284649e+01 -2.540000e-01
    endloop
  endfacet
  facet normal 0.000000e+00 0.000000e+00 -1.000000e+00
    outer loop
      vertex   -7.427487e-01 -1.284649e+01 -2.540000e-01
      vertex   -7.427487e-01 -1.090251e+01 -2.540000e-01
      vertex   -6.100688e-01 -1.106064e+01 -2.540000e-01
    endloop
  endfacet
  facet normal 0.000000e+00 0.000000e+00 -1.000000e+00
    outer loop
      vertex   -7.427487e-01 -1.284649e+01 -2.540000e-01
      vertex   -6.100688e-01 -1.106064e+01 -2.540000e-01
      vertex   -6.100688e-01 -1.268836e+01 -2.540000e-01
    endloop
  endfacet
  facet normal 0.000000e+00 0.000000e+00 -1.000000e+00
    outer loop
      vertex   -6.100688e-01 -1.268836e+01 -2.540000e-01
      vertex   -6.100688e-01 -1.106064e+01 -2.540000e-01
      vertex   -4.445000e-01 -1.118390e+01 -2.540000e-01
    endloop
  endfacet
  facet normal 0.000000e+00 0.000000e+00 -1.000000e+00
    outer loop
      vertex   -6.100688e-01 -1.268836e+01 -2.540000e-01
      vertex   -4.445000e-01 -1.118390e+01 -2.540000e-01
      vertex   -4.445000e-01 -1.256510e+01 -2.540000e-01
    endloop
  endfacet
  facet normal 0.000000e+00 0.000000e+00 -1.000000e+00
    outer loop
      vertex   -4.445000e-01 -1.256510e+01 -2.540000e-01
      vertex   -4.445000e-01 -1.118390e+01 -2.540000e-01
      vertex   -2.549681e-01 -1.248335e+01 -2.540000e-01
    endloop
  endfacet
  facet normal 0.000000e+00 0.000000e+00 -1.000000e+00
    outer loop
      vertex   -2.549681e-01 -1.248335e+01 -2.540000e-01
      vertex   -4.445000e-01 -1.118390e+01 -2.540000e-01
      vertex   -2.549681e-01 -1.126565e+01 -2.540000e-01
    endloop
  endfacet
  facet normal 0.000000e+00 0.000000e+00 -1.000000e+00
    outer loop
      vertex   -2.549681e-01 -1.248335e+01 -2.540000e-01
      vertex   -2.549681e-01 -1.126565e+01 -2.540000e-01
      vertex   -5.169075e-02 -1.244750e+01 -2.540000e-01
    endloop
  endfacet
  facet normal 0.000000e+00 0.000000e+00 -1.000000e+00
    outer loop
      vertex   -5.169075e-02 -1.244750e+01 -2.540000e-01
      vertex   -2.549681e-01 -1.126565e+01 -2.540000e-01
      vertex   -5.169075e-02 -1.130150e+01 -2.540000e-01
    endloop
  endfacet
  facet normal 0.000000e+00 0.000000e+00 -1.000000e+00
    outer loop
      vertex   -5.169075e-02 -1.244750e+01 -2.540000e-01
      vertex   -5.169075e-02 -1.130150e+01 -2.540000e-01
      vertex   1.543732e-01 -1.128949e+01 -2.540000e-01
    endloop
  endfacet
  facet normal 0.000000e+00 0.000000e+00 -1.000000e+00
    outer loop
      vertex   -5.169075e-02 -1.244750e+01 -2.540000e-01
      vertex   1.543732e-01 -1.128949e+01 -2.540000e-01
      vertex   1.543732e-01 -1.245951e+01 -2.540000e-01
    endloop
  endfacet
  facet normal 0.000000e+00 0.000000e+00 -1.000000e+00
    outer loop
      vertex   1.543732e-01 -1.245951e+01 -2.540000e-01
      vertex   1.543732e-01 -1.128949e+01 -2.540000e-01
      vertex   3.521149e-01 -1.123029e+01 -2.540000e-01
    endloop
  endfacet
  facet normal 0.000000e+00 0.000000e+00 -1.000000e+00
    outer loop
      vertex   1.543732e-01 -1.245951e+01 -2.540000e-01
      vertex   3.521149e-01 -1.123029e+01 -2.540000e-01
      vertex   3.521149e-01 -1.251871e+01 -2.540000e-01
    endloop
  endfacet
  facet normal 0.000000e+00 0.000000e+00 -1.000000e+00
    outer loop
      vertex   3.521149e-01 -1.251871e+01 -2.540000e-01
      vertex   3.521149e-01 -1.123029e+01 -2.540000e-01
      vertex   5.308740e-01 -1.112709e+01 -2.540000e-01
    endloop
  endfacet
  facet normal 0.000000e+00 0.000000e+00 -1.000000e+00
    outer loop
      vertex   3.521149e-01 -1.251871e+01 -2.540000e-01
      vertex   5.308740e-01 -1.112709e+01 -2.540000e-01
      vertex   5.308740e-01 -1.262191e+01 -2.540000e-01
    endloop
  endfacet
  facet normal 0.000000e+00 0.000000e+00 -1.000000e+00
    outer loop
      vertex   5.308740e-01 -1.262191e+01 -2.540000e-01
      vertex   5.308740e-01 -1.112709e+01 -2.540000e-01
      vertex   6.810135e-01 -1.276356e+01 -2.540000e-01
    endloop
  endfacet
  facet normal 0.000000e+00 0.000000e+00 -1.000000e+00
    outer loop
      vertex   6.810135e-01 -1.276356e+01 -2.540000e-01
      vertex   5.308740e-01 -1.112709e+01 -2.540000e-01
      vertex   6.810135e-01 -1.098544e+01 -2.540000e-01
    endloop
  endfacet
  facet normal 0.000000e+00 0.000000e+00 -1.000000e+00
    outer loop
      vertex   6.810135e-01 -1.276356e+01 -2.540000e-01
      vertex   6.810135e-01 -1.098544e+01 -2.540000e-01
      vertex   7.944394e-01 -1.293602e+01 -2.540000e-01
    endloop
  endfacet
  facet normal 0.000000e+00 0.000000e+00 -1.000000e+00
    outer loop
      vertex   7.944394e-01 -1.293602e+01 -2.540000e-01
      vertex   6.810135e-01 -1.098544e+01 -2.540000e-01
      vertex   7.944394e-01 -1.081298e+01 -2.540000e-01
    endloop
  endfacet
  facet normal 0.000000e+00 0.000000e+00 -1.000000e+00
    outer loop
      vertex   7.944394e-01 -1.293602e+01 -2.540000e-01
      vertex   7.944394e-01 -1.081298e+01 -2.540000e-01
      vertex   8.650369e-01 -1.312998e+01 -2.540000e-01
    endloop
  endfacet
  facet normal 0.000000e+00 0.000000e+00 -1.000000e+00
    outer loop
      vertex   8.650369e-01 -1.312998e+01 -2.540000e-01
      vertex   7.944394e-01 -1.081298e+01 -2.540000e-01
      vertex   8.650369e-01 -1.061902e+01 -2.540000e-01
    endloop
  endfacet
  facet normal 0.000000e+00 0.000000e+00 -1.000000e+00
    outer loop
      vertex   8.650369e-01 -1.312998e+01 -2.540000e-01
      vertex   8.650369e-01 -1.061902e+01 -2.540000e-01
      vertex   3.810000e+00 -9.080500e+00 -2.540000e-01
    endloop
  endfacet
  facet normal 0.000000e+00 0.000000e+00 -1.000000e+00
    outer loop
      vertex   3.810000e+00 -9.080500e+00 -2.540000e-01
      vertex   8.650369e-01 -1.061902e+01 -2.540000e-01
      vertex   8.890000e-01 -1.041400e+01 -2.540000e-01
    endloop
  endfacet
  facet normal 0.000000e+00 -0.000000e+00 -1.000000e+00
    outer loop
      vertex   -1.949944e+00 1.708686e+01 -2.540000e-01
      vertex   -1.143000e+00 1.625600e+01 -2.540000e-01
      vertex   -2.042480e+00 1.678790e+01 -2.540000e-01
    endloop
  endfacet
  facet normal 0.000000e+00 0.000000e+00 -1.000000e+00
    outer loop
      vertex   -2.042480e+00 1.678790e+01 -2.540000e-01
      vertex   -1.143000e+00 1.625600e+01 -2.540000e-01
      vertex   -1.118023e+00 1.601836e+01 -2.540000e-01
    endloop
  endfacet
  facet normal 0.000000e+00 0.000000e+00 -1.000000e+00
    outer loop
      vertex   -2.042480e+00 1.678790e+01 -2.540000e-01
      vertex   -1.118023e+00 1.601836e+01 -2.540000e-01
      vertex   -1.044182e+00 1.579110e+01 -2.540000e-01
    endloop
  endfacet
  facet normal 0.000000e+00 0.000000e+00 -1.000000e+00
    outer loop
      vertex   -1.949944e+00 1.708686e+01 -2.540000e-01
      vertex   -1.813916e+00 1.736870e+01 -2.540000e-01
      vertex   -1.143000e+00 1.625600e+01 -2.540000e-01
    endloop
  endfacet
  facet normal 0.000000e+00 0.000000e+00 -1.000000e+00
    outer loop
      vertex   -1.143000e+00 1.625600e+01 -2.540000e-01
      vertex   -1.813916e+00 1.736870e+01 -2.540000e-01
      vertex   -1.637430e+00 1.762715e+01 -2.540000e-01
    endloop
  endfacet
  facet normal 0.000000e+00 0.000000e+00 -1.000000e+00
    outer loop
      vertex   -1.143000e+00 1.625600e+01 -2.540000e-01
      vertex   -1.637430e+00 1.762715e+01 -2.540000e-01
      vertex   -1.118023e+00 1.649364e+01 -2.540000e-01
    endloop
  endfacet
  facet normal 0.000000e+00 0.000000e+00 -1.000000e+00
    outer loop
      vertex   -1.118023e+00 1.649364e+01 -2.540000e-01
      vertex   -1.637430e+00 1.762715e+01 -2.540000e-01
      vertex   -1.424422e+00 1.785643e+01 -2.540000e-01
    endloop
  endfacet
  facet normal 0.000000e+00 0.000000e+00 -1.000000e+00
    outer loop
      vertex   -1.118023e+00 1.649364e+01 -2.540000e-01
      vertex   -1.424422e+00 1.785643e+01 -2.540000e-01
      vertex   -1.044182e+00 1.672090e+01 -2.540000e-01
    endloop
  endfacet
  facet normal 0.000000e+00 0.000000e+00 -1.000000e+00
    outer loop
      vertex   -1.044182e+00 1.672090e+01 -2.540000e-01
      vertex   -1.424422e+00 1.785643e+01 -2.540000e-01
      vertex   -1.179644e+00 1.805142e+01 -2.540000e-01
    endloop
  endfacet
  facet normal 0.000000e+00 0.000000e+00 -1.000000e+00
    outer loop
      vertex   -1.044182e+00 1.672090e+01 -2.540000e-01
      vertex   -1.179644e+00 1.805142e+01 -2.540000e-01
      vertex   -9.247064e-01 1.692784e+01 -2.540000e-01
    endloop
  endfacet
  facet normal 0.000000e+00 0.000000e+00 -1.000000e+00
    outer loop
      vertex   -9.247064e-01 1.692784e+01 -2.540000e-01
      vertex   -1.179644e+00 1.805142e+01 -2.540000e-01
      vertex   -9.085549e-01 1.820779e+01 -2.540000e-01
    endloop
  endfacet
  facet normal 0.000000e+00 0.000000e+00 -1.000000e+00
    outer loop
      vertex   -9.247064e-01 1.692784e+01 -2.540000e-01
      vertex   -9.085549e-01 1.820779e+01 -2.540000e-01
      vertex   -7.648163e-01 1.710541e+01 -2.540000e-01
    endloop
  endfacet
  facet normal 0.000000e+00 0.000000e+00 -1.000000e+00
    outer loop
      vertex   -7.648163e-01 1.710541e+01 -2.540000e-01
      vertex   -9.085549e-01 1.820779e+01 -2.540000e-01
      vertex   -5.715000e-01 1.724587e+01 -2.540000e-01
    endloop
  endfacet
  facet normal 0.000000e+00 0.000000e+00 -1.000000e+00
    outer loop
      vertex   -5.715000e-01 1.724587e+01 -2.540000e-01
      vertex   -9.085549e-01 1.820779e+01 -2.540000e-01
      vertex   -6.172010e-01 1.832204e+01 -2.540000e-01
    endloop
  endfacet
  facet normal 0.000000e+00 0.000000e+00 -1.000000e+00
    outer loop
      vertex   -5.715000e-01 1.724587e+01 -2.540000e-01
      vertex   -6.172010e-01 1.832204e+01 -2.540000e-01
      vertex   -3.532064e-01 1.734306e+01 -2.540000e-01
    endloop
  endfacet
  facet normal 0.000000e+00 0.000000e+00 -1.000000e+00
    outer loop
      vertex   -3.532064e-01 1.734306e+01 -2.540000e-01
      vertex   -6.172010e-01 1.832204e+01 -2.540000e-01
      vertex   -3.120808e-01 1.839163e+01 -2.540000e-01
    endloop
  endfacet
  facet normal 0.000000e+00 0.000000e+00 -1.000000e+00
    outer loop
      vertex   -3.532064e-01 1.734306e+01 -2.540000e-01
      vertex   -3.120808e-01 1.839163e+01 -2.540000e-01
      vertex   -1.194760e-01 1.739274e+01 -2.540000e-01
    endloop
  endfacet
  facet normal 0.000000e+00 0.000000e+00 -1.000000e+00
    outer loop
      vertex   -1.194760e-01 1.739274e+01 -2.540000e-01
      vertex   -3.120808e-01 1.839163e+01 -2.540000e-01
      vertex   1.239495e-12 1.841500e+01 -2.540000e-01
    endloop
  endfacet
  facet normal 0.000000e+00 0.000000e+00 -1.000000e+00
    outer loop
      vertex   -1.194760e-01 1.739274e+01 -2.540000e-01
      vertex   1.239495e-12 1.841500e+01 -2.540000e-01
      vertex   1.194760e-01 1.739274e+01 -2.540000e-01
    endloop
  endfacet
  facet normal 0.000000e+00 0.000000e+00 -1.000000e+00
    outer loop
      vertex   1.194760e-01 1.739274e+01 -2.540000e-01
      vertex   1.239495e-12 1.841500e+01 -2.540000e-01
      vertex   3.120808e-01 1.839163e+01 -2.540000e-01
    endloop
  endfacet
  facet normal 0.000000e+00 0.000000e+00 -1.000000e+00
    outer loop
      vertex   1.194760e-01 1.739274e+01 -2.540000e-01
      vertex   3.120808e-01 1.839163e+01 -2.540000e-01
      vertex   3.532064e-01 1.734306e+01 -2.540000e-01
    endloop
  endfacet
  facet normal 0.000000e+00 0.000000e+00 -1.000000e+00
    outer loop
      vertex   3.532064e-01 1.734306e+01 -2.540000e-01
      vertex   3.120808e-01 1.839163e+01 -2.540000e-01
      vertex   6.172010e-01 1.832204e+01 -2.540000e-01
    endloop
  endfacet
  facet normal 0.000000e+00 0.000000e+00 -1.000000e+00
    outer loop
      vertex   3.532064e-01 1.734306e+01 -2.540000e-01
      vertex   6.172010e-01 1.832204e+01 -2.540000e-01
      vertex   5.715000e-01 1.724587e+01 -2.540000e-01
    endloop
  endfacet
  facet normal 0.000000e+00 0.000000e+00 -1.000000e+00
    outer loop
      vertex   5.715000e-01 1.724587e+01 -2.540000e-01
      vertex   6.172010e-01 1.832204e+01 -2.540000e-01
      vertex   9.085549e-01 1.820779e+01 -2.540000e-01
    endloop
  endfacet
  facet normal 0.000000e+00 0.000000e+00 -1.000000e+00
    outer loop
      vertex   5.715000e-01 1.724587e+01 -2.540000e-01
      vertex   9.085549e-01 1.820779e+01 -2.540000e-01
      vertex   7.648163e-01 1.710541e+01 -2.540000e-01
    endloop
  endfacet
  facet normal 0.000000e+00 0.000000e+00 -1.000000e+00
    outer loop
      vertex   7.648163e-01 1.710541e+01 -2.540000e-01
      vertex   9.085549e-01 1.820779e+01 -2.540000e-01
      vertex   9.247064e-01 1.692784e+01 -2.540000e-01
    endloop
  endfacet
  facet normal 0.000000e+00 0.000000e+00 -1.000000e+00
    outer loop
      vertex   9.247064e-01 1.692784e+01 -2.540000e-01
      vertex   9.085549e-01 1.820779e+01 -2.540000e-01
      vertex   1.179644e+00 1.805142e+01 -2.540000e-01
    endloop
  endfacet
  facet normal 0.000000e+00 0.000000e+00 -1.000000e+00
    outer loop
      vertex   9.247064e-01 1.692784e+01 -2.540000e-01
      vertex   1.179644e+00 1.805142e+01 -2.540000e-01
      vertex   1.044182e+00 1.672090e+01 -2.540000e-01
    endloop
  endfacet
  facet normal 0.000000e+00 0.000000e+00 -1.000000e+00
    outer loop
      vertex   1.044182e+00 1.672090e+01 -2.540000e-01
      vertex   1.179644e+00 1.805142e+01 -2.540000e-01
      vertex   1.424422e+00 1.785643e+01 -2.540000e-01
    endloop
  endfacet
  facet normal 0.000000e+00 0.000000e+00 -1.000000e+00
    outer loop
      vertex   1.044182e+00 1.672090e+01 -2.540000e-01
      vertex   1.424422e+00 1.785643e+01 -2.540000e-01
      vertex   1.118023e+00 1.649364e+01 -2.540000e-01
    endloop
  endfacet
  facet normal 0.000000e+00 0.000000e+00 -1.000000e+00
    outer loop
      vertex   1.118023e+00 1.649364e+01 -2.540000e-01
      vertex   1.424422e+00 1.785643e+01 -2.540000e-01
      vertex   1.637430e+00 1.762715e+01 -2.540000e-01
    endloop
  endfacet
  facet normal 0.000000e+00 0.000000e+00 -1.000000e+00
    outer loop
      vertex   1.118023e+00 1.649364e+01 -2.540000e-01
      vertex   1.637430e+00 1.762715e+01 -2.540000e-01
      vertex   1.143000e+00 1.625600e+01 -2.540000e-01
    endloop
  endfacet
  facet normal 0.000000e+00 0.000000e+00 -1.000000e+00
    outer loop
      vertex   1.143000e+00 1.625600e+01 -2.540000e-01
      vertex   1.637430e+00 1.762715e+01 -2.540000e-01
      vertex   1.813916e+00 1.736870e+01 -2.540000e-01
    endloop
  endfacet
  facet normal 0.000000e+00 0.000000e+00 -1.000000e+00
    outer loop
      vertex   1.143000e+00 1.625600e+01 -2.540000e-01
      vertex   1.813916e+00 1.736870e+01 -2.540000e-01
      vertex   1.949944e+00 1.708686e+01 -2.540000e-01
    endloop
  endfacet
  facet normal 0.000000e+00 -0.000000e+00 -1.000000e+00
    outer loop
      vertex   1.949944e+00 1.708686e+01 -2.540000e-01
      vertex   2.042480e+00 1.678790e+01 -2.540000e-01
      vertex   1.143000e+00 1.625600e+01 -2.540000e-01
    endloop
  endfacet
  facet normal 0.000000e+00 -0.000000e+00 -1.000000e+00
    outer loop
      vertex   1.143000e+00 1.625600e+01 -2.540000e-01
      vertex   2.042480e+00 1.678790e+01 -2.540000e-01
      vertex   1.118023e+00 1.601836e+01 -2.540000e-01
    endloop
  endfacet
  facet normal 0.000000e+00 -0.000000e+00 -1.000000e+00
    outer loop
      vertex   1.118023e+00 1.601836e+01 -2.540000e-01
      vertex   2.042480e+00 1.678790e+01 -2.540000e-01
      vertex   1.044182e+00 1.579110e+01 -2.540000e-01
    endloop
  endfacet
  facet normal 0.000000e+00 0.000000e+00 -1.000000e+00
    outer loop
      vertex   8.650369e-01 -1.312998e+01 -2.540000e-01
      vertex   3.810000e+00 -9.080500e+00 -2.540000e-01
      vertex   8.890000e-01 -1.333500e+01 -2.540000e-01
    endloop
  endfacet
  facet normal 0.000000e+00 0.000000e+00 -1.000000e+00
    outer loop
      vertex   8.890000e-01 -1.333500e+01 -2.540000e-01
      vertex   3.810000e+00 -9.080500e+00 -2.540000e-01
      vertex   2.042480e+00 -1.678790e+01 -2.540000e-01
    endloop
  endfacet
  facet normal 0.000000e+00 0.000000e+00 -1.000000e+00
    outer loop
      vertex   8.890000e-01 -1.333500e+01 -2.540000e-01
      vertex   2.042480e+00 -1.678790e+01 -2.540000e-01
      vertex   1.044182e+00 -1.579110e+01 -2.540000e-01
    endloop
  endfacet
  facet normal 0.000000e+00 0.000000e+00 -1.000000e+00
    outer loop
      vertex   1.044182e+00 -1.579110e+01 -2.540000e-01
      vertex   2.042480e+00 -1.678790e+01 -2.540000e-01
      vertex   1.118023e+00 -1.601836e+01 -2.540000e-01
    endloop
  endfacet
  facet normal 0.000000e+00 0.000000e+00 -1.000000e+00
    outer loop
      vertex   1.118023e+00 -1.601836e+01 -2.540000e-01
      vertex   2.042480e+00 -1.678790e+01 -2.540000e-01
      vertex   1.143000e+00 -1.625600e+01 -2.540000e-01
    endloop
  endfacet
  facet normal 0.000000e+00 0.000000e+00 -1.000000e+00
    outer loop
      vertex   1.143000e+00 -1.625600e+01 -2.540000e-01
      vertex   2.042480e+00 -1.678790e+01 -2.540000e-01
      vertex   1.949944e+00 -1.708686e+01 -2.540000e-01
    endloop
  endfacet
  facet normal 0.000000e+00 0.000000e+00 -1.000000e+00
    outer loop
      vertex   1.143000e+00 -1.625600e+01 -2.540000e-01
      vertex   1.949944e+00 -1.708686e+01 -2.540000e-01
      vertex   1.813916e+00 -1.736870e+01 -2.540000e-01
    endloop
  endfacet
  facet normal -0.000000e+00 0.000000e+00 -1.000000e+00
    outer loop
      vertex   1.813916e+00 -1.736870e+01 -2.540000e-01
      vertex   1.637430e+00 -1.762715e+01 -2.540000e-01
      vertex   1.143000e+00 -1.625600e+01 -2.540000e-01
    endloop
  endfacet
  facet normal 0.000000e+00 -0.000000e+00 -1.000000e+00
    outer loop
      vertex   1.143000e+00 -1.625600e+01 -2.540000e-01
      vertex   1.637430e+00 -1.762715e+01 -2.540000e-01
      vertex   1.118023e+00 -1.649364e+01 -2.540000e-01
    endloop
  endfacet
  facet normal 0.000000e+00 0.000000e+00 -1.000000e+00
    outer loop
      vertex   1.118023e+00 -1.649364e+01 -2.540000e-01
      vertex   1.637430e+00 -1.762715e+01 -2.540000e-01
      vertex   1.424422e+00 -1.785643e+01 -2.540000e-01
    endloop
  endfacet
  facet normal 0.000000e+00 -0.000000e+00 -1.000000e+00
    outer loop
      vertex   1.118023e+00 -1.649364e+01 -2.540000e-01
      vertex   1.424422e+00 -1.785643e+01 -2.540000e-01
      vertex   1.044182e+00 -1.672090e+01 -2.540000e-01
    endloop
  endfacet
  facet normal 0.000000e+00 0.000000e+00 -1.000000e+00
    outer loop
      vertex   1.044182e+00 -1.672090e+01 -2.540000e-01
      vertex   1.424422e+00 -1.785643e+01 -2.540000e-01
      vertex   1.179644e+00 -1.805142e+01 -2.540000e-01
    endloop
  endfacet
  facet normal 0.000000e+00 -0.000000e+00 -1.000000e+00
    outer loop
      vertex   1.044182e+00 -1.672090e+01 -2.540000e-01
      vertex   1.179644e+00 -1.805142e+01 -2.540000e-01
      vertex   9.247064e-01 -1.692784e+01 -2.540000e-01
    endloop
  endfacet
  facet normal 0.000000e+00 -0.000000e+00 -1.000000e+00
    outer loop
      vertex   9.247064e-01 -1.692784e+01 -2.540000e-01
      vertex   1.179644e+00 -1.805142e+01 -2.540000e-01
      vertex   9.085549e-01 -1.820779e+01 -2.540000e-01
    endloop
  endfacet
  facet normal 0.000000e+00 0.000000e+00 -1.000000e+00
    outer loop
      vertex   9.247064e-01 -1.692784e+01 -2.540000e-01
      vertex   9.085549e-01 -1.820779e+01 -2.540000e-01
      vertex   7.648163e-01 -1.710541e+01 -2.540000e-01
    endloop
  endfacet
  facet normal 0.000000e+00 -0.000000e+00 -1.000000e+00
    outer loop
      vertex   7.648163e-01 -1.710541e+01 -2.540000e-01
      vertex   9.085549e-01 -1.820779e+01 -2.540000e-01
      vertex   5.715000e-01 -1.724587e+01 -2.540000e-01
    endloop
  endfacet
  facet normal 0.000000e+00 0.000000e+00 -1.000000e+00
    outer loop
      vertex   5.715000e-01 -1.724587e+01 -2.540000e-01
      vertex   9.085549e-01 -1.820779e+01 -2.540000e-01
      vertex   6.172010e-01 -1.832204e+01 -2.540000e-01
    endloop
  endfacet
  facet normal 0.000000e+00 -0.000000e+00 -1.000000e+00
    outer loop
      vertex   5.715000e-01 -1.724587e+01 -2.540000e-01
      vertex   6.172010e-01 -1.832204e+01 -2.540000e-01
      vertex   3.532064e-01 -1.734306e+01 -2.540000e-01
    endloop
  endfacet
  facet normal 0.000000e+00 -0.000000e+00 -1.000000e+00
    outer loop
      vertex   3.532064e-01 -1.734306e+01 -2.540000e-01
      vertex   6.172010e-01 -1.832204e+01 -2.540000e-01
      vertex   3.120808e-01 -1.839163e+01 -2.540000e-01
    endloop
  endfacet
  facet normal 0.000000e+00 0.000000e+00 -1.000000e+00
    outer loop
      vertex   3.532064e-01 -1.734306e+01 -2.540000e-01
      vertex   3.120808e-01 -1.839163e+01 -2.540000e-01
      vertex   1.194760e-01 -1.739274e+01 -2.540000e-01
    endloop
  endfacet
  facet normal 0.000000e+00 -0.000000e+00 -1.000000e+00
    outer loop
      vertex   1.194760e-01 -1.739274e+01 -2.540000e-01
      vertex   3.120808e-01 -1.839163e+01 -2.540000e-01
      vertex   7.260165e-13 -1.841500e+01 -2.540000e-01
    endloop
  endfacet
  facet normal -0.000000e+00 0.000000e+00 -1.000000e+00
    outer loop
      vertex   1.194760e-01 -1.739274e+01 -2.540000e-01
      vertex   7.260165e-13 -1.841500e+01 -2.540000e-01
      vertex   -1.194760e-01 -1.739274e+01 -2.540000e-01
    endloop
  endfacet
  facet normal 0.000000e+00 -0.000000e+00 -1.000000e+00
    outer loop
      vertex   -1.194760e-01 -1.739274e+01 -2.540000e-01
      vertex   7.260165e-13 -1.841500e+01 -2.540000e-01
      vertex   -3.120808e-01 -1.839163e+01 -2.540000e-01
    endloop
  endfacet
  facet normal -0.000000e+00 0.000000e+00 -1.000000e+00
    outer loop
      vertex   -1.194760e-01 -1.739274e+01 -2.540000e-01
      vertex   -3.120808e-01 -1.839163e+01 -2.540000e-01
      vertex   -3.532064e-01 -1.734306e+01 -2.540000e-01
    endloop
  endfacet
  facet normal 0.000000e+00 -0.000000e+00 -1.000000e+00
    outer loop
      vertex   -3.532064e-01 -1.734306e+01 -2.540000e-01
      vertex   -3.120808e-01 -1.839163e+01 -2.540000e-01
      vertex   -6.172010e-01 -1.832204e+01 -2.540000e-01
    endloop
  endfacet
  facet normal -0.000000e+00 0.000000e+00 -1.000000e+00
    outer loop
      vertex   -3.532064e-01 -1.734306e+01 -2.540000e-01
      vertex   -6.172010e-01 -1.832204e+01 -2.540000e-01
      vertex   -5.715000e-01 -1.724587e+01 -2.540000e-01
    endloop
  endfacet
  facet normal 0.000000e+00 0.000000e+00 -1.000000e+00
    outer loop
      vertex   -5.715000e-01 -1.724587e+01 -2.540000e-01
      vertex   -6.172010e-01 -1.832204e+01 -2.540000e-01
      vertex   -9.085549e-01 -1.820779e+01 -2.540000e-01
    endloop
  endfacet
  facet normal -0.000000e+00 0.000000e+00 -1.000000e+00
    outer loop
      vertex   -5.715000e-01 -1.724587e+01 -2.540000e-01
      vertex   -9.085549e-01 -1.820779e+01 -2.540000e-01
      vertex   -7.648163e-01 -1.710541e+01 -2.540000e-01
    endloop
  endfacet
  facet normal -0.000000e+00 0.000000e+00 -1.000000e+00
    outer loop
      vertex   -7.648163e-01 -1.710541e+01 -2.540000e-01
      vertex   -9.085549e-01 -1.820779e+01 -2.540000e-01
      vertex   -9.247064e-01 -1.692784e+01 -2.540000e-01
    endloop
  endfacet
  facet normal 0.000000e+00 -0.000000e+00 -1.000000e+00
    outer loop
      vertex   -9.247064e-01 -1.692784e+01 -2.540000e-01
      vertex   -9.085549e-01 -1.820779e+01 -2.540000e-01
      vertex   -1.179644e+00 -1.805142e+01 -2.540000e-01
    endloop
  endfacet
  facet normal -0.000000e+00 0.000000e+00 -1.000000e+00
    outer loop
      vertex   -9.247064e-01 -1.692784e+01 -2.540000e-01
      vertex   -1.179644e+00 -1.805142e+01 -2.540000e-01
      vertex   -1.044182e+00 -1.672090e+01 -2.540000e-01
    endloop
  endfacet
  facet normal 0.000000e+00 0.000000e+00 -1.000000e+00
    outer loop
      vertex   -1.044182e+00 -1.672090e+01 -2.540000e-01
      vertex   -1.179644e+00 -1.805142e+01 -2.540000e-01
      vertex   -1.424422e+00 -1.785643e+01 -2.540000e-01
    endloop
  endfacet
  facet normal -0.000000e+00 0.000000e+00 -1.000000e+00
    outer loop
      vertex   -1.044182e+00 -1.672090e+01 -2.540000e-01
      vertex   -1.424422e+00 -1.785643e+01 -2.540000e-01
      vertex   -1.118023e+00 -1.649364e+01 -2.540000e-01
    endloop
  endfacet
  facet normal 0.000000e+00 0.000000e+00 -1.000000e+00
    outer loop
      vertex   -1.118023e+00 -1.649364e+01 -2.540000e-01
      vertex   -1.424422e+00 -1.785643e+01 -2.540000e-01
      vertex   -1.637430e+00 -1.762715e+01 -2.540000e-01
    endloop
  endfacet
  facet normal -0.000000e+00 0.000000e+00 -1.000000e+00
    outer loop
      vertex   -1.118023e+00 -1.649364e+01 -2.540000e-01
      vertex   -1.637430e+00 -1.762715e+01 -2.540000e-01
      vertex   -1.143000e+00 -1.625600e+01 -2.540000e-01
    endloop
  endfacet
  facet normal 0.000000e+00 0.000000e+00 -1.000000e+00
    outer loop
      vertex   -1.143000e+00 -1.625600e+01 -2.540000e-01
      vertex   -1.637430e+00 -1.762715e+01 -2.540000e-01
      vertex   -1.813916e+00 -1.736870e+01 -2.540000e-01
    endloop
  endfacet
  facet normal 0.000000e+00 0.000000e+00 -1.000000e+00
    outer loop
      vertex   -1.143000e+00 -1.625600e+01 -2.540000e-01
      vertex   -1.813916e+00 -1.736870e+01 -2.540000e-01
      vertex   -1.949944e+00 -1.708686e+01 -2.540000e-01
    endloop
  endfacet
  facet normal 0.000000e+00 0.000000e+00 -1.000000e+00
    outer loop
      vertex   -1.949944e+00 -1.708686e+01 -2.540000e-01
      vertex   -2.042480e+00 -1.678790e+01 -2.540000e-01
      vertex   -1.143000e+00 -1.625600e+01 -2.540000e-01
    endloop
  endfacet
  facet normal -0.000000e+00 0.000000e+00 -1.000000e+00
    outer loop
      vertex   -1.143000e+00 -1.625600e+01 -2.540000e-01
      vertex   -2.042480e+00 -1.678790e+01 -2.540000e-01
      vertex   -1.118023e+00 -1.601836e+01 -2.540000e-01
    endloop
  endfacet
  facet normal -0.000000e+00 0.000000e+00 -1.000000e+00
    outer loop
      vertex   -1.118023e+00 -1.601836e+01 -2.540000e-01
      vertex   -2.042480e+00 -1.678790e+01 -2.540000e-01
      vertex   -1.044182e+00 -1.579110e+01 -2.540000e-01
    endloop
  endfacet
  facet normal -0.000000e+00 0.000000e+00 -1.000000e+00
    outer loop
      vertex   -1.044182e+00 -1.579110e+01 -2.540000e-01
      vertex   -2.042480e+00 -1.678790e+01 -2.540000e-01
      vertex   -8.829889e-01 -1.343821e+01 -2.540000e-01
    endloop
  endfacet
  facet normal 0.000000e+00 0.000000e+00 -1.000000e+00
    outer loop
      vertex   -1.044182e+00 -1.579110e+01 -2.540000e-01
      vertex   -8.829889e-01 -1.343821e+01 -2.540000e-01
      vertex   -8.353867e-01 -1.363906e+01 -2.540000e-01
    endloop
  endfacet
  facet normal -0.000000e+00 0.000000e+00 -1.000000e+00
    outer loop
      vertex   -8.829889e-01 -1.343821e+01 -2.540000e-01
      vertex   -2.042480e+00 -1.678790e+01 -2.540000e-01
      vertex   -8.829889e-01 -1.323179e+01 -2.540000e-01
    endloop
  endfacet
  facet normal -0.000000e+00 0.000000e+00 -1.000000e+00
    outer loop
      vertex   -8.829889e-01 -1.323179e+01 -2.540000e-01
      vertex   -2.042480e+00 -1.678790e+01 -2.540000e-01
      vertex   -3.810000e+00 -9.080500e+00 -2.540000e-01
    endloop
  endfacet
  facet normal 0.000000e+00 0.000000e+00 -1.000000e+00
    outer loop
      vertex   -1.044182e+00 -1.579110e+01 -2.540000e-01
      vertex   -8.353867e-01 -1.363906e+01 -2.540000e-01
      vertex   -9.247064e-01 -1.558416e+01 -2.540000e-01
    endloop
  endfacet
  facet normal 0.000000e+00 0.000000e+00 -1.000000e+00
    outer loop
      vertex   -9.247064e-01 -1.558416e+01 -2.540000e-01
      vertex   -8.353867e-01 -1.363906e+01 -2.540000e-01
      vertex   -7.427487e-01 -1.382351e+01 -2.540000e-01
    endloop
  endfacet
  facet normal 0.000000e+00 0.000000e+00 -1.000000e+00
    outer loop
      vertex   -9.247064e-01 -1.558416e+01 -2.540000e-01
      vertex   -7.427487e-01 -1.382351e+01 -2.540000e-01
      vertex   -7.648163e-01 -1.540659e+01 -2.540000e-01
    endloop
  endfacet
  facet normal 0.000000e+00 0.000000e+00 -1.000000e+00
    outer loop
      vertex   -7.648163e-01 -1.540659e+01 -2.540000e-01
      vertex   -7.427487e-01 -1.382351e+01 -2.540000e-01
      vertex   -6.100688e-01 -1.398164e+01 -2.540000e-01
    endloop
  endfacet
  facet normal 0.000000e+00 0.000000e+00 -1.000000e+00
    outer loop
      vertex   -7.648163e-01 -1.540659e+01 -2.540000e-01
      vertex   -6.100688e-01 -1.398164e+01 -2.540000e-01
      vertex   -5.715000e-01 -1.526613e+01 -2.540000e-01
    endloop
  endfacet
  facet normal 0.000000e+00 0.000000e+00 -1.000000e+00
    outer loop
      vertex   -5.715000e-01 -1.526613e+01 -2.540000e-01
      vertex   -6.100688e-01 -1.398164e+01 -2.540000e-01
      vertex   -4.445000e-01 -1.410490e+01 -2.540000e-01
    endloop
  endfacet
  facet normal 0.000000e+00 0.000000e+00 -1.000000e+00
    outer loop
      vertex   -5.715000e-01 -1.526613e+01 -2.540000e-01
      vertex   -4.445000e-01 -1.410490e+01 -2.540000e-01
      vertex   -3.532064e-01 -1.516894e+01 -2.540000e-01
    endloop
  endfacet
  facet normal 0.000000e+00 0.000000e+00 -1.000000e+00
    outer loop
      vertex   -3.532064e-01 -1.516894e+01 -2.540000e-01
      vertex   -4.445000e-01 -1.410490e+01 -2.540000e-01
      vertex   -2.549681e-01 -1.418665e+01 -2.540000e-01
    endloop
  endfacet
  facet normal 0.000000e+00 0.000000e+00 -1.000000e+00
    outer loop
      vertex   -3.532064e-01 -1.516894e+01 -2.540000e-01
      vertex   -2.549681e-01 -1.418665e+01 -2.540000e-01
      vertex   -1.194760e-01 -1.511926e+01 -2.540000e-01
    endloop
  endfacet
  facet normal 0.000000e+00 0.000000e+00 -1.000000e+00
    outer loop
      vertex   -1.194760e-01 -1.511926e+01 -2.540000e-01
      vertex   -2.549681e-01 -1.418665e+01 -2.540000e-01
      vertex   -5.169075e-02 -1.422250e+01 -2.540000e-01
    endloop
  endfacet
  facet normal 0.000000e+00 0.000000e+00 -1.000000e+00
    outer loop
      vertex   -1.194760e-01 -1.511926e+01 -2.540000e-01
      vertex   -5.169075e-02 -1.422250e+01 -2.540000e-01
      vertex   1.194760e-01 -1.511926e+01 -2.540000e-01
    endloop
  endfacet
  facet normal 0.000000e+00 0.000000e+00 -1.000000e+00
    outer loop
      vertex   1.194760e-01 -1.511926e+01 -2.540000e-01
      vertex   -5.169075e-02 -1.422250e+01 -2.540000e-01
      vertex   1.543732e-01 -1.421049e+01 -2.540000e-01
    endloop
  endfacet
  facet normal 0.000000e+00 0.000000e+00 -1.000000e+00
    outer loop
      vertex   1.194760e-01 -1.511926e+01 -2.540000e-01
      vertex   1.543732e-01 -1.421049e+01 -2.540000e-01
      vertex   3.532064e-01 -1.516894e+01 -2.540000e-01
    endloop
  endfacet
  facet normal 0.000000e+00 0.000000e+00 -1.000000e+00
    outer loop
      vertex   3.532064e-01 -1.516894e+01 -2.540000e-01
      vertex   1.543732e-01 -1.421049e+01 -2.540000e-01
      vertex   3.521149e-01 -1.415129e+01 -2.540000e-01
    endloop
  endfacet
  facet normal 0.000000e+00 0.000000e+00 -1.000000e+00
    outer loop
      vertex   3.532064e-01 -1.516894e+01 -2.540000e-01
      vertex   3.521149e-01 -1.415129e+01 -2.540000e-01
      vertex   5.715000e-01 -1.526613e+01 -2.540000e-01
    endloop
  endfacet
  facet normal 0.000000e+00 0.000000e+00 -1.000000e+00
    outer loop
      vertex   5.715000e-01 -1.526613e+01 -2.540000e-01
      vertex   3.521149e-01 -1.415129e+01 -2.540000e-01
      vertex   5.308740e-01 -1.404809e+01 -2.540000e-01
    endloop
  endfacet
  facet normal 0.000000e+00 0.000000e+00 -1.000000e+00
    outer loop
      vertex   5.715000e-01 -1.526613e+01 -2.540000e-01
      vertex   5.308740e-01 -1.404809e+01 -2.540000e-01
      vertex   6.810135e-01 -1.390644e+01 -2.540000e-01
    endloop
  endfacet
  facet normal 0.000000e+00 0.000000e+00 -1.000000e+00
    outer loop
      vertex   5.715000e-01 -1.526613e+01 -2.540000e-01
      vertex   6.810135e-01 -1.390644e+01 -2.540000e-01
      vertex   7.648163e-01 -1.540659e+01 -2.540000e-01
    endloop
  endfacet
  facet normal 0.000000e+00 0.000000e+00 -1.000000e+00
    outer loop
      vertex   7.648163e-01 -1.540659e+01 -2.540000e-01
      vertex   6.810135e-01 -1.390644e+01 -2.540000e-01
      vertex   7.944394e-01 -1.373398e+01 -2.540000e-01
    endloop
  endfacet
  facet normal 0.000000e+00 0.000000e+00 -1.000000e+00
    outer loop
      vertex   7.648163e-01 -1.540659e+01 -2.540000e-01
      vertex   7.944394e-01 -1.373398e+01 -2.540000e-01
      vertex   9.247064e-01 -1.558416e+01 -2.540000e-01
    endloop
  endfacet
  facet normal 0.000000e+00 0.000000e+00 -1.000000e+00
    outer loop
      vertex   9.247064e-01 -1.558416e+01 -2.540000e-01
      vertex   7.944394e-01 -1.373398e+01 -2.540000e-01
      vertex   8.650369e-01 -1.354002e+01 -2.540000e-01
    endloop
  endfacet
  facet normal 0.000000e+00 0.000000e+00 -1.000000e+00
    outer loop
      vertex   9.247064e-01 -1.558416e+01 -2.540000e-01
      vertex   8.650369e-01 -1.354002e+01 -2.540000e-01
      vertex   1.044182e+00 -1.579110e+01 -2.540000e-01
    endloop
  endfacet
  facet normal 0.000000e+00 0.000000e+00 -1.000000e+00
    outer loop
      vertex   1.044182e+00 -1.579110e+01 -2.540000e-01
      vertex   8.650369e-01 -1.354002e+01 -2.540000e-01
      vertex   8.890000e-01 -1.333500e+01 -2.540000e-01
    endloop
  endfacet
  facet normal -9.969173e-01 7.845910e-02 0.000000e+00
    outer loop
      vertex   2.044614e+00 -3.238350e-01 7.620000e+00
      vertex   2.044614e+00 -3.238350e-01 9.906000e+00
      vertex   2.070100e+00 2.535141e-16 7.620000e+00
    endloop
  endfacet
  facet normal -9.969173e-01 7.845910e-02 0.000000e+00
    outer loop
      vertex   2.070100e+00 2.535141e-16 7.620000e+00
      vertex   2.044614e+00 -3.238350e-01 9.906000e+00
      vertex   2.070100e+00 2.535141e-16 9.906000e+00
    endloop
  endfacet
  facet normal -9.969173e-01 -7.845910e-02 0.000000e+00
    outer loop
      vertex   2.070100e+00 2.535141e-16 7.620000e+00
      vertex   2.070100e+00 2.535141e-16 9.906000e+00
      vertex   2.044614e+00 3.238350e-01 7.620000e+00
    endloop
  endfacet
  facet normal -9.969173e-01 -7.845910e-02 0.000000e+00
    outer loop
      vertex   2.044614e+00 3.238350e-01 7.620000e+00
      vertex   2.070100e+00 2.535141e-16 9.906000e+00
      vertex   2.044614e+00 3.238350e-01 9.906000e+00
    endloop
  endfacet
  facet normal -9.723699e-01 -2.334454e-01 0.000000e+00
    outer loop
      vertex   2.044614e+00 3.238350e-01 7.620000e+00
      vertex   2.044614e+00 3.238350e-01 9.906000e+00
      vertex   1.968782e+00 6.396961e-01 7.620000e+00
    endloop
  endfacet
  facet normal -9.723699e-01 -2.334454e-01 0.000000e+00
    outer loop
      vertex   1.968782e+00 6.396961e-01 7.620000e+00
      vertex   2.044614e+00 3.238350e-01 9.906000e+00
      vertex   1.968782e+00 6.396961e-01 9.906000e+00
    endloop
  endfacet
  facet normal -9.238795e-01 -3.826834e-01 0.000000e+00
    outer loop
      vertex   1.968782e+00 6.396961e-01 7.620000e+00
      vertex   1.968782e+00 6.396961e-01 9.906000e+00
      vertex   1.844473e+00 9.398057e-01 7.620000e+00
    endloop
  endfacet
  facet normal -9.238795e-01 -3.826834e-01 0.000000e+00
    outer loop
      vertex   1.844473e+00 9.398057e-01 7.620000e+00
      vertex   1.968782e+00 6.396961e-01 9.906000e+00
      vertex   1.844473e+00 9.398057e-01 9.906000e+00
    endloop
  endfacet
  facet normal -8.526402e-01 -5.224986e-01 0.000000e+00
    outer loop
      vertex   1.844473e+00 9.398057e-01 7.620000e+00
      vertex   1.844473e+00 9.398057e-01 9.906000e+00
      vertex   1.674746e+00 1.216774e+00 7.620000e+00
    endloop
  endfacet
  facet normal -8.526402e-01 -5.224986e-01 0.000000e+00
    outer loop
      vertex   1.674746e+00 1.216774e+00 7.620000e+00
      vertex   1.844473e+00 9.398057e-01 9.906000e+00
      vertex   1.674746e+00 1.216774e+00 9.906000e+00
    endloop
  endfacet
  facet normal -7.604060e-01 -6.494480e-01 0.000000e+00
    outer loop
      vertex   1.674746e+00 1.216774e+00 7.620000e+00
      vertex   1.674746e+00 1.216774e+00 9.906000e+00
      vertex   1.463782e+00 1.463782e+00 7.620000e+00
    endloop
  endfacet
  facet normal -7.604060e-01 -6.494480e-01 0.000000e+00
    outer loop
      vertex   1.463782e+00 1.463782e+00 7.620000e+00
      vertex   1.674746e+00 1.216774e+00 9.906000e+00
      vertex   1.463782e+00 1.463782e+00 9.906000e+00
    endloop
  endfacet
  facet normal -6.494480e-01 -7.604060e-01 0.000000e+00
    outer loop
      vertex   1.463782e+00 1.463782e+00 7.620000e+00
      vertex   1.463782e+00 1.463782e+00 9.906000e+00
      vertex   1.216774e+00 1.674746e+00 7.620000e+00
    endloop
  endfacet
  facet normal -6.494480e-01 -7.604060e-01 0.000000e+00
    outer loop
      vertex   1.216774e+00 1.674746e+00 7.620000e+00
      vertex   1.463782e+00 1.463782e+00 9.906000e+00
      vertex   1.216774e+00 1.674746e+00 9.906000e+00
    endloop
  endfacet
  facet normal -5.224986e-01 -8.526402e-01 0.000000e+00
    outer loop
      vertex   1.216774e+00 1.674746e+00 7.620000e+00
      vertex   1.216774e+00 1.674746e+00 9.906000e+00
      vertex   9.398057e-01 1.844473e+00 7.620000e+00
    endloop
  endfacet
  facet normal -5.224986e-01 -8.526402e-01 0.000000e+00
    outer loop
      vertex   9.398057e-01 1.844473e+00 7.620000e+00
      vertex   1.216774e+00 1.674746e+00 9.906000e+00
      vertex   9.398057e-01 1.844473e+00 9.906000e+00
    endloop
  endfacet
  facet normal -3.826834e-01 -9.238795e-01 0.000000e+00
    outer loop
      vertex   9.398057e-01 1.844473e+00 7.620000e+00
      vertex   9.398057e-01 1.844473e+00 9.906000e+00
      vertex   6.396961e-01 1.968782e+00 7.620000e+00
    endloop
  endfacet
  facet normal -3.826834e-01 -9.238795e-01 0.000000e+00
    outer loop
      vertex   6.396961e-01 1.968782e+00 7.620000e+00
      vertex   9.398057e-01 1.844473e+00 9.906000e+00
      vertex   6.396961e-01 1.968782e+00 9.906000e+00
    endloop
  endfacet
  facet normal -2.334454e-01 -9.723699e-01 0.000000e+00
    outer loop
      vertex   6.396961e-01 1.968782e+00 7.620000e+00
      vertex   6.396961e-01 1.968782e+00 9.906000e+00
      vertex   3.238350e-01 2.044614e+00 7.620000e+00
    endloop
  endfacet
  facet normal -2.334454e-01 -9.723699e-01 0.000000e+00
    outer loop
      vertex   3.238350e-01 2.044614e+00 7.620000e+00
      vertex   6.396961e-01 1.968782e+00 9.906000e+00
      vertex   3.238350e-01 2.044614e+00 9.906000e+00
    endloop
  endfacet
  facet normal -7.845910e-02 -9.969173e-01 0.000000e+00
    outer loop
      vertex   3.238350e-01 2.044614e+00 7.620000e+00
      vertex   3.238350e-01 2.044614e+00 9.906000e+00
      vertex   -1.267571e-16 2.070100e+00 7.620000e+00
    endloop
  endfacet
  facet normal -7.845910e-02 -9.969173e-01 0.000000e+00
    outer loop
      vertex   -1.267571e-16 2.070100e+00 7.620000e+00
      vertex   3.238350e-01 2.044614e+00 9.906000e+00
      vertex   -1.267571e-16 2.070100e+00 9.906000e+00
    endloop
  endfacet
  facet normal 7.845910e-02 -9.969173e-01 0.000000e+00
    outer loop
      vertex   -1.267571e-16 2.070100e+00 7.620000e+00
      vertex   -1.267571e-16 2.070100e+00 9.906000e+00
      vertex   -3.238350e-01 2.044614e+00 7.620000e+00
    endloop
  endfacet
  facet normal 7.845910e-02 -9.969173e-01 0.000000e+00
    outer loop
      vertex   -3.238350e-01 2.044614e+00 7.620000e+00
      vertex   -1.267571e-16 2.070100e+00 9.906000e+00
      vertex   -3.238350e-01 2.044614e+00 9.906000e+00
    endloop
  endfacet
  facet normal 2.334454e-01 -9.723699e-01 0.000000e+00
    outer loop
      vertex   -3.238350e-01 2.044614e+00 7.620000e+00
      vertex   -3.238350e-01 2.044614e+00 9.906000e+00
      vertex   -6.396961e-01 1.968782e+00 7.620000e+00
    endloop
  endfacet
  facet normal 2.334454e-01 -9.723699e-01 0.000000e+00
    outer loop
      vertex   -6.396961e-01 1.968782e+00 7.620000e+00
      vertex   -3.238350e-01 2.044614e+00 9.906000e+00
      vertex   -6.396961e-01 1.968782e+00 9.906000e+00
    endloop
  endfacet
  facet normal 3.826834e-01 -9.238795e-01 0.000000e+00
    outer loop
      vertex   -6.396961e-01 1.968782e+00 7.620000e+00
      vertex   -6.396961e-01 1.968782e+00 9.906000e+00
      vertex   -9.398057e-01 1.844473e+00 7.620000e+00
    endloop
  endfacet
  facet normal 3.826834e-01 -9.238795e-01 0.000000e+00
    outer loop
      vertex   -9.398057e-01 1.844473e+00 7.620000e+00
      vertex   -6.396961e-01 1.968782e+00 9.906000e+00
      vertex   -9.398057e-01 1.844473e+00 9.906000e+00
    endloop
  endfacet
  facet normal 5.224986e-01 -8.526402e-01 0.000000e+00
    outer loop
      vertex   -9.398057e-01 1.844473e+00 7.620000e+00
      vertex   -9.398057e-01 1.844473e+00 9.906000e+00
      vertex   -1.216774e+00 1.674746e+00 7.620000e+00
    endloop
  endfacet
  facet normal 5.224986e-01 -8.526402e-01 0.000000e+00
    outer loop
      vertex   -1.216774e+00 1.674746e+00 7.620000e+00
      vertex   -9.398057e-01 1.844473e+00 9.906000e+00
      vertex   -1.216774e+00 1.674746e+00 9.906000e+00
    endloop
  endfacet
  facet normal 6.494480e-01 -7.604060e-01 0.000000e+00
    outer loop
      vertex   -1.216774e+00 1.674746e+00 7.620000e+00
      vertex   -1.216774e+00 1.674746e+00 9.906000e+00
      vertex   -1.463782e+00 1.463782e+00 7.620000e+00
    endloop
  endfacet
  facet normal 6.494480e-01 -7.604060e-01 0.000000e+00
    outer loop
      vertex   -1.463782e+00 1.463782e+00 7.620000e+00
      vertex   -1.216774e+00 1.674746e+00 9.906000e+00
      vertex   -1.463782e+00 1.463782e+00 9.906000e+00
    endloop
  endfacet
  facet normal 7.604060e-01 -6.494480e-01 0.000000e+00
    outer loop
      vertex   -1.463782e+00 1.463782e+00 7.620000e+00
      vertex   -1.463782e+00 1.463782e+00 9.906000e+00
      vertex   -1.674746e+00 1.216774e+00 7.620000e+00
    endloop
  endfacet
  facet normal 7.604060e-01 -6.494480e-01 0.000000e+00
    outer loop
      vertex   -1.674746e+00 1.216774e+00 7.620000e+00
      vertex   -1.463782e+00 1.463782e+00 9.906000e+00
      vertex   -1.674746e+00 1.216774e+00 9.906000e+00
    endloop
  endfacet
  facet normal 8.526402e-01 -5.224986e-01 0.000000e+00
    outer loop
      vertex   -1.674746e+00 1.216774e+00 7.620000e+00
      vertex   -1.674746e+00 1.216774e+00 9.906000e+00
      vertex   -1.844473e+00 9.398057e-01 7.620000e+00
    endloop
  endfacet
  facet normal 8.526402e-01 -5.224986e-01 0.000000e+00
    outer loop
      vertex   -1.844473e+00 9.398057e-01 7.620000e+00
      vertex   -1.674746e+00 1.216774e+00 9.906000e+00
      vertex   -1.844473e+00 9.398057e-01 9.906000e+00
    endloop
  endfacet
  facet normal 9.238795e-01 -3.826834e-01 0.000000e+00
    outer loop
      vertex   -1.844473e+00 9.398057e-01 7.620000e+00
      vertex   -1.844473e+00 9.398057e-01 9.906000e+00
      vertex   -1.968782e+00 6.396961e-01 7.620000e+00
    endloop
  endfacet
  facet normal 9.238795e-01 -3.826834e-01 0.000000e+00
    outer loop
      vertex   -1.968782e+00 6.396961e-01 7.620000e+00
      vertex   -1.844473e+00 9.398057e-01 9.906000e+00
      vertex   -1.968782e+00 6.396961e-01 9.906000e+00
    endloop
  endfacet
  facet normal 9.723699e-01 -2.334454e-01 0.000000e+00
    outer loop
      vertex   -1.968782e+00 6.396961e-01 7.620000e+00
      vertex   -1.968782e+00 6.396961e-01 9.906000e+00
      vertex   -2.044614e+00 3.238350e-01 7.620000e+00
    endloop
  endfacet
  facet normal 9.723699e-01 -2.334454e-01 0.000000e+00
    outer loop
      vertex   -2.044614e+00 3.238350e-01 7.620000e+00
      vertex   -1.968782e+00 6.396961e-01 9.906000e+00
      vertex   -2.044614e+00 3.238350e-01 9.906000e+00
    endloop
  endfacet
  facet normal 9.969173e-01 -7.845910e-02 0.000000e+00
    outer loop
      vertex   -2.044614e+00 3.238350e-01 7.620000e+00
      vertex   -2.044614e+00 3.238350e-01 9.906000e+00
      vertex   -2.070100e+00 0.000000e+00 7.620000e+00
    endloop
  endfacet
  facet normal 9.969173e-01 -7.845910e-02 0.000000e+00
    outer loop
      vertex   -2.070100e+00 0.000000e+00 7.620000e+00
      vertex   -2.044614e+00 3.238350e-01 9.906000e+00
      vertex   -2.070100e+00 0.000000e+00 9.906000e+00
    endloop
  endfacet
  facet normal 9.969173e-01 7.845910e-02 -0.000000e+00
    outer loop
      vertex   -2.070100e+00 0.000000e+00 7.620000e+00
      vertex   -2.070100e+00 0.000000e+00 9.906000e+00
      vertex   -2.044614e+00 -3.238350e-01 7.620000e+00
    endloop
  endfacet
  facet normal 9.969173e-01 7.845910e-02 -0.000000e+00
    outer loop
      vertex   -2.044614e+00 -3.238350e-01 7.620000e+00
      vertex   -2.070100e+00 0.000000e+00 9.906000e+00
      vertex   -2.044614e+00 -3.238350e-01 9.906000e+00
    endloop
  endfacet
  facet normal 9.723699e-01 2.334454e-01 -0.000000e+00
    outer loop
      vertex   -2.044614e+00 -3.238350e-01 7.620000e+00
      vertex   -2.044614e+00 -3.238350e-01 9.906000e+00
      vertex   -1.968782e+00 -6.396961e-01 7.620000e+00
    endloop
  endfacet
  facet normal 9.723699e-01 2.334454e-01 -0.000000e+00
    outer loop
      vertex   -1.968782e+00 -6.396961e-01 7.620000e+00
      vertex   -2.044614e+00 -3.238350e-01 9.906000e+00
      vertex   -1.968782e+00 -6.396961e-01 9.906000e+00
    endloop
  endfacet
  facet normal 9.238795e-01 3.826834e-01 -0.000000e+00
    outer loop
      vertex   -1.968782e+00 -6.396961e-01 7.620000e+00
      vertex   -1.968782e+00 -6.396961e-01 9.906000e+00
      vertex   -1.844473e+00 -9.398057e-01 7.620000e+00
    endloop
  endfacet
  facet normal 9.238795e-01 3.826834e-01 -0.000000e+00
    outer loop
      vertex   -1.844473e+00 -9.398057e-01 7.620000e+00
      vertex   -1.968782e+00 -6.396961e-01 9.906000e+00
      vertex   -1.844473e+00 -9.398057e-01 9.906000e+00
    endloop
  endfacet
  facet normal 8.526402e-01 5.224986e-01 -0.000000e+00
    outer loop
      vertex   -1.844473e+00 -9.398057e-01 7.620000e+00
      vertex   -1.844473e+00 -9.398057e-01 9.906000e+00
      vertex   -1.674746e+00 -1.216774e+00 7.620000e+00
    endloop
  endfacet
  facet normal 8.526402e-01 5.224986e-01 -0.000000e+00
    outer loop
      vertex   -1.674746e+00 -1.216774e+00 7.620000e+00
      vertex   -1.844473e+00 -9.398057e-01 9.906000e+00
      vertex   -1.674746e+00 -1.216774e+00 9.906000e+00
    endloop
  endfacet
  facet normal 7.604060e-01 6.494480e-01 -0.000000e+00
    outer loop
      vertex   -1.674746e+00 -1.216774e+00 7.620000e+00
      vertex   -1.674746e+00 -1.216774e+00 9.906000e+00
      vertex   -1.463782e+00 -1.463782e+00 7.620000e+00
    endloop
  endfacet
  facet normal 7.604060e-01 6.494480e-01 -0.000000e+00
    outer loop
      vertex   -1.463782e+00 -1.463782e+00 7.620000e+00
      vertex   -1.674746e+00 -1.216774e+00 9.906000e+00
      vertex   -1.463782e+00 -1.463782e+00 9.906000e+00
    endloop
  endfacet
  facet normal 6.494480e-01 7.604060e-01 -0.000000e+00
    outer loop
      vertex   -1.463782e+00 -1.463782e+00 7.620000e+00
      vertex   -1.463782e+00 -1.463782e+00 9.906000e+00
      vertex   -1.216774e+00 -1.674746e+00 7.620000e+00
    endloop
  endfacet
  facet normal 6.494480e-01 7.604060e-01 -0.000000e+00
    outer loop
      vertex   -1.216774e+00 -1.674746e+00 7.620000e+00
      vertex   -1.463782e+00 -1.463782e+00 9.906000e+00
      vertex   -1.216774e+00 -1.674746e+00 9.906000e+00
    endloop
  endfacet
  facet normal 5.224986e-01 8.526402e-01 -0.000000e+00
    outer loop
      vertex   -1.216774e+00 -1.674746e+00 7.620000e+00
      vertex   -1.216774e+00 -1.674746e+00 9.906000e+00
      vertex   -9.398057e-01 -1.844473e+00 7.620000e+00
    endloop
  endfacet
  facet normal 5.224986e-01 8.526402e-01 -0.000000e+00
    outer loop
      vertex   -9.398057e-01 -1.844473e+00 7.620000e+00
      vertex   -1.216774e+00 -1.674746e+00 9.906000e+00
      vertex   -9.398057e-01 -1.844473e+00 9.906000e+00
    endloop
  endfacet
  facet normal 3.826834e-01 9.238795e-01 -0.000000e+00
    outer loop
      vertex   -9.398057e-01 -1.844473e+00 7.620000e+00
      vertex   -9.398057e-01 -1.844473e+00 9.906000e+00
      vertex   -6.396961e-01 -1.968782e+00 7.620000e+00
    endloop
  endfacet
  facet normal 3.826834e-01 9.238795e-01 -0.000000e+00
    outer loop
      vertex   -6.396961e-01 -1.968782e+00 7.620000e+00
      vertex   -9.398057e-01 -1.844473e+00 9.906000e+00
      vertex   -6.396961e-01 -1.968782e+00 9.906000e+00
    endloop
  endfacet
  facet normal 2.334454e-01 9.723699e-01 -0.000000e+00
    outer loop
      vertex   -6.396961e-01 -1.968782e+00 7.620000e+00
      vertex   -6.396961e-01 -1.968782e+00 9.906000e+00
      vertex   -3.238350e-01 -2.044614e+00 7.620000e+00
    endloop
  endfacet
  facet normal 2.334454e-01 9.723699e-01 -0.000000e+00
    outer loop
      vertex   -3.238350e-01 -2.044614e+00 7.620000e+00
      vertex   -6.396961e-01 -1.968782e+00 9.906000e+00
      vertex   -3.238350e-01 -2.044614e+00 9.906000e+00
    endloop
  endfacet
  facet normal 7.845910e-02 9.969173e-01 -0.000000e+00
    outer loop
      vertex   -3.238350e-01 -2.044614e+00 7.620000e+00
      vertex   -3.238350e-01 -2.044614e+00 9.906000e+00
      vertex   -1.267571e-16 -2.070100e+00 7.620000e+00
    endloop
  endfacet
  facet normal 7.845910e-02 9.969173e-01 -0.000000e+00
    outer loop
      vertex   -1.267571e-16 -2.070100e+00 7.620000e+00
      vertex   -3.238350e-01 -2.044614e+00 9.906000e+00
      vertex   -1.267571e-16 -2.070100e+00 9.906000e+00
    endloop
  endfacet
  facet normal -7.845910e-02 9.969173e-01 0.000000e+00
    outer loop
      vertex   -1.267571e-16 -2.070100e+00 7.620000e+00
      vertex   -1.267571e-16 -2.070100e+00 9.906000e+00
      vertex   3.238350e-01 -2.044614e+00 7.620000e+00
    endloop
  endfacet
  facet normal -7.845910e-02 9.969173e-01 0.000000e+00
    outer loop
      vertex   3.238350e-01 -2.044614e+00 7.620000e+00
      vertex   -1.267571e-16 -2.070100e+00 9.906000e+00
      vertex   3.238350e-01 -2.044614e+00 9.906000e+00
    endloop
  endfacet
  facet normal -2.334454e-01 9.723699e-01 0.000000e+00
    outer loop
      vertex   3.238350e-01 -2.044614e+00 7.620000e+00
      vertex   3.238350e-01 -2.044614e+00 9.906000e+00
      vertex   6.396961e-01 -1.968782e+00 7.620000e+00
    endloop
  endfacet
  facet normal -2.334454e-01 9.723699e-01 0.000000e+00
    outer loop
      vertex   6.396961e-01 -1.968782e+00 7.620000e+00
      vertex   3.238350e-01 -2.044614e+00 9.906000e+00
      vertex   6.396961e-01 -1.968782e+00 9.906000e+00
    endloop
  endfacet
  facet normal -3.826834e-01 9.238795e-01 0.000000e+00
    outer loop
      vertex   6.396961e-01 -1.968782e+00 7.620000e+00
      vertex   6.396961e-01 -1.968782e+00 9.906000e+00
      vertex   9.398057e-01 -1.844473e+00 7.620000e+00
    endloop
  endfacet
  facet normal -3.826834e-01 9.238795e-01 0.000000e+00
    outer loop
      vertex   9.398057e-01 -1.844473e+00 7.620000e+00
      vertex   6.396961e-01 -1.968782e+00 9.906000e+00
      vertex   9.398057e-01 -1.844473e+00 9.906000e+00
    endloop
  endfacet
  facet normal -5.224986e-01 8.526402e-01 0.000000e+00
    outer loop
      vertex   9.398057e-01 -1.844473e+00 7.620000e+00
      vertex   9.398057e-01 -1.844473e+00 9.906000e+00
      vertex   1.216774e+00 -1.674746e+00 7.620000e+00
    endloop
  endfacet
  facet normal -5.224986e-01 8.526402e-01 0.000000e+00
    outer loop
      vertex   1.216774e+00 -1.674746e+00 7.620000e+00
      vertex   9.398057e-01 -1.844473e+00 9.906000e+00
      vertex   1.216774e+00 -1.674746e+00 9.906000e+00
    endloop
  endfacet
  facet normal -6.494480e-01 7.604060e-01 0.000000e+00
    outer loop
      vertex   1.216774e+00 -1.674746e+00 7.620000e+00
      vertex   1.216774e+00 -1.674746e+00 9.906000e+00
      vertex   1.463782e+00 -1.463782e+00 7.620000e+00
    endloop
  endfacet
  facet normal -6.494480e-01 7.604060e-01 0.000000e+00
    outer loop
      vertex   1.463782e+00 -1.463782e+00 7.620000e+00
      vertex   1.216774e+00 -1.674746e+00 9.906000e+00
      vertex   1.463782e+00 -1.463782e+00 9.906000e+00
    endloop
  endfacet
  facet normal -7.604060e-01 6.494480e-01 0.000000e+00
    outer loop
      vertex   1.463782e+00 -1.463782e+00 7.620000e+00
      vertex   1.463782e+00 -1.463782e+00 9.906000e+00
      vertex   1.674746e+00 -1.216774e+00 7.620000e+00
    endloop
  endfacet
  facet normal -7.604060e-01 6.494480e-01 0.000000e+00
    outer loop
      vertex   1.674746e+00 -1.216774e+00 7.620000e+00
      vertex   1.463782e+00 -1.463782e+00 9.906000e+00
      vertex   1.674746e+00 -1.216774e+00 9.906000e+00
    endloop
  endfacet
  facet normal -8.526402e-01 5.224986e-01 0.000000e+00
    outer loop
      vertex   1.674746e+00 -1.216774e+00 7.620000e+00
      vertex   1.674746e+00 -1.216774e+00 9.906000e+00
      vertex   1.844473e+00 -9.398057e-01 7.620000e+00
    endloop
  endfacet
  facet normal -8.526402e-01 5.224986e-01 0.000000e+00
    outer loop
      vertex   1.844473e+00 -9.398057e-01 7.620000e+00
      vertex   1.674746e+00 -1.216774e+00 9.906000e+00
      vertex   1.844473e+00 -9.398057e-01 9.906000e+00
    endloop
  endfacet
  facet normal -9.238795e-01 3.826834e-01 0.000000e+00
    outer loop
      vertex   1.844473e+00 -9.398057e-01 7.620000e+00
      vertex   1.844473e+00 -9.398057e-01 9.906000e+00
      vertex   1.968782e+00 -6.396961e-01 7.620000e+00
    endloop
  endfacet
  facet normal -9.238795e-01 3.826834e-01 0.000000e+00
    outer loop
      vertex   1.968782e+00 -6.396961e-01 7.620000e+00
      vertex   1.844473e+00 -9.398057e-01 9.906000e+00
      vertex   1.968782e+00 -6.396961e-01 9.906000e+00
    endloop
  endfacet
  facet normal -9.723699e-01 2.334454e-01 0.000000e+00
    outer loop
      vertex   1.968782e+00 -6.396961e-01 7.620000e+00
      vertex   1.968782e+00 -6.396961e-01 9.906000e+00
      vertex   2.044614e+00 -3.238350e-01 7.620000e+00
    endloop
  endfacet
  facet normal -9.723699e-01 2.334454e-01 0.000000e+00
    outer loop
      vertex   2.044614e+00 -3.238350e-01 7.620000e+00
      vertex   1.968782e+00 -6.396961e-01 9.906000e+00
      vertex   2.044614e+00 -3.238350e-01 9.906000e+00
    endloop
  endfacet
  facet normal 0.000000e+00 0.000000e+00 1.000000e+00
    outer loop
      vertex   2.044614e+00 3.238350e-01 7.620000e+00
      vertex   -2.044614e+00 3.238350e-01 7.620000e+00
      vertex   2.070100e+00 2.535141e-16 7.620000e+00
    endloop
  endfacet
  facet normal 0.000000e+00 0.000000e+00 1.000000e+00
    outer loop
      vertex   2.070100e+00 2.535141e-16 7.620000e+00
      vertex   -2.044614e+00 3.238350e-01 7.620000e+00
      vertex   -2.070100e+00 0.000000e+00 7.620000e+00
    endloop
  endfacet
  facet normal 0.000000e+00 0.000000e+00 1.000000e+00
    outer loop
      vertex   2.070100e+00 2.535141e-16 7.620000e+00
      vertex   -2.070100e+00 0.000000e+00 7.620000e+00
      vertex   2.044614e+00 -3.238350e-01 7.620000e+00
    endloop
  endfacet
  facet normal 0.000000e+00 0.000000e+00 1.000000e+00
    outer loop
      vertex   2.044614e+00 -3.238350e-01 7.620000e+00
      vertex   -2.070100e+00 0.000000e+00 7.620000e+00
      vertex   -2.044614e+00 -3.238350e-01 7.620000e+00
    endloop
  endfacet
  facet normal 0.000000e+00 0.000000e+00 1.000000e+00
    outer loop
      vertex   2.044614e+00 -3.238350e-01 7.620000e+00
      vertex   -2.044614e+00 -3.238350e-01 7.620000e+00
      vertex   1.968782e+00 -6.396961e-01 7.620000e+00
    endloop
  endfacet
  facet normal 0.000000e+00 0.000000e+00 1.000000e+00
    outer loop
      vertex   1.968782e+00 -6.396961e-01 7.620000e+00
      vertex   -2.044614e+00 -3.238350e-01 7.620000e+00
      vertex   -1.968782e+00 -6.396961e-01 7.620000e+00
    endloop
  endfacet
  facet normal 0.000000e+00 0.000000e+00 1.000000e+00
    outer loop
      vertex   1.968782e+00 -6.396961e-01 7.620000e+00
      vertex   -1.968782e+00 -6.396961e-01 7.620000e+00
      vertex   1.844473e+00 -9.398057e-01 7.620000e+00
    endloop
  endfacet
  facet normal 0.000000e+00 0.000000e+00 1.000000e+00
    outer loop
      vertex   1.844473e+00 -9.398057e-01 7.620000e+00
      vertex   -1.968782e+00 -6.396961e-01 7.620000e+00
      vertex   -1.844473e+00 -9.398057e-01 7.620000e+00
    endloop
  endfacet
  facet normal 0.000000e+00 0.000000e+00 1.000000e+00
    outer loop
      vertex   1.844473e+00 -9.398057e-01 7.620000e+00
      vertex   -1.844473e+00 -9.398057e-01 7.620000e+00
      vertex   1.674746e+00 -1.216774e+00 7.620000e+00
    endloop
  endfacet
  facet normal 0.000000e+00 0.000000e+00 1.000000e+00
    outer loop
      vertex   1.674746e+00 -1.216774e+00 7.620000e+00
      vertex   -1.844473e+00 -9.398057e-01 7.620000e+00
      vertex   -1.674746e+00 -1.216774e+00 7.620000e+00
    endloop
  endfacet
  facet normal 0.000000e+00 0.000000e+00 1.000000e+00
    outer loop
      vertex   1.674746e+00 -1.216774e+00 7.620000e+00
      vertex   -1.674746e+00 -1.216774e+00 7.620000e+00
      vertex   1.463782e+00 -1.463782e+00 7.620000e+00
    endloop
  endfacet
  facet normal 0.000000e+00 0.000000e+00 1.000000e+00
    outer loop
      vertex   1.463782e+00 -1.463782e+00 7.620000e+00
      vertex   -1.674746e+00 -1.216774e+00 7.620000e+00
      vertex   -1.463782e+00 -1.463782e+00 7.620000e+00
    endloop
  endfacet
  facet normal 0.000000e+00 0.000000e+00 1.000000e+00
    outer loop
      vertex   1.463782e+00 -1.463782e+00 7.620000e+00
      vertex   -1.463782e+00 -1.463782e+00 7.620000e+00
      vertex   1.216774e+00 -1.674746e+00 7.620000e+00
    endloop
  endfacet
  facet normal 0.000000e+00 0.000000e+00 1.000000e+00
    outer loop
      vertex   1.216774e+00 -1.674746e+00 7.620000e+00
      vertex   -1.463782e+00 -1.463782e+00 7.620000e+00
      vertex   -1.216774e+00 -1.674746e+00 7.620000e+00
    endloop
  endfacet
  facet normal 0.000000e+00 0.000000e+00 1.000000e+00
    outer loop
      vertex   1.216774e+00 -1.674746e+00 7.620000e+00
      vertex   -1.216774e+00 -1.674746e+00 7.620000e+00
      vertex   9.398057e-01 -1.844473e+00 7.620000e+00
    endloop
  endfacet
  facet normal 0.000000e+00 0.000000e+00 1.000000e+00
    outer loop
      vertex   9.398057e-01 -1.844473e+00 7.620000e+00
      vertex   -1.216774e+00 -1.674746e+00 7.620000e+00
      vertex   -9.398057e-01 -1.844473e+00 7.620000e+00
    endloop
  endfacet
  facet normal 0.000000e+00 0.000000e+00 1.000000e+00
    outer loop
      vertex   9.398057e-01 -1.844473e+00 7.620000e+00
      vertex   -9.398057e-01 -1.844473e+00 7.620000e+00
      vertex   6.396961e-01 -1.968782e+00 7.620000e+00
    endloop
  endfacet
  facet normal 0.000000e+00 0.000000e+00 1.000000e+00
    outer loop
      vertex   6.396961e-01 -1.968782e+00 7.620000e+00
      vertex   -9.398057e-01 -1.844473e+00 7.620000e+00
      vertex   -6.396961e-01 -1.968782e+00 7.620000e+00
    endloop
  endfacet
  facet normal 0.000000e+00 0.000000e+00 1.000000e+00
    outer loop
      vertex   6.396961e-01 -1.968782e+00 7.620000e+00
      vertex   -6.396961e-01 -1.968782e+00 7.620000e+00
      vertex   3.238350e-01 -2.044614e+00 7.620000e+00
    endloop
  endfacet
  facet normal 0.000000e+00 0.000000e+00 1.000000e+00
    outer loop
      vertex   3.238350e-01 -2.044614e+00 7.620000e+00
      vertex   -6.396961e-01 -1.968782e+00 7.620000e+00
      vertex   -3.238350e-01 -2.044614e+00 7.620000e+00
    endloop
  endfacet
  facet normal 0.000000e+00 0.000000e+00 1.000000e+00
    outer loop
      vertex   3.238350e-01 -2.044614e+00 7.620000e+00
      vertex   -3.238350e-01 -2.044614e+00 7.620000e+00
      vertex   -1.267571e-16 -2.070100e+00 7.620000e+00
    endloop
  endfacet
  facet normal 0.000000e+00 0.000000e+00 1.000000e+00
    outer loop
      vertex   -2.044614e+00 3.238350e-01 7.620000e+00
      vertex   2.044614e+00 3.238350e-01 7.620000e+00
      vertex   -1.968782e+00 6.396961e-01 7.620000e+00
    endloop
  endfacet
  facet normal -0.000000e+00 0.000000e+00 1.000000e+00
    outer loop
      vertex   -1.968782e+00 6.396961e-01 7.620000e+00
      vertex   2.044614e+00 3.238350e-01 7.620000e+00
      vertex   1.968782e+00 6.396961e-01 7.620000e+00
    endloop
  endfacet
  facet normal 0.000000e+00 0.000000e+00 1.000000e+00
    outer loop
      vertex   -1.968782e+00 6.396961e-01 7.620000e+00
      vertex   1.968782e+00 6.396961e-01 7.620000e+00
      vertex   -1.844473e+00 9.398057e-01 7.620000e+00
    endloop
  endfacet
  facet normal -0.000000e+00 0.000000e+00 1.000000e+00
    outer loop
      vertex   -1.844473e+00 9.398057e-01 7.620000e+00
      vertex   1.968782e+00 6.396961e-01 7.620000e+00
      vertex   1.844473e+00 9.398057e-01 7.620000e+00
    endloop
  endfacet
  facet normal 0.000000e+00 0.000000e+00 1.000000e+00
    outer loop
      vertex   -1.844473e+00 9.398057e-01 7.620000e+00
      vertex   1.844473e+00 9.398057e-01 7.620000e+00
      vertex   -1.674746e+00 1.216774e+00 7.620000e+00
    endloop
  endfacet
  facet normal -0.000000e+00 0.000000e+00 1.000000e+00
    outer loop
      vertex   -1.674746e+00 1.216774e+00 7.620000e+00
      vertex   1.844473e+00 9.398057e-01 7.620000e+00
      vertex   1.674746e+00 1.216774e+00 7.620000e+00
    endloop
  endfacet
  facet normal 0.000000e+00 0.000000e+00 1.000000e+00
    outer loop
      vertex   -1.674746e+00 1.216774e+00 7.620000e+00
      vertex   1.674746e+00 1.216774e+00 7.620000e+00
      vertex   -1.463782e+00 1.463782e+00 7.620000e+00
    endloop
  endfacet
  facet normal -0.000000e+00 0.000000e+00 1.000000e+00
    outer loop
      vertex   -1.463782e+00 1.463782e+00 7.620000e+00
      vertex   1.674746e+00 1.216774e+00 7.620000e+00
      vertex   1.463782e+00 1.463782e+00 7.620000e+00
    endloop
  endfacet
  facet normal 0.000000e+00 0.000000e+00 1.000000e+00
    outer loop
      vertex   -1.463782e+00 1.463782e+00 7.620000e+00
      vertex   1.463782e+00 1.463782e+00 7.620000e+00
      vertex   -1.216774e+00 1.674746e+00 7.620000e+00
    endloop
  endfacet
  facet normal -0.000000e+00 0.000000e+00 1.000000e+00
    outer loop
      vertex   -1.216774e+00 1.674746e+00 7.620000e+00
      vertex   1.463782e+00 1.463782e+00 7.620000e+00
      vertex   1.216774e+00 1.674746e+00 7.620000e+00
    endloop
  endfacet
  facet normal 0.000000e+00 0.000000e+00 1.000000e+00
    outer loop
      vertex   -1.216774e+00 1.674746e+00 7.620000e+00
      vertex   1.216774e+00 1.674746e+00 7.620000e+00
      vertex   -9.398057e-01 1.844473e+00 7.620000e+00
    endloop
  endfacet
  facet normal -0.000000e+00 0.000000e+00 1.000000e+00
    outer loop
      vertex   -9.398057e-01 1.844473e+00 7.620000e+00
      vertex   1.216774e+00 1.674746e+00 7.620000e+00
      vertex   9.398057e-01 1.844473e+00 7.620000e+00
    endloop
  endfacet
  facet normal 0.000000e+00 0.000000e+00 1.000000e+00
    outer loop
      vertex   -9.398057e-01 1.844473e+00 7.620000e+00
      vertex   9.398057e-01 1.844473e+00 7.620000e+00
      vertex   -6.396961e-01 1.968782e+00 7.620000e+00
    endloop
  endfacet
  facet normal -0.000000e+00 0.000000e+00 1.000000e+00
    outer loop
      vertex   -6.396961e-01 1.968782e+00 7.620000e+00
      vertex   9.398057e-01 1.844473e+00 7.620000e+00
      vertex   6.396961e-01 1.968782e+00 7.620000e+00
    endloop
  endfacet
  facet normal 0.000000e+00 0.000000e+00 1.000000e+00
    outer loop
      vertex   -6.396961e-01 1.968782e+00 7.620000e+00
      vertex   6.396961e-01 1.968782e+00 7.620000e+00
      vertex   -3.238350e-01 2.044614e+00 7.620000e+00
    endloop
  endfacet
  facet normal -0.000000e+00 0.000000e+00 1.000000e+00
    outer loop
      vertex   -3.238350e-01 2.044614e+00 7.620000e+00
      vertex   6.396961e-01 1.968782e+00 7.620000e+00
      vertex   3.238350e-01 2.044614e+00 7.620000e+00
    endloop
  endfacet
  facet normal 0.000000e+00 0.000000e+00 1.000000e+00
    outer loop
      vertex   -3.238350e-01 2.044614e+00 7.620000e+00
      vertex   3.238350e-01 2.044614e+00 7.620000e+00
      vertex   -1.267571e-16 2.070100e+00 7.620000e+00
    endloop
  endfacet
  facet normal 9.980267e-01 -6.279052e-02 6.861366e-17
    outer loop
      vertex   3.149964e+00 -3.979330e-01 9.906000e+00
      vertex   3.149964e+00 -3.979330e-01 7.366000e+00
      vertex   3.175000e+00 3.888254e-16 9.906000e+00
    endloop
  endfacet
  facet normal 9.980267e-01 -6.279052e-02 0.000000e+00
    outer loop
      vertex   3.175000e+00 3.888254e-16 9.906000e+00
      vertex   3.149964e+00 -3.979330e-01 7.366000e+00
      vertex   3.175000e+00 3.888254e-16 7.366000e+00
    endloop
  endfacet
  facet normal 9.980267e-01 6.279052e-02 0.000000e+00
    outer loop
      vertex   3.175000e+00 3.888254e-16 9.906000e+00
      vertex   3.175000e+00 3.888254e-16 7.366000e+00
      vertex   3.149964e+00 3.979330e-01 9.906000e+00
    endloop
  endfacet
  facet normal 9.980267e-01 6.279052e-02 -6.861366e-17
    outer loop
      vertex   3.149964e+00 3.979330e-01 9.906000e+00
      vertex   3.175000e+00 3.888254e-16 7.366000e+00
      vertex   3.149964e+00 3.979330e-01 7.366000e+00
    endloop
  endfacet
  facet normal 9.822873e-01 1.873813e-01 -2.047589e-16
    outer loop
      vertex   3.149964e+00 3.979330e-01 9.906000e+00
      vertex   3.149964e+00 3.979330e-01 7.366000e+00
      vertex   3.075252e+00 7.895904e-01 9.906000e+00
    endloop
  endfacet
  facet normal 9.822873e-01 1.873813e-01 5.707642e-17
    outer loop
      vertex   3.075252e+00 7.895904e-01 9.906000e+00
      vertex   3.149964e+00 3.979330e-01 7.366000e+00
      vertex   3.075252e+00 7.895904e-01 7.366000e+00
    endloop
  endfacet
  facet normal 9.510565e-01 3.090170e-01 -2.281691e-17
    outer loop
      vertex   3.075252e+00 7.895904e-01 9.906000e+00
      vertex   3.075252e+00 7.895904e-01 7.366000e+00
      vertex   2.952040e+00 1.168795e+00 9.906000e+00
    endloop
  endfacet
  facet normal 9.510565e-01 3.090170e-01 1.974922e-16
    outer loop
      vertex   2.952040e+00 1.168795e+00 9.906000e+00
      vertex   3.075252e+00 7.895904e-01 7.366000e+00
      vertex   2.952040e+00 1.168795e+00 7.366000e+00
    endloop
  endfacet
  facet normal 9.048271e-01 4.257793e-01 1.302905e-16
    outer loop
      vertex   2.952040e+00 1.168795e+00 9.906000e+00
      vertex   2.952040e+00 1.168795e+00 7.366000e+00
      vertex   2.782274e+00 1.529568e+00 9.906000e+00
    endloop
  endfacet
  facet normal 9.048271e-01 4.257793e-01 0.000000e+00
    outer loop
      vertex   2.782274e+00 1.529568e+00 9.906000e+00
      vertex   2.952040e+00 1.168795e+00 7.366000e+00
      vertex   2.782274e+00 1.529568e+00 7.366000e+00
    endloop
  endfacet
  facet normal 8.443279e-01 5.358268e-01 0.000000e+00
    outer loop
      vertex   2.782274e+00 1.529568e+00 9.906000e+00
      vertex   2.782274e+00 1.529568e+00 7.366000e+00
      vertex   2.568629e+00 1.866218e+00 9.906000e+00
    endloop
  endfacet
  facet normal 8.443279e-01 5.358268e-01 7.522667e-17
    outer loop
      vertex   2.568629e+00 1.866218e+00 9.906000e+00
      vertex   2.782274e+00 1.529568e+00 7.366000e+00
      vertex   2.568629e+00 1.866218e+00 7.366000e+00
    endloop
  endfacet
  facet normal 7.705132e-01 6.374240e-01 -7.409278e-17
    outer loop
      vertex   2.568629e+00 1.866218e+00 9.906000e+00
      vertex   2.568629e+00 1.866218e+00 7.366000e+00
      vertex   2.314475e+00 2.173437e+00 9.906000e+00
    endloop
  endfacet
  facet normal 7.705132e-01 6.374240e-01 2.277916e-16
    outer loop
      vertex   2.314475e+00 2.173437e+00 9.906000e+00
      vertex   2.568629e+00 1.866218e+00 7.366000e+00
      vertex   2.314475e+00 2.173437e+00 7.366000e+00
    endloop
  endfacet
  facet normal 6.845471e-01 7.289686e-01 8.861870e-17
    outer loop
      vertex   2.314475e+00 2.173437e+00 9.906000e+00
      vertex   2.314475e+00 2.173437e+00 7.366000e+00
      vertex   2.023821e+00 2.446380e+00 9.906000e+00
    endloop
  endfacet
  facet normal 6.845471e-01 7.289686e-01 9.638529e-17
    outer loop
      vertex   2.023821e+00 2.446380e+00 9.906000e+00
      vertex   2.314475e+00 2.173437e+00 7.366000e+00
      vertex   2.023821e+00 2.446380e+00 7.366000e+00
    endloop
  endfacet
  facet normal 5.877853e-01 8.090170e-01 -1.327197e-17
    outer loop
      vertex   2.023821e+00 2.446380e+00 9.906000e+00
      vertex   2.023821e+00 2.446380e+00 7.366000e+00
      vertex   1.701250e+00 2.680741e+00 9.906000e+00
    endloop
  endfacet
  facet normal 5.877853e-01 8.090170e-01 1.668549e-16
    outer loop
      vertex   1.701250e+00 2.680741e+00 9.906000e+00
      vertex   2.023821e+00 2.446380e+00 7.366000e+00
      vertex   1.701250e+00 2.680741e+00 7.366000e+00
    endloop
  endfacet
  facet normal 4.817537e-01 8.763067e-01 9.947499e-17
    outer loop
      vertex   1.701250e+00 2.680741e+00 9.906000e+00
      vertex   1.701250e+00 2.680741e+00 7.366000e+00
      vertex   1.351849e+00 2.872826e+00 9.906000e+00
    endloop
  endfacet
  facet normal 4.817537e-01 8.763067e-01 0.000000e+00
    outer loop
      vertex   1.351849e+00 2.872826e+00 9.906000e+00
      vertex   1.701250e+00 2.680741e+00 7.366000e+00
      vertex   1.351849e+00 2.872826e+00 7.366000e+00
    endloop
  endfacet
  facet normal 3.681246e-01 9.297765e-01 0.000000e+00
    outer loop
      vertex   1.351849e+00 2.872826e+00 9.906000e+00
      vertex   1.351849e+00 2.872826e+00 7.366000e+00
      vertex   9.811290e-01 3.019604e+00 9.906000e+00
    endloop
  endfacet
  facet normal 3.681246e-01 9.297765e-01 0.000000e+00
    outer loop
      vertex   9.811290e-01 3.019604e+00 9.906000e+00
      vertex   1.351849e+00 2.872826e+00 7.366000e+00
      vertex   9.811290e-01 3.019604e+00 7.366000e+00
    endloop
  endfacet
  facet normal 2.486899e-01 9.685832e-01 0.000000e+00
    outer loop
      vertex   9.811290e-01 3.019604e+00 9.906000e+00
      vertex   9.811290e-01 3.019604e+00 7.366000e+00
      vertex   5.949357e-01 3.118762e+00 9.906000e+00
    endloop
  endfacet
  facet normal 2.486899e-01 9.685832e-01 1.024078e-16
    outer loop
      vertex   5.949357e-01 3.118762e+00 9.906000e+00
      vertex   9.811290e-01 3.019604e+00 7.366000e+00
      vertex   5.949357e-01 3.118762e+00 7.366000e+00
    endloop
  endfacet
  facet normal 1.253332e-01 9.921147e-01 -3.650308e-17
    outer loop
      vertex   5.949357e-01 3.118762e+00 9.906000e+00
      vertex   5.949357e-01 3.118762e+00 7.366000e+00
      vertex   1.993599e-01 3.168735e+00 9.906000e+00
    endloop
  endfacet
  facet normal 1.253332e-01 9.921147e-01 1.027174e-16
    outer loop
      vertex   1.993599e-01 3.168735e+00 9.906000e+00
      vertex   5.949357e-01 3.118762e+00 7.366000e+00
      vertex   1.993599e-01 3.168735e+00 7.366000e+00
    endloop
  endfacet
  facet normal 0.000000e+00 1.000000e+00 0.000000e+00
    outer loop
      vertex   1.993599e-01 3.168735e+00 9.906000e+00
      vertex   1.993599e-01 3.168735e+00 7.366000e+00
      vertex   -1.993599e-01 3.168735e+00 9.906000e+00
    endloop
  endfacet
  facet normal 0.000000e+00 1.000000e+00 0.000000e+00
    outer loop
      vertex   -1.993599e-01 3.168735e+00 9.906000e+00
      vertex   1.993599e-01 3.168735e+00 7.366000e+00
      vertex   -1.993599e-01 3.168735e+00 7.366000e+00
    endloop
  endfacet
  facet normal -1.253332e-01 9.921147e-01 -6.847827e-17
    outer loop
      vertex   -1.993599e-01 3.168735e+00 9.906000e+00
      vertex   -1.993599e-01 3.168735e+00 7.366000e+00
      vertex   -5.949357e-01 3.118762e+00 9.906000e+00
    endloop
  endfacet
  facet normal -1.253332e-01 9.921147e-01 1.131987e-16
    outer loop
      vertex   -5.949357e-01 3.118762e+00 9.906000e+00
      vertex   -1.993599e-01 3.168735e+00 7.366000e+00
      vertex   -5.949357e-01 3.118762e+00 7.366000e+00
    endloop
  endfacet
  facet normal -2.486899e-01 9.685832e-01 4.977400e-17
    outer loop
      vertex   -5.949357e-01 3.118762e+00 9.906000e+00
      vertex   -5.949357e-01 3.118762e+00 7.366000e+00
      vertex   -9.811290e-01 3.019604e+00 9.906000e+00
    endloop
  endfacet
  facet normal -2.486899e-01 9.685832e-01 -7.609089e-17
    outer loop
      vertex   -9.811290e-01 3.019604e+00 9.906000e+00
      vertex   -5.949357e-01 3.118762e+00 7.366000e+00
      vertex   -9.811290e-01 3.019604e+00 7.366000e+00
    endloop
  endfacet
  facet normal -3.681246e-01 9.297765e-01 -1.126340e-16
    outer loop
      vertex   -9.811290e-01 3.019604e+00 9.906000e+00
      vertex   -9.811290e-01 3.019604e+00 7.366000e+00
      vertex   -1.351849e+00 2.872826e+00 9.906000e+00
    endloop
  endfacet
  facet normal -3.681246e-01 9.297765e-01 1.336891e-16
    outer loop
      vertex   -1.351849e+00 2.872826e+00 9.906000e+00
      vertex   -9.811290e-01 3.019604e+00 7.366000e+00
      vertex   -1.351849e+00 2.872826e+00 7.366000e+00
    endloop
  endfacet
  facet normal -4.817537e-01 8.763067e-01 -3.623552e-18
    outer loop
      vertex   -1.351849e+00 2.872826e+00 9.906000e+00
      vertex   -1.351849e+00 2.872826e+00 7.366000e+00
      vertex   -1.701250e+00 2.680741e+00 9.906000e+00
    endloop
  endfacet
  facet normal -4.817537e-01 8.763067e-01 -3.623552e-18
    outer loop
      vertex   -1.701250e+00 2.680741e+00 9.906000e+00
      vertex   -1.351849e+00 2.872826e+00 7.366000e+00
      vertex   -1.701250e+00 2.680741e+00 7.366000e+00
    endloop
  endfacet
  facet normal -5.877853e-01 8.090170e-01 -1.408791e-16
    outer loop
      vertex   -1.701250e+00 2.680741e+00 9.906000e+00
      vertex   -1.701250e+00 2.680741e+00 7.366000e+00
      vertex   -2.023821e+00 2.446380e+00 9.906000e+00
    endloop
  endfacet
  facet normal -5.877853e-01 8.090170e-01 7.735955e-17
    outer loop
      vertex   -2.023821e+00 2.446380e+00 9.906000e+00
      vertex   -1.701250e+00 2.680741e+00 7.366000e+00
      vertex   -2.023821e+00 2.446380e+00 7.366000e+00
    endloop
  endfacet
  facet normal -6.845471e-01 7.289686e-01 1.553316e-17
    outer loop
      vertex   -2.023821e+00 2.446380e+00 9.906000e+00
      vertex   -2.023821e+00 2.446380e+00 7.366000e+00
      vertex   -2.314475e+00 2.173437e+00 9.906000e+00
    endloop
  endfacet
  facet normal -6.845471e-01 7.289686e-01 -1.041519e-16
    outer loop
      vertex   -2.314475e+00 2.173437e+00 9.906000e+00
      vertex   -2.023821e+00 2.446380e+00 7.366000e+00
      vertex   -2.314475e+00 2.173437e+00 7.366000e+00
    endloop
  endfacet
  facet normal -7.705132e-01 6.374240e-01 -1.812534e-16
    outer loop
      vertex   -2.314475e+00 2.173437e+00 9.906000e+00
      vertex   -2.314475e+00 2.173437e+00 7.366000e+00
      vertex   -2.568629e+00 1.866218e+00 9.906000e+00
    endloop
  endfacet
  facet normal -7.705132e-01 6.374240e-01 1.439001e-16
    outer loop
      vertex   -2.568629e+00 1.866218e+00 9.906000e+00
      vertex   -2.314475e+00 2.173437e+00 7.366000e+00
      vertex   -2.568629e+00 1.866218e+00 7.366000e+00
    endloop
  endfacet
  facet normal -8.443279e-01 5.358268e-01 8.658674e-17
    outer loop
      vertex   -2.568629e+00 1.866218e+00 9.906000e+00
      vertex   -2.568629e+00 1.866218e+00 7.366000e+00
      vertex   -2.782274e+00 1.529568e+00 9.906000e+00
    endloop
  endfacet
  facet normal -8.443279e-01 5.358268e-01 -6.103409e-17
    outer loop
      vertex   -2.782274e+00 1.529568e+00 9.906000e+00
      vertex   -2.568629e+00 1.866218e+00 7.366000e+00
      vertex   -2.782274e+00 1.529568e+00 7.366000e+00
    endloop
  endfacet
  facet normal -9.048271e-01 4.257793e-01 -1.302905e-16
    outer loop
      vertex   -2.782274e+00 1.529568e+00 9.906000e+00
      vertex   -2.782274e+00 1.529568e+00 7.366000e+00
      vertex   -2.952040e+00 1.168795e+00 9.906000e+00
    endloop
  endfacet
  facet normal -9.048271e-01 4.257793e-01 -6.516136e-17
    outer loop
      vertex   -2.952040e+00 1.168795e+00 9.906000e+00
      vertex   -2.782274e+00 1.529568e+00 7.366000e+00
      vertex   -2.952040e+00 1.168795e+00 7.366000e+00
    endloop
  endfacet
  facet normal -9.510565e-01 3.090170e-01 -2.016892e-16
    outer loop
      vertex   -2.952040e+00 1.168795e+00 9.906000e+00
      vertex   -2.952040e+00 1.168795e+00 7.366000e+00
      vertex   -3.075252e+00 7.895904e-01 9.906000e+00
    endloop
  endfacet
  facet normal -9.510565e-01 3.090170e-01 9.309913e-18
    outer loop
      vertex   -3.075252e+00 7.895904e-01 9.906000e+00
      vertex   -2.952040e+00 1.168795e+00 7.366000e+00
      vertex   -3.075252e+00 7.895904e-01 7.366000e+00
    endloop
  endfacet
  facet normal -9.822873e-01 1.873813e-01 -6.526677e-17
    outer loop
      vertex   -3.075252e+00 7.895904e-01 9.906000e+00
      vertex   -3.075252e+00 7.895904e-01 7.366000e+00
      vertex   -3.149964e+00 3.979330e-01 9.906000e+00
    endloop
  endfacet
  facet normal -9.822873e-01 1.873813e-01 1.064746e-16
    outer loop
      vertex   -3.149964e+00 3.979330e-01 9.906000e+00
      vertex   -3.075252e+00 7.895904e-01 7.366000e+00
      vertex   -3.149964e+00 3.979330e-01 7.366000e+00
    endloop
  endfacet
  facet normal -9.980267e-01 6.279052e-02 3.567910e-17
    outer loop
      vertex   -3.149964e+00 3.979330e-01 9.906000e+00
      vertex   -3.149964e+00 3.979330e-01 7.366000e+00
      vertex   -3.175000e+00 -1.409983e-15 9.906000e+00
    endloop
  endfacet
  facet normal -9.980267e-01 6.279052e-02 6.971148e-17
    outer loop
      vertex   -3.175000e+00 -1.409983e-15 9.906000e+00
      vertex   -3.149964e+00 3.979330e-01 7.366000e+00
      vertex   -3.175000e+00 1.409983e-15 7.366000e+00
    endloop
  endfacet
  facet normal -9.980267e-01 -6.279052e-02 -6.971148e-17
    outer loop
      vertex   -3.175000e+00 -1.409983e-15 9.906000e+00
      vertex   -3.175000e+00 1.409983e-15 7.366000e+00
      vertex   -3.149964e+00 -3.979330e-01 9.906000e+00
    endloop
  endfacet
  facet normal -9.980267e-01 -6.279052e-02 -3.567910e-17
    outer loop
      vertex   -3.149964e+00 -3.979330e-01 9.906000e+00
      vertex   -3.175000e+00 1.409983e-15 7.366000e+00
      vertex   -3.149964e+00 -3.979330e-01 7.366000e+00
    endloop
  endfacet
  facet normal -9.822873e-01 -1.873813e-01 -1.064746e-16
    outer loop
      vertex   -3.149964e+00 -3.979330e-01 9.906000e+00
      vertex   -3.149964e+00 -3.979330e-01 7.366000e+00
      vertex   -3.075252e+00 -7.895904e-01 9.906000e+00
    endloop
  endfacet
  facet normal -9.822873e-01 -1.873813e-01 6.526677e-17
    outer loop
      vertex   -3.075252e+00 -7.895904e-01 9.906000e+00
      vertex   -3.149964e+00 -3.979330e-01 7.366000e+00
      vertex   -3.075252e+00 -7.895904e-01 7.366000e+00
    endloop
  endfacet
  facet normal -9.510565e-01 -3.090170e-01 -9.309913e-18
    outer loop
      vertex   -3.075252e+00 -7.895904e-01 9.906000e+00
      vertex   -3.075252e+00 -7.895904e-01 7.366000e+00
      vertex   -2.952040e+00 -1.168795e+00 9.906000e+00
    endloop
  endfacet
  facet normal -9.510565e-01 -3.090170e-01 2.016892e-16
    outer loop
      vertex   -2.952040e+00 -1.168795e+00 9.906000e+00
      vertex   -3.075252e+00 -7.895904e-01 7.366000e+00
      vertex   -2.952040e+00 -1.168795e+00 7.366000e+00
    endloop
  endfacet
  facet normal -9.048271e-01 -4.257793e-01 6.516136e-17
    outer loop
      vertex   -2.952040e+00 -1.168795e+00 9.906000e+00
      vertex   -2.952040e+00 -1.168795e+00 7.366000e+00
      vertex   -2.782274e+00 -1.529568e+00 9.906000e+00
    endloop
  endfacet
  facet normal -9.048271e-01 -4.257793e-01 1.302905e-16
    outer loop
      vertex   -2.782274e+00 -1.529568e+00 9.906000e+00
      vertex   -2.952040e+00 -1.168795e+00 7.366000e+00
      vertex   -2.782274e+00 -1.529568e+00 7.366000e+00
    endloop
  endfacet
  facet normal -8.443279e-01 -5.358268e-01 6.103409e-17
    outer loop
      vertex   -2.782274e+00 -1.529568e+00 9.906000e+00
      vertex   -2.782274e+00 -1.529568e+00 7.366000e+00
      vertex   -2.568629e+00 -1.866218e+00 9.906000e+00
    endloop
  endfacet
  facet normal -8.443279e-01 -5.358268e-01 -8.658674e-17
    outer loop
      vertex   -2.568629e+00 -1.866218e+00 9.906000e+00
      vertex   -2.782274e+00 -1.529568e+00 7.366000e+00
      vertex   -2.568629e+00 -1.866218e+00 7.366000e+00
    endloop
  endfacet
  facet normal -7.705132e-01 -6.374240e-01 -1.439001e-16
    outer loop
      vertex   -2.568629e+00 -1.866218e+00 9.906000e+00
      vertex   -2.568629e+00 -1.866218e+00 7.366000e+00
      vertex   -2.314475e+00 -2.173437e+00 9.906000e+00
    endloop
  endfacet
  facet normal -7.705132e-01 -6.374240e-01 1.812534e-16
    outer loop
      vertex   -2.314475e+00 -2.173437e+00 9.906000e+00
      vertex   -2.568629e+00 -1.866218e+00 7.366000e+00
      vertex   -2.314475e+00 -2.173437e+00 7.366000e+00
    endloop
  endfacet
  facet normal -6.845471e-01 -7.289686e-01 1.041519e-16
    outer loop
      vertex   -2.314475e+00 -2.173437e+00 9.906000e+00
      vertex   -2.314475e+00 -2.173437e+00 7.366000e+00
      vertex   -2.023821e+00 -2.446380e+00 9.906000e+00
    endloop
  endfacet
  facet normal -6.845471e-01 -7.289686e-01 -1.553316e-17
    outer loop
      vertex   -2.023821e+00 -2.446380e+00 9.906000e+00
      vertex   -2.314475e+00 -2.173437e+00 7.366000e+00
      vertex   -2.023821e+00 -2.446380e+00 7.366000e+00
    endloop
  endfacet
  facet normal -5.877853e-01 -8.090170e-01 -7.735955e-17
    outer loop
      vertex   -2.023821e+00 -2.446380e+00 9.906000e+00
      vertex   -2.023821e+00 -2.446380e+00 7.366000e+00
      vertex   -1.701250e+00 -2.680741e+00 9.906000e+00
    endloop
  endfacet
  facet normal -5.877853e-01 -8.090170e-01 1.408791e-16
    outer loop
      vertex   -1.701250e+00 -2.680741e+00 9.906000e+00
      vertex   -2.023821e+00 -2.446380e+00 7.366000e+00
      vertex   -1.701250e+00 -2.680741e+00 7.366000e+00
    endloop
  endfacet
  facet normal -4.817537e-01 -8.763067e-01 3.623552e-18
    outer loop
      vertex   -1.701250e+00 -2.680741e+00 9.906000e+00
      vertex   -1.701250e+00 -2.680741e+00 7.366000e+00
      vertex   -1.351849e+00 -2.872826e+00 9.906000e+00
    endloop
  endfacet
  facet normal -4.817537e-01 -8.763067e-01 3.623552e-18
    outer loop
      vertex   -1.351849e+00 -2.872826e+00 9.906000e+00
      vertex   -1.701250e+00 -2.680741e+00 7.366000e+00
      vertex   -1.351849e+00 -2.872826e+00 7.366000e+00
    endloop
  endfacet
  facet normal -3.681246e-01 -9.297765e-01 -1.336891e-16
    outer loop
      vertex   -1.351849e+00 -2.872826e+00 9.906000e+00
      vertex   -1.351849e+00 -2.872826e+00 7.366000e+00
      vertex   -9.811290e-01 -3.019604e+00 9.906000e+00
    endloop
  endfacet
  facet normal -3.681246e-01 -9.297765e-01 1.126340e-16
    outer loop
      vertex   -9.811290e-01 -3.019604e+00 9.906000e+00
      vertex   -1.351849e+00 -2.872826e+00 7.366000e+00
      vertex   -9.811290e-01 -3.019604e+00 7.366000e+00
    endloop
  endfacet
  facet normal -2.486899e-01 -9.685832e-01 7.609089e-17
    outer loop
      vertex   -9.811290e-01 -3.019604e+00 9.906000e+00
      vertex   -9.811290e-01 -3.019604e+00 7.366000e+00
      vertex   -5.949357e-01 -3.118762e+00 9.906000e+00
    endloop
  endfacet
  facet normal -2.486899e-01 -9.685832e-01 -4.977400e-17
    outer loop
      vertex   -5.949357e-01 -3.118762e+00 9.906000e+00
      vertex   -9.811290e-01 -3.019604e+00 7.366000e+00
      vertex   -5.949357e-01 -3.118762e+00 7.366000e+00
    endloop
  endfacet
  facet normal -1.253332e-01 -9.921147e-01 -1.131987e-16
    outer loop
      vertex   -5.949357e-01 -3.118762e+00 9.906000e+00
      vertex   -5.949357e-01 -3.118762e+00 7.366000e+00
      vertex   -1.993599e-01 -3.168735e+00 9.906000e+00
    endloop
  endfacet
  facet normal -1.253332e-01 -9.921147e-01 6.847827e-17
    outer loop
      vertex   -1.993599e-01 -3.168735e+00 9.906000e+00
      vertex   -5.949357e-01 -3.118762e+00 7.366000e+00
      vertex   -1.993599e-01 -3.168735e+00 7.366000e+00
    endloop
  endfacet
  facet normal 0.000000e+00 -1.000000e+00 -0.000000e+00
    outer loop
      vertex   -1.993599e-01 -3.168735e+00 9.906000e+00
      vertex   -1.993599e-01 -3.168735e+00 7.366000e+00
      vertex   1.993599e-01 -3.168735e+00 9.906000e+00
    endloop
  endfacet
  facet normal 0.000000e+00 -1.000000e+00 0.000000e+00
    outer loop
      vertex   1.993599e-01 -3.168735e+00 9.906000e+00
      vertex   -1.993599e-01 -3.168735e+00 7.366000e+00
      vertex   1.993599e-01 -3.168735e+00 7.366000e+00
    endloop
  endfacet
  facet normal 1.253332e-01 -9.921147e-01 -1.027174e-16
    outer loop
      vertex   1.993599e-01 -3.168735e+00 9.906000e+00
      vertex   1.993599e-01 -3.168735e+00 7.366000e+00
      vertex   5.949357e-01 -3.118762e+00 9.906000e+00
    endloop
  endfacet
  facet normal 1.253332e-01 -9.921147e-01 3.650308e-17
    outer loop
      vertex   5.949357e-01 -3.118762e+00 9.906000e+00
      vertex   1.993599e-01 -3.168735e+00 7.366000e+00
      vertex   5.949357e-01 -3.118762e+00 7.366000e+00
    endloop
  endfacet
  facet normal 2.486899e-01 -9.685832e-01 -1.024078e-16
    outer loop
      vertex   5.949357e-01 -3.118762e+00 9.906000e+00
      vertex   5.949357e-01 -3.118762e+00 7.366000e+00
      vertex   9.811290e-01 -3.019604e+00 9.906000e+00
    endloop
  endfacet
  facet normal 2.486899e-01 -9.685832e-01 0.000000e+00
    outer loop
      vertex   9.811290e-01 -3.019604e+00 9.906000e+00
      vertex   5.949357e-01 -3.118762e+00 7.366000e+00
      vertex   9.811290e-01 -3.019604e+00 7.366000e+00
    endloop
  endfacet
  facet normal 3.681246e-01 -9.297765e-01 0.000000e+00
    outer loop
      vertex   9.811290e-01 -3.019604e+00 9.906000e+00
      vertex   9.811290e-01 -3.019604e+00 7.366000e+00
      vertex   1.351849e+00 -2.872826e+00 9.906000e+00
    endloop
  endfacet
  facet normal 3.681246e-01 -9.297765e-01 0.000000e+00
    outer loop
      vertex   1.351849e+00 -2.872826e+00 9.906000e+00
      vertex   9.811290e-01 -3.019604e+00 7.366000e+00
      vertex   1.351849e+00 -2.872826e+00 7.366000e+00
    endloop
  endfacet
  facet normal 4.817537e-01 -8.763067e-01 0.000000e+00
    outer loop
      vertex   1.351849e+00 -2.872826e+00 9.906000e+00
      vertex   1.351849e+00 -2.872826e+00 7.366000e+00
      vertex   1.701250e+00 -2.680741e+00 9.906000e+00
    endloop
  endfacet
  facet normal 4.817537e-01 -8.763067e-01 -9.947499e-17
    outer loop
      vertex   1.701250e+00 -2.680741e+00 9.906000e+00
      vertex   1.351849e+00 -2.872826e+00 7.366000e+00
      vertex   1.701250e+00 -2.680741e+00 7.366000e+00
    endloop
  endfacet
  facet normal 5.877853e-01 -8.090170e-01 -1.668549e-16
    outer loop
      vertex   1.701250e+00 -2.680741e+00 9.906000e+00
      vertex   1.701250e+00 -2.680741e+00 7.366000e+00
      vertex   2.023821e+00 -2.446380e+00 9.906000e+00
    endloop
  endfacet
  facet normal 5.877853e-01 -8.090170e-01 1.327197e-17
    outer loop
      vertex   2.023821e+00 -2.446380e+00 9.906000e+00
      vertex   1.701250e+00 -2.680741e+00 7.366000e+00
      vertex   2.023821e+00 -2.446380e+00 7.366000e+00
    endloop
  endfacet
  facet normal 6.845471e-01 -7.289686e-01 -9.638529e-17
    outer loop
      vertex   2.023821e+00 -2.446380e+00 9.906000e+00
      vertex   2.023821e+00 -2.446380e+00 7.366000e+00
      vertex   2.314475e+00 -2.173437e+00 9.906000e+00
    endloop
  endfacet
  facet normal 6.845471e-01 -7.289686e-01 -8.861870e-17
    outer loop
      vertex   2.314475e+00 -2.173437e+00 9.906000e+00
      vertex   2.023821e+00 -2.446380e+00 7.366000e+00
      vertex   2.314475e+00 -2.173437e+00 7.366000e+00
    endloop
  endfacet
  facet normal 7.705132e-01 -6.374240e-01 -2.277916e-16
    outer loop
      vertex   2.314475e+00 -2.173437e+00 9.906000e+00
      vertex   2.314475e+00 -2.173437e+00 7.366000e+00
      vertex   2.568629e+00 -1.866218e+00 9.906000e+00
    endloop
  endfacet
  facet normal 7.705132e-01 -6.374240e-01 7.409278e-17
    outer loop
      vertex   2.568629e+00 -1.866218e+00 9.906000e+00
      vertex   2.314475e+00 -2.173437e+00 7.366000e+00
      vertex   2.568629e+00 -1.866218e+00 7.366000e+00
    endloop
  endfacet
  facet normal 8.443279e-01 -5.358268e-01 -7.522667e-17
    outer loop
      vertex   2.568629e+00 -1.866218e+00 9.906000e+00
      vertex   2.568629e+00 -1.866218e+00 7.366000e+00
      vertex   2.782274e+00 -1.529568e+00 9.906000e+00
    endloop
  endfacet
  facet normal 8.443279e-01 -5.358268e-01 0.000000e+00
    outer loop
      vertex   2.782274e+00 -1.529568e+00 9.906000e+00
      vertex   2.568629e+00 -1.866218e+00 7.366000e+00
      vertex   2.782274e+00 -1.529568e+00 7.366000e+00
    endloop
  endfacet
  facet normal 9.048271e-01 -4.257793e-01 0.000000e+00
    outer loop
      vertex   2.782274e+00 -1.529568e+00 9.906000e+00
      vertex   2.782274e+00 -1.529568e+00 7.366000e+00
      vertex   2.952040e+00 -1.168795e+00 9.906000e+00
    endloop
  endfacet
  facet normal 9.048271e-01 -4.257793e-01 -1.302905e-16
    outer loop
      vertex   2.952040e+00 -1.168795e+00 9.906000e+00
      vertex   2.782274e+00 -1.529568e+00 7.366000e+00
      vertex   2.952040e+00 -1.168795e+00 7.366000e+00
    endloop
  endfacet
  facet normal 9.510565e-01 -3.090170e-01 -1.974922e-16
    outer loop
      vertex   2.952040e+00 -1.168795e+00 9.906000e+00
      vertex   2.952040e+00 -1.168795e+00 7.366000e+00
      vertex   3.075252e+00 -7.895904e-01 9.906000e+00
    endloop
  endfacet
  facet normal 9.510565e-01 -3.090170e-01 2.281691e-17
    outer loop
      vertex   3.075252e+00 -7.895904e-01 9.906000e+00
      vertex   2.952040e+00 -1.168795e+00 7.366000e+00
      vertex   3.075252e+00 -7.895904e-01 7.366000e+00
    endloop
  endfacet
  facet normal 9.822873e-01 -1.873813e-01 -5.707642e-17
    outer loop
      vertex   3.075252e+00 -7.895904e-01 9.906000e+00
      vertex   3.075252e+00 -7.895904e-01 7.366000e+00
      vertex   3.149964e+00 -3.979330e-01 9.906000e+00
    endloop
  endfacet
  facet normal 9.822873e-01 -1.873813e-01 2.047589e-16
    outer loop
      vertex   3.149964e+00 -3.979330e-01 9.906000e+00
      vertex   3.075252e+00 -7.895904e-01 7.366000e+00
      vertex   3.149964e+00 -3.979330e-01 7.366000e+00
    endloop
  endfacet
  facet normal -0.000000e+00 0.000000e+00 1.000000e+00
    outer loop
      vertex   2.044614e+00 -3.238350e-01 9.906000e+00
      vertex   3.149964e+00 -3.979330e-01 9.906000e+00
      vertex   2.070100e+00 2.535141e-16 9.906000e+00
    endloop
  endfacet
  facet normal -0.000000e+00 0.000000e+00 1.000000e+00
    outer loop
      vertex   2.070100e+00 2.535141e-16 9.906000e+00
      vertex   3.149964e+00 -3.979330e-01 9.906000e+00
      vertex   3.175000e+00 3.888254e-16 9.906000e+00
    endloop
  endfacet
  facet normal 0.000000e+00 0.000000e+00 1.000000e+00
    outer loop
      vertex   2.070100e+00 2.535141e-16 9.906000e+00
      vertex   3.175000e+00 3.888254e-16 9.906000e+00
      vertex   3.149964e+00 3.979330e-01 9.906000e+00
    endloop
  endfacet
  facet normal 0.000000e+00 0.000000e+00 1.000000e+00
    outer loop
      vertex   3.149964e+00 -3.979330e-01 9.906000e+00
      vertex   2.044614e+00 -3.238350e-01 9.906000e+00
      vertex   3.075252e+00 -7.895904e-01 9.906000e+00
    endloop
  endfacet
  facet normal 0.000000e+00 0.000000e+00 1.000000e+00
    outer loop
      vertex   3.075252e+00 -7.895904e-01 9.906000e+00
      vertex   2.044614e+00 -3.238350e-01 9.906000e+00
      vertex   1.968782e+00 -6.396961e-01 9.906000e+00
    endloop
  endfacet
  facet normal 0.000000e+00 0.000000e+00 1.000000e+00
    outer loop
      vertex   3.075252e+00 -7.895904e-01 9.906000e+00
      vertex   1.968782e+00 -6.396961e-01 9.906000e+00
      vertex   2.952040e+00 -1.168795e+00 9.906000e+00
    endloop
  endfacet
  facet normal 0.000000e+00 0.000000e+00 1.000000e+00
    outer loop
      vertex   2.952040e+00 -1.168795e+00 9.906000e+00
      vertex   1.968782e+00 -6.396961e-01 9.906000e+00
      vertex   1.844473e+00 -9.398057e-01 9.906000e+00
    endloop
  endfacet
  facet normal 0.000000e+00 0.000000e+00 1.000000e+00
    outer loop
      vertex   2.952040e+00 -1.168795e+00 9.906000e+00
      vertex   1.844473e+00 -9.398057e-01 9.906000e+00
      vertex   2.782274e+00 -1.529568e+00 9.906000e+00
    endloop
  endfacet
  facet normal 0.000000e+00 0.000000e+00 1.000000e+00
    outer loop
      vertex   2.782274e+00 -1.529568e+00 9.906000e+00
      vertex   1.844473e+00 -9.398057e-01 9.906000e+00
      vertex   1.674746e+00 -1.216774e+00 9.906000e+00
    endloop
  endfacet
  facet normal 0.000000e+00 0.000000e+00 1.000000e+00
    outer loop
      vertex   2.782274e+00 -1.529568e+00 9.906000e+00
      vertex   1.674746e+00 -1.216774e+00 9.906000e+00
      vertex   2.568629e+00 -1.866218e+00 9.906000e+00
    endloop
  endfacet
  facet normal 0.000000e+00 0.000000e+00 1.000000e+00
    outer loop
      vertex   2.568629e+00 -1.866218e+00 9.906000e+00
      vertex   1.674746e+00 -1.216774e+00 9.906000e+00
      vertex   2.314475e+00 -2.173437e+00 9.906000e+00
    endloop
  endfacet
  facet normal 0.000000e+00 0.000000e+00 1.000000e+00
    outer loop
      vertex   2.314475e+00 -2.173437e+00 9.906000e+00
      vertex   1.674746e+00 -1.216774e+00 9.906000e+00
      vertex   1.463782e+00 -1.463782e+00 9.906000e+00
    endloop
  endfacet
  facet normal 0.000000e+00 0.000000e+00 1.000000e+00
    outer loop
      vertex   2.314475e+00 -2.173437e+00 9.906000e+00
      vertex   1.463782e+00 -1.463782e+00 9.906000e+00
      vertex   2.023821e+00 -2.446380e+00 9.906000e+00
    endloop
  endfacet
  facet normal 0.000000e+00 0.000000e+00 1.000000e+00
    outer loop
      vertex   2.023821e+00 -2.446380e+00 9.906000e+00
      vertex   1.463782e+00 -1.463782e+00 9.906000e+00
      vertex   1.216774e+00 -1.674746e+00 9.906000e+00
    endloop
  endfacet
  facet normal 0.000000e+00 0.000000e+00 1.000000e+00
    outer loop
      vertex   2.023821e+00 -2.446380e+00 9.906000e+00
      vertex   1.216774e+00 -1.674746e+00 9.906000e+00
      vertex   1.701250e+00 -2.680741e+00 9.906000e+00
    endloop
  endfacet
  facet normal 0.000000e+00 0.000000e+00 1.000000e+00
    outer loop
      vertex   1.701250e+00 -2.680741e+00 9.906000e+00
      vertex   1.216774e+00 -1.674746e+00 9.906000e+00
      vertex   9.398057e-01 -1.844473e+00 9.906000e+00
    endloop
  endfacet
  facet normal 0.000000e+00 0.000000e+00 1.000000e+00
    outer loop
      vertex   1.701250e+00 -2.680741e+00 9.906000e+00
      vertex   9.398057e-01 -1.844473e+00 9.906000e+00
      vertex   1.351849e+00 -2.872826e+00 9.906000e+00
    endloop
  endfacet
  facet normal 0.000000e+00 0.000000e+00 1.000000e+00
    outer loop
      vertex   1.351849e+00 -2.872826e+00 9.906000e+00
      vertex   9.398057e-01 -1.844473e+00 9.906000e+00
      vertex   6.396961e-01 -1.968782e+00 9.906000e+00
    endloop
  endfacet
  facet normal 0.000000e+00 0.000000e+00 1.000000e+00
    outer loop
      vertex   1.351849e+00 -2.872826e+00 9.906000e+00
      vertex   6.396961e-01 -1.968782e+00 9.906000e+00
      vertex   9.811290e-01 -3.019604e+00 9.906000e+00
    endloop
  endfacet
  facet normal 0.000000e+00 0.000000e+00 1.000000e+00
    outer loop
      vertex   9.811290e-01 -3.019604e+00 9.906000e+00
      vertex   6.396961e-01 -1.968782e+00 9.906000e+00
      vertex   5.949357e-01 -3.118762e+00 9.906000e+00
    endloop
  endfacet
  facet normal 0.000000e+00 -0.000000e+00 1.000000e+00
    outer loop
      vertex   5.949357e-01 -3.118762e+00 9.906000e+00
      vertex   6.396961e-01 -1.968782e+00 9.906000e+00
      vertex   3.238350e-01 -2.044614e+00 9.906000e+00
    endloop
  endfacet
  facet normal 0.000000e+00 0.000000e+00 1.000000e+00
    outer loop
      vertex   5.949357e-01 -3.118762e+00 9.906000e+00
      vertex   3.238350e-01 -2.044614e+00 9.906000e+00
      vertex   1.993599e-01 -3.168735e+00 9.906000e+00
    endloop
  endfacet
  facet normal 0.000000e+00 -0.000000e+00 1.000000e+00
    outer loop
      vertex   1.993599e-01 -3.168735e+00 9.906000e+00
      vertex   3.238350e-01 -2.044614e+00 9.906000e+00
      vertex   -1.267571e-16 -2.070100e+00 9.906000e+00
    endloop
  endfacet
  facet normal 0.000000e+00 0.000000e+00 1.000000e+00
    outer loop
      vertex   1.993599e-01 -3.168735e+00 9.906000e+00
      vertex   -1.267571e-16 -2.070100e+00 9.906000e+00
      vertex   -1.993599e-01 -3.168735e+00 9.906000e+00
    endloop
  endfacet
  facet normal 0.000000e+00 -0.000000e+00 1.000000e+00
    outer loop
      vertex   -1.993599e-01 -3.168735e+00 9.906000e+00
      vertex   -1.267571e-16 -2.070100e+00 9.906000e+00
      vertex   -3.238350e-01 -2.044614e+00 9.906000e+00
    endloop
  endfacet
  facet normal 0.000000e+00 0.000000e+00 1.000000e+00
    outer loop
      vertex   -1.993599e-01 -3.168735e+00 9.906000e+00
      vertex   -3.238350e-01 -2.044614e+00 9.906000e+00
      vertex   -5.949357e-01 -3.118762e+00 9.906000e+00
    endloop
  endfacet
  facet normal 0.000000e+00 -0.000000e+00 1.000000e+00
    outer loop
      vertex   -5.949357e-01 -3.118762e+00 9.906000e+00
      vertex   -3.238350e-01 -2.044614e+00 9.906000e+00
      vertex   -6.396961e-01 -1.968782e+00 9.906000e+00
    endloop
  endfacet
  facet normal 0.000000e+00 0.000000e+00 1.000000e+00
    outer loop
      vertex   -5.949357e-01 -3.118762e+00 9.906000e+00
      vertex   -6.396961e-01 -1.968782e+00 9.906000e+00
      vertex   -9.811290e-01 -3.019604e+00 9.906000e+00
    endloop
  endfacet
  facet normal 0.000000e+00 -0.000000e+00 1.000000e+00
    outer loop
      vertex   -9.811290e-01 -3.019604e+00 9.906000e+00
      vertex   -6.396961e-01 -1.968782e+00 9.906000e+00
      vertex   -1.351849e+00 -2.872826e+00 9.906000e+00
    endloop
  endfacet
  facet normal 0.000000e+00 0.000000e+00 1.000000e+00
    outer loop
      vertex   -1.351849e+00 -2.872826e+00 9.906000e+00
      vertex   -6.396961e-01 -1.968782e+00 9.906000e+00
      vertex   -9.398057e-01 -1.844473e+00 9.906000e+00
    endloop
  endfacet
  facet normal 0.000000e+00 -0.000000e+00 1.000000e+00
    outer loop
      vertex   -1.351849e+00 -2.872826e+00 9.906000e+00
      vertex   -9.398057e-01 -1.844473e+00 9.906000e+00
      vertex   -1.701250e+00 -2.680741e+00 9.906000e+00
    endloop
  endfacet
  facet normal 0.000000e+00 0.000000e+00 1.000000e+00
    outer loop
      vertex   -1.701250e+00 -2.680741e+00 9.906000e+00
      vertex   -9.398057e-01 -1.844473e+00 9.906000e+00
      vertex   -1.216774e+00 -1.674746e+00 9.906000e+00
    endloop
  endfacet
  facet normal 0.000000e+00 -0.000000e+00 1.000000e+00
    outer loop
      vertex   -1.701250e+00 -2.680741e+00 9.906000e+00
      vertex   -1.216774e+00 -1.674746e+00 9.906000e+00
      vertex   -2.023821e+00 -2.446380e+00 9.906000e+00
    endloop
  endfacet
  facet normal 0.000000e+00 0.000000e+00 1.000000e+00
    outer loop
      vertex   -2.023821e+00 -2.446380e+00 9.906000e+00
      vertex   -1.216774e+00 -1.674746e+00 9.906000e+00
      vertex   -1.463782e+00 -1.463782e+00 9.906000e+00
    endloop
  endfacet
  facet normal 0.000000e+00 -0.000000e+00 1.000000e+00
    outer loop
      vertex   -2.023821e+00 -2.446380e+00 9.906000e+00
      vertex   -1.463782e+00 -1.463782e+00 9.906000e+00
      vertex   -2.314475e+00 -2.173437e+00 9.906000e+00
    endloop
  endfacet
  facet normal 0.000000e+00 0.000000e+00 1.000000e+00
    outer loop
      vertex   -2.314475e+00 -2.173437e+00 9.906000e+00
      vertex   -1.463782e+00 -1.463782e+00 9.906000e+00
      vertex   -1.674746e+00 -1.216774e+00 9.906000e+00
    endloop
  endfacet
  facet normal 0.000000e+00 -0.000000e+00 1.000000e+00
    outer loop
      vertex   -2.314475e+00 -2.173437e+00 9.906000e+00
      vertex   -1.674746e+00 -1.216774e+00 9.906000e+00
      vertex   -2.568629e+00 -1.866218e+00 9.906000e+00
    endloop
  endfacet
  facet normal 0.000000e+00 -0.000000e+00 1.000000e+00
    outer loop
      vertex   -2.568629e+00 -1.866218e+00 9.906000e+00
      vertex   -1.674746e+00 -1.216774e+00 9.906000e+00
      vertex   -2.782274e+00 -1.529568e+00 9.906000e+00
    endloop
  endfacet
  facet normal 0.000000e+00 0.000000e+00 1.000000e+00
    outer loop
      vertex   -2.782274e+00 -1.529568e+00 9.906000e+00
      vertex   -1.674746e+00 -1.216774e+00 9.906000e+00
      vertex   -1.844473e+00 -9.398057e-01 9.906000e+00
    endloop
  endfacet
  facet normal 0.000000e+00 -0.000000e+00 1.000000e+00
    outer loop
      vertex   -2.782274e+00 -1.529568e+00 9.906000e+00
      vertex   -1.844473e+00 -9.398057e-01 9.906000e+00
      vertex   -2.952040e+00 -1.168795e+00 9.906000e+00
    endloop
  endfacet
  facet normal 0.000000e+00 0.000000e+00 1.000000e+00
    outer loop
      vertex   -2.952040e+00 -1.168795e+00 9.906000e+00
      vertex   -1.844473e+00 -9.398057e-01 9.906000e+00
      vertex   -1.968782e+00 -6.396961e-01 9.906000e+00
    endloop
  endfacet
  facet normal 0.000000e+00 -0.000000e+00 1.000000e+00
    outer loop
      vertex   -2.952040e+00 -1.168795e+00 9.906000e+00
      vertex   -1.968782e+00 -6.396961e-01 9.906000e+00
      vertex   -3.075252e+00 -7.895904e-01 9.906000e+00
    endloop
  endfacet
  facet normal 0.000000e+00 0.000000e+00 1.000000e+00
    outer loop
      vertex   -3.075252e+00 -7.895904e-01 9.906000e+00
      vertex   -1.968782e+00 -6.396961e-01 9.906000e+00
      vertex   -2.044614e+00 -3.238350e-01 9.906000e+00
    endloop
  endfacet
  facet normal 0.000000e+00 -0.000000e+00 1.000000e+00
    outer loop
      vertex   -3.075252e+00 -7.895904e-01 9.906000e+00
      vertex   -2.044614e+00 -3.238350e-01 9.906000e+00
      vertex   -3.149964e+00 -3.979330e-01 9.906000e+00
    endloop
  endfacet
  facet normal 0.000000e+00 0.000000e+00 1.000000e+00
    outer loop
      vertex   -3.149964e+00 -3.979330e-01 9.906000e+00
      vertex   -2.044614e+00 -3.238350e-01 9.906000e+00
      vertex   -2.070100e+00 0.000000e+00 9.906000e+00
    endloop
  endfacet
  facet normal 0.000000e+00 -0.000000e+00 1.000000e+00
    outer loop
      vertex   -3.149964e+00 -3.979330e-01 9.906000e+00
      vertex   -2.070100e+00 0.000000e+00 9.906000e+00
      vertex   -3.175000e+00 -1.409983e-15 9.906000e+00
    endloop
  endfacet
  facet normal 0.000000e+00 0.000000e+00 1.000000e+00
    outer loop
      vertex   -3.175000e+00 -1.409983e-15 9.906000e+00
      vertex   -2.070100e+00 0.000000e+00 9.906000e+00
      vertex   -3.149964e+00 3.979330e-01 9.906000e+00
    endloop
  endfacet
  facet normal 0.000000e+00 0.000000e+00 1.000000e+00
    outer loop
      vertex   -3.149964e+00 3.979330e-01 9.906000e+00
      vertex   -2.070100e+00 0.000000e+00 9.906000e+00
      vertex   -2.044614e+00 3.238350e-01 9.906000e+00
    endloop
  endfacet
  facet normal -0.000000e+00 0.000000e+00 1.000000e+00
    outer loop
      vertex   -3.149964e+00 3.979330e-01 9.906000e+00
      vertex   -2.044614e+00 3.238350e-01 9.906000e+00
      vertex   -3.075252e+00 7.895904e-01 9.906000e+00
    endloop
  endfacet
  facet normal 0.000000e+00 0.000000e+00 1.000000e+00
    outer loop
      vertex   -3.075252e+00 7.895904e-01 9.906000e+00
      vertex   -2.044614e+00 3.238350e-01 9.906000e+00
      vertex   -1.968782e+00 6.396961e-01 9.906000e+00
    endloop
  endfacet
  facet normal -0.000000e+00 0.000000e+00 1.000000e+00
    outer loop
      vertex   -3.075252e+00 7.895904e-01 9.906000e+00
      vertex   -1.968782e+00 6.396961e-01 9.906000e+00
      vertex   -2.952040e+00 1.168795e+00 9.906000e+00
    endloop
  endfacet
  facet normal 0.000000e+00 0.000000e+00 1.000000e+00
    outer loop
      vertex   -2.952040e+00 1.168795e+00 9.906000e+00
      vertex   -1.968782e+00 6.396961e-01 9.906000e+00
      vertex   -1.844473e+00 9.398057e-01 9.906000e+00
    endloop
  endfacet
  facet normal -0.000000e+00 0.000000e+00 1.000000e+00
    outer loop
      vertex   -2.952040e+00 1.168795e+00 9.906000e+00
      vertex   -1.844473e+00 9.398057e-01 9.906000e+00
      vertex   -2.782274e+00 1.529568e+00 9.906000e+00
    endloop
  endfacet
  facet normal 0.000000e+00 0.000000e+00 1.000000e+00
    outer loop
      vertex   -2.782274e+00 1.529568e+00 9.906000e+00
      vertex   -1.844473e+00 9.398057e-01 9.906000e+00
      vertex   -1.674746e+00 1.216774e+00 9.906000e+00
    endloop
  endfacet
  facet normal -0.000000e+00 0.000000e+00 1.000000e+00
    outer loop
      vertex   -2.782274e+00 1.529568e+00 9.906000e+00
      vertex   -1.674746e+00 1.216774e+00 9.906000e+00
      vertex   -2.568629e+00 1.866218e+00 9.906000e+00
    endloop
  endfacet
  facet normal -0.000000e+00 0.000000e+00 1.000000e+00
    outer loop
      vertex   -2.568629e+00 1.866218e+00 9.906000e+00
      vertex   -1.674746e+00 1.216774e+00 9.906000e+00
      vertex   -2.314475e+00 2.173437e+00 9.906000e+00
    endloop
  endfacet
  facet normal 0.000000e+00 0.000000e+00 1.000000e+00
    outer loop
      vertex   -2.314475e+00 2.173437e+00 9.906000e+00
      vertex   -1.674746e+00 1.216774e+00 9.906000e+00
      vertex   -1.463782e+00 1.463782e+00 9.906000e+00
    endloop
  endfacet
  facet normal -0.000000e+00 0.000000e+00 1.000000e+00
    outer loop
      vertex   -2.314475e+00 2.173437e+00 9.906000e+00
      vertex   -1.463782e+00 1.463782e+00 9.906000e+00
      vertex   -2.023821e+00 2.446380e+00 9.906000e+00
    endloop
  endfacet
  facet normal 0.000000e+00 0.000000e+00 1.000000e+00
    outer loop
      vertex   -2.023821e+00 2.446380e+00 9.906000e+00
      vertex   -1.463782e+00 1.463782e+00 9.906000e+00
      vertex   -1.216774e+00 1.674746e+00 9.906000e+00
    endloop
  endfacet
  facet normal -0.000000e+00 0.000000e+00 1.000000e+00
    outer loop
      vertex   -2.023821e+00 2.446380e+00 9.906000e+00
      vertex   -1.216774e+00 1.674746e+00 9.906000e+00
      vertex   -1.701250e+00 2.680741e+00 9.906000e+00
    endloop
  endfacet
  facet normal 0.000000e+00 0.000000e+00 1.000000e+00
    outer loop
      vertex   -1.701250e+00 2.680741e+00 9.906000e+00
      vertex   -1.216774e+00 1.674746e+00 9.906000e+00
      vertex   -9.398057e-01 1.844473e+00 9.906000e+00
    endloop
  endfacet
  facet normal -0.000000e+00 0.000000e+00 1.000000e+00
    outer loop
      vertex   -1.701250e+00 2.680741e+00 9.906000e+00
      vertex   -9.398057e-01 1.844473e+00 9.906000e+00
      vertex   -1.351849e+00 2.872826e+00 9.906000e+00
    endloop
  endfacet
  facet normal 0.000000e+00 0.000000e+00 1.000000e+00
    outer loop
      vertex   -1.351849e+00 2.872826e+00 9.906000e+00
      vertex   -9.398057e-01 1.844473e+00 9.906000e+00
      vertex   -6.396961e-01 1.968782e+00 9.906000e+00
    endloop
  endfacet
  facet normal -0.000000e+00 0.000000e+00 1.000000e+00
    outer loop
      vertex   -1.351849e+00 2.872826e+00 9.906000e+00
      vertex   -6.396961e-01 1.968782e+00 9.906000e+00
      vertex   -9.811290e-01 3.019604e+00 9.906000e+00
    endloop
  endfacet
  facet normal -0.000000e+00 0.000000e+00 1.000000e+00
    outer loop
      vertex   -9.811290e-01 3.019604e+00 9.906000e+00
      vertex   -6.396961e-01 1.968782e+00 9.906000e+00
      vertex   -5.949357e-01 3.118762e+00 9.906000e+00
    endloop
  endfacet
  facet normal 0.000000e+00 0.000000e+00 1.000000e+00
    outer loop
      vertex   -5.949357e-01 3.118762e+00 9.906000e+00
      vertex   -6.396961e-01 1.968782e+00 9.906000e+00
      vertex   -3.238350e-01 2.044614e+00 9.906000e+00
    endloop
  endfacet
  facet normal -0.000000e+00 0.000000e+00 1.000000e+00
    outer loop
      vertex   -5.949357e-01 3.118762e+00 9.906000e+00
      vertex   -3.238350e-01 2.044614e+00 9.906000e+00
      vertex   -1.993599e-01 3.168735e+00 9.906000e+00
    endloop
  endfacet
  facet normal 0.000000e+00 0.000000e+00 1.000000e+00
    outer loop
      vertex   -1.993599e-01 3.168735e+00 9.906000e+00
      vertex   -3.238350e-01 2.044614e+00 9.906000e+00
      vertex   -1.267571e-16 2.070100e+00 9.906000e+00
    endloop
  endfacet
  facet normal -0.000000e+00 0.000000e+00 1.000000e+00
    outer loop
      vertex   -1.993599e-01 3.168735e+00 9.906000e+00
      vertex   -1.267571e-16 2.070100e+00 9.906000e+00
      vertex   1.993599e-01 3.168735e+00 9.906000e+00
    endloop
  endfacet
  facet normal 0.000000e+00 0.000000e+00 1.000000e+00
    outer loop
      vertex   1.993599e-01 3.168735e+00 9.906000e+00
      vertex   -1.267571e-16 2.070100e+00 9.906000e+00
      vertex   3.238350e-01 2.044614e+00 9.906000e+00
    endloop
  endfacet
  facet normal 0.000000e+00 0.000000e+00 1.000000e+00
    outer loop
      vertex   1.993599e-01 3.168735e+00 9.906000e+00
      vertex   3.238350e-01 2.044614e+00 9.906000e+00
      vertex   5.949357e-01 3.118762e+00 9.906000e+00
    endloop
  endfacet
  facet normal 0.000000e+00 0.000000e+00 1.000000e+00
    outer loop
      vertex   5.949357e-01 3.118762e+00 9.906000e+00
      vertex   3.238350e-01 2.044614e+00 9.906000e+00
      vertex   6.396961e-01 1.968782e+00 9.906000e+00
    endloop
  endfacet
  facet normal 0.000000e+00 0.000000e+00 1.000000e+00
    outer loop
      vertex   5.949357e-01 3.118762e+00 9.906000e+00
      vertex   6.396961e-01 1.968782e+00 9.906000e+00
      vertex   9.811290e-01 3.019604e+00 9.906000e+00
    endloop
  endfacet
  facet normal 0.000000e+00 0.000000e+00 1.000000e+00
    outer loop
      vertex   9.811290e-01 3.019604e+00 9.906000e+00
      vertex   6.396961e-01 1.968782e+00 9.906000e+00
      vertex   1.351849e+00 2.872826e+00 9.906000e+00
    endloop
  endfacet
  facet normal 0.000000e+00 0.000000e+00 1.000000e+00
    outer loop
      vertex   1.351849e+00 2.872826e+00 9.906000e+00
      vertex   6.396961e-01 1.968782e+00 9.906000e+00
      vertex   9.398057e-01 1.844473e+00 9.906000e+00
    endloop
  endfacet
  facet normal 0.000000e+00 0.000000e+00 1.000000e+00
    outer loop
      vertex   1.351849e+00 2.872826e+00 9.906000e+00
      vertex   9.398057e-01 1.844473e+00 9.906000e+00
      vertex   1.701250e+00 2.680741e+00 9.906000e+00
    endloop
  endfacet
  facet normal 0.000000e+00 0.000000e+00 1.000000e+00
    outer loop
      vertex   1.701250e+00 2.680741e+00 9.906000e+00
      vertex   9.398057e-01 1.844473e+00 9.906000e+00
      vertex   1.216774e+00 1.674746e+00 9.906000e+00
    endloop
  endfacet
  facet normal 0.000000e+00 0.000000e+00 1.000000e+00
    outer loop
      vertex   1.701250e+00 2.680741e+00 9.906000e+00
      vertex   1.216774e+00 1.674746e+00 9.906000e+00
      vertex   2.023821e+00 2.446380e+00 9.906000e+00
    endloop
  endfacet
  facet normal 0.000000e+00 0.000000e+00 1.000000e+00
    outer loop
      vertex   2.023821e+00 2.446380e+00 9.906000e+00
      vertex   1.216774e+00 1.674746e+00 9.906000e+00
      vertex   1.463782e+00 1.463782e+00 9.906000e+00
    endloop
  endfacet
  facet normal 0.000000e+00 0.000000e+00 1.000000e+00
    outer loop
      vertex   2.023821e+00 2.446380e+00 9.906000e+00
      vertex   1.463782e+00 1.463782e+00 9.906000e+00
      vertex   2.314475e+00 2.173437e+00 9.906000e+00
    endloop
  endfacet
  facet normal 0.000000e+00 0.000000e+00 1.000000e+00
    outer loop
      vertex   2.314475e+00 2.173437e+00 9.906000e+00
      vertex   1.463782e+00 1.463782e+00 9.906000e+00
      vertex   1.674746e+00 1.216774e+00 9.906000e+00
    endloop
  endfacet
  facet normal 0.000000e+00 0.000000e+00 1.000000e+00
    outer loop
      vertex   2.314475e+00 2.173437e+00 9.906000e+00
      vertex   1.674746e+00 1.216774e+00 9.906000e+00
      vertex   2.568629e+00 1.866218e+00 9.906000e+00
    endloop
  endfacet
  facet normal 0.000000e+00 0.000000e+00 1.000000e+00
    outer loop
      vertex   2.568629e+00 1.866218e+00 9.906000e+00
      vertex   1.674746e+00 1.216774e+00 9.906000e+00
      vertex   2.782274e+00 1.529568e+00 9.906000e+00
    endloop
  endfacet
  facet normal 0.000000e+00 0.000000e+00 1.000000e+00
    outer loop
      vertex   2.782274e+00 1.529568e+00 9.906000e+00
      vertex   1.674746e+00 1.216774e+00 9.906000e+00
      vertex   1.844473e+00 9.398057e-01 9.906000e+00
    endloop
  endfacet
  facet normal 0.000000e+00 0.000000e+00 1.000000e+00
    outer loop
      vertex   2.782274e+00 1.529568e+00 9.906000e+00
      vertex   1.844473e+00 9.398057e-01 9.906000e+00
      vertex   2.952040e+00 1.168795e+00 9.906000e+00
    endloop
  endfacet
  facet normal 0.000000e+00 0.000000e+00 1.000000e+00
    outer loop
      vertex   2.952040e+00 1.168795e+00 9.906000e+00
      vertex   1.844473e+00 9.398057e-01 9.906000e+00
      vertex   1.968782e+00 6.396961e-01 9.906000e+00
    endloop
  endfacet
  facet normal 0.000000e+00 0.000000e+00 1.000000e+00
    outer loop
      vertex   2.952040e+00 1.168795e+00 9.906000e+00
      vertex   1.968782e+00 6.396961e-01 9.906000e+00
      vertex   3.075252e+00 7.895904e-01 9.906000e+00
    endloop
  endfacet
  facet normal 0.000000e+00 0.000000e+00 1.000000e+00
    outer loop
      vertex   3.075252e+00 7.895904e-01 9.906000e+00
      vertex   1.968782e+00 6.396961e-01 9.906000e+00
      vertex   2.044614e+00 3.238350e-01 9.906000e+00
    endloop
  endfacet
  facet normal 0.000000e+00 0.000000e+00 1.000000e+00
    outer loop
      vertex   3.075252e+00 7.895904e-01 9.906000e+00
      vertex   2.044614e+00 3.238350e-01 9.906000e+00
      vertex   3.149964e+00 3.979330e-01 9.906000e+00
    endloop
  endfacet
  facet normal 0.000000e+00 0.000000e+00 1.000000e+00
    outer loop
      vertex   3.149964e+00 3.979330e-01 9.906000e+00
      vertex   2.044614e+00 3.238350e-01 9.906000e+00
      vertex   2.070100e+00 2.535141e-16 9.906000e+00
    endloop
  endfacet
  facet normal 0.000000e+00 0.000000e+00 -1.000000e+00
    outer loop
      vertex   5.504879e+00 -5.256522e-01 2.286000e+00
      vertex   -5.504879e+00 -5.256522e-01 2.286000e+00
      vertex   5.529919e+00 1.110223e-15 2.286000e+00
    endloop
  endfacet
  facet normal 0.000000e+00 0.000000e+00 -1.000000e+00
    outer loop
      vertex   5.529919e+00 1.110223e-15 2.286000e+00
      vertex   -5.504879e+00 -5.256522e-01 2.286000e+00
      vertex   -5.529919e+00 0.000000e+00 2.286000e+00
    endloop
  endfacet
  facet normal -0.000000e+00 0.000000e+00 -1.000000e+00
    outer loop
      vertex   5.529919e+00 1.110223e-15 2.286000e+00
      vertex   -5.529919e+00 0.000000e+00 2.286000e+00
      vertex   5.504879e+00 5.256522e-01 2.286000e+00
    endloop
  endfacet
  facet normal 0.000000e+00 0.000000e+00 -1.000000e+00
    outer loop
      vertex   5.504879e+00 5.256522e-01 2.286000e+00
      vertex   -5.529919e+00 0.000000e+00 2.286000e+00
      vertex   -5.504879e+00 5.256522e-01 2.286000e+00
    endloop
  endfacet
  facet normal -0.000000e+00 0.000000e+00 -1.000000e+00
    outer loop
      vertex   5.504879e+00 5.256522e-01 2.286000e+00
      vertex   -5.504879e+00 5.256522e-01 2.286000e+00
      vertex   5.429986e+00 1.046544e+00 2.286000e+00
    endloop
  endfacet
  facet normal 0.000000e+00 0.000000e+00 -1.000000e+00
    outer loop
      vertex   5.429986e+00 1.046544e+00 2.286000e+00
      vertex   -5.504879e+00 5.256522e-01 2.286000e+00
      vertex   -5.429986e+00 1.046544e+00 2.286000e+00
    endloop
  endfacet
  facet normal -0.000000e+00 0.000000e+00 -1.000000e+00
    outer loop
      vertex   5.429986e+00 1.046544e+00 2.286000e+00
      vertex   -5.429986e+00 1.046544e+00 2.286000e+00
      vertex   5.305918e+00 1.557958e+00 2.286000e+00
    endloop
  endfacet
  facet normal 0.000000e+00 0.000000e+00 -1.000000e+00
    outer loop
      vertex   5.305918e+00 1.557958e+00 2.286000e+00
      vertex   -5.429986e+00 1.046544e+00 2.286000e+00
      vertex   -5.305918e+00 1.557958e+00 2.286000e+00
    endloop
  endfacet
  facet normal -0.000000e+00 0.000000e+00 -1.000000e+00
    outer loop
      vertex   5.305918e+00 1.557958e+00 2.286000e+00
      vertex   -5.305918e+00 1.557958e+00 2.286000e+00
      vertex   5.133799e+00 2.055263e+00 2.286000e+00
    endloop
  endfacet
  facet normal 0.000000e+00 0.000000e+00 -1.000000e+00
    outer loop
      vertex   5.133799e+00 2.055263e+00 2.286000e+00
      vertex   -5.305918e+00 1.557958e+00 2.286000e+00
      vertex   -5.133799e+00 2.055263e+00 2.286000e+00
    endloop
  endfacet
  facet normal -0.000000e+00 0.000000e+00 -1.000000e+00
    outer loop
      vertex   5.133799e+00 2.055263e+00 2.286000e+00
      vertex   -5.133799e+00 2.055263e+00 2.286000e+00
      vertex   4.915188e+00 2.533955e+00 2.286000e+00
    endloop
  endfacet
  facet normal 0.000000e+00 0.000000e+00 -1.000000e+00
    outer loop
      vertex   4.915188e+00 2.533955e+00 2.286000e+00
      vertex   -5.133799e+00 2.055263e+00 2.286000e+00
      vertex   -4.915188e+00 2.533955e+00 2.286000e+00
    endloop
  endfacet
  facet normal -0.000000e+00 0.000000e+00 -1.000000e+00
    outer loop
      vertex   4.915188e+00 2.533955e+00 2.286000e+00
      vertex   -4.915188e+00 2.533955e+00 2.286000e+00
      vertex   4.652064e+00 2.989700e+00 2.286000e+00
    endloop
  endfacet
  facet normal 0.000000e+00 0.000000e+00 -1.000000e+00
    outer loop
      vertex   4.652064e+00 2.989700e+00 2.286000e+00
      vertex   -4.915188e+00 2.533955e+00 2.286000e+00
      vertex   -4.652064e+00 2.989700e+00 2.286000e+00
    endloop
  endfacet
  facet normal -0.000000e+00 0.000000e+00 -1.000000e+00
    outer loop
      vertex   4.652064e+00 2.989700e+00 2.286000e+00
      vertex   -4.652064e+00 2.989700e+00 2.286000e+00
      vertex   4.346810e+00 3.418369e+00 2.286000e+00
    endloop
  endfacet
  facet normal 0.000000e+00 0.000000e+00 -1.000000e+00
    outer loop
      vertex   4.346810e+00 3.418369e+00 2.286000e+00
      vertex   -4.652064e+00 2.989700e+00 2.286000e+00
      vertex   -4.346810e+00 3.418369e+00 2.286000e+00
    endloop
  endfacet
  facet normal -0.000000e+00 0.000000e+00 -1.000000e+00
    outer loop
      vertex   4.346810e+00 3.418369e+00 2.286000e+00
      vertex   -4.346810e+00 3.418369e+00 2.286000e+00
      vertex   4.002191e+00 3.816081e+00 2.286000e+00
    endloop
  endfacet
  facet normal 0.000000e+00 0.000000e+00 -1.000000e+00
    outer loop
      vertex   4.002191e+00 3.816081e+00 2.286000e+00
      vertex   -4.346810e+00 3.418369e+00 2.286000e+00
      vertex   -4.002191e+00 3.816081e+00 2.286000e+00
    endloop
  endfacet
  facet normal -0.000000e+00 0.000000e+00 -1.000000e+00
    outer loop
      vertex   4.002191e+00 3.816081e+00 2.286000e+00
      vertex   -4.002191e+00 3.816081e+00 2.286000e+00
      vertex   3.621327e+00 4.179234e+00 2.286000e+00
    endloop
  endfacet
  facet normal 0.000000e+00 0.000000e+00 -1.000000e+00
    outer loop
      vertex   3.621327e+00 4.179234e+00 2.286000e+00
      vertex   -4.002191e+00 3.816081e+00 2.286000e+00
      vertex   -3.621327e+00 4.179234e+00 2.286000e+00
    endloop
  endfacet
  facet normal -0.000000e+00 0.000000e+00 -1.000000e+00
    outer loop
      vertex   3.621327e+00 4.179234e+00 2.286000e+00
      vertex   -3.621327e+00 4.179234e+00 2.286000e+00
      vertex   3.207668e+00 4.504539e+00 2.286000e+00
    endloop
  endfacet
  facet normal -0.000000e+00 0.000000e+00 -1.000000e+00
    outer loop
      vertex   3.207668e+00 4.504539e+00 2.286000e+00
      vertex   -3.621327e+00 4.179234e+00 2.286000e+00
      vertex   -3.207668e+00 4.504539e+00 2.286000e+00
    endloop
  endfacet
  facet normal 0.000000e+00 0.000000e+00 -1.000000e+00
    outer loop
      vertex   3.207668e+00 4.504539e+00 2.286000e+00
      vertex   -3.207668e+00 4.504539e+00 2.286000e+00
      vertex   2.764959e+00 4.789050e+00 2.286000e+00
    endloop
  endfacet
  facet normal 0.000000e+00 0.000000e+00 -1.000000e+00
    outer loop
      vertex   2.764959e+00 4.789050e+00 2.286000e+00
      vertex   -3.207668e+00 4.504539e+00 2.286000e+00
      vertex   -2.764959e+00 4.789050e+00 2.286000e+00
    endloop
  endfacet
  facet normal -0.000000e+00 0.000000e+00 -1.000000e+00
    outer loop
      vertex   2.764959e+00 4.789050e+00 2.286000e+00
      vertex   -2.764959e+00 4.789050e+00 2.286000e+00
      vertex   2.297211e+00 5.030191e+00 2.286000e+00
    endloop
  endfacet
  facet normal 0.000000e+00 0.000000e+00 -1.000000e+00
    outer loop
      vertex   2.297211e+00 5.030191e+00 2.286000e+00
      vertex   -2.764959e+00 4.789050e+00 2.286000e+00
      vertex   -2.297211e+00 5.030191e+00 2.286000e+00
    endloop
  endfacet
  facet normal -0.000000e+00 0.000000e+00 -1.000000e+00
    outer loop
      vertex   2.297211e+00 5.030191e+00 2.286000e+00
      vertex   -2.297211e+00 5.030191e+00 2.286000e+00
      vertex   1.808659e+00 5.225778e+00 2.286000e+00
    endloop
  endfacet
  facet normal -0.000000e+00 0.000000e+00 -1.000000e+00
    outer loop
      vertex   1.808659e+00 5.225778e+00 2.286000e+00
      vertex   -2.297211e+00 5.030191e+00 2.286000e+00
      vertex   -1.808659e+00 5.225778e+00 2.286000e+00
    endloop
  endfacet
  facet normal 0.000000e+00 0.000000e+00 -1.000000e+00
    outer loop
      vertex   1.808659e+00 5.225778e+00 2.286000e+00
      vertex   -1.808659e+00 5.225778e+00 2.286000e+00
      vertex   1.303728e+00 5.374039e+00 2.286000e+00
    endloop
  endfacet
  facet normal 0.000000e+00 0.000000e+00 -1.000000e+00
    outer loop
      vertex   1.303728e+00 5.374039e+00 2.286000e+00
      vertex   -1.808659e+00 5.225778e+00 2.286000e+00
      vertex   -1.303728e+00 5.374039e+00 2.286000e+00
    endloop
  endfacet
  facet normal -0.000000e+00 0.000000e+00 -1.000000e+00
    outer loop
      vertex   1.303728e+00 5.374039e+00 2.286000e+00
      vertex   -1.303728e+00 5.374039e+00 2.286000e+00
      vertex   7.869895e-01 5.473632e+00 2.286000e+00
    endloop
  endfacet
  facet normal -0.000000e+00 0.000000e+00 -1.000000e+00
    outer loop
      vertex   7.869895e-01 5.473632e+00 2.286000e+00
      vertex   -1.303728e+00 5.374039e+00 2.286000e+00
      vertex   -7.869895e-01 5.473632e+00 2.286000e+00
    endloop
  endfacet
  facet normal 0.000000e+00 0.000000e+00 -1.000000e+00
    outer loop
      vertex   7.869895e-01 5.473632e+00 2.286000e+00
      vertex   -7.869895e-01 5.473632e+00 2.286000e+00
      vertex   2.631241e-01 5.523655e+00 2.286000e+00
    endloop
  endfacet
  facet normal -0.000000e+00 0.000000e+00 -1.000000e+00
    outer loop
      vertex   2.631241e-01 5.523655e+00 2.286000e+00
      vertex   -7.869895e-01 5.473632e+00 2.286000e+00
      vertex   -2.631241e-01 5.523655e+00 2.286000e+00
    endloop
  endfacet
  facet normal 0.000000e+00 0.000000e+00 -1.000000e+00
    outer loop
      vertex   -5.504879e+00 -5.256522e-01 2.286000e+00
      vertex   5.504879e+00 -5.256522e-01 2.286000e+00
      vertex   -5.429986e+00 -1.046544e+00 2.286000e+00
    endloop
  endfacet
  facet normal 0.000000e+00 0.000000e+00 -1.000000e+00
    outer loop
      vertex   -5.429986e+00 -1.046544e+00 2.286000e+00
      vertex   5.504879e+00 -5.256522e-01 2.286000e+00
      vertex   5.429986e+00 -1.046544e+00 2.286000e+00
    endloop
  endfacet
  facet normal 0.000000e+00 0.000000e+00 -1.000000e+00
    outer loop
      vertex   -5.429986e+00 -1.046544e+00 2.286000e+00
      vertex   5.429986e+00 -1.046544e+00 2.286000e+00
      vertex   -5.305918e+00 -1.557958e+00 2.286000e+00
    endloop
  endfacet
  facet normal 0.000000e+00 0.000000e+00 -1.000000e+00
    outer loop
      vertex   -5.305918e+00 -1.557958e+00 2.286000e+00
      vertex   5.429986e+00 -1.046544e+00 2.286000e+00
      vertex   5.305918e+00 -1.557958e+00 2.286000e+00
    endloop
  endfacet
  facet normal 0.000000e+00 0.000000e+00 -1.000000e+00
    outer loop
      vertex   -5.305918e+00 -1.557958e+00 2.286000e+00
      vertex   5.305918e+00 -1.557958e+00 2.286000e+00
      vertex   -5.133799e+00 -2.055263e+00 2.286000e+00
    endloop
  endfacet
  facet normal 0.000000e+00 0.000000e+00 -1.000000e+00
    outer loop
      vertex   -5.133799e+00 -2.055263e+00 2.286000e+00
      vertex   5.305918e+00 -1.557958e+00 2.286000e+00
      vertex   5.133799e+00 -2.055263e+00 2.286000e+00
    endloop
  endfacet
  facet normal 0.000000e+00 0.000000e+00 -1.000000e+00
    outer loop
      vertex   -5.133799e+00 -2.055263e+00 2.286000e+00
      vertex   5.133799e+00 -2.055263e+00 2.286000e+00
      vertex   -4.915188e+00 -2.533955e+00 2.286000e+00
    endloop
  endfacet
  facet normal 0.000000e+00 0.000000e+00 -1.000000e+00
    outer loop
      vertex   -4.915188e+00 -2.533955e+00 2.286000e+00
      vertex   5.133799e+00 -2.055263e+00 2.286000e+00
      vertex   4.915188e+00 -2.533955e+00 2.286000e+00
    endloop
  endfacet
  facet normal 0.000000e+00 0.000000e+00 -1.000000e+00
    outer loop
      vertex   -4.915188e+00 -2.533955e+00 2.286000e+00
      vertex   4.915188e+00 -2.533955e+00 2.286000e+00
      vertex   -4.652064e+00 -2.989700e+00 2.286000e+00
    endloop
  endfacet
  facet normal 0.000000e+00 0.000000e+00 -1.000000e+00
    outer loop
      vertex   -4.652064e+00 -2.989700e+00 2.286000e+00
      vertex   4.915188e+00 -2.533955e+00 2.286000e+00
      vertex   4.652064e+00 -2.989700e+00 2.286000e+00
    endloop
  endfacet
  facet normal 0.000000e+00 0.000000e+00 -1.000000e+00
    outer loop
      vertex   -4.652064e+00 -2.989700e+00 2.286000e+00
      vertex   4.652064e+00 -2.989700e+00 2.286000e+00
      vertex   -4.346810e+00 -3.418369e+00 2.286000e+00
    endloop
  endfacet
  facet normal 0.000000e+00 0.000000e+00 -1.000000e+00
    outer loop
      vertex   -4.346810e+00 -3.418369e+00 2.286000e+00
      vertex   4.652064e+00 -2.989700e+00 2.286000e+00
      vertex   4.346810e+00 -3.418369e+00 2.286000e+00
    endloop
  endfacet
  facet normal 0.000000e+00 0.000000e+00 -1.000000e+00
    outer loop
      vertex   -4.346810e+00 -3.418369e+00 2.286000e+00
      vertex   4.346810e+00 -3.418369e+00 2.286000e+00
      vertex   -4.002191e+00 -3.816081e+00 2.286000e+00
    endloop
  endfacet
  facet normal 0.000000e+00 0.000000e+00 -1.000000e+00
    outer loop
      vertex   -4.002191e+00 -3.816081e+00 2.286000e+00
      vertex   4.346810e+00 -3.418369e+00 2.286000e+00
      vertex   4.002191e+00 -3.816081e+00 2.286000e+00
    endloop
  endfacet
  facet normal 0.000000e+00 0.000000e+00 -1.000000e+00
    outer loop
      vertex   -4.002191e+00 -3.816081e+00 2.286000e+00
      vertex   4.002191e+00 -3.816081e+00 2.286000e+00
      vertex   -3.621327e+00 -4.179234e+00 2.286000e+00
    endloop
  endfacet
  facet normal 0.000000e+00 0.000000e+00 -1.000000e+00
    outer loop
      vertex   -3.621327e+00 -4.179234e+00 2.286000e+00
      vertex   4.002191e+00 -3.816081e+00 2.286000e+00
      vertex   3.621327e+00 -4.179234e+00 2.286000e+00
    endloop
  endfacet
  facet normal 0.000000e+00 0.000000e+00 -1.000000e+00
    outer loop
      vertex   -3.621327e+00 -4.179234e+00 2.286000e+00
      vertex   3.621327e+00 -4.179234e+00 2.286000e+00
      vertex   -3.207668e+00 -4.504539e+00 2.286000e+00
    endloop
  endfacet
  facet normal 0.000000e+00 0.000000e+00 -1.000000e+00
    outer loop
      vertex   -3.207668e+00 -4.504539e+00 2.286000e+00
      vertex   3.621327e+00 -4.179234e+00 2.286000e+00
      vertex   3.207668e+00 -4.504539e+00 2.286000e+00
    endloop
  endfacet
  facet normal 0.000000e+00 0.000000e+00 -1.000000e+00
    outer loop
      vertex   -3.207668e+00 -4.504539e+00 2.286000e+00
      vertex   3.207668e+00 -4.504539e+00 2.286000e+00
      vertex   -2.764959e+00 -4.789050e+00 2.286000e+00
    endloop
  endfacet
  facet normal 0.000000e+00 0.000000e+00 -1.000000e+00
    outer loop
      vertex   -2.764959e+00 -4.789050e+00 2.286000e+00
      vertex   3.207668e+00 -4.504539e+00 2.286000e+00
      vertex   2.764959e+00 -4.789050e+00 2.286000e+00
    endloop
  endfacet
  facet normal 0.000000e+00 0.000000e+00 -1.000000e+00
    outer loop
      vertex   -2.764959e+00 -4.789050e+00 2.286000e+00
      vertex   2.764959e+00 -4.789050e+00 2.286000e+00
      vertex   -2.297211e+00 -5.030191e+00 2.286000e+00
    endloop
  endfacet
  facet normal 0.000000e+00 0.000000e+00 -1.000000e+00
    outer loop
      vertex   -2.297211e+00 -5.030191e+00 2.286000e+00
      vertex   2.764959e+00 -4.789050e+00 2.286000e+00
      vertex   2.297211e+00 -5.030191e+00 2.286000e+00
    endloop
  endfacet
  facet normal 0.000000e+00 0.000000e+00 -1.000000e+00
    outer loop
      vertex   -2.297211e+00 -5.030191e+00 2.286000e+00
      vertex   2.297211e+00 -5.030191e+00 2.286000e+00
      vertex   -1.808659e+00 -5.225778e+00 2.286000e+00
    endloop
  endfacet
  facet normal 0.000000e+00 0.000000e+00 -1.000000e+00
    outer loop
      vertex   -1.808659e+00 -5.225778e+00 2.286000e+00
      vertex   2.297211e+00 -5.030191e+00 2.286000e+00
      vertex   1.808659e+00 -5.225778e+00 2.286000e+00
    endloop
  endfacet
  facet normal 0.000000e+00 0.000000e+00 -1.000000e+00
    outer loop
      vertex   -1.808659e+00 -5.225778e+00 2.286000e+00
      vertex   1.808659e+00 -5.225778e+00 2.286000e+00
      vertex   -1.303728e+00 -5.374039e+00 2.286000e+00
    endloop
  endfacet
  facet normal 0.000000e+00 0.000000e+00 -1.000000e+00
    outer loop
      vertex   -1.303728e+00 -5.374039e+00 2.286000e+00
      vertex   1.808659e+00 -5.225778e+00 2.286000e+00
      vertex   1.303728e+00 -5.374039e+00 2.286000e+00
    endloop
  endfacet
  facet normal 0.000000e+00 0.000000e+00 -1.000000e+00
    outer loop
      vertex   -1.303728e+00 -5.374039e+00 2.286000e+00
      vertex   1.303728e+00 -5.374039e+00 2.286000e+00
      vertex   -7.869895e-01 -5.473632e+00 2.286000e+00
    endloop
  endfacet
  facet normal 0.000000e+00 0.000000e+00 -1.000000e+00
    outer loop
      vertex   -7.869895e-01 -5.473632e+00 2.286000e+00
      vertex   1.303728e+00 -5.374039e+00 2.286000e+00
      vertex   7.869895e-01 -5.473632e+00 2.286000e+00
    endloop
  endfacet
  facet normal 0.000000e+00 0.000000e+00 -1.000000e+00
    outer loop
      vertex   -7.869895e-01 -5.473632e+00 2.286000e+00
      vertex   7.869895e-01 -5.473632e+00 2.286000e+00
      vertex   -2.631241e-01 -5.523655e+00 2.286000e+00
    endloop
  endfacet
  facet normal 0.000000e+00 0.000000e+00 -1.000000e+00
    outer loop
      vertex   -2.631241e-01 -5.523655e+00 2.286000e+00
      vertex   7.869895e-01 -5.473632e+00 2.286000e+00
      vertex   2.631241e-01 -5.523655e+00 2.286000e+00
    endloop
  endfacet
  facet normal 7.071068e-01 -7.071068e-01 1.254071e-11
    outer loop
      vertex   4.789368e+00 -5.167432e+00 2.286000e+00
      vertex   5.167432e+00 -4.789368e+00 2.286000e+00
      vertex   4.789368e+00 -5.167432e+00 7.366000e+00
    endloop
  endfacet
  facet normal 7.071068e-01 -7.071068e-01 -1.226274e-16
    outer loop
      vertex   4.789368e+00 -5.167432e+00 7.366000e+00
      vertex   5.167432e+00 -4.789368e+00 2.286000e+00
      vertex   5.167432e+00 -4.789368e+00 7.366000e+00
    endloop
  endfacet
  facet normal -0.000000e+00 0.000000e+00 1.000000e+00
    outer loop
      vertex   3.149964e+00 -3.979330e-01 7.366000e+00
      vertex   5.167432e+00 -4.789368e+00 7.366000e+00
      vertex   3.175000e+00 3.888254e-16 7.366000e+00
    endloop
  endfacet
  facet normal 0.000000e+00 0.000000e+00 1.000000e+00
    outer loop
      vertex   3.175000e+00 3.888254e-16 7.366000e+00
      vertex   5.167432e+00 -4.789368e+00 7.366000e+00
      vertex   5.546920e+00 -4.344201e+00 7.366000e+00
    endloop
  endfacet
  facet normal 0.000000e+00 0.000000e+00 1.000000e+00
    outer loop
      vertex   3.175000e+00 3.888254e-16 7.366000e+00
      vertex   5.546920e+00 -4.344201e+00 7.366000e+00
      vertex   5.888171e+00 -3.869088e+00 7.366000e+00
    endloop
  endfacet
  facet normal 0.000000e+00 0.000000e+00 1.000000e+00
    outer loop
      vertex   5.167432e+00 -4.789368e+00 7.366000e+00
      vertex   3.149964e+00 -3.979330e-01 7.366000e+00
      vertex   4.789368e+00 -5.167432e+00 7.366000e+00
    endloop
  endfacet
  facet normal 0.000000e+00 0.000000e+00 1.000000e+00
    outer loop
      vertex   4.789368e+00 -5.167432e+00 7.366000e+00
      vertex   3.149964e+00 -3.979330e-01 7.366000e+00
      vertex   3.075252e+00 -7.895904e-01 7.366000e+00
    endloop
  endfacet
  facet normal 0.000000e+00 0.000000e+00 1.000000e+00
    outer loop
      vertex   4.789368e+00 -5.167432e+00 7.366000e+00
      vertex   3.075252e+00 -7.895904e-01 7.366000e+00
      vertex   4.562096e+00 -5.427983e+00 7.366000e+00
    endloop
  endfacet
  facet normal 0.000000e+00 0.000000e+00 1.000000e+00
    outer loop
      vertex   4.562096e+00 -5.427983e+00 7.366000e+00
      vertex   3.075252e+00 -7.895904e-01 7.366000e+00
      vertex   2.952040e+00 -1.168795e+00 7.366000e+00
    endloop
  endfacet
  facet normal 0.000000e+00 0.000000e+00 1.000000e+00
    outer loop
      vertex   4.562096e+00 -5.427983e+00 7.366000e+00
      vertex   2.952040e+00 -1.168795e+00 7.366000e+00
      vertex   4.372313e+00 -5.716984e+00 7.366000e+00
    endloop
  endfacet
  facet normal 0.000000e+00 0.000000e+00 1.000000e+00
    outer loop
      vertex   4.372313e+00 -5.716984e+00 7.366000e+00
      vertex   2.952040e+00 -1.168795e+00 7.366000e+00
      vertex   4.223536e+00 -6.029082e+00 7.366000e+00
    endloop
  endfacet
  facet normal 0.000000e+00 0.000000e+00 1.000000e+00
    outer loop
      vertex   4.223536e+00 -6.029082e+00 7.366000e+00
      vertex   2.952040e+00 -1.168795e+00 7.366000e+00
      vertex   2.782274e+00 -1.529568e+00 7.366000e+00
    endloop
  endfacet
  facet normal 0.000000e+00 0.000000e+00 1.000000e+00
    outer loop
      vertex   4.223536e+00 -6.029082e+00 7.366000e+00
      vertex   2.782274e+00 -1.529568e+00 7.366000e+00
      vertex   4.118521e+00 -6.358493e+00 7.366000e+00
    endloop
  endfacet
  facet normal 0.000000e+00 0.000000e+00 1.000000e+00
    outer loop
      vertex   4.118521e+00 -6.358493e+00 7.366000e+00
      vertex   2.782274e+00 -1.529568e+00 7.366000e+00
      vertex   2.568629e+00 -1.866218e+00 7.366000e+00
    endloop
  endfacet
  facet normal 0.000000e+00 0.000000e+00 1.000000e+00
    outer loop
      vertex   4.118521e+00 -6.358493e+00 7.366000e+00
      vertex   2.568629e+00 -1.866218e+00 7.366000e+00
      vertex   2.314475e+00 -2.173437e+00 7.366000e+00
    endloop
  endfacet
  facet normal 0.000000e+00 0.000000e+00 1.000000e+00
    outer loop
      vertex   4.118521e+00 -6.358493e+00 7.366000e+00
      vertex   2.314475e+00 -2.173437e+00 7.366000e+00
      vertex   4.059215e+00 -6.699113e+00 7.366000e+00
    endloop
  endfacet
  facet normal 0.000000e+00 0.000000e+00 1.000000e+00
    outer loop
      vertex   4.059215e+00 -6.699113e+00 7.366000e+00
      vertex   2.314475e+00 -2.173437e+00 7.366000e+00
      vertex   2.023821e+00 -2.446380e+00 7.366000e+00
    endloop
  endfacet
  facet normal 0.000000e+00 0.000000e+00 1.000000e+00
    outer loop
      vertex   4.059215e+00 -6.699113e+00 7.366000e+00
      vertex   2.023821e+00 -2.446380e+00 7.366000e+00
      vertex   8.890000e-01 -7.493000e+00 7.366000e+00
    endloop
  endfacet
  facet normal 0.000000e+00 -0.000000e+00 1.000000e+00
    outer loop
      vertex   8.890000e-01 -7.493000e+00 7.366000e+00
      vertex   2.023821e+00 -2.446380e+00 7.366000e+00
      vertex   8.650369e-01 -7.287982e+00 7.366000e+00
    endloop
  endfacet
  facet normal 0.000000e+00 0.000000e+00 1.000000e+00
    outer loop
      vertex   8.650369e-01 -7.287982e+00 7.366000e+00
      vertex   2.023821e+00 -2.446380e+00 7.366000e+00
      vertex   1.701250e+00 -2.680741e+00 7.366000e+00
    endloop
  endfacet
  facet normal 0.000000e+00 0.000000e+00 1.000000e+00
    outer loop
      vertex   8.650369e-01 -7.287982e+00 7.366000e+00
      vertex   1.701250e+00 -2.680741e+00 7.366000e+00
      vertex   1.351849e+00 -2.872826e+00 7.366000e+00
    endloop
  endfacet
  facet normal 0.000000e+00 -0.000000e+00 1.000000e+00
    outer loop
      vertex   8.650369e-01 -7.287982e+00 7.366000e+00
      vertex   1.351849e+00 -2.872826e+00 7.366000e+00
      vertex   7.944394e-01 -7.094018e+00 7.366000e+00
    endloop
  endfacet
  facet normal 0.000000e+00 0.000000e+00 1.000000e+00
    outer loop
      vertex   7.944394e-01 -7.094018e+00 7.366000e+00
      vertex   1.351849e+00 -2.872826e+00 7.366000e+00
      vertex   9.811290e-01 -3.019604e+00 7.366000e+00
    endloop
  endfacet
  facet normal 0.000000e+00 -0.000000e+00 1.000000e+00
    outer loop
      vertex   7.944394e-01 -7.094018e+00 7.366000e+00
      vertex   9.811290e-01 -3.019604e+00 7.366000e+00
      vertex   6.810135e-01 -6.921562e+00 7.366000e+00
    endloop
  endfacet
  facet normal 0.000000e+00 -0.000000e+00 1.000000e+00
    outer loop
      vertex   6.810135e-01 -6.921562e+00 7.366000e+00
      vertex   9.811290e-01 -3.019604e+00 7.366000e+00
      vertex   5.308740e-01 -6.779912e+00 7.366000e+00
    endloop
  endfacet
  facet normal 0.000000e+00 0.000000e+00 1.000000e+00
    outer loop
      vertex   5.308740e-01 -6.779912e+00 7.366000e+00
      vertex   9.811290e-01 -3.019604e+00 7.366000e+00
      vertex   5.949357e-01 -3.118762e+00 7.366000e+00
    endloop
  endfacet
  facet normal 0.000000e+00 -0.000000e+00 1.000000e+00
    outer loop
      vertex   5.308740e-01 -6.779912e+00 7.366000e+00
      vertex   5.949357e-01 -3.118762e+00 7.366000e+00
      vertex   3.521149e-01 -6.676706e+00 7.366000e+00
    endloop
  endfacet
  facet normal 0.000000e+00 -0.000000e+00 1.000000e+00
    outer loop
      vertex   3.521149e-01 -6.676706e+00 7.366000e+00
      vertex   5.949357e-01 -3.118762e+00 7.366000e+00
      vertex   1.993599e-01 -3.168735e+00 7.366000e+00
    endloop
  endfacet
  facet normal 0.000000e+00 0.000000e+00 1.000000e+00
    outer loop
      vertex   3.521149e-01 -6.676706e+00 7.366000e+00
      vertex   1.993599e-01 -3.168735e+00 7.366000e+00
      vertex   1.543732e-01 -6.617506e+00 7.366000e+00
    endloop
  endfacet
  facet normal 0.000000e+00 -0.000000e+00 1.000000e+00
    outer loop
      vertex   1.543732e-01 -6.617506e+00 7.366000e+00
      vertex   1.993599e-01 -3.168735e+00 7.366000e+00
      vertex   -5.169075e-02 -6.605504e+00 7.366000e+00
    endloop
  endfacet
  facet normal 0.000000e+00 -0.000000e+00 1.000000e+00
    outer loop
      vertex   -5.169075e-02 -6.605504e+00 7.366000e+00
      vertex   1.993599e-01 -3.168735e+00 7.366000e+00
      vertex   -1.993599e-01 -3.168735e+00 7.366000e+00
    endloop
  endfacet
  facet normal 0.000000e+00 0.000000e+00 1.000000e+00
    outer loop
      vertex   -5.169075e-02 -6.605504e+00 7.366000e+00
      vertex   -1.993599e-01 -3.168735e+00 7.366000e+00
      vertex   -2.549681e-01 -6.641347e+00 7.366000e+00
    endloop
  endfacet
  facet normal 0.000000e+00 -0.000000e+00 1.000000e+00
    outer loop
      vertex   -2.549681e-01 -6.641347e+00 7.366000e+00
      vertex   -1.993599e-01 -3.168735e+00 7.366000e+00
      vertex   -5.949357e-01 -3.118762e+00 7.366000e+00
    endloop
  endfacet
  facet normal 0.000000e+00 0.000000e+00 1.000000e+00
    outer loop
      vertex   -2.549681e-01 -6.641347e+00 7.366000e+00
      vertex   -5.949357e-01 -3.118762e+00 7.366000e+00
      vertex   -4.445000e-01 -6.723103e+00 7.366000e+00
    endloop
  endfacet
  facet normal 0.000000e+00 0.000000e+00 1.000000e+00
    outer loop
      vertex   -4.445000e-01 -6.723103e+00 7.366000e+00
      vertex   -5.949357e-01 -3.118762e+00 7.366000e+00
      vertex   -6.100688e-01 -6.846365e+00 7.366000e+00
    endloop
  endfacet
  facet normal 0.000000e+00 -0.000000e+00 1.000000e+00
    outer loop
      vertex   -6.100688e-01 -6.846365e+00 7.366000e+00
      vertex   -5.949357e-01 -3.118762e+00 7.366000e+00
      vertex   -9.811290e-01 -3.019604e+00 7.366000e+00
    endloop
  endfacet
  facet normal 0.000000e+00 0.000000e+00 1.000000e+00
    outer loop
      vertex   -6.100688e-01 -6.846365e+00 7.366000e+00
      vertex   -9.811290e-01 -3.019604e+00 7.366000e+00
      vertex   -7.427487e-01 -7.004487e+00 7.366000e+00
    endloop
  endfacet
  facet normal 0.000000e+00 0.000000e+00 1.000000e+00
    outer loop
      vertex   -7.427487e-01 -7.004487e+00 7.366000e+00
      vertex   -9.811290e-01 -3.019604e+00 7.366000e+00
      vertex   -1.351849e+00 -2.872826e+00 7.366000e+00
    endloop
  endfacet
  facet normal 0.000000e+00 0.000000e+00 1.000000e+00
    outer loop
      vertex   -7.427487e-01 -7.004487e+00 7.366000e+00
      vertex   -1.351849e+00 -2.872826e+00 7.366000e+00
      vertex   -8.353867e-01 -7.188944e+00 7.366000e+00
    endloop
  endfacet
  facet normal 0.000000e+00 0.000000e+00 1.000000e+00
    outer loop
      vertex   -8.353867e-01 -7.188944e+00 7.366000e+00
      vertex   -1.351849e+00 -2.872826e+00 7.366000e+00
      vertex   -1.701250e+00 -2.680741e+00 7.366000e+00
    endloop
  endfacet
  facet normal 0.000000e+00 0.000000e+00 1.000000e+00
    outer loop
      vertex   -8.353867e-01 -7.188944e+00 7.366000e+00
      vertex   -1.701250e+00 -2.680741e+00 7.366000e+00
      vertex   -8.829889e-01 -7.389793e+00 7.366000e+00
    endloop
  endfacet
  facet normal 0.000000e+00 0.000000e+00 1.000000e+00
    outer loop
      vertex   -8.829889e-01 -7.389793e+00 7.366000e+00
      vertex   -1.701250e+00 -2.680741e+00 7.366000e+00
      vertex   -2.023821e+00 -2.446380e+00 7.366000e+00
    endloop
  endfacet
  facet normal 0.000000e+00 0.000000e+00 1.000000e+00
    outer loop
      vertex   -8.829889e-01 -7.389793e+00 7.366000e+00
      vertex   -2.023821e+00 -2.446380e+00 7.366000e+00
      vertex   -4.059215e+00 -6.699113e+00 7.366000e+00
    endloop
  endfacet
  facet normal 0.000000e+00 0.000000e+00 1.000000e+00
    outer loop
      vertex   -4.059215e+00 -6.699113e+00 7.366000e+00
      vertex   -2.023821e+00 -2.446380e+00 7.366000e+00
      vertex   -2.314475e+00 -2.173437e+00 7.366000e+00
    endloop
  endfacet
  facet normal 0.000000e+00 -0.000000e+00 1.000000e+00
    outer loop
      vertex   -4.059215e+00 -6.699113e+00 7.366000e+00
      vertex   -2.314475e+00 -2.173437e+00 7.366000e+00
      vertex   -4.118521e+00 -6.358493e+00 7.366000e+00
    endloop
  endfacet
  facet normal 0.000000e+00 0.000000e+00 1.000000e+00
    outer loop
      vertex   -4.118521e+00 -6.358493e+00 7.366000e+00
      vertex   -2.314475e+00 -2.173437e+00 7.366000e+00
      vertex   -2.568629e+00 -1.866218e+00 7.366000e+00
    endloop
  endfacet
  facet normal 0.000000e+00 0.000000e+00 1.000000e+00
    outer loop
      vertex   -4.118521e+00 -6.358493e+00 7.366000e+00
      vertex   -2.568629e+00 -1.866218e+00 7.366000e+00
      vertex   -2.782274e+00 -1.529568e+00 7.366000e+00
    endloop
  endfacet
  facet normal 0.000000e+00 -0.000000e+00 1.000000e+00
    outer loop
      vertex   -4.118521e+00 -6.358493e+00 7.366000e+00
      vertex   -2.782274e+00 -1.529568e+00 7.366000e+00
      vertex   -4.223536e+00 -6.029082e+00 7.366000e+00
    endloop
  endfacet
  facet normal 0.000000e+00 0.000000e+00 1.000000e+00
    outer loop
      vertex   -4.223536e+00 -6.029082e+00 7.366000e+00
      vertex   -2.782274e+00 -1.529568e+00 7.366000e+00
      vertex   -2.952040e+00 -1.168795e+00 7.366000e+00
    endloop
  endfacet
  facet normal 0.000000e+00 -0.000000e+00 1.000000e+00
    outer loop
      vertex   -4.223536e+00 -6.029082e+00 7.366000e+00
      vertex   -2.952040e+00 -1.168795e+00 7.366000e+00
      vertex   -4.372313e+00 -5.716984e+00 7.366000e+00
    endloop
  endfacet
  facet normal 0.000000e+00 -0.000000e+00 1.000000e+00
    outer loop
      vertex   -4.372313e+00 -5.716984e+00 7.366000e+00
      vertex   -2.952040e+00 -1.168795e+00 7.366000e+00
      vertex   -4.562096e+00 -5.427983e+00 7.366000e+00
    endloop
  endfacet
  facet normal 0.000000e+00 0.000000e+00 1.000000e+00
    outer loop
      vertex   -4.562096e+00 -5.427983e+00 7.366000e+00
      vertex   -2.952040e+00 -1.168795e+00 7.366000e+00
      vertex   -3.075252e+00 -7.895904e-01 7.366000e+00
    endloop
  endfacet
  facet normal 0.000000e+00 -0.000000e+00 1.000000e+00
    outer loop
      vertex   -4.562096e+00 -5.427983e+00 7.366000e+00
      vertex   -3.075252e+00 -7.895904e-01 7.366000e+00
      vertex   -4.789368e+00 -5.167432e+00 7.366000e+00
    endloop
  endfacet
  facet normal 0.000000e+00 0.000000e+00 1.000000e+00
    outer loop
      vertex   -4.789368e+00 -5.167432e+00 7.366000e+00
      vertex   -3.075252e+00 -7.895904e-01 7.366000e+00
      vertex   -3.149964e+00 -3.979330e-01 7.366000e+00
    endloop
  endfacet
  facet normal 0.000000e+00 -0.000000e+00 1.000000e+00
    outer loop
      vertex   -4.789368e+00 -5.167432e+00 7.366000e+00
      vertex   -3.149964e+00 -3.979330e-01 7.366000e+00
      vertex   -5.167432e+00 -4.789368e+00 7.366000e+00
    endloop
  endfacet
  facet normal 0.000000e+00 0.000000e+00 1.000000e+00
    outer loop
      vertex   -5.167432e+00 -4.789368e+00 7.366000e+00
      vertex   -3.149964e+00 -3.979330e-01 7.366000e+00
      vertex   -3.175000e+00 1.409983e-15 7.366000e+00
    endloop
  endfacet
  facet normal 0.000000e+00 -0.000000e+00 1.000000e+00
    outer loop
      vertex   -5.167432e+00 -4.789368e+00 7.366000e+00
      vertex   -3.175000e+00 1.409983e-15 7.366000e+00
      vertex   -5.546920e+00 -4.344201e+00 7.366000e+00
    endloop
  endfacet
  facet normal 0.000000e+00 -0.000000e+00 1.000000e+00
    outer loop
      vertex   -5.546920e+00 -4.344201e+00 7.366000e+00
      vertex   -3.175000e+00 1.409983e-15 7.366000e+00
      vertex   -5.888171e+00 -3.869088e+00 7.366000e+00
    endloop
  endfacet
  facet normal 0.000000e+00 0.000000e+00 1.000000e+00
    outer loop
      vertex   -5.888171e+00 -3.869088e+00 7.366000e+00
      vertex   -3.175000e+00 1.409983e-15 7.366000e+00
      vertex   -5.888171e+00 3.869088e+00 7.366000e+00
    endloop
  endfacet
  facet normal 0.000000e+00 -0.000000e+00 1.000000e+00
    outer loop
      vertex   -5.888171e+00 -3.869088e+00 7.366000e+00
      vertex   -5.888171e+00 3.869088e+00 7.366000e+00
      vertex   -6.188833e+00 -3.367305e+00 7.366000e+00
    endloop
  endfacet
  facet normal 0.000000e+00 0.000000e+00 1.000000e+00
    outer loop
      vertex   -6.188833e+00 -3.367305e+00 7.366000e+00
      vertex   -5.888171e+00 3.869088e+00 7.366000e+00
      vertex   -6.188833e+00 3.367305e+00 7.366000e+00
    endloop
  endfacet
  facet normal 0.000000e+00 -0.000000e+00 1.000000e+00
    outer loop
      vertex   -6.188833e+00 -3.367305e+00 7.366000e+00
      vertex   -6.188833e+00 3.367305e+00 7.366000e+00
      vertex   -6.446834e+00 2.842310e+00 7.366000e+00
    endloop
  endfacet
  facet normal 0.000000e+00 0.000000e+00 1.000000e+00
    outer loop
      vertex   -3.149964e+00 3.979330e-01 7.366000e+00
      vertex   -5.167432e+00 4.789368e+00 7.366000e+00
      vertex   -3.175000e+00 1.409983e-15 7.366000e+00
    endloop
  endfacet
  facet normal 0.000000e+00 0.000000e+00 1.000000e+00
    outer loop
      vertex   -3.175000e+00 1.409983e-15 7.366000e+00
      vertex   -5.167432e+00 4.789368e+00 7.366000e+00
      vertex   -5.546920e+00 4.344201e+00 7.366000e+00
    endloop
  endfacet
  facet normal 0.000000e+00 0.000000e+00 1.000000e+00
    outer loop
      vertex   -3.175000e+00 1.409983e-15 7.366000e+00
      vertex   -5.546920e+00 4.344201e+00 7.366000e+00
      vertex   -5.888171e+00 3.869088e+00 7.366000e+00
    endloop
  endfacet
  facet normal -0.000000e+00 0.000000e+00 1.000000e+00
    outer loop
      vertex   -5.167432e+00 4.789368e+00 7.366000e+00
      vertex   -3.149964e+00 3.979330e-01 7.366000e+00
      vertex   -4.789368e+00 5.167432e+00 7.366000e+00
    endloop
  endfacet
  facet normal 0.000000e+00 0.000000e+00 1.000000e+00
    outer loop
      vertex   -4.789368e+00 5.167432e+00 7.366000e+00
      vertex   -3.149964e+00 3.979330e-01 7.366000e+00
      vertex   -3.075252e+00 7.895904e-01 7.366000e+00
    endloop
  endfacet
  facet normal -0.000000e+00 0.000000e+00 1.000000e+00
    outer loop
      vertex   -4.789368e+00 5.167432e+00 7.366000e+00
      vertex   -3.075252e+00 7.895904e-01 7.366000e+00
      vertex   -4.562096e+00 5.427983e+00 7.366000e+00
    endloop
  endfacet
  facet normal 0.000000e+00 0.000000e+00 1.000000e+00
    outer loop
      vertex   -4.562096e+00 5.427983e+00 7.366000e+00
      vertex   -3.075252e+00 7.895904e-01 7.366000e+00
      vertex   -2.952040e+00 1.168795e+00 7.366000e+00
    endloop
  endfacet
  facet normal -0.000000e+00 0.000000e+00 1.000000e+00
    outer loop
      vertex   -4.562096e+00 5.427983e+00 7.366000e+00
      vertex   -2.952040e+00 1.168795e+00 7.366000e+00
      vertex   -4.372313e+00 5.716984e+00 7.366000e+00
    endloop
  endfacet
  facet normal -0.000000e+00 0.000000e+00 1.000000e+00
    outer loop
      vertex   -4.372313e+00 5.716984e+00 7.366000e+00
      vertex   -2.952040e+00 1.168795e+00 7.366000e+00
      vertex   -4.223536e+00 6.029082e+00 7.366000e+00
    endloop
  endfacet
  facet normal 0.000000e+00 0.000000e+00 1.000000e+00
    outer loop
      vertex   -4.223536e+00 6.029082e+00 7.366000e+00
      vertex   -2.952040e+00 1.168795e+00 7.366000e+00
      vertex   -2.782274e+00 1.529568e+00 7.366000e+00
    endloop
  endfacet
  facet normal -0.000000e+00 0.000000e+00 1.000000e+00
    outer loop
      vertex   -4.223536e+00 6.029082e+00 7.366000e+00
      vertex   -2.782274e+00 1.529568e+00 7.366000e+00
      vertex   -4.118521e+00 6.358493e+00 7.366000e+00
    endloop
  endfacet
  facet normal 0.000000e+00 0.000000e+00 1.000000e+00
    outer loop
      vertex   -4.118521e+00 6.358493e+00 7.366000e+00
      vertex   -2.782274e+00 1.529568e+00 7.366000e+00
      vertex   -2.568629e+00 1.866218e+00 7.366000e+00
    endloop
  endfacet
  facet normal 0.000000e+00 0.000000e+00 1.000000e+00
    outer loop
      vertex   -4.118521e+00 6.358493e+00 7.366000e+00
      vertex   -2.568629e+00 1.866218e+00 7.366000e+00
      vertex   -2.314475e+00 2.173437e+00 7.366000e+00
    endloop
  endfacet
  facet normal -0.000000e+00 0.000000e+00 1.000000e+00
    outer loop
      vertex   -4.118521e+00 6.358493e+00 7.366000e+00
      vertex   -2.314475e+00 2.173437e+00 7.366000e+00
      vertex   -4.059215e+00 6.699113e+00 7.366000e+00
    endloop
  endfacet
  facet normal 0.000000e+00 0.000000e+00 1.000000e+00
    outer loop
      vertex   -4.059215e+00 6.699113e+00 7.366000e+00
      vertex   -2.314475e+00 2.173437e+00 7.366000e+00
      vertex   -2.023821e+00 2.446380e+00 7.366000e+00
    endloop
  endfacet
  facet normal -0.000000e+00 0.000000e+00 1.000000e+00
    outer loop
      vertex   -4.059215e+00 6.699113e+00 7.366000e+00
      vertex   -2.023821e+00 2.446380e+00 7.366000e+00
      vertex   -8.829889e-01 7.389793e+00 7.366000e+00
    endloop
  endfacet
  facet normal 0.000000e+00 0.000000e+00 1.000000e+00
    outer loop
      vertex   -8.829889e-01 7.389793e+00 7.366000e+00
      vertex   -2.023821e+00 2.446380e+00 7.366000e+00
      vertex   -1.701250e+00 2.680741e+00 7.366000e+00
    endloop
  endfacet
  facet normal 0.000000e+00 0.000000e+00 1.000000e+00
    outer loop
      vertex   -8.829889e-01 7.389793e+00 7.366000e+00
      vertex   -1.701250e+00 2.680741e+00 7.366000e+00
      vertex   -8.353867e-01 7.188944e+00 7.366000e+00
    endloop
  endfacet
  facet normal 0.000000e+00 0.000000e+00 1.000000e+00
    outer loop
      vertex   -8.353867e-01 7.188944e+00 7.366000e+00
      vertex   -1.701250e+00 2.680741e+00 7.366000e+00
      vertex   -1.351849e+00 2.872826e+00 7.366000e+00
    endloop
  endfacet
  facet normal 0.000000e+00 0.000000e+00 1.000000e+00
    outer loop
      vertex   -8.353867e-01 7.188944e+00 7.366000e+00
      vertex   -1.351849e+00 2.872826e+00 7.366000e+00
      vertex   -7.427487e-01 7.004487e+00 7.366000e+00
    endloop
  endfacet
  facet normal 0.000000e+00 0.000000e+00 1.000000e+00
    outer loop
      vertex   -7.427487e-01 7.004487e+00 7.366000e+00
      vertex   -1.351849e+00 2.872826e+00 7.366000e+00
      vertex   -9.811290e-01 3.019604e+00 7.366000e+00
    endloop
  endfacet
  facet normal 0.000000e+00 0.000000e+00 1.000000e+00
    outer loop
      vertex   -7.427487e-01 7.004487e+00 7.366000e+00
      vertex   -9.811290e-01 3.019604e+00 7.366000e+00
      vertex   -6.100688e-01 6.846365e+00 7.366000e+00
    endloop
  endfacet
  facet normal 0.000000e+00 0.000000e+00 1.000000e+00
    outer loop
      vertex   -6.100688e-01 6.846365e+00 7.366000e+00
      vertex   -9.811290e-01 3.019604e+00 7.366000e+00
      vertex   -5.949357e-01 3.118762e+00 7.366000e+00
    endloop
  endfacet
  facet normal 0.000000e+00 0.000000e+00 1.000000e+00
    outer loop
      vertex   -6.100688e-01 6.846365e+00 7.366000e+00
      vertex   -5.949357e-01 3.118762e+00 7.366000e+00
      vertex   -4.445000e-01 6.723103e+00 7.366000e+00
    endloop
  endfacet
  facet normal 0.000000e+00 0.000000e+00 1.000000e+00
    outer loop
      vertex   -4.445000e-01 6.723103e+00 7.366000e+00
      vertex   -5.949357e-01 3.118762e+00 7.366000e+00
      vertex   -2.549681e-01 6.641347e+00 7.366000e+00
    endloop
  endfacet
  facet normal 0.000000e+00 0.000000e+00 1.000000e+00
    outer loop
      vertex   -2.549681e-01 6.641347e+00 7.366000e+00
      vertex   -5.949357e-01 3.118762e+00 7.366000e+00
      vertex   -1.993599e-01 3.168735e+00 7.366000e+00
    endloop
  endfacet
  facet normal 0.000000e+00 0.000000e+00 1.000000e+00
    outer loop
      vertex   -2.549681e-01 6.641347e+00 7.366000e+00
      vertex   -1.993599e-01 3.168735e+00 7.366000e+00
      vertex   -5.169075e-02 6.605504e+00 7.366000e+00
    endloop
  endfacet
  facet normal 0.000000e+00 0.000000e+00 1.000000e+00
    outer loop
      vertex   -5.169075e-02 6.605504e+00 7.366000e+00
      vertex   -1.993599e-01 3.168735e+00 7.366000e+00
      vertex   1.993599e-01 3.168735e+00 7.366000e+00
    endloop
  endfacet
  facet normal -0.000000e+00 0.000000e+00 1.000000e+00
    outer loop
      vertex   -5.169075e-02 6.605504e+00 7.366000e+00
      vertex   1.993599e-01 3.168735e+00 7.366000e+00
      vertex   1.543732e-01 6.617506e+00 7.366000e+00
    endloop
  endfacet
  facet normal -0.000000e+00 0.000000e+00 1.000000e+00
    outer loop
      vertex   1.543732e-01 6.617506e+00 7.366000e+00
      vertex   1.993599e-01 3.168735e+00 7.366000e+00
      vertex   3.521149e-01 6.676706e+00 7.366000e+00
    endloop
  endfacet
  facet normal 0.000000e+00 0.000000e+00 1.000000e+00
    outer loop
      vertex   3.521149e-01 6.676706e+00 7.366000e+00
      vertex   1.993599e-01 3.168735e+00 7.366000e+00
      vertex   5.949357e-01 3.118762e+00 7.366000e+00
    endloop
  endfacet
  facet normal -0.000000e+00 0.000000e+00 1.000000e+00
    outer loop
      vertex   3.521149e-01 6.676706e+00 7.366000e+00
      vertex   5.949357e-01 3.118762e+00 7.366000e+00
      vertex   5.308740e-01 6.779912e+00 7.366000e+00
    endloop
  endfacet
  facet normal 0.000000e+00 0.000000e+00 1.000000e+00
    outer loop
      vertex   5.308740e-01 6.779912e+00 7.366000e+00
      vertex   5.949357e-01 3.118762e+00 7.366000e+00
      vertex   9.811290e-01 3.019604e+00 7.366000e+00
    endloop
  endfacet
  facet normal -0.000000e+00 0.000000e+00 1.000000e+00
    outer loop
      vertex   5.308740e-01 6.779912e+00 7.366000e+00
      vertex   9.811290e-01 3.019604e+00 7.366000e+00
      vertex   6.810135e-01 6.921562e+00 7.366000e+00
    endloop
  endfacet
  facet normal -0.000000e+00 0.000000e+00 1.000000e+00
    outer loop
      vertex   6.810135e-01 6.921562e+00 7.366000e+00
      vertex   9.811290e-01 3.019604e+00 7.366000e+00
      vertex   7.944394e-01 7.094018e+00 7.366000e+00
    endloop
  endfacet
  facet normal 0.000000e+00 0.000000e+00 1.000000e+00
    outer loop
      vertex   7.944394e-01 7.094018e+00 7.366000e+00
      vertex   9.811290e-01 3.019604e+00 7.366000e+00
      vertex   1.351849e+00 2.872826e+00 7.366000e+00
    endloop
  endfacet
  facet normal -0.000000e+00 0.000000e+00 1.000000e+00
    outer loop
      vertex   7.944394e-01 7.094018e+00 7.366000e+00
      vertex   1.351849e+00 2.872826e+00 7.366000e+00
      vertex   8.650369e-01 7.287982e+00 7.366000e+00
    endloop
  endfacet
  facet normal 0.000000e+00 0.000000e+00 1.000000e+00
    outer loop
      vertex   8.650369e-01 7.287982e+00 7.366000e+00
      vertex   1.351849e+00 2.872826e+00 7.366000e+00
      vertex   1.701250e+00 2.680741e+00 7.366000e+00
    endloop
  endfacet
  facet normal 0.000000e+00 0.000000e+00 1.000000e+00
    outer loop
      vertex   8.650369e-01 7.287982e+00 7.366000e+00
      vertex   1.701250e+00 2.680741e+00 7.366000e+00
      vertex   2.023821e+00 2.446380e+00 7.366000e+00
    endloop
  endfacet
  facet normal 0.000000e+00 -0.000000e+00 1.000000e+00
    outer loop
      vertex   2.314475e+00 2.173437e+00 7.366000e+00
      vertex   4.059215e+00 6.699113e+00 7.366000e+00
      vertex   2.023821e+00 2.446380e+00 7.366000e+00
    endloop
  endfacet
  facet normal 0.000000e+00 -0.000000e+00 1.000000e+00
    outer loop
      vertex   2.023821e+00 2.446380e+00 7.366000e+00
      vertex   4.059215e+00 6.699113e+00 7.366000e+00
      vertex   8.890000e-01 7.493000e+00 7.366000e+00
    endloop
  endfacet
  facet normal 0.000000e+00 0.000000e+00 1.000000e+00
    outer loop
      vertex   2.023821e+00 2.446380e+00 7.366000e+00
      vertex   8.890000e-01 7.493000e+00 7.366000e+00
      vertex   8.650369e-01 7.287982e+00 7.366000e+00
    endloop
  endfacet
  facet normal 0.000000e+00 0.000000e+00 1.000000e+00
    outer loop
      vertex   4.059215e+00 6.699113e+00 7.366000e+00
      vertex   2.314475e+00 2.173437e+00 7.366000e+00
      vertex   4.118521e+00 6.358493e+00 7.366000e+00
    endloop
  endfacet
  facet normal 0.000000e+00 0.000000e+00 1.000000e+00
    outer loop
      vertex   4.118521e+00 6.358493e+00 7.366000e+00
      vertex   2.314475e+00 2.173437e+00 7.366000e+00
      vertex   2.568629e+00 1.866218e+00 7.366000e+00
    endloop
  endfacet
  facet normal 0.000000e+00 0.000000e+00 1.000000e+00
    outer loop
      vertex   4.118521e+00 6.358493e+00 7.366000e+00
      vertex   2.568629e+00 1.866218e+00 7.366000e+00
      vertex   2.782274e+00 1.529568e+00 7.366000e+00
    endloop
  endfacet
  facet normal 0.000000e+00 0.000000e+00 1.000000e+00
    outer loop
      vertex   4.118521e+00 6.358493e+00 7.366000e+00
      vertex   2.782274e+00 1.529568e+00 7.366000e+00
      vertex   4.223536e+00 6.029082e+00 7.366000e+00
    endloop
  endfacet
  facet normal 0.000000e+00 0.000000e+00 1.000000e+00
    outer loop
      vertex   4.223536e+00 6.029082e+00 7.366000e+00
      vertex   2.782274e+00 1.529568e+00 7.366000e+00
      vertex   2.952040e+00 1.168795e+00 7.366000e+00
    endloop
  endfacet
  facet normal 0.000000e+00 0.000000e+00 1.000000e+00
    outer loop
      vertex   4.223536e+00 6.029082e+00 7.366000e+00
      vertex   2.952040e+00 1.168795e+00 7.366000e+00
      vertex   4.372313e+00 5.716984e+00 7.366000e+00
    endloop
  endfacet
  facet normal 0.000000e+00 0.000000e+00 1.000000e+00
    outer loop
      vertex   4.372313e+00 5.716984e+00 7.366000e+00
      vertex   2.952040e+00 1.168795e+00 7.366000e+00
      vertex   4.562096e+00 5.427983e+00 7.366000e+00
    endloop
  endfacet
  facet normal 0.000000e+00 0.000000e+00 1.000000e+00
    outer loop
      vertex   4.562096e+00 5.427983e+00 7.366000e+00
      vertex   2.952040e+00 1.168795e+00 7.366000e+00
      vertex   3.075252e+00 7.895904e-01 7.366000e+00
    endloop
  endfacet
  facet normal 0.000000e+00 0.000000e+00 1.000000e+00
    outer loop
      vertex   4.562096e+00 5.427983e+00 7.366000e+00
      vertex   3.075252e+00 7.895904e-01 7.366000e+00
      vertex   4.789368e+00 5.167432e+00 7.366000e+00
    endloop
  endfacet
  facet normal 0.000000e+00 0.000000e+00 1.000000e+00
    outer loop
      vertex   4.789368e+00 5.167432e+00 7.366000e+00
      vertex   3.075252e+00 7.895904e-01 7.366000e+00
      vertex   3.149964e+00 3.979330e-01 7.366000e+00
    endloop
  endfacet
  facet normal 0.000000e+00 0.000000e+00 1.000000e+00
    outer loop
      vertex   4.789368e+00 5.167432e+00 7.366000e+00
      vertex   3.149964e+00 3.979330e-01 7.366000e+00
      vertex   5.167432e+00 4.789368e+00 7.366000e+00
    endloop
  endfacet
  facet normal 0.000000e+00 0.000000e+00 1.000000e+00
    outer loop
      vertex   5.167432e+00 4.789368e+00 7.366000e+00
      vertex   3.149964e+00 3.979330e-01 7.366000e+00
      vertex   3.175000e+00 3.888254e-16 7.366000e+00
    endloop
  endfacet
  facet normal 0.000000e+00 0.000000e+00 1.000000e+00
    outer loop
      vertex   5.167432e+00 4.789368e+00 7.366000e+00
      vertex   3.175000e+00 3.888254e-16 7.366000e+00
      vertex   5.546920e+00 4.344201e+00 7.366000e+00
    endloop
  endfacet
  facet normal 0.000000e+00 0.000000e+00 1.000000e+00
    outer loop
      vertex   5.546920e+00 4.344201e+00 7.366000e+00
      vertex   3.175000e+00 3.888254e-16 7.366000e+00
      vertex   5.888171e+00 3.869088e+00 7.366000e+00
    endloop
  endfacet
  facet normal 0.000000e+00 0.000000e+00 1.000000e+00
    outer loop
      vertex   5.888171e+00 3.869088e+00 7.366000e+00
      vertex   3.175000e+00 3.888254e-16 7.366000e+00
      vertex   5.888171e+00 -3.869088e+00 7.366000e+00
    endloop
  endfacet
  facet normal 0.000000e+00 0.000000e+00 1.000000e+00
    outer loop
      vertex   5.888171e+00 3.869088e+00 7.366000e+00
      vertex   5.888171e+00 -3.869088e+00 7.366000e+00
      vertex   6.188833e+00 3.367305e+00 7.366000e+00
    endloop
  endfacet
  facet normal 0.000000e+00 0.000000e+00 1.000000e+00
    outer loop
      vertex   6.188833e+00 3.367305e+00 7.366000e+00
      vertex   5.888171e+00 -3.869088e+00 7.366000e+00
      vertex   6.188833e+00 -3.367305e+00 7.366000e+00
    endloop
  endfacet
  facet normal 0.000000e+00 0.000000e+00 1.000000e+00
    outer loop
      vertex   6.188833e+00 3.367305e+00 7.366000e+00
      vertex   6.188833e+00 -3.367305e+00 7.366000e+00
      vertex   6.446834e+00 2.842310e+00 7.366000e+00
    endloop
  endfacet
  facet normal 0.000000e+00 0.000000e+00 1.000000e+00
    outer loop
      vertex   6.446834e+00 2.842310e+00 7.366000e+00
      vertex   6.188833e+00 -3.367305e+00 7.366000e+00
      vertex   6.446834e+00 -2.842310e+00 7.366000e+00
    endloop
  endfacet
  facet normal 0.000000e+00 0.000000e+00 1.000000e+00
    outer loop
      vertex   6.446834e+00 2.842310e+00 7.366000e+00
      vertex   6.446834e+00 -2.842310e+00 7.366000e+00
      vertex   6.660396e+00 2.297722e+00 7.366000e+00
    endloop
  endfacet
  facet normal 0.000000e+00 0.000000e+00 1.000000e+00
    outer loop
      vertex   6.660396e+00 2.297722e+00 7.366000e+00
      vertex   6.446834e+00 -2.842310e+00 7.366000e+00
      vertex   6.660396e+00 -2.297722e+00 7.366000e+00
    endloop
  endfacet
  facet normal 0.000000e+00 0.000000e+00 1.000000e+00
    outer loop
      vertex   6.660396e+00 2.297722e+00 7.366000e+00
      vertex   6.660396e+00 -2.297722e+00 7.366000e+00
      vertex   6.828045e+00 1.737296e+00 7.366000e+00
    endloop
  endfacet
  facet normal 0.000000e+00 0.000000e+00 1.000000e+00
    outer loop
      vertex   6.828045e+00 1.737296e+00 7.366000e+00
      vertex   6.660396e+00 -2.297722e+00 7.366000e+00
      vertex   6.828045e+00 -1.737296e+00 7.366000e+00
    endloop
  endfacet
  facet normal 0.000000e+00 0.000000e+00 1.000000e+00
    outer loop
      vertex   6.828045e+00 1.737296e+00 7.366000e+00
      vertex   6.828045e+00 -1.737296e+00 7.366000e+00
      vertex   6.948627e+00 1.164893e+00 7.366000e+00
    endloop
  endfacet
  facet normal 0.000000e+00 0.000000e+00 1.000000e+00
    outer loop
      vertex   6.948627e+00 1.164893e+00 7.366000e+00
      vertex   6.828045e+00 -1.737296e+00 7.366000e+00
      vertex   6.948627e+00 -1.164893e+00 7.366000e+00
    endloop
  endfacet
  facet normal 0.000000e+00 0.000000e+00 1.000000e+00
    outer loop
      vertex   6.948627e+00 1.164893e+00 7.366000e+00
      vertex   6.948627e+00 -1.164893e+00 7.366000e+00
      vertex   7.021311e+00 5.844611e-01 7.366000e+00
    endloop
  endfacet
  facet normal 0.000000e+00 0.000000e+00 1.000000e+00
    outer loop
      vertex   7.021311e+00 5.844611e-01 7.366000e+00
      vertex   6.948627e+00 -1.164893e+00 7.366000e+00
      vertex   7.021311e+00 -5.844611e-01 7.366000e+00
    endloop
  endfacet
  facet normal 0.000000e+00 0.000000e+00 1.000000e+00
    outer loop
      vertex   7.021311e+00 5.844611e-01 7.366000e+00
      vertex   7.021311e+00 -5.844611e-01 7.366000e+00
      vertex   7.045594e+00 -1.027900e-11 7.366000e+00
    endloop
  endfacet
  facet normal 0.000000e+00 0.000000e+00 1.000000e+00
    outer loop
      vertex   -6.188833e+00 -3.367305e+00 7.366000e+00
      vertex   -6.446834e+00 2.842310e+00 7.366000e+00
      vertex   -6.446834e+00 -2.842310e+00 7.366000e+00
    endloop
  endfacet
  facet normal 0.000000e+00 -0.000000e+00 1.000000e+00
    outer loop
      vertex   -6.446834e+00 -2.842310e+00 7.366000e+00
      vertex   -6.446834e+00 2.842310e+00 7.366000e+00
      vertex   -6.660396e+00 2.297722e+00 7.366000e+00
    endloop
  endfacet
  facet normal 0.000000e+00 0.000000e+00 1.000000e+00
    outer loop
      vertex   -6.446834e+00 -2.842310e+00 7.366000e+00
      vertex   -6.660396e+00 2.297722e+00 7.366000e+00
      vertex   -6.660396e+00 -2.297722e+00 7.366000e+00
    endloop
  endfacet
  facet normal 0.000000e+00 -0.000000e+00 1.000000e+00
    outer loop
      vertex   -6.660396e+00 -2.297722e+00 7.366000e+00
      vertex   -6.660396e+00 2.297722e+00 7.366000e+00
      vertex   -6.828045e+00 1.737296e+00 7.366000e+00
    endloop
  endfacet
  facet normal 0.000000e+00 0.000000e+00 1.000000e+00
    outer loop
      vertex   -6.660396e+00 -2.297722e+00 7.366000e+00
      vertex   -6.828045e+00 1.737296e+00 7.366000e+00
      vertex   -6.828045e+00 -1.737296e+00 7.366000e+00
    endloop
  endfacet
  facet normal 0.000000e+00 -0.000000e+00 1.000000e+00
    outer loop
      vertex   -6.828045e+00 -1.737296e+00 7.366000e+00
      vertex   -6.828045e+00 1.737296e+00 7.366000e+00
      vertex   -6.948627e+00 1.164893e+00 7.366000e+00
    endloop
  endfacet
  facet normal 0.000000e+00 0.000000e+00 1.000000e+00
    outer loop
      vertex   -6.828045e+00 -1.737296e+00 7.366000e+00
      vertex   -6.948627e+00 1.164893e+00 7.366000e+00
      vertex   -6.948627e+00 -1.164893e+00 7.366000e+00
    endloop
  endfacet
  facet normal 0.000000e+00 -0.000000e+00 1.000000e+00
    outer loop
      vertex   -6.948627e+00 -1.164893e+00 7.366000e+00
      vertex   -6.948627e+00 1.164893e+00 7.366000e+00
      vertex   -7.021311e+00 5.844611e-01 7.366000e+00
    endloop
  endfacet
  facet normal 0.000000e+00 0.000000e+00 1.000000e+00
    outer loop
      vertex   -6.948627e+00 -1.164893e+00 7.366000e+00
      vertex   -7.021311e+00 5.844611e-01 7.366000e+00
      vertex   -7.021311e+00 -5.844611e-01 7.366000e+00
    endloop
  endfacet
  facet normal 0.000000e+00 -0.000000e+00 1.000000e+00
    outer loop
      vertex   -7.021311e+00 -5.844611e-01 7.366000e+00
      vertex   -7.021311e+00 5.844611e-01 7.366000e+00
      vertex   -7.045594e+00 1.499911e-12 7.366000e+00
    endloop
  endfacet
  facet normal 0.000000e+00 0.000000e+00 1.000000e+00
    outer loop
      vertex   -4.059215e+00 -6.699113e+00 7.366000e+00
      vertex   -3.810000e+00 -9.080500e+00 7.366000e+00
      vertex   -8.829889e-01 -7.389793e+00 7.366000e+00
    endloop
  endfacet
  facet normal 0.000000e+00 0.000000e+00 1.000000e+00
    outer loop
      vertex   -8.829889e-01 -7.389793e+00 7.366000e+00
      vertex   -3.810000e+00 -9.080500e+00 7.366000e+00
      vertex   -8.829889e-01 -7.596207e+00 7.366000e+00
    endloop
  endfacet
  facet normal 0.000000e+00 0.000000e+00 1.000000e+00
    outer loop
      vertex   -8.829889e-01 -7.596207e+00 7.366000e+00
      vertex   -3.810000e+00 -9.080500e+00 7.366000e+00
      vertex   -8.829889e-01 -1.031079e+01 7.366000e+00
    endloop
  endfacet
  facet normal 0.000000e+00 0.000000e+00 1.000000e+00
    outer loop
      vertex   -8.829889e-01 -7.596207e+00 7.366000e+00
      vertex   -8.829889e-01 -1.031079e+01 7.366000e+00
      vertex   -8.353867e-01 -1.010994e+01 7.366000e+00
    endloop
  endfacet
  facet normal 0.000000e+00 -0.000000e+00 1.000000e+00
    outer loop
      vertex   -2.042480e+00 -1.678790e+01 7.366000e+00
      vertex   -8.829889e-01 -1.323179e+01 7.366000e+00
      vertex   -3.810000e+00 -9.080500e+00 7.366000e+00
    endloop
  endfacet
  facet normal 0.000000e+00 0.000000e+00 1.000000e+00
    outer loop
      vertex   -3.810000e+00 -9.080500e+00 7.366000e+00
      vertex   -8.829889e-01 -1.323179e+01 7.366000e+00
      vertex   -8.829889e-01 -1.051721e+01 7.366000e+00
    endloop
  endfacet
  facet normal 0.000000e+00 0.000000e+00 1.000000e+00
    outer loop
      vertex   -3.810000e+00 -9.080500e+00 7.366000e+00
      vertex   -8.829889e-01 -1.051721e+01 7.366000e+00
      vertex   -8.829889e-01 -1.031079e+01 7.366000e+00
    endloop
  endfacet
  facet normal 0.000000e+00 -0.000000e+00 1.000000e+00
    outer loop
      vertex   -1.949944e+00 -1.708686e+01 7.366000e+00
      vertex   -1.143000e+00 -1.625600e+01 7.366000e+00
      vertex   -2.042480e+00 -1.678790e+01 7.366000e+00
    endloop
  endfacet
  facet normal 0.000000e+00 0.000000e+00 1.000000e+00
    outer loop
      vertex   -2.042480e+00 -1.678790e+01 7.366000e+00
      vertex   -1.143000e+00 -1.625600e+01 7.366000e+00
      vertex   -1.118023e+00 -1.601836e+01 7.366000e+00
    endloop
  endfacet
  facet normal 0.000000e+00 0.000000e+00 1.000000e+00
    outer loop
      vertex   -2.042480e+00 -1.678790e+01 7.366000e+00
      vertex   -1.118023e+00 -1.601836e+01 7.366000e+00
      vertex   -1.044182e+00 -1.579110e+01 7.366000e+00
    endloop
  endfacet
  facet normal -0.000000e+00 0.000000e+00 1.000000e+00
    outer loop
      vertex   -1.949944e+00 -1.708686e+01 7.366000e+00
      vertex   -1.813916e+00 -1.736870e+01 7.366000e+00
      vertex   -1.143000e+00 -1.625600e+01 7.366000e+00
    endloop
  endfacet
  facet normal 0.000000e+00 0.000000e+00 1.000000e+00
    outer loop
      vertex   -1.143000e+00 -1.625600e+01 7.366000e+00
      vertex   -1.813916e+00 -1.736870e+01 7.366000e+00
      vertex   -1.637430e+00 -1.762715e+01 7.366000e+00
    endloop
  endfacet
  facet normal 0.000000e+00 0.000000e+00 1.000000e+00
    outer loop
      vertex   -1.143000e+00 -1.625600e+01 7.366000e+00
      vertex   -1.637430e+00 -1.762715e+01 7.366000e+00
      vertex   -1.118023e+00 -1.649364e+01 7.366000e+00
    endloop
  endfacet
  facet normal 0.000000e+00 0.000000e+00 1.000000e+00
    outer loop
      vertex   -1.118023e+00 -1.649364e+01 7.366000e+00
      vertex   -1.637430e+00 -1.762715e+01 7.366000e+00
      vertex   -1.424422e+00 -1.785643e+01 7.366000e+00
    endloop
  endfacet
  facet normal 0.000000e+00 0.000000e+00 1.000000e+00
    outer loop
      vertex   -1.118023e+00 -1.649364e+01 7.366000e+00
      vertex   -1.424422e+00 -1.785643e+01 7.366000e+00
      vertex   -1.044182e+00 -1.672090e+01 7.366000e+00
    endloop
  endfacet
  facet normal 0.000000e+00 0.000000e+00 1.000000e+00
    outer loop
      vertex   -1.044182e+00 -1.672090e+01 7.366000e+00
      vertex   -1.424422e+00 -1.785643e+01 7.366000e+00
      vertex   -1.179644e+00 -1.805142e+01 7.366000e+00
    endloop
  endfacet
  facet normal 0.000000e+00 0.000000e+00 1.000000e+00
    outer loop
      vertex   -1.044182e+00 -1.672090e+01 7.366000e+00
      vertex   -1.179644e+00 -1.805142e+01 7.366000e+00
      vertex   -9.247064e-01 -1.692784e+01 7.366000e+00
    endloop
  endfacet
  facet normal 0.000000e+00 0.000000e+00 1.000000e+00
    outer loop
      vertex   -9.247064e-01 -1.692784e+01 7.366000e+00
      vertex   -1.179644e+00 -1.805142e+01 7.366000e+00
      vertex   -9.085549e-01 -1.820779e+01 7.366000e+00
    endloop
  endfacet
  facet normal 0.000000e+00 0.000000e+00 1.000000e+00
    outer loop
      vertex   -9.247064e-01 -1.692784e+01 7.366000e+00
      vertex   -9.085549e-01 -1.820779e+01 7.366000e+00
      vertex   -7.648163e-01 -1.710541e+01 7.366000e+00
    endloop
  endfacet
  facet normal 0.000000e+00 0.000000e+00 1.000000e+00
    outer loop
      vertex   -7.648163e-01 -1.710541e+01 7.366000e+00
      vertex   -9.085549e-01 -1.820779e+01 7.366000e+00
      vertex   -5.715000e-01 -1.724587e+01 7.366000e+00
    endloop
  endfacet
  facet normal 0.000000e+00 0.000000e+00 1.000000e+00
    outer loop
      vertex   -5.715000e-01 -1.724587e+01 7.366000e+00
      vertex   -9.085549e-01 -1.820779e+01 7.366000e+00
      vertex   -6.172010e-01 -1.832204e+01 7.366000e+00
    endloop
  endfacet
  facet normal 0.000000e+00 0.000000e+00 1.000000e+00
    outer loop
      vertex   -5.715000e-01 -1.724587e+01 7.366000e+00
      vertex   -6.172010e-01 -1.832204e+01 7.366000e+00
      vertex   -3.532064e-01 -1.734306e+01 7.366000e+00
    endloop
  endfacet
  facet normal 0.000000e+00 0.000000e+00 1.000000e+00
    outer loop
      vertex   -3.532064e-01 -1.734306e+01 7.366000e+00
      vertex   -6.172010e-01 -1.832204e+01 7.366000e+00
      vertex   -3.120808e-01 -1.839163e+01 7.366000e+00
    endloop
  endfacet
  facet normal 0.000000e+00 0.000000e+00 1.000000e+00
    outer loop
      vertex   -3.532064e-01 -1.734306e+01 7.366000e+00
      vertex   -3.120808e-01 -1.839163e+01 7.366000e+00
      vertex   -1.194760e-01 -1.739274e+01 7.366000e+00
    endloop
  endfacet
  facet normal 0.000000e+00 0.000000e+00 1.000000e+00
    outer loop
      vertex   -1.194760e-01 -1.739274e+01 7.366000e+00
      vertex   -3.120808e-01 -1.839163e+01 7.366000e+00
      vertex   7.259471e-13 -1.841500e+01 7.366000e+00
    endloop
  endfacet
  facet normal -0.000000e+00 0.000000e+00 1.000000e+00
    outer loop
      vertex   -1.194760e-01 -1.739274e+01 7.366000e+00
      vertex   7.259471e-13 -1.841500e+01 7.366000e+00
      vertex   1.194760e-01 -1.739274e+01 7.366000e+00
    endloop
  endfacet
  facet normal 0.000000e+00 0.000000e+00 1.000000e+00
    outer loop
      vertex   1.194760e-01 -1.739274e+01 7.366000e+00
      vertex   7.259471e-13 -1.841500e+01 7.366000e+00
      vertex   3.120808e-01 -1.839163e+01 7.366000e+00
    endloop
  endfacet
  facet normal -0.000000e+00 0.000000e+00 1.000000e+00
    outer loop
      vertex   1.194760e-01 -1.739274e+01 7.366000e+00
      vertex   3.120808e-01 -1.839163e+01 7.366000e+00
      vertex   3.532064e-01 -1.734306e+01 7.366000e+00
    endloop
  endfacet
  facet normal 0.000000e+00 0.000000e+00 1.000000e+00
    outer loop
      vertex   3.532064e-01 -1.734306e+01 7.366000e+00
      vertex   3.120808e-01 -1.839163e+01 7.366000e+00
      vertex   6.172010e-01 -1.832204e+01 7.366000e+00
    endloop
  endfacet
  facet normal -0.000000e+00 0.000000e+00 1.000000e+00
    outer loop
      vertex   3.532064e-01 -1.734306e+01 7.366000e+00
      vertex   6.172010e-01 -1.832204e+01 7.366000e+00
      vertex   5.715000e-01 -1.724587e+01 7.366000e+00
    endloop
  endfacet
  facet normal 0.000000e+00 0.000000e+00 1.000000e+00
    outer loop
      vertex   5.715000e-01 -1.724587e+01 7.366000e+00
      vertex   6.172010e-01 -1.832204e+01 7.366000e+00
      vertex   9.085549e-01 -1.820779e+01 7.366000e+00
    endloop
  endfacet
  facet normal -0.000000e+00 0.000000e+00 1.000000e+00
    outer loop
      vertex   5.715000e-01 -1.724587e+01 7.366000e+00
      vertex   9.085549e-01 -1.820779e+01 7.366000e+00
      vertex   7.648163e-01 -1.710541e+01 7.366000e+00
    endloop
  endfacet
  facet normal -0.000000e+00 0.000000e+00 1.000000e+00
    outer loop
      vertex   7.648163e-01 -1.710541e+01 7.366000e+00
      vertex   9.085549e-01 -1.820779e+01 7.366000e+00
      vertex   9.247064e-01 -1.692784e+01 7.366000e+00
    endloop
  endfacet
  facet normal 0.000000e+00 0.000000e+00 1.000000e+00
    outer loop
      vertex   9.247064e-01 -1.692784e+01 7.366000e+00
      vertex   9.085549e-01 -1.820779e+01 7.366000e+00
      vertex   1.179644e+00 -1.805142e+01 7.366000e+00
    endloop
  endfacet
  facet normal -0.000000e+00 0.000000e+00 1.000000e+00
    outer loop
      vertex   9.247064e-01 -1.692784e+01 7.366000e+00
      vertex   1.179644e+00 -1.805142e+01 7.366000e+00
      vertex   1.044182e+00 -1.672090e+01 7.366000e+00
    endloop
  endfacet
  facet normal 0.000000e+00 0.000000e+00 1.000000e+00
    outer loop
      vertex   1.044182e+00 -1.672090e+01 7.366000e+00
      vertex   1.179644e+00 -1.805142e+01 7.366000e+00
      vertex   1.424422e+00 -1.785643e+01 7.366000e+00
    endloop
  endfacet
  facet normal -0.000000e+00 0.000000e+00 1.000000e+00
    outer loop
      vertex   1.044182e+00 -1.672090e+01 7.366000e+00
      vertex   1.424422e+00 -1.785643e+01 7.366000e+00
      vertex   1.118023e+00 -1.649364e+01 7.366000e+00
    endloop
  endfacet
  facet normal 0.000000e+00 0.000000e+00 1.000000e+00
    outer loop
      vertex   1.118023e+00 -1.649364e+01 7.366000e+00
      vertex   1.424422e+00 -1.785643e+01 7.366000e+00
      vertex   1.637430e+00 -1.762715e+01 7.366000e+00
    endloop
  endfacet
  facet normal -0.000000e+00 0.000000e+00 1.000000e+00
    outer loop
      vertex   1.118023e+00 -1.649364e+01 7.366000e+00
      vertex   1.637430e+00 -1.762715e+01 7.366000e+00
      vertex   1.143000e+00 -1.625600e+01 7.366000e+00
    endloop
  endfacet
  facet normal 0.000000e+00 0.000000e+00 1.000000e+00
    outer loop
      vertex   1.143000e+00 -1.625600e+01 7.366000e+00
      vertex   1.637430e+00 -1.762715e+01 7.366000e+00
      vertex   1.813916e+00 -1.736870e+01 7.366000e+00
    endloop
  endfacet
  facet normal 0.000000e+00 0.000000e+00 1.000000e+00
    outer loop
      vertex   1.143000e+00 -1.625600e+01 7.366000e+00
      vertex   1.813916e+00 -1.736870e+01 7.366000e+00
      vertex   1.949944e+00 -1.708686e+01 7.366000e+00
    endloop
  endfacet
  facet normal 0.000000e+00 -0.000000e+00 1.000000e+00
    outer loop
      vertex   1.949944e+00 -1.708686e+01 7.366000e+00
      vertex   2.042480e+00 -1.678790e+01 7.366000e+00
      vertex   1.143000e+00 -1.625600e+01 7.366000e+00
    endloop
  endfacet
  facet normal -0.000000e+00 -0.000000e+00 1.000000e+00
    outer loop
      vertex   1.143000e+00 -1.625600e+01 7.366000e+00
      vertex   2.042480e+00 -1.678790e+01 7.366000e+00
      vertex   1.118023e+00 -1.601836e+01 7.366000e+00
    endloop
  endfacet
  facet normal -0.000000e+00 -0.000000e+00 1.000000e+00
    outer loop
      vertex   1.118023e+00 -1.601836e+01 7.366000e+00
      vertex   2.042480e+00 -1.678790e+01 7.366000e+00
      vertex   1.044182e+00 -1.579110e+01 7.366000e+00
    endloop
  endfacet
  facet normal -0.000000e+00 -0.000000e+00 1.000000e+00
    outer loop
      vertex   1.044182e+00 -1.579110e+01 7.366000e+00
      vertex   2.042480e+00 -1.678790e+01 7.366000e+00
      vertex   8.890000e-01 -1.333500e+01 7.366000e+00
    endloop
  endfacet
  facet normal 0.000000e+00 0.000000e+00 1.000000e+00
    outer loop
      vertex   1.044182e+00 -1.579110e+01 7.366000e+00
      vertex   8.890000e-01 -1.333500e+01 7.366000e+00
      vertex   8.650369e-01 -1.354002e+01 7.366000e+00
    endloop
  endfacet
  facet normal 0.000000e+00 -0.000000e+00 1.000000e+00
    outer loop
      vertex   2.042480e+00 -1.678790e+01 7.366000e+00
      vertex   3.810000e+00 -9.080500e+00 7.366000e+00
      vertex   8.890000e-01 -1.333500e+01 7.366000e+00
    endloop
  endfacet
  facet normal 0.000000e+00 -0.000000e+00 1.000000e+00
    outer loop
      vertex   8.890000e-01 -1.333500e+01 7.366000e+00
      vertex   3.810000e+00 -9.080500e+00 7.366000e+00
      vertex   8.650369e-01 -1.312998e+01 7.366000e+00
    endloop
  endfacet
  facet normal 0.000000e+00 0.000000e+00 1.000000e+00
    outer loop
      vertex   8.650369e-01 -1.312998e+01 7.366000e+00
      vertex   3.810000e+00 -9.080500e+00 7.366000e+00
      vertex   8.650369e-01 -1.061902e+01 7.366000e+00
    endloop
  endfacet
  facet normal 0.000000e+00 -0.000000e+00 1.000000e+00
    outer loop
      vertex   8.650369e-01 -1.312998e+01 7.366000e+00
      vertex   8.650369e-01 -1.061902e+01 7.366000e+00
      vertex   7.944394e-01 -1.081298e+01 7.366000e+00
    endloop
  endfacet
  facet normal 0.000000e+00 0.000000e+00 1.000000e+00
    outer loop
      vertex   4.059215e+00 -6.699113e+00 7.366000e+00
      vertex   8.890000e-01 -7.493000e+00 7.366000e+00
      vertex   3.810000e+00 -9.080500e+00 7.366000e+00
    endloop
  endfacet
  facet normal 0.000000e+00 0.000000e+00 1.000000e+00
    outer loop
      vertex   3.810000e+00 -9.080500e+00 7.366000e+00
      vertex   8.890000e-01 -7.493000e+00 7.366000e+00
      vertex   8.650369e-01 -7.698018e+00 7.366000e+00
    endloop
  endfacet
  facet normal 0.000000e+00 0.000000e+00 1.000000e+00
    outer loop
      vertex   3.810000e+00 -9.080500e+00 7.366000e+00
      vertex   8.650369e-01 -7.698018e+00 7.366000e+00
      vertex   8.650369e-01 -1.020898e+01 7.366000e+00
    endloop
  endfacet
  facet normal 0.000000e+00 -0.000000e+00 1.000000e+00
    outer loop
      vertex   8.650369e-01 -1.020898e+01 7.366000e+00
      vertex   8.650369e-01 -7.698018e+00 7.366000e+00
      vertex   7.944394e-01 -7.891982e+00 7.366000e+00
    endloop
  endfacet
  facet normal 0.000000e+00 0.000000e+00 1.000000e+00
    outer loop
      vertex   8.650369e-01 -1.020898e+01 7.366000e+00
      vertex   7.944394e-01 -7.891982e+00 7.366000e+00
      vertex   7.944394e-01 -1.001502e+01 7.366000e+00
    endloop
  endfacet
  facet normal 0.000000e+00 -0.000000e+00 1.000000e+00
    outer loop
      vertex   7.944394e-01 -1.001502e+01 7.366000e+00
      vertex   7.944394e-01 -7.891982e+00 7.366000e+00
      vertex   6.810135e-01 -8.064438e+00 7.366000e+00
    endloop
  endfacet
  facet normal 0.000000e+00 0.000000e+00 1.000000e+00
    outer loop
      vertex   7.944394e-01 -1.001502e+01 7.366000e+00
      vertex   6.810135e-01 -8.064438e+00 7.366000e+00
      vertex   6.810135e-01 -9.842562e+00 7.366000e+00
    endloop
  endfacet
  facet normal 0.000000e+00 -0.000000e+00 1.000000e+00
    outer loop
      vertex   6.810135e-01 -9.842562e+00 7.366000e+00
      vertex   6.810135e-01 -8.064438e+00 7.366000e+00
      vertex   5.308740e-01 -8.206088e+00 7.366000e+00
    endloop
  endfacet
  facet normal 0.000000e+00 0.000000e+00 1.000000e+00
    outer loop
      vertex   6.810135e-01 -9.842562e+00 7.366000e+00
      vertex   5.308740e-01 -8.206088e+00 7.366000e+00
      vertex   5.308740e-01 -9.700912e+00 7.366000e+00
    endloop
  endfacet
  facet normal 0.000000e+00 -0.000000e+00 1.000000e+00
    outer loop
      vertex   5.308740e-01 -9.700912e+00 7.366000e+00
      vertex   5.308740e-01 -8.206088e+00 7.366000e+00
      vertex   3.521149e-01 -8.309294e+00 7.366000e+00
    endloop
  endfacet
  facet normal 0.000000e+00 0.000000e+00 1.000000e+00
    outer loop
      vertex   5.308740e-01 -9.700912e+00 7.366000e+00
      vertex   3.521149e-01 -8.309294e+00 7.366000e+00
      vertex   3.521149e-01 -9.597706e+00 7.366000e+00
    endloop
  endfacet
  facet normal 0.000000e+00 -0.000000e+00 1.000000e+00
    outer loop
      vertex   3.521149e-01 -9.597706e+00 7.366000e+00
      vertex   3.521149e-01 -8.309294e+00 7.366000e+00
      vertex   1.543732e-01 -8.368494e+00 7.366000e+00
    endloop
  endfacet
  facet normal 0.000000e+00 0.000000e+00 1.000000e+00
    outer loop
      vertex   3.521149e-01 -9.597706e+00 7.366000e+00
      vertex   1.543732e-01 -8.368494e+00 7.366000e+00
      vertex   1.543732e-01 -9.538506e+00 7.366000e+00
    endloop
  endfacet
  facet normal 0.000000e+00 -0.000000e+00 1.000000e+00
    outer loop
      vertex   1.543732e-01 -9.538506e+00 7.366000e+00
      vertex   1.543732e-01 -8.368494e+00 7.366000e+00
      vertex   -5.169075e-02 -8.380496e+00 7.366000e+00
    endloop
  endfacet
  facet normal 0.000000e+00 0.000000e+00 1.000000e+00
    outer loop
      vertex   1.543732e-01 -9.538506e+00 7.366000e+00
      vertex   -5.169075e-02 -8.380496e+00 7.366000e+00
      vertex   -5.169075e-02 -9.526504e+00 7.366000e+00
    endloop
  endfacet
  facet normal 0.000000e+00 -0.000000e+00 1.000000e+00
    outer loop
      vertex   -5.169075e-02 -9.526504e+00 7.366000e+00
      vertex   -5.169075e-02 -8.380496e+00 7.366000e+00
      vertex   -2.549681e-01 -8.344653e+00 7.366000e+00
    endloop
  endfacet
  facet normal 0.000000e+00 0.000000e+00 1.000000e+00
    outer loop
      vertex   -5.169075e-02 -9.526504e+00 7.366000e+00
      vertex   -2.549681e-01 -8.344653e+00 7.366000e+00
      vertex   -2.549681e-01 -9.562347e+00 7.366000e+00
    endloop
  endfacet
  facet normal 0.000000e+00 -0.000000e+00 1.000000e+00
    outer loop
      vertex   -2.549681e-01 -9.562347e+00 7.366000e+00
      vertex   -2.549681e-01 -8.344653e+00 7.366000e+00
      vertex   -4.445000e-01 -8.262897e+00 7.366000e+00
    endloop
  endfacet
  facet normal 0.000000e+00 0.000000e+00 1.000000e+00
    outer loop
      vertex   -2.549681e-01 -9.562347e+00 7.366000e+00
      vertex   -4.445000e-01 -8.262897e+00 7.366000e+00
      vertex   -4.445000e-01 -9.644103e+00 7.366000e+00
    endloop
  endfacet
  facet normal 0.000000e+00 -0.000000e+00 1.000000e+00
    outer loop
      vertex   -4.445000e-01 -9.644103e+00 7.366000e+00
      vertex   -4.445000e-01 -8.262897e+00 7.366000e+00
      vertex   -6.100688e-01 -8.139635e+00 7.366000e+00
    endloop
  endfacet
  facet normal 0.000000e+00 0.000000e+00 1.000000e+00
    outer loop
      vertex   -4.445000e-01 -9.644103e+00 7.366000e+00
      vertex   -6.100688e-01 -8.139635e+00 7.366000e+00
      vertex   -6.100688e-01 -9.767365e+00 7.366000e+00
    endloop
  endfacet
  facet normal 0.000000e+00 -0.000000e+00 1.000000e+00
    outer loop
      vertex   -6.100688e-01 -9.767365e+00 7.366000e+00
      vertex   -6.100688e-01 -8.139635e+00 7.366000e+00
      vertex   -7.427487e-01 -7.981513e+00 7.366000e+00
    endloop
  endfacet
  facet normal 0.000000e+00 0.000000e+00 1.000000e+00
    outer loop
      vertex   -6.100688e-01 -9.767365e+00 7.366000e+00
      vertex   -7.427487e-01 -7.981513e+00 7.366000e+00
      vertex   -7.427487e-01 -9.925487e+00 7.366000e+00
    endloop
  endfacet
  facet normal 0.000000e+00 -0.000000e+00 1.000000e+00
    outer loop
      vertex   -7.427487e-01 -9.925487e+00 7.366000e+00
      vertex   -7.427487e-01 -7.981513e+00 7.366000e+00
      vertex   -8.353867e-01 -7.797056e+00 7.366000e+00
    endloop
  endfacet
  facet normal 0.000000e+00 0.000000e+00 1.000000e+00
    outer loop
      vertex   -7.427487e-01 -9.925487e+00 7.366000e+00
      vertex   -8.353867e-01 -7.797056e+00 7.366000e+00
      vertex   -8.353867e-01 -1.010994e+01 7.366000e+00
    endloop
  endfacet
  facet normal 0.000000e+00 -0.000000e+00 1.000000e+00
    outer loop
      vertex   -8.353867e-01 -1.010994e+01 7.366000e+00
      vertex   -8.353867e-01 -7.797056e+00 7.366000e+00
      vertex   -8.829889e-01 -7.596207e+00 7.366000e+00
    endloop
  endfacet
  facet normal 0.000000e+00 0.000000e+00 1.000000e+00
    outer loop
      vertex   4.059215e+00 6.699113e+00 7.366000e+00
      vertex   3.810000e+00 9.080500e+00 7.366000e+00
      vertex   8.890000e-01 7.493000e+00 7.366000e+00
    endloop
  endfacet
  facet normal 0.000000e+00 -0.000000e+00 1.000000e+00
    outer loop
      vertex   8.890000e-01 7.493000e+00 7.366000e+00
      vertex   3.810000e+00 9.080500e+00 7.366000e+00
      vertex   8.650369e-01 7.698018e+00 7.366000e+00
    endloop
  endfacet
  facet normal 0.000000e+00 0.000000e+00 1.000000e+00
    outer loop
      vertex   8.650369e-01 7.698018e+00 7.366000e+00
      vertex   3.810000e+00 9.080500e+00 7.366000e+00
      vertex   8.650369e-01 1.020898e+01 7.366000e+00
    endloop
  endfacet
  facet normal 0.000000e+00 -0.000000e+00 1.000000e+00
    outer loop
      vertex   8.650369e-01 7.698018e+00 7.366000e+00
      vertex   8.650369e-01 1.020898e+01 7.366000e+00
      vertex   7.944394e-01 1.001502e+01 7.366000e+00
    endloop
  endfacet
  facet normal 0.000000e+00 0.000000e+00 1.000000e+00
    outer loop
      vertex   2.042480e+00 1.678790e+01 7.366000e+00
      vertex   8.890000e-01 1.333500e+01 7.366000e+00
      vertex   3.810000e+00 9.080500e+00 7.366000e+00
    endloop
  endfacet
  facet normal 0.000000e+00 0.000000e+00 1.000000e+00
    outer loop
      vertex   3.810000e+00 9.080500e+00 7.366000e+00
      vertex   8.890000e-01 1.333500e+01 7.366000e+00
      vertex   8.650369e-01 1.312998e+01 7.366000e+00
    endloop
  endfacet
  facet normal 0.000000e+00 0.000000e+00 1.000000e+00
    outer loop
      vertex   3.810000e+00 9.080500e+00 7.366000e+00
      vertex   8.650369e-01 1.312998e+01 7.366000e+00
      vertex   8.650369e-01 1.061902e+01 7.366000e+00
    endloop
  endfacet
  facet normal 0.000000e+00 -0.000000e+00 1.000000e+00
    outer loop
      vertex   8.650369e-01 1.061902e+01 7.366000e+00
      vertex   8.650369e-01 1.312998e+01 7.366000e+00
      vertex   7.944394e-01 1.081298e+01 7.366000e+00
    endloop
  endfacet
  facet normal 0.000000e+00 0.000000e+00 1.000000e+00
    outer loop
      vertex   7.944394e-01 1.081298e+01 7.366000e+00
      vertex   8.650369e-01 1.312998e+01 7.366000e+00
      vertex   7.944394e-01 1.293602e+01 7.366000e+00
    endloop
  endfacet
  facet normal 0.000000e+00 -0.000000e+00 1.000000e+00
    outer loop
      vertex   7.944394e-01 1.081298e+01 7.366000e+00
      vertex   7.944394e-01 1.293602e+01 7.366000e+00
      vertex   6.810135e-01 1.098544e+01 7.366000e+00
    endloop
  endfacet
  facet normal 0.000000e+00 0.000000e+00 1.000000e+00
    outer loop
      vertex   6.810135e-01 1.098544e+01 7.366000e+00
      vertex   7.944394e-01 1.293602e+01 7.366000e+00
      vertex   6.810135e-01 1.276356e+01 7.366000e+00
    endloop
  endfacet
  facet normal 0.000000e+00 -0.000000e+00 1.000000e+00
    outer loop
      vertex   6.810135e-01 1.098544e+01 7.366000e+00
      vertex   6.810135e-01 1.276356e+01 7.366000e+00
      vertex   5.308740e-01 1.112709e+01 7.366000e+00
    endloop
  endfacet
  facet normal 0.000000e+00 0.000000e+00 1.000000e+00
    outer loop
      vertex   5.308740e-01 1.112709e+01 7.366000e+00
      vertex   6.810135e-01 1.276356e+01 7.366000e+00
      vertex   5.308740e-01 1.262191e+01 7.366000e+00
    endloop
  endfacet
  facet normal 0.000000e+00 -0.000000e+00 1.000000e+00
    outer loop
      vertex   5.308740e-01 1.112709e+01 7.366000e+00
      vertex   5.308740e-01 1.262191e+01 7.366000e+00
      vertex   3.521149e-01 1.123029e+01 7.366000e+00
    endloop
  endfacet
  facet normal 0.000000e+00 0.000000e+00 1.000000e+00
    outer loop
      vertex   3.521149e-01 1.123029e+01 7.366000e+00
      vertex   5.308740e-01 1.262191e+01 7.366000e+00
      vertex   3.521149e-01 1.251871e+01 7.366000e+00
    endloop
  endfacet
  facet normal 0.000000e+00 -0.000000e+00 1.000000e+00
    outer loop
      vertex   3.521149e-01 1.123029e+01 7.366000e+00
      vertex   3.521149e-01 1.251871e+01 7.366000e+00
      vertex   1.543732e-01 1.128949e+01 7.366000e+00
    endloop
  endfacet
  facet normal 0.000000e+00 0.000000e+00 1.000000e+00
    outer loop
      vertex   1.543732e-01 1.128949e+01 7.366000e+00
      vertex   3.521149e-01 1.251871e+01 7.366000e+00
      vertex   1.543732e-01 1.245951e+01 7.366000e+00
    endloop
  endfacet
  facet normal 0.000000e+00 -0.000000e+00 1.000000e+00
    outer loop
      vertex   1.543732e-01 1.128949e+01 7.366000e+00
      vertex   1.543732e-01 1.245951e+01 7.366000e+00
      vertex   -5.169075e-02 1.130150e+01 7.366000e+00
    endloop
  endfacet
  facet normal 0.000000e+00 0.000000e+00 1.000000e+00
    outer loop
      vertex   -5.169075e-02 1.130150e+01 7.366000e+00
      vertex   1.543732e-01 1.245951e+01 7.366000e+00
      vertex   -5.169075e-02 1.244750e+01 7.366000e+00
    endloop
  endfacet
  facet normal 0.000000e+00 -0.000000e+00 1.000000e+00
    outer loop
      vertex   -5.169075e-02 1.130150e+01 7.366000e+00
      vertex   -5.169075e-02 1.244750e+01 7.366000e+00
      vertex   -2.549681e-01 1.248335e+01 7.366000e+00
    endloop
  endfacet
  facet normal 0.000000e+00 0.000000e+00 1.000000e+00
    outer loop
      vertex   1.949944e+00 1.708686e+01 7.366000e+00
      vertex   1.143000e+00 1.625600e+01 7.366000e+00
      vertex   2.042480e+00 1.678790e+01 7.366000e+00
    endloop
  endfacet
  facet normal 0.000000e+00 0.000000e+00 1.000000e+00
    outer loop
      vertex   2.042480e+00 1.678790e+01 7.366000e+00
      vertex   1.143000e+00 1.625600e+01 7.366000e+00
      vertex   1.118023e+00 1.601836e+01 7.366000e+00
    endloop
  endfacet
  facet normal 0.000000e+00 0.000000e+00 1.000000e+00
    outer loop
      vertex   2.042480e+00 1.678790e+01 7.366000e+00
      vertex   1.118023e+00 1.601836e+01 7.366000e+00
      vertex   1.044182e+00 1.579110e+01 7.366000e+00
    endloop
  endfacet
  facet normal 0.000000e+00 0.000000e+00 1.000000e+00
    outer loop
      vertex   1.949944e+00 1.708686e+01 7.366000e+00
      vertex   1.813916e+00 1.736870e+01 7.366000e+00
      vertex   1.143000e+00 1.625600e+01 7.366000e+00
    endloop
  endfacet
  facet normal 0.000000e+00 0.000000e+00 1.000000e+00
    outer loop
      vertex   1.143000e+00 1.625600e+01 7.366000e+00
      vertex   1.813916e+00 1.736870e+01 7.366000e+00
      vertex   1.637430e+00 1.762715e+01 7.366000e+00
    endloop
  endfacet
  facet normal 0.000000e+00 -0.000000e+00 1.000000e+00
    outer loop
      vertex   1.143000e+00 1.625600e+01 7.366000e+00
      vertex   1.637430e+00 1.762715e+01 7.366000e+00
      vertex   1.118023e+00 1.649364e+01 7.366000e+00
    endloop
  endfacet
  facet normal 0.000000e+00 0.000000e+00 1.000000e+00
    outer loop
      vertex   1.118023e+00 1.649364e+01 7.366000e+00
      vertex   1.637430e+00 1.762715e+01 7.366000e+00
      vertex   1.424422e+00 1.785643e+01 7.366000e+00
    endloop
  endfacet
  facet normal 0.000000e+00 -0.000000e+00 1.000000e+00
    outer loop
      vertex   1.118023e+00 1.649364e+01 7.366000e+00
      vertex   1.424422e+00 1.785643e+01 7.366000e+00
      vertex   1.044182e+00 1.672090e+01 7.366000e+00
    endloop
  endfacet
  facet normal 0.000000e+00 0.000000e+00 1.000000e+00
    outer loop
      vertex   1.044182e+00 1.672090e+01 7.366000e+00
      vertex   1.424422e+00 1.785643e+01 7.366000e+00
      vertex   1.179644e+00 1.805142e+01 7.366000e+00
    endloop
  endfacet
  facet normal 0.000000e+00 -0.000000e+00 1.000000e+00
    outer loop
      vertex   1.044182e+00 1.672090e+01 7.366000e+00
      vertex   1.179644e+00 1.805142e+01 7.366000e+00
      vertex   9.247064e-01 1.692784e+01 7.366000e+00
    endloop
  endfacet
  facet normal 0.000000e+00 -0.000000e+00 1.000000e+00
    outer loop
      vertex   9.247064e-01 1.692784e+01 7.366000e+00
      vertex   1.179644e+00 1.805142e+01 7.366000e+00
      vertex   9.085549e-01 1.820779e+01 7.366000e+00
    endloop
  endfacet
  facet normal 0.000000e+00 0.000000e+00 1.000000e+00
    outer loop
      vertex   9.247064e-01 1.692784e+01 7.366000e+00
      vertex   9.085549e-01 1.820779e+01 7.366000e+00
      vertex   7.648163e-01 1.710541e+01 7.366000e+00
    endloop
  endfacet
  facet normal 0.000000e+00 -0.000000e+00 1.000000e+00
    outer loop
      vertex   7.648163e-01 1.710541e+01 7.366000e+00
      vertex   9.085549e-01 1.820779e+01 7.366000e+00
      vertex   5.715000e-01 1.724587e+01 7.366000e+00
    endloop
  endfacet
  facet normal 0.000000e+00 0.000000e+00 1.000000e+00
    outer loop
      vertex   5.715000e-01 1.724587e+01 7.366000e+00
      vertex   9.085549e-01 1.820779e+01 7.366000e+00
      vertex   6.172010e-01 1.832204e+01 7.366000e+00
    endloop
  endfacet
  facet normal 0.000000e+00 -0.000000e+00 1.000000e+00
    outer loop
      vertex   5.715000e-01 1.724587e+01 7.366000e+00
      vertex   6.172010e-01 1.832204e+01 7.366000e+00
      vertex   3.532064e-01 1.734306e+01 7.366000e+00
    endloop
  endfacet
  facet normal 0.000000e+00 -0.000000e+00 1.000000e+00
    outer loop
      vertex   3.532064e-01 1.734306e+01 7.366000e+00
      vertex   6.172010e-01 1.832204e+01 7.366000e+00
      vertex   3.120808e-01 1.839163e+01 7.366000e+00
    endloop
  endfacet
  facet normal 0.000000e+00 0.000000e+00 1.000000e+00
    outer loop
      vertex   3.532064e-01 1.734306e+01 7.366000e+00
      vertex   3.120808e-01 1.839163e+01 7.366000e+00
      vertex   1.194760e-01 1.739274e+01 7.366000e+00
    endloop
  endfacet
  facet normal 0.000000e+00 -0.000000e+00 1.000000e+00
    outer loop
      vertex   1.194760e-01 1.739274e+01 7.366000e+00
      vertex   3.120808e-01 1.839163e+01 7.366000e+00
      vertex   1.238454e-12 1.841500e+01 7.366000e+00
    endloop
  endfacet
  facet normal 0.000000e+00 0.000000e+00 1.000000e+00
    outer loop
      vertex   1.194760e-01 1.739274e+01 7.366000e+00
      vertex   1.238454e-12 1.841500e+01 7.366000e+00
      vertex   -1.194760e-01 1.739274e+01 7.366000e+00
    endloop
  endfacet
  facet normal 0.000000e+00 -0.000000e+00 1.000000e+00
    outer loop
      vertex   -1.194760e-01 1.739274e+01 7.366000e+00
      vertex   1.238454e-12 1.841500e+01 7.366000e+00
      vertex   -3.120808e-01 1.839163e+01 7.366000e+00
    endloop
  endfacet
  facet normal 0.000000e+00 0.000000e+00 1.000000e+00
    outer loop
      vertex   -1.194760e-01 1.739274e+01 7.366000e+00
      vertex   -3.120808e-01 1.839163e+01 7.366000e+00
      vertex   -3.532064e-01 1.734306e+01 7.366000e+00
    endloop
  endfacet
  facet normal 0.000000e+00 -0.000000e+00 1.000000e+00
    outer loop
      vertex   -3.532064e-01 1.734306e+01 7.366000e+00
      vertex   -3.120808e-01 1.839163e+01 7.366000e+00
      vertex   -6.172010e-01 1.832204e+01 7.366000e+00
    endloop
  endfacet
  facet normal 0.000000e+00 0.000000e+00 1.000000e+00
    outer loop
      vertex   -3.532064e-01 1.734306e+01 7.366000e+00
      vertex   -6.172010e-01 1.832204e+01 7.366000e+00
      vertex   -5.715000e-01 1.724587e+01 7.366000e+00
    endloop
  endfacet
  facet normal 0.000000e+00 0.000000e+00 1.000000e+00
    outer loop
      vertex   -5.715000e-01 1.724587e+01 7.366000e+00
      vertex   -6.172010e-01 1.832204e+01 7.366000e+00
      vertex   -9.085549e-01 1.820779e+01 7.366000e+00
    endloop
  endfacet
  facet normal 0.000000e+00 0.000000e+00 1.000000e+00
    outer loop
      vertex   -5.715000e-01 1.724587e+01 7.366000e+00
      vertex   -9.085549e-01 1.820779e+01 7.366000e+00
      vertex   -7.648163e-01 1.710541e+01 7.366000e+00
    endloop
  endfacet
  facet normal 0.000000e+00 0.000000e+00 1.000000e+00
    outer loop
      vertex   -7.648163e-01 1.710541e+01 7.366000e+00
      vertex   -9.085549e-01 1.820779e+01 7.366000e+00
      vertex   -9.247064e-01 1.692784e+01 7.366000e+00
    endloop
  endfacet
  facet normal 0.000000e+00 -0.000000e+00 1.000000e+00
    outer loop
      vertex   -9.247064e-01 1.692784e+01 7.366000e+00
      vertex   -9.085549e-01 1.820779e+01 7.366000e+00
      vertex   -1.179644e+00 1.805142e+01 7.366000e+00
    endloop
  endfacet
  facet normal 0.000000e+00 0.000000e+00 1.000000e+00
    outer loop
      vertex   -9.247064e-01 1.692784e+01 7.366000e+00
      vertex   -1.179644e+00 1.805142e+01 7.366000e+00
      vertex   -1.044182e+00 1.672090e+01 7.366000e+00
    endloop
  endfacet
  facet normal 0.000000e+00 0.000000e+00 1.000000e+00
    outer loop
      vertex   -1.044182e+00 1.672090e+01 7.366000e+00
      vertex   -1.179644e+00 1.805142e+01 7.366000e+00
      vertex   -1.424422e+00 1.785643e+01 7.366000e+00
    endloop
  endfacet
  facet normal 0.000000e+00 0.000000e+00 1.000000e+00
    outer loop
      vertex   -1.044182e+00 1.672090e+01 7.366000e+00
      vertex   -1.424422e+00 1.785643e+01 7.366000e+00
      vertex   -1.118023e+00 1.649364e+01 7.366000e+00
    endloop
  endfacet
  facet normal 0.000000e+00 0.000000e+00 1.000000e+00
    outer loop
      vertex   -1.118023e+00 1.649364e+01 7.366000e+00
      vertex   -1.424422e+00 1.785643e+01 7.366000e+00
      vertex   -1.637430e+00 1.762715e+01 7.366000e+00
    endloop
  endfacet
  facet normal 0.000000e+00 0.000000e+00 1.000000e+00
    outer loop
      vertex   -1.118023e+00 1.649364e+01 7.366000e+00
      vertex   -1.637430e+00 1.762715e+01 7.366000e+00
      vertex   -1.143000e+00 1.625600e+01 7.366000e+00
    endloop
  endfacet
  facet normal 0.000000e+00 0.000000e+00 1.000000e+00
    outer loop
      vertex   -1.143000e+00 1.625600e+01 7.366000e+00
      vertex   -1.637430e+00 1.762715e+01 7.366000e+00
      vertex   -1.813916e+00 1.736870e+01 7.366000e+00
    endloop
  endfacet
  facet normal 0.000000e+00 0.000000e+00 1.000000e+00
    outer loop
      vertex   -1.143000e+00 1.625600e+01 7.366000e+00
      vertex   -1.813916e+00 1.736870e+01 7.366000e+00
      vertex   -1.949944e+00 1.708686e+01 7.366000e+00
    endloop
  endfacet
  facet normal 0.000000e+00 0.000000e+00 1.000000e+00
    outer loop
      vertex   -1.949944e+00 1.708686e+01 7.366000e+00
      vertex   -2.042480e+00 1.678790e+01 7.366000e+00
      vertex   -1.143000e+00 1.625600e+01 7.366000e+00
    endloop
  endfacet
  facet normal 0.000000e+00 0.000000e+00 1.000000e+00
    outer loop
      vertex   -1.143000e+00 1.625600e+01 7.366000e+00
      vertex   -2.042480e+00 1.678790e+01 7.366000e+00
      vertex   -1.118023e+00 1.601836e+01 7.366000e+00
    endloop
  endfacet
  facet normal 0.000000e+00 0.000000e+00 1.000000e+00
    outer loop
      vertex   -1.118023e+00 1.601836e+01 7.366000e+00
      vertex   -2.042480e+00 1.678790e+01 7.366000e+00
      vertex   -1.044182e+00 1.579110e+01 7.366000e+00
    endloop
  endfacet
  facet normal 0.000000e+00 0.000000e+00 1.000000e+00
    outer loop
      vertex   -1.044182e+00 1.579110e+01 7.366000e+00
      vertex   -2.042480e+00 1.678790e+01 7.366000e+00
      vertex   -8.829889e-01 1.343821e+01 7.366000e+00
    endloop
  endfacet
  facet normal 0.000000e+00 0.000000e+00 1.000000e+00
    outer loop
      vertex   -1.044182e+00 1.579110e+01 7.366000e+00
      vertex   -8.829889e-01 1.343821e+01 7.366000e+00
      vertex   -8.353867e-01 1.363906e+01 7.366000e+00
    endloop
  endfacet
  facet normal 0.000000e+00 0.000000e+00 1.000000e+00
    outer loop
      vertex   -8.829889e-01 1.343821e+01 7.366000e+00
      vertex   -2.042480e+00 1.678790e+01 7.366000e+00
      vertex   -8.829889e-01 1.323179e+01 7.366000e+00
    endloop
  endfacet
  facet normal 0.000000e+00 0.000000e+00 1.000000e+00
    outer loop
      vertex   -8.829889e-01 1.323179e+01 7.366000e+00
      vertex   -2.042480e+00 1.678790e+01 7.366000e+00
      vertex   -3.810000e+00 9.080500e+00 7.366000e+00
    endloop
  endfacet
  facet normal 0.000000e+00 0.000000e+00 1.000000e+00
    outer loop
      vertex   -8.829889e-01 1.323179e+01 7.366000e+00
      vertex   -3.810000e+00 9.080500e+00 7.366000e+00
      vertex   -8.829889e-01 1.051721e+01 7.366000e+00
    endloop
  endfacet
  facet normal 0.000000e+00 0.000000e+00 1.000000e+00
    outer loop
      vertex   -8.829889e-01 1.051721e+01 7.366000e+00
      vertex   -3.810000e+00 9.080500e+00 7.366000e+00
      vertex   -8.829889e-01 1.031079e+01 7.366000e+00
    endloop
  endfacet
  facet normal 0.000000e+00 0.000000e+00 1.000000e+00
    outer loop
      vertex   -8.829889e-01 1.031079e+01 7.366000e+00
      vertex   -3.810000e+00 9.080500e+00 7.366000e+00
      vertex   -8.829889e-01 7.596207e+00 7.366000e+00
    endloop
  endfacet
  facet normal 0.000000e+00 0.000000e+00 1.000000e+00
    outer loop
      vertex   -8.829889e-01 1.031079e+01 7.366000e+00
      vertex   -8.829889e-01 7.596207e+00 7.366000e+00
      vertex   -8.353867e-01 7.797056e+00 7.366000e+00
    endloop
  endfacet
  facet normal 0.000000e+00 0.000000e+00 1.000000e+00
    outer loop
      vertex   -8.829889e-01 7.596207e+00 7.366000e+00
      vertex   -3.810000e+00 9.080500e+00 7.366000e+00
      vertex   -8.829889e-01 7.389793e+00 7.366000e+00
    endloop
  endfacet
  facet normal 0.000000e+00 0.000000e+00 1.000000e+00
    outer loop
      vertex   -8.829889e-01 7.389793e+00 7.366000e+00
      vertex   -3.810000e+00 9.080500e+00 7.366000e+00
      vertex   -4.059215e+00 6.699113e+00 7.366000e+00
    endloop
  endfacet
  facet normal 0.000000e+00 0.000000e+00 1.000000e+00
    outer loop
      vertex   1.044182e+00 -1.579110e+01 7.366000e+00
      vertex   8.650369e-01 -1.354002e+01 7.366000e+00
      vertex   9.247064e-01 -1.558416e+01 7.366000e+00
    endloop
  endfacet
  facet normal 0.000000e+00 0.000000e+00 1.000000e+00
    outer loop
      vertex   9.247064e-01 -1.558416e+01 7.366000e+00
      vertex   8.650369e-01 -1.354002e+01 7.366000e+00
      vertex   7.944394e-01 -1.373398e+01 7.366000e+00
    endloop
  endfacet
  facet normal 0.000000e+00 0.000000e+00 1.000000e+00
    outer loop
      vertex   9.247064e-01 -1.558416e+01 7.366000e+00
      vertex   7.944394e-01 -1.373398e+01 7.366000e+00
      vertex   7.648163e-01 -1.540659e+01 7.366000e+00
    endloop
  endfacet
  facet normal 0.000000e+00 -0.000000e+00 1.000000e+00
    outer loop
      vertex   7.648163e-01 -1.540659e+01 7.366000e+00
      vertex   7.944394e-01 -1.373398e+01 7.366000e+00
      vertex   6.810135e-01 -1.390644e+01 7.366000e+00
    endloop
  endfacet
  facet normal 0.000000e+00 0.000000e+00 1.000000e+00
    outer loop
      vertex   7.648163e-01 -1.540659e+01 7.366000e+00
      vertex   6.810135e-01 -1.390644e+01 7.366000e+00
      vertex   5.715000e-01 -1.526613e+01 7.366000e+00
    endloop
  endfacet
  facet normal 0.000000e+00 -0.000000e+00 1.000000e+00
    outer loop
      vertex   5.715000e-01 -1.526613e+01 7.366000e+00
      vertex   6.810135e-01 -1.390644e+01 7.366000e+00
      vertex   5.308740e-01 -1.404809e+01 7.366000e+00
    endloop
  endfacet
  facet normal 0.000000e+00 0.000000e+00 1.000000e+00
    outer loop
      vertex   5.715000e-01 -1.526613e+01 7.366000e+00
      vertex   5.308740e-01 -1.404809e+01 7.366000e+00
      vertex   3.521149e-01 -1.415129e+01 7.366000e+00
    endloop
  endfacet
  facet normal 0.000000e+00 0.000000e+00 1.000000e+00
    outer loop
      vertex   5.715000e-01 -1.526613e+01 7.366000e+00
      vertex   3.521149e-01 -1.415129e+01 7.366000e+00
      vertex   3.532064e-01 -1.516894e+01 7.366000e+00
    endloop
  endfacet
  facet normal 0.000000e+00 0.000000e+00 1.000000e+00
    outer loop
      vertex   3.532064e-01 -1.516894e+01 7.366000e+00
      vertex   3.521149e-01 -1.415129e+01 7.366000e+00
      vertex   1.543732e-01 -1.421049e+01 7.366000e+00
    endloop
  endfacet
  facet normal 0.000000e+00 0.000000e+00 1.000000e+00
    outer loop
      vertex   3.532064e-01 -1.516894e+01 7.366000e+00
      vertex   1.543732e-01 -1.421049e+01 7.366000e+00
      vertex   1.194760e-01 -1.511926e+01 7.366000e+00
    endloop
  endfacet
  facet normal 0.000000e+00 -0.000000e+00 1.000000e+00
    outer loop
      vertex   1.194760e-01 -1.511926e+01 7.366000e+00
      vertex   1.543732e-01 -1.421049e+01 7.366000e+00
      vertex   -5.169075e-02 -1.422250e+01 7.366000e+00
    endloop
  endfacet
  facet normal 0.000000e+00 0.000000e+00 1.000000e+00
    outer loop
      vertex   1.194760e-01 -1.511926e+01 7.366000e+00
      vertex   -5.169075e-02 -1.422250e+01 7.366000e+00
      vertex   -1.194760e-01 -1.511926e+01 7.366000e+00
    endloop
  endfacet
  facet normal 0.000000e+00 -0.000000e+00 1.000000e+00
    outer loop
      vertex   -1.194760e-01 -1.511926e+01 7.366000e+00
      vertex   -5.169075e-02 -1.422250e+01 7.366000e+00
      vertex   -2.549681e-01 -1.418665e+01 7.366000e+00
    endloop
  endfacet
  facet normal 0.000000e+00 0.000000e+00 1.000000e+00
    outer loop
      vertex   -1.194760e-01 -1.511926e+01 7.366000e+00
      vertex   -2.549681e-01 -1.418665e+01 7.366000e+00
      vertex   -3.532064e-01 -1.516894e+01 7.366000e+00
    endloop
  endfacet
  facet normal 0.000000e+00 -0.000000e+00 1.000000e+00
    outer loop
      vertex   -3.532064e-01 -1.516894e+01 7.366000e+00
      vertex   -2.549681e-01 -1.418665e+01 7.366000e+00
      vertex   -4.445000e-01 -1.410490e+01 7.366000e+00
    endloop
  endfacet
  facet normal 0.000000e+00 0.000000e+00 1.000000e+00
    outer loop
      vertex   -3.532064e-01 -1.516894e+01 7.366000e+00
      vertex   -4.445000e-01 -1.410490e+01 7.366000e+00
      vertex   -5.715000e-01 -1.526613e+01 7.366000e+00
    endloop
  endfacet
  facet normal 0.000000e+00 -0.000000e+00 1.000000e+00
    outer loop
      vertex   -5.715000e-01 -1.526613e+01 7.366000e+00
      vertex   -4.445000e-01 -1.410490e+01 7.366000e+00
      vertex   -6.100688e-01 -1.398164e+01 7.366000e+00
    endloop
  endfacet
  facet normal 0.000000e+00 0.000000e+00 1.000000e+00
    outer loop
      vertex   -5.715000e-01 -1.526613e+01 7.366000e+00
      vertex   -6.100688e-01 -1.398164e+01 7.366000e+00
      vertex   -7.648163e-01 -1.540659e+01 7.366000e+00
    endloop
  endfacet
  facet normal 0.000000e+00 0.000000e+00 1.000000e+00
    outer loop
      vertex   -7.648163e-01 -1.540659e+01 7.366000e+00
      vertex   -6.100688e-01 -1.398164e+01 7.366000e+00
      vertex   -7.427487e-01 -1.382351e+01 7.366000e+00
    endloop
  endfacet
  facet normal 0.000000e+00 -0.000000e+00 1.000000e+00
    outer loop
      vertex   -7.648163e-01 -1.540659e+01 7.366000e+00
      vertex   -7.427487e-01 -1.382351e+01 7.366000e+00
      vertex   -9.247064e-01 -1.558416e+01 7.366000e+00
    endloop
  endfacet
  facet normal 0.000000e+00 0.000000e+00 1.000000e+00
    outer loop
      vertex   -9.247064e-01 -1.558416e+01 7.366000e+00
      vertex   -7.427487e-01 -1.382351e+01 7.366000e+00
      vertex   -8.353867e-01 -1.363906e+01 7.366000e+00
    endloop
  endfacet
  facet normal 0.000000e+00 -0.000000e+00 1.000000e+00
    outer loop
      vertex   -9.247064e-01 -1.558416e+01 7.366000e+00
      vertex   -8.353867e-01 -1.363906e+01 7.366000e+00
      vertex   -1.044182e+00 -1.579110e+01 7.366000e+00
    endloop
  endfacet
  facet normal 0.000000e+00 0.000000e+00 1.000000e+00
    outer loop
      vertex   -1.044182e+00 -1.579110e+01 7.366000e+00
      vertex   -8.353867e-01 -1.363906e+01 7.366000e+00
      vertex   -8.829889e-01 -1.343821e+01 7.366000e+00
    endloop
  endfacet
  facet normal 0.000000e+00 -0.000000e+00 1.000000e+00
    outer loop
      vertex   -1.044182e+00 -1.579110e+01 7.366000e+00
      vertex   -8.829889e-01 -1.343821e+01 7.366000e+00
      vertex   -2.042480e+00 -1.678790e+01 7.366000e+00
    endloop
  endfacet
  facet normal 0.000000e+00 0.000000e+00 1.000000e+00
    outer loop
      vertex   -2.042480e+00 -1.678790e+01 7.366000e+00
      vertex   -8.829889e-01 -1.343821e+01 7.366000e+00
      vertex   -8.829889e-01 -1.323179e+01 7.366000e+00
    endloop
  endfacet
  facet normal 0.000000e+00 0.000000e+00 1.000000e+00
    outer loop
      vertex   -8.829889e-01 -1.051721e+01 7.366000e+00
      vertex   -8.829889e-01 -1.323179e+01 7.366000e+00
      vertex   -8.353867e-01 -1.071806e+01 7.366000e+00
    endloop
  endfacet
  facet normal 0.000000e+00 0.000000e+00 1.000000e+00
    outer loop
      vertex   -8.353867e-01 -1.071806e+01 7.366000e+00
      vertex   -8.829889e-01 -1.323179e+01 7.366000e+00
      vertex   -8.353867e-01 -1.303094e+01 7.366000e+00
    endloop
  endfacet
  facet normal 0.000000e+00 0.000000e+00 1.000000e+00
    outer loop
      vertex   -8.353867e-01 -1.071806e+01 7.366000e+00
      vertex   -8.353867e-01 -1.303094e+01 7.366000e+00
      vertex   -7.427487e-01 -1.090251e+01 7.366000e+00
    endloop
  endfacet
  facet normal 0.000000e+00 0.000000e+00 1.000000e+00
    outer loop
      vertex   -7.427487e-01 -1.090251e+01 7.366000e+00
      vertex   -8.353867e-01 -1.303094e+01 7.366000e+00
      vertex   -7.427487e-01 -1.284649e+01 7.366000e+00
    endloop
  endfacet
  facet normal 0.000000e+00 0.000000e+00 1.000000e+00
    outer loop
      vertex   -7.427487e-01 -1.090251e+01 7.366000e+00
      vertex   -7.427487e-01 -1.284649e+01 7.366000e+00
      vertex   -6.100688e-01 -1.106064e+01 7.366000e+00
    endloop
  endfacet
  facet normal 0.000000e+00 0.000000e+00 1.000000e+00
    outer loop
      vertex   -6.100688e-01 -1.106064e+01 7.366000e+00
      vertex   -7.427487e-01 -1.284649e+01 7.366000e+00
      vertex   -6.100688e-01 -1.268836e+01 7.366000e+00
    endloop
  endfacet
  facet normal 0.000000e+00 0.000000e+00 1.000000e+00
    outer loop
      vertex   -6.100688e-01 -1.106064e+01 7.366000e+00
      vertex   -6.100688e-01 -1.268836e+01 7.366000e+00
      vertex   -4.445000e-01 -1.118390e+01 7.366000e+00
    endloop
  endfacet
  facet normal 0.000000e+00 0.000000e+00 1.000000e+00
    outer loop
      vertex   -4.445000e-01 -1.118390e+01 7.366000e+00
      vertex   -6.100688e-01 -1.268836e+01 7.366000e+00
      vertex   -4.445000e-01 -1.256510e+01 7.366000e+00
    endloop
  endfacet
  facet normal 0.000000e+00 0.000000e+00 1.000000e+00
    outer loop
      vertex   -4.445000e-01 -1.118390e+01 7.366000e+00
      vertex   -4.445000e-01 -1.256510e+01 7.366000e+00
      vertex   -2.549681e-01 -1.248335e+01 7.366000e+00
    endloop
  endfacet
  facet normal 0.000000e+00 0.000000e+00 1.000000e+00
    outer loop
      vertex   -4.445000e-01 -1.118390e+01 7.366000e+00
      vertex   -2.549681e-01 -1.248335e+01 7.366000e+00
      vertex   -2.549681e-01 -1.126565e+01 7.366000e+00
    endloop
  endfacet
  facet normal 0.000000e+00 0.000000e+00 1.000000e+00
    outer loop
      vertex   -2.549681e-01 -1.126565e+01 7.366000e+00
      vertex   -2.549681e-01 -1.248335e+01 7.366000e+00
      vertex   -5.169075e-02 -1.244750e+01 7.366000e+00
    endloop
  endfacet
  facet normal 0.000000e+00 0.000000e+00 1.000000e+00
    outer loop
      vertex   -2.549681e-01 -1.126565e+01 7.366000e+00
      vertex   -5.169075e-02 -1.244750e+01 7.366000e+00
      vertex   -5.169075e-02 -1.130150e+01 7.366000e+00
    endloop
  endfacet
  facet normal -0.000000e+00 0.000000e+00 1.000000e+00
    outer loop
      vertex   -5.169075e-02 -1.130150e+01 7.366000e+00
      vertex   -5.169075e-02 -1.244750e+01 7.366000e+00
      vertex   1.543732e-01 -1.128949e+01 7.366000e+00
    endloop
  endfacet
  facet normal 0.000000e+00 0.000000e+00 1.000000e+00
    outer loop
      vertex   1.543732e-01 -1.128949e+01 7.366000e+00
      vertex   -5.169075e-02 -1.244750e+01 7.366000e+00
      vertex   1.543732e-01 -1.245951e+01 7.366000e+00
    endloop
  endfacet
  facet normal -0.000000e+00 0.000000e+00 1.000000e+00
    outer loop
      vertex   1.543732e-01 -1.128949e+01 7.366000e+00
      vertex   1.543732e-01 -1.245951e+01 7.366000e+00
      vertex   3.521149e-01 -1.123029e+01 7.366000e+00
    endloop
  endfacet
  facet normal 0.000000e+00 0.000000e+00 1.000000e+00
    outer loop
      vertex   3.521149e-01 -1.123029e+01 7.366000e+00
      vertex   1.543732e-01 -1.245951e+01 7.366000e+00
      vertex   3.521149e-01 -1.251871e+01 7.366000e+00
    endloop
  endfacet
  facet normal -0.000000e+00 0.000000e+00 1.000000e+00
    outer loop
      vertex   3.521149e-01 -1.123029e+01 7.366000e+00
      vertex   3.521149e-01 -1.251871e+01 7.366000e+00
      vertex   5.308740e-01 -1.112709e+01 7.366000e+00
    endloop
  endfacet
  facet normal 0.000000e+00 0.000000e+00 1.000000e+00
    outer loop
      vertex   5.308740e-01 -1.112709e+01 7.366000e+00
      vertex   3.521149e-01 -1.251871e+01 7.366000e+00
      vertex   5.308740e-01 -1.262191e+01 7.366000e+00
    endloop
  endfacet
  facet normal 0.000000e+00 0.000000e+00 1.000000e+00
    outer loop
      vertex   5.308740e-01 -1.112709e+01 7.366000e+00
      vertex   5.308740e-01 -1.262191e+01 7.366000e+00
      vertex   6.810135e-01 -1.276356e+01 7.366000e+00
    endloop
  endfacet
  facet normal -0.000000e+00 0.000000e+00 1.000000e+00
    outer loop
      vertex   5.308740e-01 -1.112709e+01 7.366000e+00
      vertex   6.810135e-01 -1.276356e+01 7.366000e+00
      vertex   6.810135e-01 -1.098544e+01 7.366000e+00
    endloop
  endfacet
  facet normal 0.000000e+00 0.000000e+00 1.000000e+00
    outer loop
      vertex   6.810135e-01 -1.098544e+01 7.366000e+00
      vertex   6.810135e-01 -1.276356e+01 7.366000e+00
      vertex   7.944394e-01 -1.293602e+01 7.366000e+00
    endloop
  endfacet
  facet normal -0.000000e+00 0.000000e+00 1.000000e+00
    outer loop
      vertex   6.810135e-01 -1.098544e+01 7.366000e+00
      vertex   7.944394e-01 -1.293602e+01 7.366000e+00
      vertex   7.944394e-01 -1.081298e+01 7.366000e+00
    endloop
  endfacet
  facet normal 0.000000e+00 0.000000e+00 1.000000e+00
    outer loop
      vertex   7.944394e-01 -1.081298e+01 7.366000e+00
      vertex   7.944394e-01 -1.293602e+01 7.366000e+00
      vertex   8.650369e-01 -1.312998e+01 7.366000e+00
    endloop
  endfacet
  facet normal 0.000000e+00 0.000000e+00 1.000000e+00
    outer loop
      vertex   8.650369e-01 1.061902e+01 7.366000e+00
      vertex   8.890000e-01 1.041400e+01 7.366000e+00
      vertex   3.810000e+00 9.080500e+00 7.366000e+00
    endloop
  endfacet
  facet normal 0.000000e+00 0.000000e+00 1.000000e+00
    outer loop
      vertex   3.810000e+00 9.080500e+00 7.366000e+00
      vertex   8.890000e-01 1.041400e+01 7.366000e+00
      vertex   8.650369e-01 1.020898e+01 7.366000e+00
    endloop
  endfacet
  facet normal 0.000000e+00 0.000000e+00 1.000000e+00
    outer loop
      vertex   8.650369e-01 7.698018e+00 7.366000e+00
      vertex   7.944394e-01 1.001502e+01 7.366000e+00
      vertex   7.944394e-01 7.891982e+00 7.366000e+00
    endloop
  endfacet
  facet normal 0.000000e+00 -0.000000e+00 1.000000e+00
    outer loop
      vertex   7.944394e-01 7.891982e+00 7.366000e+00
      vertex   7.944394e-01 1.001502e+01 7.366000e+00
      vertex   6.810135e-01 9.842562e+00 7.366000e+00
    endloop
  endfacet
  facet normal 0.000000e+00 0.000000e+00 1.000000e+00
    outer loop
      vertex   7.944394e-01 7.891982e+00 7.366000e+00
      vertex   6.810135e-01 9.842562e+00 7.366000e+00
      vertex   6.810135e-01 8.064438e+00 7.366000e+00
    endloop
  endfacet
  facet normal 0.000000e+00 -0.000000e+00 1.000000e+00
    outer loop
      vertex   6.810135e-01 8.064438e+00 7.366000e+00
      vertex   6.810135e-01 9.842562e+00 7.366000e+00
      vertex   5.308740e-01 9.700912e+00 7.366000e+00
    endloop
  endfacet
  facet normal 0.000000e+00 0.000000e+00 1.000000e+00
    outer loop
      vertex   6.810135e-01 8.064438e+00 7.366000e+00
      vertex   5.308740e-01 9.700912e+00 7.366000e+00
      vertex   5.308740e-01 8.206088e+00 7.366000e+00
    endloop
  endfacet
  facet normal 0.000000e+00 -0.000000e+00 1.000000e+00
    outer loop
      vertex   5.308740e-01 8.206088e+00 7.366000e+00
      vertex   5.308740e-01 9.700912e+00 7.366000e+00
      vertex   3.521149e-01 9.597706e+00 7.366000e+00
    endloop
  endfacet
  facet normal 0.000000e+00 0.000000e+00 1.000000e+00
    outer loop
      vertex   5.308740e-01 8.206088e+00 7.366000e+00
      vertex   3.521149e-01 9.597706e+00 7.366000e+00
      vertex   3.521149e-01 8.309294e+00 7.366000e+00
    endloop
  endfacet
  facet normal 0.000000e+00 -0.000000e+00 1.000000e+00
    outer loop
      vertex   3.521149e-01 8.309294e+00 7.366000e+00
      vertex   3.521149e-01 9.597706e+00 7.366000e+00
      vertex   1.543732e-01 9.538506e+00 7.366000e+00
    endloop
  endfacet
  facet normal 0.000000e+00 0.000000e+00 1.000000e+00
    outer loop
      vertex   3.521149e-01 8.309294e+00 7.366000e+00
      vertex   1.543732e-01 9.538506e+00 7.366000e+00
      vertex   1.543732e-01 8.368494e+00 7.366000e+00
    endloop
  endfacet
  facet normal 0.000000e+00 -0.000000e+00 1.000000e+00
    outer loop
      vertex   1.543732e-01 8.368494e+00 7.366000e+00
      vertex   1.543732e-01 9.538506e+00 7.366000e+00
      vertex   -5.169075e-02 9.526504e+00 7.366000e+00
    endloop
  endfacet
  facet normal 0.000000e+00 0.000000e+00 1.000000e+00
    outer loop
      vertex   1.543732e-01 8.368494e+00 7.366000e+00
      vertex   -5.169075e-02 9.526504e+00 7.366000e+00
      vertex   -5.169075e-02 8.380496e+00 7.366000e+00
    endloop
  endfacet
  facet normal 0.000000e+00 -0.000000e+00 1.000000e+00
    outer loop
      vertex   -5.169075e-02 8.380496e+00 7.366000e+00
      vertex   -5.169075e-02 9.526504e+00 7.366000e+00
      vertex   -2.549681e-01 9.562347e+00 7.366000e+00
    endloop
  endfacet
  facet normal 0.000000e+00 0.000000e+00 1.000000e+00
    outer loop
      vertex   -5.169075e-02 8.380496e+00 7.366000e+00
      vertex   -2.549681e-01 9.562347e+00 7.366000e+00
      vertex   -2.549681e-01 8.344653e+00 7.366000e+00
    endloop
  endfacet
  facet normal 0.000000e+00 -0.000000e+00 1.000000e+00
    outer loop
      vertex   -2.549681e-01 8.344653e+00 7.366000e+00
      vertex   -2.549681e-01 9.562347e+00 7.366000e+00
      vertex   -4.445000e-01 9.644103e+00 7.366000e+00
    endloop
  endfacet
  facet normal 0.000000e+00 0.000000e+00 1.000000e+00
    outer loop
      vertex   -2.549681e-01 8.344653e+00 7.366000e+00
      vertex   -4.445000e-01 9.644103e+00 7.366000e+00
      vertex   -4.445000e-01 8.262897e+00 7.366000e+00
    endloop
  endfacet
  facet normal 0.000000e+00 -0.000000e+00 1.000000e+00
    outer loop
      vertex   -4.445000e-01 8.262897e+00 7.366000e+00
      vertex   -4.445000e-01 9.644103e+00 7.366000e+00
      vertex   -6.100688e-01 9.767365e+00 7.366000e+00
    endloop
  endfacet
  facet normal 0.000000e+00 0.000000e+00 1.000000e+00
    outer loop
      vertex   -4.445000e-01 8.262897e+00 7.366000e+00
      vertex   -6.100688e-01 9.767365e+00 7.366000e+00
      vertex   -6.100688e-01 8.139635e+00 7.366000e+00
    endloop
  endfacet
  facet normal 0.000000e+00 -0.000000e+00 1.000000e+00
    outer loop
      vertex   -6.100688e-01 8.139635e+00 7.366000e+00
      vertex   -6.100688e-01 9.767365e+00 7.366000e+00
      vertex   -7.427487e-01 9.925487e+00 7.366000e+00
    endloop
  endfacet
  facet normal 0.000000e+00 0.000000e+00 1.000000e+00
    outer loop
      vertex   -6.100688e-01 8.139635e+00 7.366000e+00
      vertex   -7.427487e-01 9.925487e+00 7.366000e+00
      vertex   -7.427487e-01 7.981513e+00 7.366000e+00
    endloop
  endfacet
  facet normal 0.000000e+00 -0.000000e+00 1.000000e+00
    outer loop
      vertex   -7.427487e-01 7.981513e+00 7.366000e+00
      vertex   -7.427487e-01 9.925487e+00 7.366000e+00
      vertex   -8.353867e-01 1.010994e+01 7.366000e+00
    endloop
  endfacet
  facet normal 0.000000e+00 0.000000e+00 1.000000e+00
    outer loop
      vertex   -7.427487e-01 7.981513e+00 7.366000e+00
      vertex   -8.353867e-01 1.010994e+01 7.366000e+00
      vertex   -8.353867e-01 7.797056e+00 7.366000e+00
    endloop
  endfacet
  facet normal 0.000000e+00 -0.000000e+00 1.000000e+00
    outer loop
      vertex   -8.353867e-01 7.797056e+00 7.366000e+00
      vertex   -8.353867e-01 1.010994e+01 7.366000e+00
      vertex   -8.829889e-01 1.031079e+01 7.366000e+00
    endloop
  endfacet
  facet normal 0.000000e+00 0.000000e+00 1.000000e+00
    outer loop
      vertex   -8.829889e-01 1.323179e+01 7.366000e+00
      vertex   -8.829889e-01 1.051721e+01 7.366000e+00
      vertex   -8.353867e-01 1.303094e+01 7.366000e+00
    endloop
  endfacet
  facet normal 0.000000e+00 0.000000e+00 1.000000e+00
    outer loop
      vertex   -8.353867e-01 1.303094e+01 7.366000e+00
      vertex   -8.829889e-01 1.051721e+01 7.366000e+00
      vertex   -8.353867e-01 1.071806e+01 7.366000e+00
    endloop
  endfacet
  facet normal 0.000000e+00 0.000000e+00 1.000000e+00
    outer loop
      vertex   -8.353867e-01 1.303094e+01 7.366000e+00
      vertex   -8.353867e-01 1.071806e+01 7.366000e+00
      vertex   -7.427487e-01 1.090251e+01 7.366000e+00
    endloop
  endfacet
  facet normal 0.000000e+00 0.000000e+00 1.000000e+00
    outer loop
      vertex   -8.353867e-01 1.303094e+01 7.366000e+00
      vertex   -7.427487e-01 1.090251e+01 7.366000e+00
      vertex   -7.427487e-01 1.284649e+01 7.366000e+00
    endloop
  endfacet
  facet normal 0.000000e+00 0.000000e+00 1.000000e+00
    outer loop
      vertex   -7.427487e-01 1.284649e+01 7.366000e+00
      vertex   -7.427487e-01 1.090251e+01 7.366000e+00
      vertex   -6.100688e-01 1.106064e+01 7.366000e+00
    endloop
  endfacet
  facet normal 0.000000e+00 0.000000e+00 1.000000e+00
    outer loop
      vertex   -7.427487e-01 1.284649e+01 7.366000e+00
      vertex   -6.100688e-01 1.106064e+01 7.366000e+00
      vertex   -6.100688e-01 1.268836e+01 7.366000e+00
    endloop
  endfacet
  facet normal 0.000000e+00 0.000000e+00 1.000000e+00
    outer loop
      vertex   -6.100688e-01 1.268836e+01 7.366000e+00
      vertex   -6.100688e-01 1.106064e+01 7.366000e+00
      vertex   -4.445000e-01 1.118390e+01 7.366000e+00
    endloop
  endfacet
  facet normal 0.000000e+00 0.000000e+00 1.000000e+00
    outer loop
      vertex   -6.100688e-01 1.268836e+01 7.366000e+00
      vertex   -4.445000e-01 1.118390e+01 7.366000e+00
      vertex   -4.445000e-01 1.256510e+01 7.366000e+00
    endloop
  endfacet
  facet normal 0.000000e+00 0.000000e+00 1.000000e+00
    outer loop
      vertex   -4.445000e-01 1.256510e+01 7.366000e+00
      vertex   -4.445000e-01 1.118390e+01 7.366000e+00
      vertex   -2.549681e-01 1.126565e+01 7.366000e+00
    endloop
  endfacet
  facet normal 0.000000e+00 0.000000e+00 1.000000e+00
    outer loop
      vertex   -4.445000e-01 1.256510e+01 7.366000e+00
      vertex   -2.549681e-01 1.126565e+01 7.366000e+00
      vertex   -2.549681e-01 1.248335e+01 7.366000e+00
    endloop
  endfacet
  facet normal 0.000000e+00 0.000000e+00 1.000000e+00
    outer loop
      vertex   -2.549681e-01 1.248335e+01 7.366000e+00
      vertex   -2.549681e-01 1.126565e+01 7.366000e+00
      vertex   -5.169075e-02 1.130150e+01 7.366000e+00
    endloop
  endfacet
  facet normal 0.000000e+00 0.000000e+00 1.000000e+00
    outer loop
      vertex   -1.044182e+00 1.579110e+01 7.366000e+00
      vertex   -8.353867e-01 1.363906e+01 7.366000e+00
      vertex   -9.247064e-01 1.558416e+01 7.366000e+00
    endloop
  endfacet
  facet normal 0.000000e+00 0.000000e+00 1.000000e+00
    outer loop
      vertex   -9.247064e-01 1.558416e+01 7.366000e+00
      vertex   -8.353867e-01 1.363906e+01 7.366000e+00
      vertex   -7.427487e-01 1.382351e+01 7.366000e+00
    endloop
  endfacet
  facet normal 0.000000e+00 0.000000e+00 1.000000e+00
    outer loop
      vertex   -9.247064e-01 1.558416e+01 7.366000e+00
      vertex   -7.427487e-01 1.382351e+01 7.366000e+00
      vertex   -7.648163e-01 1.540659e+01 7.366000e+00
    endloop
  endfacet
  facet normal 0.000000e+00 0.000000e+00 1.000000e+00
    outer loop
      vertex   -7.648163e-01 1.540659e+01 7.366000e+00
      vertex   -7.427487e-01 1.382351e+01 7.366000e+00
      vertex   -6.100688e-01 1.398164e+01 7.366000e+00
    endloop
  endfacet
  facet normal 0.000000e+00 0.000000e+00 1.000000e+00
    outer loop
      vertex   -7.648163e-01 1.540659e+01 7.366000e+00
      vertex   -6.100688e-01 1.398164e+01 7.366000e+00
      vertex   -5.715000e-01 1.526613e+01 7.366000e+00
    endloop
  endfacet
  facet normal 0.000000e+00 0.000000e+00 1.000000e+00
    outer loop
      vertex   -5.715000e-01 1.526613e+01 7.366000e+00
      vertex   -6.100688e-01 1.398164e+01 7.366000e+00
      vertex   -4.445000e-01 1.410490e+01 7.366000e+00
    endloop
  endfacet
  facet normal 0.000000e+00 0.000000e+00 1.000000e+00
    outer loop
      vertex   -5.715000e-01 1.526613e+01 7.366000e+00
      vertex   -4.445000e-01 1.410490e+01 7.366000e+00
      vertex   -3.532064e-01 1.516894e+01 7.366000e+00
    endloop
  endfacet
  facet normal 0.000000e+00 0.000000e+00 1.000000e+00
    outer loop
      vertex   -3.532064e-01 1.516894e+01 7.366000e+00
      vertex   -4.445000e-01 1.410490e+01 7.366000e+00
      vertex   -2.549681e-01 1.418665e+01 7.366000e+00
    endloop
  endfacet
  facet normal 0.000000e+00 0.000000e+00 1.000000e+00
    outer loop
      vertex   -3.532064e-01 1.516894e+01 7.366000e+00
      vertex   -2.549681e-01 1.418665e+01 7.366000e+00
      vertex   -1.194760e-01 1.511926e+01 7.366000e+00
    endloop
  endfacet
  facet normal 0.000000e+00 0.000000e+00 1.000000e+00
    outer loop
      vertex   -1.194760e-01 1.511926e+01 7.366000e+00
      vertex   -2.549681e-01 1.418665e+01 7.366000e+00
      vertex   -5.169075e-02 1.422250e+01 7.366000e+00
    endloop
  endfacet
  facet normal -0.000000e+00 0.000000e+00 1.000000e+00
    outer loop
      vertex   -1.194760e-01 1.511926e+01 7.366000e+00
      vertex   -5.169075e-02 1.422250e+01 7.366000e+00
      vertex   1.194760e-01 1.511926e+01 7.366000e+00
    endloop
  endfacet
  facet normal 0.000000e+00 0.000000e+00 1.000000e+00
    outer loop
      vertex   1.194760e-01 1.511926e+01 7.366000e+00
      vertex   -5.169075e-02 1.422250e+01 7.366000e+00
      vertex   1.543732e-01 1.421049e+01 7.366000e+00
    endloop
  endfacet
  facet normal -0.000000e+00 0.000000e+00 1.000000e+00
    outer loop
      vertex   1.194760e-01 1.511926e+01 7.366000e+00
      vertex   1.543732e-01 1.421049e+01 7.366000e+00
      vertex   3.532064e-01 1.516894e+01 7.366000e+00
    endloop
  endfacet
  facet normal 0.000000e+00 0.000000e+00 1.000000e+00
    outer loop
      vertex   3.532064e-01 1.516894e+01 7.366000e+00
      vertex   1.543732e-01 1.421049e+01 7.366000e+00
      vertex   3.521149e-01 1.415129e+01 7.366000e+00
    endloop
  endfacet
  facet normal -0.000000e+00 0.000000e+00 1.000000e+00
    outer loop
      vertex   3.532064e-01 1.516894e+01 7.366000e+00
      vertex   3.521149e-01 1.415129e+01 7.366000e+00
      vertex   5.715000e-01 1.526613e+01 7.366000e+00
    endloop
  endfacet
  facet normal 0.000000e+00 0.000000e+00 1.000000e+00
    outer loop
      vertex   5.715000e-01 1.526613e+01 7.366000e+00
      vertex   3.521149e-01 1.415129e+01 7.366000e+00
      vertex   5.308740e-01 1.404809e+01 7.366000e+00
    endloop
  endfacet
  facet normal 0.000000e+00 0.000000e+00 1.000000e+00
    outer loop
      vertex   5.715000e-01 1.526613e+01 7.366000e+00
      vertex   5.308740e-01 1.404809e+01 7.366000e+00
      vertex   6.810135e-01 1.390644e+01 7.366000e+00
    endloop
  endfacet
  facet normal -0.000000e+00 0.000000e+00 1.000000e+00
    outer loop
      vertex   5.715000e-01 1.526613e+01 7.366000e+00
      vertex   6.810135e-01 1.390644e+01 7.366000e+00
      vertex   7.648163e-01 1.540659e+01 7.366000e+00
    endloop
  endfacet
  facet normal 0.000000e+00 0.000000e+00 1.000000e+00
    outer loop
      vertex   7.648163e-01 1.540659e+01 7.366000e+00
      vertex   6.810135e-01 1.390644e+01 7.366000e+00
      vertex   7.944394e-01 1.373398e+01 7.366000e+00
    endloop
  endfacet
  facet normal -0.000000e+00 0.000000e+00 1.000000e+00
    outer loop
      vertex   7.648163e-01 1.540659e+01 7.366000e+00
      vertex   7.944394e-01 1.373398e+01 7.366000e+00
      vertex   9.247064e-01 1.558416e+01 7.366000e+00
    endloop
  endfacet
  facet normal 0.000000e+00 0.000000e+00 1.000000e+00
    outer loop
      vertex   9.247064e-01 1.558416e+01 7.366000e+00
      vertex   7.944394e-01 1.373398e+01 7.366000e+00
      vertex   8.650369e-01 1.354002e+01 7.366000e+00
    endloop
  endfacet
  facet normal -0.000000e+00 0.000000e+00 1.000000e+00
    outer loop
      vertex   9.247064e-01 1.558416e+01 7.366000e+00
      vertex   8.650369e-01 1.354002e+01 7.366000e+00
      vertex   1.044182e+00 1.579110e+01 7.366000e+00
    endloop
  endfacet
  facet normal 0.000000e+00 0.000000e+00 1.000000e+00
    outer loop
      vertex   1.044182e+00 1.579110e+01 7.366000e+00
      vertex   8.650369e-01 1.354002e+01 7.366000e+00
      vertex   8.890000e-01 1.333500e+01 7.366000e+00
    endloop
  endfacet
  facet normal -0.000000e+00 0.000000e+00 1.000000e+00
    outer loop
      vertex   1.044182e+00 1.579110e+01 7.366000e+00
      vertex   8.890000e-01 1.333500e+01 7.366000e+00
      vertex   2.042480e+00 1.678790e+01 7.366000e+00
    endloop
  endfacet
  facet normal -0.000000e+00 0.000000e+00 1.000000e+00
    outer loop
      vertex   8.650369e-01 -1.020898e+01 7.366000e+00
      vertex   8.890000e-01 -1.041400e+01 7.366000e+00
      vertex   3.810000e+00 -9.080500e+00 7.366000e+00
    endloop
  endfacet
  facet normal 0.000000e+00 0.000000e+00 1.000000e+00
    outer loop
      vertex   3.810000e+00 -9.080500e+00 7.366000e+00
      vertex   8.890000e-01 -1.041400e+01 7.366000e+00
      vertex   8.650369e-01 -1.061902e+01 7.366000e+00
    endloop
  endfacet
  facet normal -9.932384e-01 1.160929e-01 5.845393e-17
    outer loop
      vertex   8.650369e-01 -1.354002e+01 7.366000e+00
      vertex   8.890000e-01 -1.333500e+01 7.366000e+00
      vertex   8.890000e-01 -1.333500e+01 3.556000e+00
    endloop
  endfacet
  facet normal -9.932384e-01 -1.160929e-01 5.788536e-17
    outer loop
      vertex   8.890000e-01 -1.333500e+01 3.556000e+00
      vertex   8.890000e-01 -1.333500e+01 7.366000e+00
      vertex   8.650369e-01 -1.312998e+01 7.366000e+00
    endloop
  endfacet
  facet normal -9.927088e-01 -1.205367e-01 2.424509e-04
    outer loop
      vertex   8.890000e-01 -1.333500e+01 3.556000e+00
      vertex   8.650369e-01 -1.312998e+01 7.366000e+00
      vertex   8.631673e-01 -1.312225e+01 3.556000e+00
    endloop
  endfacet
  facet normal -9.396926e-01 -3.420201e-01 -2.331656e-04
    outer loop
      vertex   8.631673e-01 -1.312225e+01 3.556000e+00
      vertex   8.650369e-01 -1.312998e+01 7.366000e+00
      vertex   7.944394e-01 -1.293602e+01 7.366000e+00
    endloop
  endfacet
  facet normal -9.350161e-01 -3.546048e-01 4.663265e-04
    outer loop
      vertex   8.631673e-01 -1.312225e+01 3.556000e+00
      vertex   7.944394e-01 -1.293602e+01 7.366000e+00
      vertex   7.871704e-01 -1.292186e+01 3.556000e+00
    endloop
  endfacet
  facet normal -8.354877e-01 -5.495089e-01 -4.477467e-04
    outer loop
      vertex   7.871704e-01 -1.292186e+01 3.556000e+00
      vertex   7.944394e-01 -1.293602e+01 7.366000e+00
      vertex   6.810135e-01 -1.276356e+01 7.366000e+00
    endloop
  endfacet
  facet normal -8.229837e-01 -5.680646e-01 6.716087e-04
    outer loop
      vertex   7.871704e-01 -1.292186e+01 3.556000e+00
      vertex   6.810135e-01 -1.276356e+01 7.366000e+00
      vertex   6.654261e-01 -1.274548e+01 3.556000e+00
    endloop
  endfacet
  facet normal -6.862415e-01 -7.273735e-01 -6.437261e-04
    outer loop
      vertex   6.654261e-01 -1.274548e+01 3.556000e+00
      vertex   6.810135e-01 -1.276356e+01 7.366000e+00
      vertex   5.308740e-01 -1.262191e+01 7.366000e+00
    endloop
  endfacet
  facet normal -6.631224e-01 -7.485105e-01 8.582813e-04
    outer loop
      vertex   6.654261e-01 -1.274548e+01 3.556000e+00
      vertex   5.308740e-01 -1.262191e+01 7.366000e+00
      vertex   5.050096e-01 -1.260337e+01 3.556000e+00
    endloop
  endfacet
  facet normal -4.999998e-01 -8.660251e-01 -8.210881e-04
    outer loop
      vertex   5.050096e-01 -1.260337e+01 3.556000e+00
      vertex   5.308740e-01 -1.262191e+01 7.366000e+00
      vertex   3.521149e-01 -1.251871e+01 7.366000e+00
    endloop
  endfacet
  facet normal -4.647229e-01 -8.854556e-01 1.026329e-03
    outer loop
      vertex   5.050096e-01 -1.260337e+01 3.556000e+00
      vertex   3.521149e-01 -1.251871e+01 7.366000e+00
      vertex   3.152437e-01 -1.250377e+01 3.556000e+00
    endloop
  endfacet
  facet normal -2.868031e-01 -9.579891e-01 -9.798186e-04
    outer loop
      vertex   3.152437e-01 -1.250377e+01 3.556000e+00
      vertex   3.521149e-01 -1.251871e+01 7.366000e+00
      vertex   1.543732e-01 -1.245951e+01 7.366000e+00
    endloop
  endfacet
  facet normal -2.393155e-01 -9.709411e-01 1.175739e-03
    outer loop
      vertex   3.152437e-01 -1.250377e+01 3.556000e+00
      vertex   1.543732e-01 -1.245951e+01 7.366000e+00
      vertex   1.071571e-01 -1.245248e+01 3.556000e+00
    endloop
  endfacet
  facet normal -5.814479e-02 -9.983075e-01 -1.119905e-03
    outer loop
      vertex   1.071571e-01 -1.245248e+01 3.556000e+00
      vertex   1.543732e-01 -1.245951e+01 7.366000e+00
      vertex   -5.169075e-02 -1.244750e+01 7.366000e+00
    endloop
  endfacet
  facet normal 0.000000e+00 -9.999991e-01 1.306499e-03
    outer loop
      vertex   1.071571e-01 -1.245248e+01 3.556000e+00
      vertex   -5.169075e-02 -1.244750e+01 7.366000e+00
      vertex   -1.071571e-01 -1.245248e+01 3.556000e+00
    endloop
  endfacet
  facet normal 1.736480e-01 -9.848070e-01 -1.241335e-03
    outer loop
      vertex   -1.071571e-01 -1.245248e+01 3.556000e+00
      vertex   -5.169075e-02 -1.244750e+01 7.366000e+00
      vertex   -2.549681e-01 -1.248335e+01 7.366000e+00
    endloop
  endfacet
  facet normal 2.393154e-01 -9.709408e-01 1.418598e-03
    outer loop
      vertex   -1.071571e-01 -1.245248e+01 3.556000e+00
      vertex   -2.549681e-01 -1.248335e+01 7.366000e+00
      vertex   -3.152437e-01 -1.250377e+01 3.556000e+00
    endloop
  endfacet
  facet normal 3.960794e-01 -9.182153e-01 -1.344101e-03
    outer loop
      vertex   -3.152437e-01 -1.250377e+01 3.556000e+00
      vertex   -2.549681e-01 -1.248335e+01 7.366000e+00
      vertex   -4.445000e-01 -1.256510e+01 7.366000e+00
    endloop
  endfacet
  facet normal 4.647226e-01 -8.854550e-01 1.512027e-03
    outer loop
      vertex   -3.152437e-01 -1.250377e+01 3.556000e+00
      vertex   -4.445000e-01 -1.256510e+01 7.366000e+00
      vertex   -5.050096e-01 -1.260337e+01 3.556000e+00
    endloop
  endfacet
  facet normal 5.971580e-01 -8.021224e-01 -1.428193e-03
    outer loop
      vertex   -5.050096e-01 -1.260337e+01 3.556000e+00
      vertex   -4.445000e-01 -1.256510e+01 7.366000e+00
      vertex   -6.100688e-01 -1.268836e+01 7.366000e+00
    endloop
  endfacet
  facet normal 6.631218e-01 -7.485098e-01 1.586780e-03
    outer loop
      vertex   -5.050096e-01 -1.260337e+01 3.556000e+00
      vertex   -6.100688e-01 -1.268836e+01 7.366000e+00
      vertex   -6.654261e-01 -1.274548e+01 3.556000e+00
    endloop
  endfacet
  facet normal 7.660436e-01 -6.427869e-01 -1.493605e-03
    outer loop
      vertex   -6.654261e-01 -1.274548e+01 3.556000e+00
      vertex   -6.100688e-01 -1.268836e+01 7.366000e+00
      vertex   -7.427487e-01 -1.284649e+01 7.366000e+00
    endloop
  endfacet
  facet normal 8.229828e-01 -5.680640e-01 1.642850e-03
    outer loop
      vertex   -6.654261e-01 -1.274548e+01 3.556000e+00
      vertex   -7.427487e-01 -1.284649e+01 7.366000e+00
      vertex   -7.871704e-01 -1.292186e+01 3.556000e+00
    endloop
  endfacet
  facet normal 8.936316e-01 -4.487986e-01 -1.540331e-03
    outer loop
      vertex   -7.871704e-01 -1.292186e+01 3.556000e+00
      vertex   -7.427487e-01 -1.284649e+01 7.366000e+00
      vertex   -8.353867e-01 -1.303094e+01 7.366000e+00
    endloop
  endfacet
  facet normal 9.350149e-01 -3.546044e-01 1.680232e-03
    outer loop
      vertex   -7.871704e-01 -1.292186e+01 3.556000e+00
      vertex   -8.353867e-01 -1.303094e+01 7.366000e+00
      vertex   -8.631673e-01 -1.312225e+01 3.556000e+00
    endloop
  endfacet
  facet normal 9.730437e-01 -2.306156e-01 -1.568369e-03
    outer loop
      vertex   -8.631673e-01 -1.312225e+01 3.556000e+00
      vertex   -8.353867e-01 -1.303094e+01 7.366000e+00
      vertex   -8.829889e-01 -1.323179e+01 7.366000e+00
    endloop
  endfacet
  facet normal 9.927074e-01 -1.205365e-01 1.698924e-03
    outer loop
      vertex   -8.631673e-01 -1.312225e+01 3.556000e+00
      vertex   -8.829889e-01 -1.323179e+01 7.366000e+00
      vertex   -8.890000e-01 -1.333500e+01 3.556000e+00
    endloop
  endfacet
  facet normal 9.999988e-01 0.000000e+00 -1.577715e-03
    outer loop
      vertex   -8.890000e-01 -1.333500e+01 3.556000e+00
      vertex   -8.829889e-01 -1.323179e+01 7.366000e+00
      vertex   -8.829889e-01 -1.343821e+01 7.366000e+00
    endloop
  endfacet
  facet normal 9.927074e-01 1.205365e-01 1.698924e-03
    outer loop
      vertex   -8.890000e-01 -1.333500e+01 3.556000e+00
      vertex   -8.829889e-01 -1.343821e+01 7.366000e+00
      vertex   -8.631673e-01 -1.354775e+01 3.556000e+00
    endloop
  endfacet
  facet normal 9.730437e-01 2.306156e-01 -1.568369e-03
    outer loop
      vertex   -8.631673e-01 -1.354775e+01 3.556000e+00
      vertex   -8.829889e-01 -1.343821e+01 7.366000e+00
      vertex   -8.353867e-01 -1.363906e+01 7.366000e+00
    endloop
  endfacet
  facet normal 9.350149e-01 3.546044e-01 1.680232e-03
    outer loop
      vertex   -8.631673e-01 -1.354775e+01 3.556000e+00
      vertex   -8.353867e-01 -1.363906e+01 7.366000e+00
      vertex   -7.871704e-01 -1.374814e+01 3.556000e+00
    endloop
  endfacet
  facet normal 8.936316e-01 4.487986e-01 -1.540331e-03
    outer loop
      vertex   -7.871704e-01 -1.374814e+01 3.556000e+00
      vertex   -8.353867e-01 -1.363906e+01 7.366000e+00
      vertex   -7.427487e-01 -1.382351e+01 7.366000e+00
    endloop
  endfacet
  facet normal 8.229828e-01 5.680640e-01 1.642850e-03
    outer loop
      vertex   -7.871704e-01 -1.374814e+01 3.556000e+00
      vertex   -7.427487e-01 -1.382351e+01 7.366000e+00
      vertex   -6.654261e-01 -1.392452e+01 3.556000e+00
    endloop
  endfacet
  facet normal 7.660436e-01 6.427869e-01 -1.493605e-03
    outer loop
      vertex   -6.654261e-01 -1.392452e+01 3.556000e+00
      vertex   -7.427487e-01 -1.382351e+01 7.366000e+00
      vertex   -6.100688e-01 -1.398164e+01 7.366000e+00
    endloop
  endfacet
  facet normal 6.631218e-01 7.485098e-01 1.586780e-03
    outer loop
      vertex   -6.654261e-01 -1.392452e+01 3.556000e+00
      vertex   -6.100688e-01 -1.398164e+01 7.366000e+00
      vertex   -5.050096e-01 -1.406663e+01 3.556000e+00
    endloop
  endfacet
  facet normal 5.971580e-01 8.021224e-01 -1.428193e-03
    outer loop
      vertex   -5.050096e-01 -1.406663e+01 3.556000e+00
      vertex   -6.100688e-01 -1.398164e+01 7.366000e+00
      vertex   -4.445000e-01 -1.410490e+01 7.366000e+00
    endloop
  endfacet
  facet normal 4.647226e-01 8.854550e-01 1.512027e-03
    outer loop
      vertex   -5.050096e-01 -1.406663e+01 3.556000e+00
      vertex   -4.445000e-01 -1.410490e+01 7.366000e+00
      vertex   -3.152437e-01 -1.416623e+01 3.556000e+00
    endloop
  endfacet
  facet normal 3.960794e-01 9.182153e-01 -1.344101e-03
    outer loop
      vertex   -3.152437e-01 -1.416623e+01 3.556000e+00
      vertex   -4.445000e-01 -1.410490e+01 7.366000e+00
      vertex   -2.549681e-01 -1.418665e+01 7.366000e+00
    endloop
  endfacet
  facet normal 2.393154e-01 9.709408e-01 1.418598e-03
    outer loop
      vertex   -3.152437e-01 -1.416623e+01 3.556000e+00
      vertex   -2.549681e-01 -1.418665e+01 7.366000e+00
      vertex   -1.071571e-01 -1.421752e+01 3.556000e+00
    endloop
  endfacet
  facet normal 1.736480e-01 9.848070e-01 -1.241335e-03
    outer loop
      vertex   -1.071571e-01 -1.421752e+01 3.556000e+00
      vertex   -2.549681e-01 -1.418665e+01 7.366000e+00
      vertex   -5.169075e-02 -1.422250e+01 7.366000e+00
    endloop
  endfacet
  facet normal -0.000000e+00 9.999991e-01 1.306499e-03
    outer loop
      vertex   -1.071571e-01 -1.421752e+01 3.556000e+00
      vertex   -5.169075e-02 -1.422250e+01 7.366000e+00
      vertex   1.071571e-01 -1.421752e+01 3.556000e+00
    endloop
  endfacet
  facet normal -5.814479e-02 9.983075e-01 -1.119905e-03
    outer loop
      vertex   1.071571e-01 -1.421752e+01 3.556000e+00
      vertex   -5.169075e-02 -1.422250e+01 7.366000e+00
      vertex   1.543732e-01 -1.421049e+01 7.366000e+00
    endloop
  endfacet
  facet normal -2.393155e-01 9.709411e-01 1.175739e-03
    outer loop
      vertex   1.071571e-01 -1.421752e+01 3.556000e+00
      vertex   1.543732e-01 -1.421049e+01 7.366000e+00
      vertex   3.152437e-01 -1.416623e+01 3.556000e+00
    endloop
  endfacet
  facet normal -2.868031e-01 9.579891e-01 -9.798186e-04
    outer loop
      vertex   3.152437e-01 -1.416623e+01 3.556000e+00
      vertex   1.543732e-01 -1.421049e+01 7.366000e+00
      vertex   3.521149e-01 -1.415129e+01 7.366000e+00
    endloop
  endfacet
  facet normal -4.647229e-01 8.854556e-01 1.026329e-03
    outer loop
      vertex   3.152437e-01 -1.416623e+01 3.556000e+00
      vertex   3.521149e-01 -1.415129e+01 7.366000e+00
      vertex   5.050096e-01 -1.406663e+01 3.556000e+00
    endloop
  endfacet
  facet normal -4.999998e-01 8.660251e-01 -8.210881e-04
    outer loop
      vertex   5.050096e-01 -1.406663e+01 3.556000e+00
      vertex   3.521149e-01 -1.415129e+01 7.366000e+00
      vertex   5.308740e-01 -1.404809e+01 7.366000e+00
    endloop
  endfacet
  facet normal -6.631224e-01 7.485105e-01 8.582813e-04
    outer loop
      vertex   5.050096e-01 -1.406663e+01 3.556000e+00
      vertex   5.308740e-01 -1.404809e+01 7.366000e+00
      vertex   6.654261e-01 -1.392452e+01 3.556000e+00
    endloop
  endfacet
  facet normal -6.862415e-01 7.273735e-01 -6.437261e-04
    outer loop
      vertex   6.654261e-01 -1.392452e+01 3.556000e+00
      vertex   5.308740e-01 -1.404809e+01 7.366000e+00
      vertex   6.810135e-01 -1.390644e+01 7.366000e+00
    endloop
  endfacet
  facet normal -8.229837e-01 5.680646e-01 6.716087e-04
    outer loop
      vertex   6.654261e-01 -1.392452e+01 3.556000e+00
      vertex   6.810135e-01 -1.390644e+01 7.366000e+00
      vertex   7.871704e-01 -1.374814e+01 3.556000e+00
    endloop
  endfacet
  facet normal -8.354877e-01 5.495089e-01 -4.477467e-04
    outer loop
      vertex   7.871704e-01 -1.374814e+01 3.556000e+00
      vertex   6.810135e-01 -1.390644e+01 7.366000e+00
      vertex   7.944394e-01 -1.373398e+01 7.366000e+00
    endloop
  endfacet
  facet normal -9.350161e-01 3.546048e-01 4.663265e-04
    outer loop
      vertex   7.871704e-01 -1.374814e+01 3.556000e+00
      vertex   7.944394e-01 -1.373398e+01 7.366000e+00
      vertex   8.631673e-01 -1.354775e+01 3.556000e+00
    endloop
  endfacet
  facet normal -9.396926e-01 3.420201e-01 -2.331656e-04
    outer loop
      vertex   8.631673e-01 -1.354775e+01 3.556000e+00
      vertex   7.944394e-01 -1.373398e+01 7.366000e+00
      vertex   8.650369e-01 -1.354002e+01 7.366000e+00
    endloop
  endfacet
  facet normal -9.927088e-01 1.205367e-01 2.424509e-04
    outer loop
      vertex   8.631673e-01 -1.354775e+01 3.556000e+00
      vertex   8.650369e-01 -1.354002e+01 7.366000e+00
      vertex   8.890000e-01 -1.333500e+01 3.556000e+00
    endloop
  endfacet
  facet normal -9.932384e-01 -1.160929e-01 0.000000e+00
    outer loop
      vertex   8.650369e-01 -1.312998e+01 -2.540000e-01
      vertex   8.890000e-01 -1.333500e+01 -2.540000e-01
      vertex   8.890000e-01 -1.333500e+01 3.556000e+00
    endloop
  endfacet
  facet normal -9.932384e-01 1.160929e-01 0.000000e+00
    outer loop
      vertex   8.890000e-01 -1.333500e+01 3.556000e+00
      vertex   8.890000e-01 -1.333500e+01 -2.540000e-01
      vertex   8.650369e-01 -1.354002e+01 -2.540000e-01
    endloop
  endfacet
  facet normal -9.927088e-01 1.205367e-01 -2.424509e-04
    outer loop
      vertex   8.890000e-01 -1.333500e+01 3.556000e+00
      vertex   8.650369e-01 -1.354002e+01 -2.540000e-01
      vertex   8.631673e-01 -1.354775e+01 3.556000e+00
    endloop
  endfacet
  facet normal -9.396926e-01 3.420201e-01 2.331656e-04
    outer loop
      vertex   8.631673e-01 -1.354775e+01 3.556000e+00
      vertex   8.650369e-01 -1.354002e+01 -2.540000e-01
      vertex   7.944394e-01 -1.373398e+01 -2.540000e-01
    endloop
  endfacet
  facet normal -9.350161e-01 3.546048e-01 -4.663265e-04
    outer loop
      vertex   8.631673e-01 -1.354775e+01 3.556000e+00
      vertex   7.944394e-01 -1.373398e+01 -2.540000e-01
      vertex   7.871704e-01 -1.374814e+01 3.556000e+00
    endloop
  endfacet
  facet normal -8.354877e-01 5.495089e-01 4.477467e-04
    outer loop
      vertex   7.871704e-01 -1.374814e+01 3.556000e+00
      vertex   7.944394e-01 -1.373398e+01 -2.540000e-01
      vertex   6.810135e-01 -1.390644e+01 -2.540000e-01
    endloop
  endfacet
  facet normal -8.229837e-01 5.680646e-01 -6.716087e-04
    outer loop
      vertex   7.871704e-01 -1.374814e+01 3.556000e+00
      vertex   6.810135e-01 -1.390644e+01 -2.540000e-01
      vertex   6.654261e-01 -1.392452e+01 3.556000e+00
    endloop
  endfacet
  facet normal -6.862415e-01 7.273735e-01 6.437261e-04
    outer loop
      vertex   6.654261e-01 -1.392452e+01 3.556000e+00
      vertex   6.810135e-01 -1.390644e+01 -2.540000e-01
      vertex   5.308740e-01 -1.404809e+01 -2.540000e-01
    endloop
  endfacet
  facet normal -6.631224e-01 7.485105e-01 -8.582813e-04
    outer loop
      vertex   6.654261e-01 -1.392452e+01 3.556000e+00
      vertex   5.308740e-01 -1.404809e+01 -2.540000e-01
      vertex   5.050096e-01 -1.406663e+01 3.556000e+00
    endloop
  endfacet
  facet normal -4.999998e-01 8.660251e-01 8.210881e-04
    outer loop
      vertex   5.050096e-01 -1.406663e+01 3.556000e+00
      vertex   5.308740e-01 -1.404809e+01 -2.540000e-01
      vertex   3.521149e-01 -1.415129e+01 -2.540000e-01
    endloop
  endfacet
  facet normal -4.647229e-01 8.854556e-01 -1.026329e-03
    outer loop
      vertex   5.050096e-01 -1.406663e+01 3.556000e+00
      vertex   3.521149e-01 -1.415129e+01 -2.540000e-01
      vertex   3.152437e-01 -1.416623e+01 3.556000e+00
    endloop
  endfacet
  facet normal -2.868031e-01 9.579891e-01 9.798186e-04
    outer loop
      vertex   3.152437e-01 -1.416623e+01 3.556000e+00
      vertex   3.521149e-01 -1.415129e+01 -2.540000e-01
      vertex   1.543732e-01 -1.421049e+01 -2.540000e-01
    endloop
  endfacet
  facet normal -2.393155e-01 9.709411e-01 -1.175739e-03
    outer loop
      vertex   3.152437e-01 -1.416623e+01 3.556000e+00
      vertex   1.543732e-01 -1.421049e+01 -2.540000e-01
      vertex   1.071571e-01 -1.421752e+01 3.556000e+00
    endloop
  endfacet
  facet normal -5.814479e-02 9.983075e-01 1.119905e-03
    outer loop
      vertex   1.071571e-01 -1.421752e+01 3.556000e+00
      vertex   1.543732e-01 -1.421049e+01 -2.540000e-01
      vertex   -5.169075e-02 -1.422250e+01 -2.540000e-01
    endloop
  endfacet
  facet normal 0.000000e+00 9.999991e-01 -1.306499e-03
    outer loop
      vertex   1.071571e-01 -1.421752e+01 3.556000e+00
      vertex   -5.169075e-02 -1.422250e+01 -2.540000e-01
      vertex   -1.071571e-01 -1.421752e+01 3.556000e+00
    endloop
  endfacet
  facet normal 1.736480e-01 9.848070e-01 1.241335e-03
    outer loop
      vertex   -1.071571e-01 -1.421752e+01 3.556000e+00
      vertex   -5.169075e-02 -1.422250e+01 -2.540000e-01
      vertex   -2.549681e-01 -1.418665e+01 -2.540000e-01
    endloop
  endfacet
  facet normal 2.393154e-01 9.709408e-01 -1.418598e-03
    outer loop
      vertex   -1.071571e-01 -1.421752e+01 3.556000e+00
      vertex   -2.549681e-01 -1.418665e+01 -2.540000e-01
      vertex   -3.152437e-01 -1.416623e+01 3.556000e+00
    endloop
  endfacet
  facet normal 3.960794e-01 9.182153e-01 1.344101e-03
    outer loop
      vertex   -3.152437e-01 -1.416623e+01 3.556000e+00
      vertex   -2.549681e-01 -1.418665e+01 -2.540000e-01
      vertex   -4.445000e-01 -1.410490e+01 -2.540000e-01
    endloop
  endfacet
  facet normal 4.647226e-01 8.854550e-01 -1.512027e-03
    outer loop
      vertex   -3.152437e-01 -1.416623e+01 3.556000e+00
      vertex   -4.445000e-01 -1.410490e+01 -2.540000e-01
      vertex   -5.050096e-01 -1.406663e+01 3.556000e+00
    endloop
  endfacet
  facet normal 5.971580e-01 8.021224e-01 1.428193e-03
    outer loop
      vertex   -5.050096e-01 -1.406663e+01 3.556000e+00
      vertex   -4.445000e-01 -1.410490e+01 -2.540000e-01
      vertex   -6.100688e-01 -1.398164e+01 -2.540000e-01
    endloop
  endfacet
  facet normal 6.631218e-01 7.485098e-01 -1.586780e-03
    outer loop
      vertex   -5.050096e-01 -1.406663e+01 3.556000e+00
      vertex   -6.100688e-01 -1.398164e+01 -2.540000e-01
      vertex   -6.654261e-01 -1.392452e+01 3.556000e+00
    endloop
  endfacet
  facet normal 7.660436e-01 6.427869e-01 1.493605e-03
    outer loop
      vertex   -6.654261e-01 -1.392452e+01 3.556000e+00
      vertex   -6.100688e-01 -1.398164e+01 -2.540000e-01
      vertex   -7.427487e-01 -1.382351e+01 -2.540000e-01
    endloop
  endfacet
  facet normal 8.229828e-01 5.680640e-01 -1.642850e-03
    outer loop
      vertex   -6.654261e-01 -1.392452e+01 3.556000e+00
      vertex   -7.427487e-01 -1.382351e+01 -2.540000e-01
      vertex   -7.871704e-01 -1.374814e+01 3.556000e+00
    endloop
  endfacet
  facet normal 8.936316e-01 4.487986e-01 1.540331e-03
    outer loop
      vertex   -7.871704e-01 -1.374814e+01 3.556000e+00
      vertex   -7.427487e-01 -1.382351e+01 -2.540000e-01
      vertex   -8.353867e-01 -1.363906e+01 -2.540000e-01
    endloop
  endfacet
  facet normal 9.350149e-01 3.546044e-01 -1.680232e-03
    outer loop
      vertex   -7.871704e-01 -1.374814e+01 3.556000e+00
      vertex   -8.353867e-01 -1.363906e+01 -2.540000e-01
      vertex   -8.631673e-01 -1.354775e+01 3.556000e+00
    endloop
  endfacet
  facet normal 9.730437e-01 2.306156e-01 1.568369e-03
    outer loop
      vertex   -8.631673e-01 -1.354775e+01 3.556000e+00
      vertex   -8.353867e-01 -1.363906e+01 -2.540000e-01
      vertex   -8.829889e-01 -1.343821e+01 -2.540000e-01
    endloop
  endfacet
  facet normal 9.927074e-01 1.205365e-01 -1.698924e-03
    outer loop
      vertex   -8.631673e-01 -1.354775e+01 3.556000e+00
      vertex   -8.829889e-01 -1.343821e+01 -2.540000e-01
      vertex   -8.890000e-01 -1.333500e+01 3.556000e+00
    endloop
  endfacet
  facet normal 9.999988e-01 0.000000e+00 1.577715e-03
    outer loop
      vertex   -8.890000e-01 -1.333500e+01 3.556000e+00
      vertex   -8.829889e-01 -1.343821e+01 -2.540000e-01
      vertex   -8.829889e-01 -1.323179e+01 -2.540000e-01
    endloop
  endfacet
  facet normal 9.927074e-01 -1.205365e-01 -1.698924e-03
    outer loop
      vertex   -8.890000e-01 -1.333500e+01 3.556000e+00
      vertex   -8.829889e-01 -1.323179e+01 -2.540000e-01
      vertex   -8.631673e-01 -1.312225e+01 3.556000e+00
    endloop
  endfacet
  facet normal 9.730437e-01 -2.306156e-01 1.568369e-03
    outer loop
      vertex   -8.631673e-01 -1.312225e+01 3.556000e+00
      vertex   -8.829889e-01 -1.323179e+01 -2.540000e-01
      vertex   -8.353867e-01 -1.303094e+01 -2.540000e-01
    endloop
  endfacet
  facet normal 9.350149e-01 -3.546044e-01 -1.680232e-03
    outer loop
      vertex   -8.631673e-01 -1.312225e+01 3.556000e+00
      vertex   -8.353867e-01 -1.303094e+01 -2.540000e-01
      vertex   -7.871704e-01 -1.292186e+01 3.556000e+00
    endloop
  endfacet
  facet normal 8.936316e-01 -4.487986e-01 1.540331e-03
    outer loop
      vertex   -7.871704e-01 -1.292186e+01 3.556000e+00
      vertex   -8.353867e-01 -1.303094e+01 -2.540000e-01
      vertex   -7.427487e-01 -1.284649e+01 -2.540000e-01
    endloop
  endfacet
  facet normal 8.229828e-01 -5.680640e-01 -1.642850e-03
    outer loop
      vertex   -7.871704e-01 -1.292186e+01 3.556000e+00
      vertex   -7.427487e-01 -1.284649e+01 -2.540000e-01
      vertex   -6.654261e-01 -1.274548e+01 3.556000e+00
    endloop
  endfacet
  facet normal 7.660436e-01 -6.427869e-01 1.493605e-03
    outer loop
      vertex   -6.654261e-01 -1.274548e+01 3.556000e+00
      vertex   -7.427487e-01 -1.284649e+01 -2.540000e-01
      vertex   -6.100688e-01 -1.268836e+01 -2.540000e-01
    endloop
  endfacet
  facet normal 6.631218e-01 -7.485098e-01 -1.586780e-03
    outer loop
      vertex   -6.654261e-01 -1.274548e+01 3.556000e+00
      vertex   -6.100688e-01 -1.268836e+01 -2.540000e-01
      vertex   -5.050096e-01 -1.260337e+01 3.556000e+00
    endloop
  endfacet
  facet normal 5.971580e-01 -8.021224e-01 1.428193e-03
    outer loop
      vertex   -5.050096e-01 -1.260337e+01 3.556000e+00
      vertex   -6.100688e-01 -1.268836e+01 -2.540000e-01
      vertex   -4.445000e-01 -1.256510e+01 -2.540000e-01
    endloop
  endfacet
  facet normal 4.647226e-01 -8.854550e-01 -1.512027e-03
    outer loop
      vertex   -5.050096e-01 -1.260337e+01 3.556000e+00
      vertex   -4.445000e-01 -1.256510e+01 -2.540000e-01
      vertex   -3.152437e-01 -1.250377e+01 3.556000e+00
    endloop
  endfacet
  facet normal 3.960794e-01 -9.182153e-01 1.344101e-03
    outer loop
      vertex   -3.152437e-01 -1.250377e+01 3.556000e+00
      vertex   -4.445000e-01 -1.256510e+01 -2.540000e-01
      vertex   -2.549681e-01 -1.248335e+01 -2.540000e-01
    endloop
  endfacet
  facet normal 2.393154e-01 -9.709408e-01 -1.418598e-03
    outer loop
      vertex   -3.152437e-01 -1.250377e+01 3.556000e+00
      vertex   -2.549681e-01 -1.248335e+01 -2.540000e-01
      vertex   -1.071571e-01 -1.245248e+01 3.556000e+00
    endloop
  endfacet
  facet normal 1.736480e-01 -9.848070e-01 1.241335e-03
    outer loop
      vertex   -1.071571e-01 -1.245248e+01 3.556000e+00
      vertex   -2.549681e-01 -1.248335e+01 -2.540000e-01
      vertex   -5.169075e-02 -1.244750e+01 -2.540000e-01
    endloop
  endfacet
  facet normal 0.000000e+00 -9.999991e-01 -1.306499e-03
    outer loop
      vertex   -1.071571e-01 -1.245248e+01 3.556000e+00
      vertex   -5.169075e-02 -1.244750e+01 -2.540000e-01
      vertex   1.071571e-01 -1.245248e+01 3.556000e+00
    endloop
  endfacet
  facet normal -5.814479e-02 -9.983075e-01 1.119905e-03
    outer loop
      vertex   1.071571e-01 -1.245248e+01 3.556000e+00
      vertex   -5.169075e-02 -1.244750e+01 -2.540000e-01
      vertex   1.543732e-01 -1.245951e+01 -2.540000e-01
    endloop
  endfacet
  facet normal -2.393155e-01 -9.709411e-01 -1.175739e-03
    outer loop
      vertex   1.071571e-01 -1.245248e+01 3.556000e+00
      vertex   1.543732e-01 -1.245951e+01 -2.540000e-01
      vertex   3.152437e-01 -1.250377e+01 3.556000e+00
    endloop
  endfacet
  facet normal -2.868031e-01 -9.579891e-01 9.798186e-04
    outer loop
      vertex   3.152437e-01 -1.250377e+01 3.556000e+00
      vertex   1.543732e-01 -1.245951e+01 -2.540000e-01
      vertex   3.521149e-01 -1.251871e+01 -2.540000e-01
    endloop
  endfacet
  facet normal -4.647229e-01 -8.854556e-01 -1.026329e-03
    outer loop
      vertex   3.152437e-01 -1.250377e+01 3.556000e+00
      vertex   3.521149e-01 -1.251871e+01 -2.540000e-01
      vertex   5.050096e-01 -1.260337e+01 3.556000e+00
    endloop
  endfacet
  facet normal -4.999998e-01 -8.660251e-01 8.210881e-04
    outer loop
      vertex   5.050096e-01 -1.260337e+01 3.556000e+00
      vertex   3.521149e-01 -1.251871e+01 -2.540000e-01
      vertex   5.308740e-01 -1.262191e+01 -2.540000e-01
    endloop
  endfacet
  facet normal -6.631224e-01 -7.485105e-01 -8.582813e-04
    outer loop
      vertex   5.050096e-01 -1.260337e+01 3.556000e+00
      vertex   5.308740e-01 -1.262191e+01 -2.540000e-01
      vertex   6.654261e-01 -1.274548e+01 3.556000e+00
    endloop
  endfacet
  facet normal -6.862415e-01 -7.273735e-01 6.437261e-04
    outer loop
      vertex   6.654261e-01 -1.274548e+01 3.556000e+00
      vertex   5.308740e-01 -1.262191e+01 -2.540000e-01
      vertex   6.810135e-01 -1.276356e+01 -2.540000e-01
    endloop
  endfacet
  facet normal -8.229837e-01 -5.680646e-01 -6.716087e-04
    outer loop
      vertex   6.654261e-01 -1.274548e+01 3.556000e+00
      vertex   6.810135e-01 -1.276356e+01 -2.540000e-01
      vertex   7.871704e-01 -1.292186e+01 3.556000e+00
    endloop
  endfacet
  facet normal -8.354877e-01 -5.495089e-01 4.477467e-04
    outer loop
      vertex   7.871704e-01 -1.292186e+01 3.556000e+00
      vertex   6.810135e-01 -1.276356e+01 -2.540000e-01
      vertex   7.944394e-01 -1.293602e+01 -2.540000e-01
    endloop
  endfacet
  facet normal -9.350161e-01 -3.546048e-01 -4.663265e-04
    outer loop
      vertex   7.871704e-01 -1.292186e+01 3.556000e+00
      vertex   7.944394e-01 -1.293602e+01 -2.540000e-01
      vertex   8.631673e-01 -1.312225e+01 3.556000e+00
    endloop
  endfacet
  facet normal -9.396926e-01 -3.420201e-01 2.331656e-04
    outer loop
      vertex   8.631673e-01 -1.312225e+01 3.556000e+00
      vertex   7.944394e-01 -1.293602e+01 -2.540000e-01
      vertex   8.650369e-01 -1.312998e+01 -2.540000e-01
    endloop
  endfacet
  facet normal -9.927088e-01 -1.205367e-01 -2.424509e-04
    outer loop
      vertex   8.631673e-01 -1.312225e+01 3.556000e+00
      vertex   8.650369e-01 -1.312998e+01 -2.540000e-01
      vertex   8.890000e-01 -1.333500e+01 3.556000e+00
    endloop
  endfacet
  facet normal -9.932384e-01 1.160929e-01 -5.845393e-17
    outer loop
      vertex   8.650369e-01 -1.061902e+01 7.366000e+00
      vertex   8.890000e-01 -1.041400e+01 7.366000e+00
      vertex   8.890000e-01 -1.041400e+01 3.556000e+00
    endloop
  endfacet
  facet normal -9.932384e-01 -1.160929e-01 -5.788536e-17
    outer loop
      vertex   8.890000e-01 -1.041400e+01 3.556000e+00
      vertex   8.890000e-01 -1.041400e+01 7.366000e+00
      vertex   8.650369e-01 -1.020898e+01 7.366000e+00
    endloop
  endfacet
  facet normal -9.927088e-01 -1.205367e-01 2.424509e-04
    outer loop
      vertex   8.890000e-01 -1.041400e+01 3.556000e+00
      vertex   8.650369e-01 -1.020898e+01 7.366000e+00
      vertex   8.631673e-01 -1.020125e+01 3.556000e+00
    endloop
  endfacet
  facet normal -9.396926e-01 -3.420201e-01 -2.331656e-04
    outer loop
      vertex   8.631673e-01 -1.020125e+01 3.556000e+00
      vertex   8.650369e-01 -1.020898e+01 7.366000e+00
      vertex   7.944394e-01 -1.001502e+01 7.366000e+00
    endloop
  endfacet
  facet normal -9.350161e-01 -3.546048e-01 4.663265e-04
    outer loop
      vertex   8.631673e-01 -1.020125e+01 3.556000e+00
      vertex   7.944394e-01 -1.001502e+01 7.366000e+00
      vertex   7.871704e-01 -1.000086e+01 3.556000e+00
    endloop
  endfacet
  facet normal -8.354877e-01 -5.495089e-01 -4.477467e-04
    outer loop
      vertex   7.871704e-01 -1.000086e+01 3.556000e+00
      vertex   7.944394e-01 -1.001502e+01 7.366000e+00
      vertex   6.810135e-01 -9.842562e+00 7.366000e+00
    endloop
  endfacet
  facet normal -8.229837e-01 -5.680646e-01 6.716087e-04
    outer loop
      vertex   7.871704e-01 -1.000086e+01 3.556000e+00
      vertex   6.810135e-01 -9.842562e+00 7.366000e+00
      vertex   6.654261e-01 -9.824484e+00 3.556000e+00
    endloop
  endfacet
  facet normal -6.862415e-01 -7.273735e-01 -6.437261e-04
    outer loop
      vertex   6.654261e-01 -9.824484e+00 3.556000e+00
      vertex   6.810135e-01 -9.842562e+00 7.366000e+00
      vertex   5.308740e-01 -9.700912e+00 7.366000e+00
    endloop
  endfacet
  facet normal -6.631224e-01 -7.485105e-01 8.582813e-04
    outer loop
      vertex   6.654261e-01 -9.824484e+00 3.556000e+00
      vertex   5.308740e-01 -9.700912e+00 7.366000e+00
      vertex   5.050096e-01 -9.682367e+00 3.556000e+00
    endloop
  endfacet
  facet normal -4.999998e-01 -8.660251e-01 -8.210881e-04
    outer loop
      vertex   5.050096e-01 -9.682367e+00 3.556000e+00
      vertex   5.308740e-01 -9.700912e+00 7.366000e+00
      vertex   3.521149e-01 -9.597706e+00 7.366000e+00
    endloop
  endfacet
  facet normal -4.647229e-01 -8.854556e-01 1.026329e-03
    outer loop
      vertex   5.050096e-01 -9.682367e+00 3.556000e+00
      vertex   3.521149e-01 -9.597706e+00 7.366000e+00
      vertex   3.152437e-01 -9.582771e+00 3.556000e+00
    endloop
  endfacet
  facet normal -2.868031e-01 -9.579891e-01 -9.798186e-04
    outer loop
      vertex   3.152437e-01 -9.582771e+00 3.556000e+00
      vertex   3.521149e-01 -9.597706e+00 7.366000e+00
      vertex   1.543732e-01 -9.538506e+00 7.366000e+00
    endloop
  endfacet
  facet normal -2.393155e-01 -9.709411e-01 1.175739e-03
    outer loop
      vertex   3.152437e-01 -9.582771e+00 3.556000e+00
      vertex   1.543732e-01 -9.538506e+00 7.366000e+00
      vertex   1.071571e-01 -9.531482e+00 3.556000e+00
    endloop
  endfacet
  facet normal -5.814479e-02 -9.983075e-01 -1.119905e-03
    outer loop
      vertex   1.071571e-01 -9.531482e+00 3.556000e+00
      vertex   1.543732e-01 -9.538506e+00 7.366000e+00
      vertex   -5.169075e-02 -9.526504e+00 7.366000e+00
    endloop
  endfacet
  facet normal 0.000000e+00 -9.999991e-01 1.306499e-03
    outer loop
      vertex   1.071571e-01 -9.531482e+00 3.556000e+00
      vertex   -5.169075e-02 -9.526504e+00 7.366000e+00
      vertex   -1.071571e-01 -9.531482e+00 3.556000e+00
    endloop
  endfacet
  facet normal 1.736480e-01 -9.848070e-01 -1.241335e-03
    outer loop
      vertex   -1.071571e-01 -9.531482e+00 3.556000e+00
      vertex   -5.169075e-02 -9.526504e+00 7.366000e+00
      vertex   -2.549681e-01 -9.562347e+00 7.366000e+00
    endloop
  endfacet
  facet normal 2.393154e-01 -9.709408e-01 1.418598e-03
    outer loop
      vertex   -1.071571e-01 -9.531482e+00 3.556000e+00
      vertex   -2.549681e-01 -9.562347e+00 7.366000e+00
      vertex   -3.152437e-01 -9.582771e+00 3.556000e+00
    endloop
  endfacet
  facet normal 3.960794e-01 -9.182153e-01 -1.344101e-03
    outer loop
      vertex   -3.152437e-01 -9.582771e+00 3.556000e+00
      vertex   -2.549681e-01 -9.562347e+00 7.366000e+00
      vertex   -4.445000e-01 -9.644103e+00 7.366000e+00
    endloop
  endfacet
  facet normal 4.647226e-01 -8.854550e-01 1.512027e-03
    outer loop
      vertex   -3.152437e-01 -9.582771e+00 3.556000e+00
      vertex   -4.445000e-01 -9.644103e+00 7.366000e+00
      vertex   -5.050096e-01 -9.682367e+00 3.556000e+00
    endloop
  endfacet
  facet normal 5.971580e-01 -8.021224e-01 -1.428193e-03
    outer loop
      vertex   -5.050096e-01 -9.682367e+00 3.556000e+00
      vertex   -4.445000e-01 -9.644103e+00 7.366000e+00
      vertex   -6.100688e-01 -9.767365e+00 7.366000e+00
    endloop
  endfacet
  facet normal 6.631218e-01 -7.485098e-01 1.586780e-03
    outer loop
      vertex   -5.050096e-01 -9.682367e+00 3.556000e+00
      vertex   -6.100688e-01 -9.767365e+00 7.366000e+00
      vertex   -6.654261e-01 -9.824484e+00 3.556000e+00
    endloop
  endfacet
  facet normal 7.660436e-01 -6.427869e-01 -1.493605e-03
    outer loop
      vertex   -6.654261e-01 -9.824484e+00 3.556000e+00
      vertex   -6.100688e-01 -9.767365e+00 7.366000e+00
      vertex   -7.427487e-01 -9.925487e+00 7.366000e+00
    endloop
  endfacet
  facet normal 8.229828e-01 -5.680640e-01 1.642850e-03
    outer loop
      vertex   -6.654261e-01 -9.824484e+00 3.556000e+00
      vertex   -7.427487e-01 -9.925487e+00 7.366000e+00
      vertex   -7.871704e-01 -1.000086e+01 3.556000e+00
    endloop
  endfacet
  facet normal 8.936316e-01 -4.487986e-01 -1.540331e-03
    outer loop
      vertex   -7.871704e-01 -1.000086e+01 3.556000e+00
      vertex   -7.427487e-01 -9.925487e+00 7.366000e+00
      vertex   -8.353867e-01 -1.010994e+01 7.366000e+00
    endloop
  endfacet
  facet normal 9.350149e-01 -3.546044e-01 1.680232e-03
    outer loop
      vertex   -7.871704e-01 -1.000086e+01 3.556000e+00
      vertex   -8.353867e-01 -1.010994e+01 7.366000e+00
      vertex   -8.631673e-01 -1.020125e+01 3.556000e+00
    endloop
  endfacet
  facet normal 9.730437e-01 -2.306156e-01 -1.568369e-03
    outer loop
      vertex   -8.631673e-01 -1.020125e+01 3.556000e+00
      vertex   -8.353867e-01 -1.010994e+01 7.366000e+00
      vertex   -8.829889e-01 -1.031079e+01 7.366000e+00
    endloop
  endfacet
  facet normal 9.927074e-01 -1.205365e-01 1.698924e-03
    outer loop
      vertex   -8.631673e-01 -1.020125e+01 3.556000e+00
      vertex   -8.829889e-01 -1.031079e+01 7.366000e+00
      vertex   -8.890000e-01 -1.041400e+01 3.556000e+00
    endloop
  endfacet
  facet normal 9.999988e-01 0.000000e+00 -1.577715e-03
    outer loop
      vertex   -8.890000e-01 -1.041400e+01 3.556000e+00
      vertex   -8.829889e-01 -1.031079e+01 7.366000e+00
      vertex   -8.829889e-01 -1.051721e+01 7.366000e+00
    endloop
  endfacet
  facet normal 9.927074e-01 1.205365e-01 1.698924e-03
    outer loop
      vertex   -8.890000e-01 -1.041400e+01 3.556000e+00
      vertex   -8.829889e-01 -1.051721e+01 7.366000e+00
      vertex   -8.631673e-01 -1.062675e+01 3.556000e+00
    endloop
  endfacet
  facet normal 9.730437e-01 2.306156e-01 -1.568369e-03
    outer loop
      vertex   -8.631673e-01 -1.062675e+01 3.556000e+00
      vertex   -8.829889e-01 -1.051721e+01 7.366000e+00
      vertex   -8.353867e-01 -1.071806e+01 7.366000e+00
    endloop
  endfacet
  facet normal 9.350149e-01 3.546044e-01 1.680232e-03
    outer loop
      vertex   -8.631673e-01 -1.062675e+01 3.556000e+00
      vertex   -8.353867e-01 -1.071806e+01 7.366000e+00
      vertex   -7.871704e-01 -1.082714e+01 3.556000e+00
    endloop
  endfacet
  facet normal 8.936316e-01 4.487986e-01 -1.540331e-03
    outer loop
      vertex   -7.871704e-01 -1.082714e+01 3.556000e+00
      vertex   -8.353867e-01 -1.071806e+01 7.366000e+00
      vertex   -7.427487e-01 -1.090251e+01 7.366000e+00
    endloop
  endfacet
  facet normal 8.229828e-01 5.680640e-01 1.642850e-03
    outer loop
      vertex   -7.871704e-01 -1.082714e+01 3.556000e+00
      vertex   -7.427487e-01 -1.090251e+01 7.366000e+00
      vertex   -6.654261e-01 -1.100352e+01 3.556000e+00
    endloop
  endfacet
  facet normal 7.660436e-01 6.427869e-01 -1.493605e-03
    outer loop
      vertex   -6.654261e-01 -1.100352e+01 3.556000e+00
      vertex   -7.427487e-01 -1.090251e+01 7.366000e+00
      vertex   -6.100688e-01 -1.106064e+01 7.366000e+00
    endloop
  endfacet
  facet normal 6.631218e-01 7.485098e-01 1.586780e-03
    outer loop
      vertex   -6.654261e-01 -1.100352e+01 3.556000e+00
      vertex   -6.100688e-01 -1.106064e+01 7.366000e+00
      vertex   -5.050096e-01 -1.114563e+01 3.556000e+00
    endloop
  endfacet
  facet normal 5.971580e-01 8.021224e-01 -1.428193e-03
    outer loop
      vertex   -5.050096e-01 -1.114563e+01 3.556000e+00
      vertex   -6.100688e-01 -1.106064e+01 7.366000e+00
      vertex   -4.445000e-01 -1.118390e+01 7.366000e+00
    endloop
  endfacet
  facet normal 4.647226e-01 8.854550e-01 1.512027e-03
    outer loop
      vertex   -5.050096e-01 -1.114563e+01 3.556000e+00
      vertex   -4.445000e-01 -1.118390e+01 7.366000e+00
      vertex   -3.152437e-01 -1.124523e+01 3.556000e+00
    endloop
  endfacet
  facet normal 3.960794e-01 9.182153e-01 -1.344101e-03
    outer loop
      vertex   -3.152437e-01 -1.124523e+01 3.556000e+00
      vertex   -4.445000e-01 -1.118390e+01 7.366000e+00
      vertex   -2.549681e-01 -1.126565e+01 7.366000e+00
    endloop
  endfacet
  facet normal 2.393154e-01 9.709408e-01 1.418598e-03
    outer loop
      vertex   -3.152437e-01 -1.124523e+01 3.556000e+00
      vertex   -2.549681e-01 -1.126565e+01 7.366000e+00
      vertex   -1.071571e-01 -1.129652e+01 3.556000e+00
    endloop
  endfacet
  facet normal 1.736480e-01 9.848070e-01 -1.241335e-03
    outer loop
      vertex   -1.071571e-01 -1.129652e+01 3.556000e+00
      vertex   -2.549681e-01 -1.126565e+01 7.366000e+00
      vertex   -5.169075e-02 -1.130150e+01 7.366000e+00
    endloop
  endfacet
  facet normal -0.000000e+00 9.999991e-01 1.306499e-03
    outer loop
      vertex   -1.071571e-01 -1.129652e+01 3.556000e+00
      vertex   -5.169075e-02 -1.130150e+01 7.366000e+00
      vertex   1.071571e-01 -1.129652e+01 3.556000e+00
    endloop
  endfacet
  facet normal -5.814479e-02 9.983075e-01 -1.119905e-03
    outer loop
      vertex   1.071571e-01 -1.129652e+01 3.556000e+00
      vertex   -5.169075e-02 -1.130150e+01 7.366000e+00
      vertex   1.543732e-01 -1.128949e+01 7.366000e+00
    endloop
  endfacet
  facet normal -2.393155e-01 9.709411e-01 1.175739e-03
    outer loop
      vertex   1.071571e-01 -1.129652e+01 3.556000e+00
      vertex   1.543732e-01 -1.128949e+01 7.366000e+00
      vertex   3.152437e-01 -1.124523e+01 3.556000e+00
    endloop
  endfacet
  facet normal -2.868031e-01 9.579891e-01 -9.798186e-04
    outer loop
      vertex   3.152437e-01 -1.124523e+01 3.556000e+00
      vertex   1.543732e-01 -1.128949e+01 7.366000e+00
      vertex   3.521149e-01 -1.123029e+01 7.366000e+00
    endloop
  endfacet
  facet normal -4.647229e-01 8.854556e-01 1.026329e-03
    outer loop
      vertex   3.152437e-01 -1.124523e+01 3.556000e+00
      vertex   3.521149e-01 -1.123029e+01 7.366000e+00
      vertex   5.050096e-01 -1.114563e+01 3.556000e+00
    endloop
  endfacet
  facet normal -4.999998e-01 8.660251e-01 -8.210881e-04
    outer loop
      vertex   5.050096e-01 -1.114563e+01 3.556000e+00
      vertex   3.521149e-01 -1.123029e+01 7.366000e+00
      vertex   5.308740e-01 -1.112709e+01 7.366000e+00
    endloop
  endfacet
  facet normal -6.631224e-01 7.485105e-01 8.582813e-04
    outer loop
      vertex   5.050096e-01 -1.114563e+01 3.556000e+00
      vertex   5.308740e-01 -1.112709e+01 7.366000e+00
      vertex   6.654261e-01 -1.100352e+01 3.556000e+00
    endloop
  endfacet
  facet normal -6.862415e-01 7.273735e-01 -6.437261e-04
    outer loop
      vertex   6.654261e-01 -1.100352e+01 3.556000e+00
      vertex   5.308740e-01 -1.112709e+01 7.366000e+00
      vertex   6.810135e-01 -1.098544e+01 7.366000e+00
    endloop
  endfacet
  facet normal -8.229837e-01 5.680646e-01 6.716087e-04
    outer loop
      vertex   6.654261e-01 -1.100352e+01 3.556000e+00
      vertex   6.810135e-01 -1.098544e+01 7.366000e+00
      vertex   7.871704e-01 -1.082714e+01 3.556000e+00
    endloop
  endfacet
  facet normal -8.354877e-01 5.495089e-01 -4.477467e-04
    outer loop
      vertex   7.871704e-01 -1.082714e+01 3.556000e+00
      vertex   6.810135e-01 -1.098544e+01 7.366000e+00
      vertex   7.944394e-01 -1.081298e+01 7.366000e+00
    endloop
  endfacet
  facet normal -9.350161e-01 3.546048e-01 4.663265e-04
    outer loop
      vertex   7.871704e-01 -1.082714e+01 3.556000e+00
      vertex   7.944394e-01 -1.081298e+01 7.366000e+00
      vertex   8.631673e-01 -1.062675e+01 3.556000e+00
    endloop
  endfacet
  facet normal -9.396926e-01 3.420201e-01 -2.331656e-04
    outer loop
      vertex   8.631673e-01 -1.062675e+01 3.556000e+00
      vertex   7.944394e-01 -1.081298e+01 7.366000e+00
      vertex   8.650369e-01 -1.061902e+01 7.366000e+00
    endloop
  endfacet
  facet normal -9.927088e-01 1.205367e-01 2.424509e-04
    outer loop
      vertex   8.631673e-01 -1.062675e+01 3.556000e+00
      vertex   8.650369e-01 -1.061902e+01 7.366000e+00
      vertex   8.890000e-01 -1.041400e+01 3.556000e+00
    endloop
  endfacet
  facet normal -9.932384e-01 -1.160929e-01 0.000000e+00
    outer loop
      vertex   8.650369e-01 -1.020898e+01 -2.540000e-01
      vertex   8.890000e-01 -1.041400e+01 -2.540000e-01
      vertex   8.890000e-01 -1.041400e+01 3.556000e+00
    endloop
  endfacet
  facet normal -9.932384e-01 1.160929e-01 0.000000e+00
    outer loop
      vertex   8.890000e-01 -1.041400e+01 3.556000e+00
      vertex   8.890000e-01 -1.041400e+01 -2.540000e-01
      vertex   8.650369e-01 -1.061902e+01 -2.540000e-01
    endloop
  endfacet
  facet normal -9.927088e-01 1.205367e-01 -2.424509e-04
    outer loop
      vertex   8.890000e-01 -1.041400e+01 3.556000e+00
      vertex   8.650369e-01 -1.061902e+01 -2.540000e-01
      vertex   8.631673e-01 -1.062675e+01 3.556000e+00
    endloop
  endfacet
  facet normal -9.396926e-01 3.420201e-01 2.331656e-04
    outer loop
      vertex   8.631673e-01 -1.062675e+01 3.556000e+00
      vertex   8.650369e-01 -1.061902e+01 -2.540000e-01
      vertex   7.944394e-01 -1.081298e+01 -2.540000e-01
    endloop
  endfacet
  facet normal -9.350161e-01 3.546048e-01 -4.663265e-04
    outer loop
      vertex   8.631673e-01 -1.062675e+01 3.556000e+00
      vertex   7.944394e-01 -1.081298e+01 -2.540000e-01
      vertex   7.871704e-01 -1.082714e+01 3.556000e+00
    endloop
  endfacet
  facet normal -8.354877e-01 5.495089e-01 4.477467e-04
    outer loop
      vertex   7.871704e-01 -1.082714e+01 3.556000e+00
      vertex   7.944394e-01 -1.081298e+01 -2.540000e-01
      vertex   6.810135e-01 -1.098544e+01 -2.540000e-01
    endloop
  endfacet
  facet normal -8.229837e-01 5.680646e-01 -6.716087e-04
    outer loop
      vertex   7.871704e-01 -1.082714e+01 3.556000e+00
      vertex   6.810135e-01 -1.098544e+01 -2.540000e-01
      vertex   6.654261e-01 -1.100352e+01 3.556000e+00
    endloop
  endfacet
  facet normal -6.862415e-01 7.273735e-01 6.437261e-04
    outer loop
      vertex   6.654261e-01 -1.100352e+01 3.556000e+00
      vertex   6.810135e-01 -1.098544e+01 -2.540000e-01
      vertex   5.308740e-01 -1.112709e+01 -2.540000e-01
    endloop
  endfacet
  facet normal -6.631224e-01 7.485105e-01 -8.582813e-04
    outer loop
      vertex   6.654261e-01 -1.100352e+01 3.556000e+00
      vertex   5.308740e-01 -1.112709e+01 -2.540000e-01
      vertex   5.050096e-01 -1.114563e+01 3.556000e+00
    endloop
  endfacet
  facet normal -4.999998e-01 8.660251e-01 8.210881e-04
    outer loop
      vertex   5.050096e-01 -1.114563e+01 3.556000e+00
      vertex   5.308740e-01 -1.112709e+01 -2.540000e-01
      vertex   3.521149e-01 -1.123029e+01 -2.540000e-01
    endloop
  endfacet
  facet normal -4.647229e-01 8.854556e-01 -1.026329e-03
    outer loop
      vertex   5.050096e-01 -1.114563e+01 3.556000e+00
      vertex   3.521149e-01 -1.123029e+01 -2.540000e-01
      vertex   3.152437e-01 -1.124523e+01 3.556000e+00
    endloop
  endfacet
  facet normal -2.868031e-01 9.579891e-01 9.798186e-04
    outer loop
      vertex   3.152437e-01 -1.124523e+01 3.556000e+00
      vertex   3.521149e-01 -1.123029e+01 -2.540000e-01
      vertex   1.543732e-01 -1.128949e+01 -2.540000e-01
    endloop
  endfacet
  facet normal -2.393155e-01 9.709411e-01 -1.175739e-03
    outer loop
      vertex   3.152437e-01 -1.124523e+01 3.556000e+00
      vertex   1.543732e-01 -1.128949e+01 -2.540000e-01
      vertex   1.071571e-01 -1.129652e+01 3.556000e+00
    endloop
  endfacet
  facet normal -5.814479e-02 9.983075e-01 1.119905e-03
    outer loop
      vertex   1.071571e-01 -1.129652e+01 3.556000e+00
      vertex   1.543732e-01 -1.128949e+01 -2.540000e-01
      vertex   -5.169075e-02 -1.130150e+01 -2.540000e-01
    endloop
  endfacet
  facet normal 0.000000e+00 9.999991e-01 -1.306499e-03
    outer loop
      vertex   1.071571e-01 -1.129652e+01 3.556000e+00
      vertex   -5.169075e-02 -1.130150e+01 -2.540000e-01
      vertex   -1.071571e-01 -1.129652e+01 3.556000e+00
    endloop
  endfacet
  facet normal 1.736480e-01 9.848070e-01 1.241335e-03
    outer loop
      vertex   -1.071571e-01 -1.129652e+01 3.556000e+00
      vertex   -5.169075e-02 -1.130150e+01 -2.540000e-01
      vertex   -2.549681e-01 -1.126565e+01 -2.540000e-01
    endloop
  endfacet
  facet normal 2.393154e-01 9.709408e-01 -1.418598e-03
    outer loop
      vertex   -1.071571e-01 -1.129652e+01 3.556000e+00
      vertex   -2.549681e-01 -1.126565e+01 -2.540000e-01
      vertex   -3.152437e-01 -1.124523e+01 3.556000e+00
    endloop
  endfacet
  facet normal 3.960794e-01 9.182153e-01 1.344101e-03
    outer loop
      vertex   -3.152437e-01 -1.124523e+01 3.556000e+00
      vertex   -2.549681e-01 -1.126565e+01 -2.540000e-01
      vertex   -4.445000e-01 -1.118390e+01 -2.540000e-01
    endloop
  endfacet
  facet normal 4.647226e-01 8.854550e-01 -1.512027e-03
    outer loop
      vertex   -3.152437e-01 -1.124523e+01 3.556000e+00
      vertex   -4.445000e-01 -1.118390e+01 -2.540000e-01
      vertex   -5.050096e-01 -1.114563e+01 3.556000e+00
    endloop
  endfacet
  facet normal 5.971580e-01 8.021224e-01 1.428193e-03
    outer loop
      vertex   -5.050096e-01 -1.114563e+01 3.556000e+00
      vertex   -4.445000e-01 -1.118390e+01 -2.540000e-01
      vertex   -6.100688e-01 -1.106064e+01 -2.540000e-01
    endloop
  endfacet
  facet normal 6.631218e-01 7.485098e-01 -1.586780e-03
    outer loop
      vertex   -5.050096e-01 -1.114563e+01 3.556000e+00
      vertex   -6.100688e-01 -1.106064e+01 -2.540000e-01
      vertex   -6.654261e-01 -1.100352e+01 3.556000e+00
    endloop
  endfacet
  facet normal 7.660436e-01 6.427869e-01 1.493605e-03
    outer loop
      vertex   -6.654261e-01 -1.100352e+01 3.556000e+00
      vertex   -6.100688e-01 -1.106064e+01 -2.540000e-01
      vertex   -7.427487e-01 -1.090251e+01 -2.540000e-01
    endloop
  endfacet
  facet normal 8.229828e-01 5.680640e-01 -1.642850e-03
    outer loop
      vertex   -6.654261e-01 -1.100352e+01 3.556000e+00
      vertex   -7.427487e-01 -1.090251e+01 -2.540000e-01
      vertex   -7.871704e-01 -1.082714e+01 3.556000e+00
    endloop
  endfacet
  facet normal 8.936316e-01 4.487986e-01 1.540331e-03
    outer loop
      vertex   -7.871704e-01 -1.082714e+01 3.556000e+00
      vertex   -7.427487e-01 -1.090251e+01 -2.540000e-01
      vertex   -8.353867e-01 -1.071806e+01 -2.540000e-01
    endloop
  endfacet
  facet normal 9.350149e-01 3.546044e-01 -1.680232e-03
    outer loop
      vertex   -7.871704e-01 -1.082714e+01 3.556000e+00
      vertex   -8.353867e-01 -1.071806e+01 -2.540000e-01
      vertex   -8.631673e-01 -1.062675e+01 3.556000e+00
    endloop
  endfacet
  facet normal 9.730437e-01 2.306156e-01 1.568369e-03
    outer loop
      vertex   -8.631673e-01 -1.062675e+01 3.556000e+00
      vertex   -8.353867e-01 -1.071806e+01 -2.540000e-01
      vertex   -8.829889e-01 -1.051721e+01 -2.540000e-01
    endloop
  endfacet
  facet normal 9.927074e-01 1.205365e-01 -1.698924e-03
    outer loop
      vertex   -8.631673e-01 -1.062675e+01 3.556000e+00
      vertex   -8.829889e-01 -1.051721e+01 -2.540000e-01
      vertex   -8.890000e-01 -1.041400e+01 3.556000e+00
    endloop
  endfacet
  facet normal 9.999988e-01 0.000000e+00 1.577715e-03
    outer loop
      vertex   -8.890000e-01 -1.041400e+01 3.556000e+00
      vertex   -8.829889e-01 -1.051721e+01 -2.540000e-01
      vertex   -8.829889e-01 -1.031079e+01 -2.540000e-01
    endloop
  endfacet
  facet normal 9.927074e-01 -1.205365e-01 -1.698924e-03
    outer loop
      vertex   -8.890000e-01 -1.041400e+01 3.556000e+00
      vertex   -8.829889e-01 -1.031079e+01 -2.540000e-01
      vertex   -8.631673e-01 -1.020125e+01 3.556000e+00
    endloop
  endfacet
  facet normal 9.730437e-01 -2.306156e-01 1.568369e-03
    outer loop
      vertex   -8.631673e-01 -1.020125e+01 3.556000e+00
      vertex   -8.829889e-01 -1.031079e+01 -2.540000e-01
      vertex   -8.353867e-01 -1.010994e+01 -2.540000e-01
    endloop
  endfacet
  facet normal 9.350149e-01 -3.546044e-01 -1.680232e-03
    outer loop
      vertex   -8.631673e-01 -1.020125e+01 3.556000e+00
      vertex   -8.353867e-01 -1.010994e+01 -2.540000e-01
      vertex   -7.871704e-01 -1.000086e+01 3.556000e+00
    endloop
  endfacet
  facet normal 8.936316e-01 -4.487986e-01 1.540331e-03
    outer loop
      vertex   -7.871704e-01 -1.000086e+01 3.556000e+00
      vertex   -8.353867e-01 -1.010994e+01 -2.540000e-01
      vertex   -7.427487e-01 -9.925487e+00 -2.540000e-01
    endloop
  endfacet
  facet normal 8.229828e-01 -5.680640e-01 -1.642850e-03
    outer loop
      vertex   -7.871704e-01 -1.000086e+01 3.556000e+00
      vertex   -7.427487e-01 -9.925487e+00 -2.540000e-01
      vertex   -6.654261e-01 -9.824484e+00 3.556000e+00
    endloop
  endfacet
  facet normal 7.660436e-01 -6.427869e-01 1.493605e-03
    outer loop
      vertex   -6.654261e-01 -9.824484e+00 3.556000e+00
      vertex   -7.427487e-01 -9.925487e+00 -2.540000e-01
      vertex   -6.100688e-01 -9.767365e+00 -2.540000e-01
    endloop
  endfacet
  facet normal 6.631218e-01 -7.485098e-01 -1.586780e-03
    outer loop
      vertex   -6.654261e-01 -9.824484e+00 3.556000e+00
      vertex   -6.100688e-01 -9.767365e+00 -2.540000e-01
      vertex   -5.050096e-01 -9.682367e+00 3.556000e+00
    endloop
  endfacet
  facet normal 5.971580e-01 -8.021224e-01 1.428193e-03
    outer loop
      vertex   -5.050096e-01 -9.682367e+00 3.556000e+00
      vertex   -6.100688e-01 -9.767365e+00 -2.540000e-01
      vertex   -4.445000e-01 -9.644103e+00 -2.540000e-01
    endloop
  endfacet
  facet normal 4.647226e-01 -8.854550e-01 -1.512027e-03
    outer loop
      vertex   -5.050096e-01 -9.682367e+00 3.556000e+00
      vertex   -4.445000e-01 -9.644103e+00 -2.540000e-01
      vertex   -3.152437e-01 -9.582771e+00 3.556000e+00
    endloop
  endfacet
  facet normal 3.960794e-01 -9.182153e-01 1.344101e-03
    outer loop
      vertex   -3.152437e-01 -9.582771e+00 3.556000e+00
      vertex   -4.445000e-01 -9.644103e+00 -2.540000e-01
      vertex   -2.549681e-01 -9.562347e+00 -2.540000e-01
    endloop
  endfacet
  facet normal 2.393154e-01 -9.709408e-01 -1.418598e-03
    outer loop
      vertex   -3.152437e-01 -9.582771e+00 3.556000e+00
      vertex   -2.549681e-01 -9.562347e+00 -2.540000e-01
      vertex   -1.071571e-01 -9.531482e+00 3.556000e+00
    endloop
  endfacet
  facet normal 1.736480e-01 -9.848070e-01 1.241335e-03
    outer loop
      vertex   -1.071571e-01 -9.531482e+00 3.556000e+00
      vertex   -2.549681e-01 -9.562347e+00 -2.540000e-01
      vertex   -5.169075e-02 -9.526504e+00 -2.540000e-01
    endloop
  endfacet
  facet normal 0.000000e+00 -9.999991e-01 -1.306499e-03
    outer loop
      vertex   -1.071571e-01 -9.531482e+00 3.556000e+00
      vertex   -5.169075e-02 -9.526504e+00 -2.540000e-01
      vertex   1.071571e-01 -9.531482e+00 3.556000e+00
    endloop
  endfacet
  facet normal -5.814479e-02 -9.983075e-01 1.119905e-03
    outer loop
      vertex   1.071571e-01 -9.531482e+00 3.556000e+00
      vertex   -5.169075e-02 -9.526504e+00 -2.540000e-01
      vertex   1.543732e-01 -9.538506e+00 -2.540000e-01
    endloop
  endfacet
  facet normal -2.393155e-01 -9.709411e-01 -1.175739e-03
    outer loop
      vertex   1.071571e-01 -9.531482e+00 3.556000e+00
      vertex   1.543732e-01 -9.538506e+00 -2.540000e-01
      vertex   3.152437e-01 -9.582771e+00 3.556000e+00
    endloop
  endfacet
  facet normal -2.868031e-01 -9.579891e-01 9.798186e-04
    outer loop
      vertex   3.152437e-01 -9.582771e+00 3.556000e+00
      vertex   1.543732e-01 -9.538506e+00 -2.540000e-01
      vertex   3.521149e-01 -9.597706e+00 -2.540000e-01
    endloop
  endfacet
  facet normal -4.647229e-01 -8.854556e-01 -1.026329e-03
    outer loop
      vertex   3.152437e-01 -9.582771e+00 3.556000e+00
      vertex   3.521149e-01 -9.597706e+00 -2.540000e-01
      vertex   5.050096e-01 -9.682367e+00 3.556000e+00
    endloop
  endfacet
  facet normal -4.999998e-01 -8.660251e-01 8.210881e-04
    outer loop
      vertex   5.050096e-01 -9.682367e+00 3.556000e+00
      vertex   3.521149e-01 -9.597706e+00 -2.540000e-01
      vertex   5.308740e-01 -9.700912e+00 -2.540000e-01
    endloop
  endfacet
  facet normal -6.631224e-01 -7.485105e-01 -8.582813e-04
    outer loop
      vertex   5.050096e-01 -9.682367e+00 3.556000e+00
      vertex   5.308740e-01 -9.700912e+00 -2.540000e-01
      vertex   6.654261e-01 -9.824484e+00 3.556000e+00
    endloop
  endfacet
  facet normal -6.862415e-01 -7.273735e-01 6.437261e-04
    outer loop
      vertex   6.654261e-01 -9.824484e+00 3.556000e+00
      vertex   5.308740e-01 -9.700912e+00 -2.540000e-01
      vertex   6.810135e-01 -9.842562e+00 -2.540000e-01
    endloop
  endfacet
  facet normal -8.229837e-01 -5.680646e-01 -6.716087e-04
    outer loop
      vertex   6.654261e-01 -9.824484e+00 3.556000e+00
      vertex   6.810135e-01 -9.842562e+00 -2.540000e-01
      vertex   7.871704e-01 -1.000086e+01 3.556000e+00
    endloop
  endfacet
  facet normal -8.354877e-01 -5.495089e-01 4.477467e-04
    outer loop
      vertex   7.871704e-01 -1.000086e+01 3.556000e+00
      vertex   6.810135e-01 -9.842562e+00 -2.540000e-01
      vertex   7.944394e-01 -1.001502e+01 -2.540000e-01
    endloop
  endfacet
  facet normal -9.350161e-01 -3.546048e-01 -4.663265e-04
    outer loop
      vertex   7.871704e-01 -1.000086e+01 3.556000e+00
      vertex   7.944394e-01 -1.001502e+01 -2.540000e-01
      vertex   8.631673e-01 -1.020125e+01 3.556000e+00
    endloop
  endfacet
  facet normal -9.396926e-01 -3.420201e-01 2.331656e-04
    outer loop
      vertex   8.631673e-01 -1.020125e+01 3.556000e+00
      vertex   7.944394e-01 -1.001502e+01 -2.540000e-01
      vertex   8.650369e-01 -1.020898e+01 -2.540000e-01
    endloop
  endfacet
  facet normal -9.927088e-01 -1.205367e-01 -2.424509e-04
    outer loop
      vertex   8.631673e-01 -1.020125e+01 3.556000e+00
      vertex   8.650369e-01 -1.020898e+01 -2.540000e-01
      vertex   8.890000e-01 -1.041400e+01 3.556000e+00
    endloop
  endfacet
  facet normal -9.932384e-01 1.160929e-01 1.158049e-16
    outer loop
      vertex   8.650369e-01 1.020898e+01 7.366000e+00
      vertex   8.890000e-01 1.041400e+01 7.366000e+00
      vertex   8.890000e-01 1.041400e+01 3.556000e+00
    endloop
  endfacet
  facet normal -9.932384e-01 -1.160929e-01 1.157707e-16
    outer loop
      vertex   8.890000e-01 1.041400e+01 3.556000e+00
      vertex   8.890000e-01 1.041400e+01 7.366000e+00
      vertex   8.650369e-01 1.061902e+01 7.366000e+00
    endloop
  endfacet
  facet normal -9.927088e-01 -1.205367e-01 2.424509e-04
    outer loop
      vertex   8.890000e-01 1.041400e+01 3.556000e+00
      vertex   8.650369e-01 1.061902e+01 7.366000e+00
      vertex   8.631673e-01 1.062675e+01 3.556000e+00
    endloop
  endfacet
  facet normal -9.396926e-01 -3.420201e-01 -2.331656e-04
    outer loop
      vertex   8.631673e-01 1.062675e+01 3.556000e+00
      vertex   8.650369e-01 1.061902e+01 7.366000e+00
      vertex   7.944394e-01 1.081298e+01 7.366000e+00
    endloop
  endfacet
  facet normal -9.350161e-01 -3.546048e-01 4.663265e-04
    outer loop
      vertex   8.631673e-01 1.062675e+01 3.556000e+00
      vertex   7.944394e-01 1.081298e+01 7.366000e+00
      vertex   7.871704e-01 1.082714e+01 3.556000e+00
    endloop
  endfacet
  facet normal -8.354877e-01 -5.495089e-01 -4.477467e-04
    outer loop
      vertex   7.871704e-01 1.082714e+01 3.556000e+00
      vertex   7.944394e-01 1.081298e+01 7.366000e+00
      vertex   6.810135e-01 1.098544e+01 7.366000e+00
    endloop
  endfacet
  facet normal -8.229837e-01 -5.680646e-01 6.716087e-04
    outer loop
      vertex   7.871704e-01 1.082714e+01 3.556000e+00
      vertex   6.810135e-01 1.098544e+01 7.366000e+00
      vertex   6.654261e-01 1.100352e+01 3.556000e+00
    endloop
  endfacet
  facet normal -6.862415e-01 -7.273735e-01 -6.437261e-04
    outer loop
      vertex   6.654261e-01 1.100352e+01 3.556000e+00
      vertex   6.810135e-01 1.098544e+01 7.366000e+00
      vertex   5.308740e-01 1.112709e+01 7.366000e+00
    endloop
  endfacet
  facet normal -6.631224e-01 -7.485105e-01 8.582813e-04
    outer loop
      vertex   6.654261e-01 1.100352e+01 3.556000e+00
      vertex   5.308740e-01 1.112709e+01 7.366000e+00
      vertex   5.050096e-01 1.114563e+01 3.556000e+00
    endloop
  endfacet
  facet normal -4.999998e-01 -8.660251e-01 -8.210881e-04
    outer loop
      vertex   5.050096e-01 1.114563e+01 3.556000e+00
      vertex   5.308740e-01 1.112709e+01 7.366000e+00
      vertex   3.521149e-01 1.123029e+01 7.366000e+00
    endloop
  endfacet
  facet normal -4.647229e-01 -8.854556e-01 1.026329e-03
    outer loop
      vertex   5.050096e-01 1.114563e+01 3.556000e+00
      vertex   3.521149e-01 1.123029e+01 7.366000e+00
      vertex   3.152437e-01 1.124523e+01 3.556000e+00
    endloop
  endfacet
  facet normal -2.868031e-01 -9.579891e-01 -9.798186e-04
    outer loop
      vertex   3.152437e-01 1.124523e+01 3.556000e+00
      vertex   3.521149e-01 1.123029e+01 7.366000e+00
      vertex   1.543732e-01 1.128949e+01 7.366000e+00
    endloop
  endfacet
  facet normal -2.393155e-01 -9.709411e-01 1.175739e-03
    outer loop
      vertex   3.152437e-01 1.124523e+01 3.556000e+00
      vertex   1.543732e-01 1.128949e+01 7.366000e+00
      vertex   1.071571e-01 1.129652e+01 3.556000e+00
    endloop
  endfacet
  facet normal -5.814479e-02 -9.983075e-01 -1.119905e-03
    outer loop
      vertex   1.071571e-01 1.129652e+01 3.556000e+00
      vertex   1.543732e-01 1.128949e+01 7.366000e+00
      vertex   -5.169075e-02 1.130150e+01 7.366000e+00
    endloop
  endfacet
  facet normal 0.000000e+00 -9.999991e-01 1.306499e-03
    outer loop
      vertex   1.071571e-01 1.129652e+01 3.556000e+00
      vertex   -5.169075e-02 1.130150e+01 7.366000e+00
      vertex   -1.071571e-01 1.129652e+01 3.556000e+00
    endloop
  endfacet
  facet normal 1.736480e-01 -9.848070e-01 -1.241335e-03
    outer loop
      vertex   -1.071571e-01 1.129652e+01 3.556000e+00
      vertex   -5.169075e-02 1.130150e+01 7.366000e+00
      vertex   -2.549681e-01 1.126565e+01 7.366000e+00
    endloop
  endfacet
  facet normal 2.393154e-01 -9.709408e-01 1.418598e-03
    outer loop
      vertex   -1.071571e-01 1.129652e+01 3.556000e+00
      vertex   -2.549681e-01 1.126565e+01 7.366000e+00
      vertex   -3.152437e-01 1.124523e+01 3.556000e+00
    endloop
  endfacet
  facet normal 3.960794e-01 -9.182153e-01 -1.344101e-03
    outer loop
      vertex   -3.152437e-01 1.124523e+01 3.556000e+00
      vertex   -2.549681e-01 1.126565e+01 7.366000e+00
      vertex   -4.445000e-01 1.118390e+01 7.366000e+00
    endloop
  endfacet
  facet normal 4.647226e-01 -8.854550e-01 1.512027e-03
    outer loop
      vertex   -3.152437e-01 1.124523e+01 3.556000e+00
      vertex   -4.445000e-01 1.118390e+01 7.366000e+00
      vertex   -5.050096e-01 1.114563e+01 3.556000e+00
    endloop
  endfacet
  facet normal 5.971580e-01 -8.021224e-01 -1.428193e-03
    outer loop
      vertex   -5.050096e-01 1.114563e+01 3.556000e+00
      vertex   -4.445000e-01 1.118390e+01 7.366000e+00
      vertex   -6.100688e-01 1.106064e+01 7.366000e+00
    endloop
  endfacet
  facet normal 6.631218e-01 -7.485098e-01 1.586780e-03
    outer loop
      vertex   -5.050096e-01 1.114563e+01 3.556000e+00
      vertex   -6.100688e-01 1.106064e+01 7.366000e+00
      vertex   -6.654261e-01 1.100352e+01 3.556000e+00
    endloop
  endfacet
  facet normal 7.660436e-01 -6.427869e-01 -1.493605e-03
    outer loop
      vertex   -6.654261e-01 1.100352e+01 3.556000e+00
      vertex   -6.100688e-01 1.106064e+01 7.366000e+00
      vertex   -7.427487e-01 1.090251e+01 7.366000e+00
    endloop
  endfacet
  facet normal 8.229828e-01 -5.680640e-01 1.642850e-03
    outer loop
      vertex   -6.654261e-01 1.100352e+01 3.556000e+00
      vertex   -7.427487e-01 1.090251e+01 7.366000e+00
      vertex   -7.871704e-01 1.082714e+01 3.556000e+00
    endloop
  endfacet
  facet normal 8.936316e-01 -4.487986e-01 -1.540331e-03
    outer loop
      vertex   -7.871704e-01 1.082714e+01 3.556000e+00
      vertex   -7.427487e-01 1.090251e+01 7.366000e+00
      vertex   -8.353867e-01 1.071806e+01 7.366000e+00
    endloop
  endfacet
  facet normal 9.350149e-01 -3.546044e-01 1.680232e-03
    outer loop
      vertex   -7.871704e-01 1.082714e+01 3.556000e+00
      vertex   -8.353867e-01 1.071806e+01 7.366000e+00
      vertex   -8.631673e-01 1.062675e+01 3.556000e+00
    endloop
  endfacet
  facet normal 9.730437e-01 -2.306156e-01 -1.568369e-03
    outer loop
      vertex   -8.631673e-01 1.062675e+01 3.556000e+00
      vertex   -8.353867e-01 1.071806e+01 7.366000e+00
      vertex   -8.829889e-01 1.051721e+01 7.366000e+00
    endloop
  endfacet
  facet normal 9.927074e-01 -1.205365e-01 1.698924e-03
    outer loop
      vertex   -8.631673e-01 1.062675e+01 3.556000e+00
      vertex   -8.829889e-01 1.051721e+01 7.366000e+00
      vertex   -8.890000e-01 1.041400e+01 3.556000e+00
    endloop
  endfacet
  facet normal 9.999988e-01 0.000000e+00 -1.577715e-03
    outer loop
      vertex   -8.890000e-01 1.041400e+01 3.556000e+00
      vertex   -8.829889e-01 1.051721e+01 7.366000e+00
      vertex   -8.829889e-01 1.031079e+01 7.366000e+00
    endloop
  endfacet
  facet normal 9.927074e-01 1.205365e-01 1.698924e-03
    outer loop
      vertex   -8.890000e-01 1.041400e+01 3.556000e+00
      vertex   -8.829889e-01 1.031079e+01 7.366000e+00
      vertex   -8.631673e-01 1.020125e+01 3.556000e+00
    endloop
  endfacet
  facet normal 9.730437e-01 2.306156e-01 -1.568369e-03
    outer loop
      vertex   -8.631673e-01 1.020125e+01 3.556000e+00
      vertex   -8.829889e-01 1.031079e+01 7.366000e+00
      vertex   -8.353867e-01 1.010994e+01 7.366000e+00
    endloop
  endfacet
  facet normal 9.350149e-01 3.546044e-01 1.680232e-03
    outer loop
      vertex   -8.631673e-01 1.020125e+01 3.556000e+00
      vertex   -8.353867e-01 1.010994e+01 7.366000e+00
      vertex   -7.871704e-01 1.000086e+01 3.556000e+00
    endloop
  endfacet
  facet normal 8.936316e-01 4.487986e-01 -1.540331e-03
    outer loop
      vertex   -7.871704e-01 1.000086e+01 3.556000e+00
      vertex   -8.353867e-01 1.010994e+01 7.366000e+00
      vertex   -7.427487e-01 9.925487e+00 7.366000e+00
    endloop
  endfacet
  facet normal 8.229828e-01 5.680640e-01 1.642850e-03
    outer loop
      vertex   -7.871704e-01 1.000086e+01 3.556000e+00
      vertex   -7.427487e-01 9.925487e+00 7.366000e+00
      vertex   -6.654261e-01 9.824484e+00 3.556000e+00
    endloop
  endfacet
  facet normal 7.660436e-01 6.427869e-01 -1.493605e-03
    outer loop
      vertex   -6.654261e-01 9.824484e+00 3.556000e+00
      vertex   -7.427487e-01 9.925487e+00 7.366000e+00
      vertex   -6.100688e-01 9.767365e+00 7.366000e+00
    endloop
  endfacet
  facet normal 6.631218e-01 7.485098e-01 1.586780e-03
    outer loop
      vertex   -6.654261e-01 9.824484e+00 3.556000e+00
      vertex   -6.100688e-01 9.767365e+00 7.366000e+00
      vertex   -5.050096e-01 9.682367e+00 3.556000e+00
    endloop
  endfacet
  facet normal 5.971580e-01 8.021224e-01 -1.428193e-03
    outer loop
      vertex   -5.050096e-01 9.682367e+00 3.556000e+00
      vertex   -6.100688e-01 9.767365e+00 7.366000e+00
      vertex   -4.445000e-01 9.644103e+00 7.366000e+00
    endloop
  endfacet
  facet normal 4.647226e-01 8.854550e-01 1.512027e-03
    outer loop
      vertex   -5.050096e-01 9.682367e+00 3.556000e+00
      vertex   -4.445000e-01 9.644103e+00 7.366000e+00
      vertex   -3.152437e-01 9.582771e+00 3.556000e+00
    endloop
  endfacet
  facet normal 3.960794e-01 9.182153e-01 -1.344101e-03
    outer loop
      vertex   -3.152437e-01 9.582771e+00 3.556000e+00
      vertex   -4.445000e-01 9.644103e+00 7.366000e+00
      vertex   -2.549681e-01 9.562347e+00 7.366000e+00
    endloop
  endfacet
  facet normal 2.393154e-01 9.709408e-01 1.418598e-03
    outer loop
      vertex   -3.152437e-01 9.582771e+00 3.556000e+00
      vertex   -2.549681e-01 9.562347e+00 7.366000e+00
      vertex   -1.071571e-01 9.531482e+00 3.556000e+00
    endloop
  endfacet
  facet normal 1.736480e-01 9.848070e-01 -1.241335e-03
    outer loop
      vertex   -1.071571e-01 9.531482e+00 3.556000e+00
      vertex   -2.549681e-01 9.562347e+00 7.366000e+00
      vertex   -5.169075e-02 9.526504e+00 7.366000e+00
    endloop
  endfacet
  facet normal -0.000000e+00 9.999991e-01 1.306499e-03
    outer loop
      vertex   -1.071571e-01 9.531482e+00 3.556000e+00
      vertex   -5.169075e-02 9.526504e+00 7.366000e+00
      vertex   1.071571e-01 9.531482e+00 3.556000e+00
    endloop
  endfacet
  facet normal -5.814479e-02 9.983075e-01 -1.119905e-03
    outer loop
      vertex   1.071571e-01 9.531482e+00 3.556000e+00
      vertex   -5.169075e-02 9.526504e+00 7.366000e+00
      vertex   1.543732e-01 9.538506e+00 7.366000e+00
    endloop
  endfacet
  facet normal -2.393155e-01 9.709411e-01 1.175739e-03
    outer loop
      vertex   1.071571e-01 9.531482e+00 3.556000e+00
      vertex   1.543732e-01 9.538506e+00 7.366000e+00
      vertex   3.152437e-01 9.582771e+00 3.556000e+00
    endloop
  endfacet
  facet normal -2.868031e-01 9.579891e-01 -9.798186e-04
    outer loop
      vertex   3.152437e-01 9.582771e+00 3.556000e+00
      vertex   1.543732e-01 9.538506e+00 7.366000e+00
      vertex   3.521149e-01 9.597706e+00 7.366000e+00
    endloop
  endfacet
  facet normal -4.647229e-01 8.854556e-01 1.026329e-03
    outer loop
      vertex   3.152437e-01 9.582771e+00 3.556000e+00
      vertex   3.521149e-01 9.597706e+00 7.366000e+00
      vertex   5.050096e-01 9.682367e+00 3.556000e+00
    endloop
  endfacet
  facet normal -4.999998e-01 8.660251e-01 -8.210881e-04
    outer loop
      vertex   5.050096e-01 9.682367e+00 3.556000e+00
      vertex   3.521149e-01 9.597706e+00 7.366000e+00
      vertex   5.308740e-01 9.700912e+00 7.366000e+00
    endloop
  endfacet
  facet normal -6.631224e-01 7.485105e-01 8.582813e-04
    outer loop
      vertex   5.050096e-01 9.682367e+00 3.556000e+00
      vertex   5.308740e-01 9.700912e+00 7.366000e+00
      vertex   6.654261e-01 9.824484e+00 3.556000e+00
    endloop
  endfacet
  facet normal -6.862415e-01 7.273735e-01 -6.437261e-04
    outer loop
      vertex   6.654261e-01 9.824484e+00 3.556000e+00
      vertex   5.308740e-01 9.700912e+00 7.366000e+00
      vertex   6.810135e-01 9.842562e+00 7.366000e+00
    endloop
  endfacet
  facet normal -8.229837e-01 5.680646e-01 6.716087e-04
    outer loop
      vertex   6.654261e-01 9.824484e+00 3.556000e+00
      vertex   6.810135e-01 9.842562e+00 7.366000e+00
      vertex   7.871704e-01 1.000086e+01 3.556000e+00
    endloop
  endfacet
  facet normal -8.354877e-01 5.495089e-01 -4.477467e-04
    outer loop
      vertex   7.871704e-01 1.000086e+01 3.556000e+00
      vertex   6.810135e-01 9.842562e+00 7.366000e+00
      vertex   7.944394e-01 1.001502e+01 7.366000e+00
    endloop
  endfacet
  facet normal -9.350161e-01 3.546048e-01 4.663265e-04
    outer loop
      vertex   7.871704e-01 1.000086e+01 3.556000e+00
      vertex   7.944394e-01 1.001502e+01 7.366000e+00
      vertex   8.631673e-01 1.020125e+01 3.556000e+00
    endloop
  endfacet
  facet normal -9.396926e-01 3.420201e-01 -2.331656e-04
    outer loop
      vertex   8.631673e-01 1.020125e+01 3.556000e+00
      vertex   7.944394e-01 1.001502e+01 7.366000e+00
      vertex   8.650369e-01 1.020898e+01 7.366000e+00
    endloop
  endfacet
  facet normal -9.927088e-01 1.205367e-01 2.424509e-04
    outer loop
      vertex   8.631673e-01 1.020125e+01 3.556000e+00
      vertex   8.650369e-01 1.020898e+01 7.366000e+00
      vertex   8.890000e-01 1.041400e+01 3.556000e+00
    endloop
  endfacet
  facet normal -9.932384e-01 -1.160929e-01 0.000000e+00
    outer loop
      vertex   8.650369e-01 1.061902e+01 -2.540000e-01
      vertex   8.890000e-01 1.041400e+01 -2.540000e-01
      vertex   8.890000e-01 1.041400e+01 3.556000e+00
    endloop
  endfacet
  facet normal -9.932384e-01 1.160929e-01 0.000000e+00
    outer loop
      vertex   8.890000e-01 1.041400e+01 3.556000e+00
      vertex   8.890000e-01 1.041400e+01 -2.540000e-01
      vertex   8.650369e-01 1.020898e+01 -2.540000e-01
    endloop
  endfacet
  facet normal -9.927088e-01 1.205367e-01 -2.424509e-04
    outer loop
      vertex   8.890000e-01 1.041400e+01 3.556000e+00
      vertex   8.650369e-01 1.020898e+01 -2.540000e-01
      vertex   8.631673e-01 1.020125e+01 3.556000e+00
    endloop
  endfacet
  facet normal -9.396926e-01 3.420201e-01 2.331656e-04
    outer loop
      vertex   8.631673e-01 1.020125e+01 3.556000e+00
      vertex   8.650369e-01 1.020898e+01 -2.540000e-01
      vertex   7.944394e-01 1.001502e+01 -2.540000e-01
    endloop
  endfacet
  facet normal -9.350161e-01 3.546048e-01 -4.663265e-04
    outer loop
      vertex   8.631673e-01 1.020125e+01 3.556000e+00
      vertex   7.944394e-01 1.001502e+01 -2.540000e-01
      vertex   7.871704e-01 1.000086e+01 3.556000e+00
    endloop
  endfacet
  facet normal -8.354877e-01 5.495089e-01 4.477467e-04
    outer loop
      vertex   7.871704e-01 1.000086e+01 3.556000e+00
      vertex   7.944394e-01 1.001502e+01 -2.540000e-01
      vertex   6.810135e-01 9.842562e+00 -2.540000e-01
    endloop
  endfacet
  facet normal -8.229837e-01 5.680646e-01 -6.716087e-04
    outer loop
      vertex   7.871704e-01 1.000086e+01 3.556000e+00
      vertex   6.810135e-01 9.842562e+00 -2.540000e-01
      vertex   6.654261e-01 9.824484e+00 3.556000e+00
    endloop
  endfacet
  facet normal -6.862415e-01 7.273735e-01 6.437261e-04
    outer loop
      vertex   6.654261e-01 9.824484e+00 3.556000e+00
      vertex   6.810135e-01 9.842562e+00 -2.540000e-01
      vertex   5.308740e-01 9.700912e+00 -2.540000e-01
    endloop
  endfacet
  facet normal -6.631224e-01 7.485105e-01 -8.582813e-04
    outer loop
      vertex   6.654261e-01 9.824484e+00 3.556000e+00
      vertex   5.308740e-01 9.700912e+00 -2.540000e-01
      vertex   5.050096e-01 9.682367e+00 3.556000e+00
    endloop
  endfacet
  facet normal -4.999998e-01 8.660251e-01 8.210881e-04
    outer loop
      vertex   5.050096e-01 9.682367e+00 3.556000e+00
      vertex   5.308740e-01 9.700912e+00 -2.540000e-01
      vertex   3.521149e-01 9.597706e+00 -2.540000e-01
    endloop
  endfacet
  facet normal -4.647229e-01 8.854556e-01 -1.026329e-03
    outer loop
      vertex   5.050096e-01 9.682367e+00 3.556000e+00
      vertex   3.521149e-01 9.597706e+00 -2.540000e-01
      vertex   3.152437e-01 9.582771e+00 3.556000e+00
    endloop
  endfacet
  facet normal -2.868031e-01 9.579891e-01 9.798186e-04
    outer loop
      vertex   3.152437e-01 9.582771e+00 3.556000e+00
      vertex   3.521149e-01 9.597706e+00 -2.540000e-01
      vertex   1.543732e-01 9.538506e+00 -2.540000e-01
    endloop
  endfacet
  facet normal -2.393155e-01 9.709411e-01 -1.175739e-03
    outer loop
      vertex   3.152437e-01 9.582771e+00 3.556000e+00
      vertex   1.543732e-01 9.538506e+00 -2.540000e-01
      vertex   1.071571e-01 9.531482e+00 3.556000e+00
    endloop
  endfacet
  facet normal -5.814479e-02 9.983075e-01 1.119905e-03
    outer loop
      vertex   1.071571e-01 9.531482e+00 3.556000e+00
      vertex   1.543732e-01 9.538506e+00 -2.540000e-01
      vertex   -5.169075e-02 9.526504e+00 -2.540000e-01
    endloop
  endfacet
  facet normal 0.000000e+00 9.999991e-01 -1.306499e-03
    outer loop
      vertex   1.071571e-01 9.531482e+00 3.556000e+00
      vertex   -5.169075e-02 9.526504e+00 -2.540000e-01
      vertex   -1.071571e-01 9.531482e+00 3.556000e+00
    endloop
  endfacet
  facet normal 1.736480e-01 9.848070e-01 1.241335e-03
    outer loop
      vertex   -1.071571e-01 9.531482e+00 3.556000e+00
      vertex   -5.169075e-02 9.526504e+00 -2.540000e-01
      vertex   -2.549681e-01 9.562347e+00 -2.540000e-01
    endloop
  endfacet
  facet normal 2.393154e-01 9.709408e-01 -1.418598e-03
    outer loop
      vertex   -1.071571e-01 9.531482e+00 3.556000e+00
      vertex   -2.549681e-01 9.562347e+00 -2.540000e-01
      vertex   -3.152437e-01 9.582771e+00 3.556000e+00
    endloop
  endfacet
  facet normal 3.960794e-01 9.182153e-01 1.344101e-03
    outer loop
      vertex   -3.152437e-01 9.582771e+00 3.556000e+00
      vertex   -2.549681e-01 9.562347e+00 -2.540000e-01
      vertex   -4.445000e-01 9.644103e+00 -2.540000e-01
    endloop
  endfacet
  facet normal 4.647226e-01 8.854550e-01 -1.512027e-03
    outer loop
      vertex   -3.152437e-01 9.582771e+00 3.556000e+00
      vertex   -4.445000e-01 9.644103e+00 -2.540000e-01
      vertex   -5.050096e-01 9.682367e+00 3.556000e+00
    endloop
  endfacet
  facet normal 5.971580e-01 8.021224e-01 1.428193e-03
    outer loop
      vertex   -5.050096e-01 9.682367e+00 3.556000e+00
      vertex   -4.445000e-01 9.644103e+00 -2.540000e-01
      vertex   -6.100688e-01 9.767365e+00 -2.540000e-01
    endloop
  endfacet
  facet normal 6.631218e-01 7.485098e-01 -1.586780e-03
    outer loop
      vertex   -5.050096e-01 9.682367e+00 3.556000e+00
      vertex   -6.100688e-01 9.767365e+00 -2.540000e-01
      vertex   -6.654261e-01 9.824484e+00 3.556000e+00
    endloop
  endfacet
  facet normal 7.660436e-01 6.427869e-01 1.493605e-03
    outer loop
      vertex   -6.654261e-01 9.824484e+00 3.556000e+00
      vertex   -6.100688e-01 9.767365e+00 -2.540000e-01
      vertex   -7.427487e-01 9.925487e+00 -2.540000e-01
    endloop
  endfacet
  facet normal 8.229828e-01 5.680640e-01 -1.642850e-03
    outer loop
      vertex   -6.654261e-01 9.824484e+00 3.556000e+00
      vertex   -7.427487e-01 9.925487e+00 -2.540000e-01
      vertex   -7.871704e-01 1.000086e+01 3.556000e+00
    endloop
  endfacet
  facet normal 8.936316e-01 4.487986e-01 1.540331e-03
    outer loop
      vertex   -7.871704e-01 1.000086e+01 3.556000e+00
      vertex   -7.427487e-01 9.925487e+00 -2.540000e-01
      vertex   -8.353867e-01 1.010994e+01 -2.540000e-01
    endloop
  endfacet
  facet normal 9.350149e-01 3.546044e-01 -1.680232e-03
    outer loop
      vertex   -7.871704e-01 1.000086e+01 3.556000e+00
      vertex   -8.353867e-01 1.010994e+01 -2.540000e-01
      vertex   -8.631673e-01 1.020125e+01 3.556000e+00
    endloop
  endfacet
  facet normal 9.730437e-01 2.306156e-01 1.568369e-03
    outer loop
      vertex   -8.631673e-01 1.020125e+01 3.556000e+00
      vertex   -8.353867e-01 1.010994e+01 -2.540000e-01
      vertex   -8.829889e-01 1.031079e+01 -2.540000e-01
    endloop
  endfacet
  facet normal 9.927074e-01 1.205365e-01 -1.698924e-03
    outer loop
      vertex   -8.631673e-01 1.020125e+01 3.556000e+00
      vertex   -8.829889e-01 1.031079e+01 -2.540000e-01
      vertex   -8.890000e-01 1.041400e+01 3.556000e+00
    endloop
  endfacet
  facet normal 9.999988e-01 0.000000e+00 1.577715e-03
    outer loop
      vertex   -8.890000e-01 1.041400e+01 3.556000e+00
      vertex   -8.829889e-01 1.031079e+01 -2.540000e-01
      vertex   -8.829889e-01 1.051721e+01 -2.540000e-01
    endloop
  endfacet
  facet normal 9.927074e-01 -1.205365e-01 -1.698924e-03
    outer loop
      vertex   -8.890000e-01 1.041400e+01 3.556000e+00
      vertex   -8.829889e-01 1.051721e+01 -2.540000e-01
      vertex   -8.631673e-01 1.062675e+01 3.556000e+00
    endloop
  endfacet
  facet normal 9.730437e-01 -2.306156e-01 1.568369e-03
    outer loop
      vertex   -8.631673e-01 1.062675e+01 3.556000e+00
      vertex   -8.829889e-01 1.051721e+01 -2.540000e-01
      vertex   -8.353867e-01 1.071806e+01 -2.540000e-01
    endloop
  endfacet
  facet normal 9.350149e-01 -3.546044e-01 -1.680232e-03
    outer loop
      vertex   -8.631673e-01 1.062675e+01 3.556000e+00
      vertex   -8.353867e-01 1.071806e+01 -2.540000e-01
      vertex   -7.871704e-01 1.082714e+01 3.556000e+00
    endloop
  endfacet
  facet normal 8.936316e-01 -4.487986e-01 1.540331e-03
    outer loop
      vertex   -7.871704e-01 1.082714e+01 3.556000e+00
      vertex   -8.353867e-01 1.071806e+01 -2.540000e-01
      vertex   -7.427487e-01 1.090251e+01 -2.540000e-01
    endloop
  endfacet
  facet normal 8.229828e-01 -5.680640e-01 -1.642850e-03
    outer loop
      vertex   -7.871704e-01 1.082714e+01 3.556000e+00
      vertex   -7.427487e-01 1.090251e+01 -2.540000e-01
      vertex   -6.654261e-01 1.100352e+01 3.556000e+00
    endloop
  endfacet
  facet normal 7.660436e-01 -6.427869e-01 1.493605e-03
    outer loop
      vertex   -6.654261e-01 1.100352e+01 3.556000e+00
      vertex   -7.427487e-01 1.090251e+01 -2.540000e-01
      vertex   -6.100688e-01 1.106064e+01 -2.540000e-01
    endloop
  endfacet
  facet normal 6.631218e-01 -7.485098e-01 -1.586780e-03
    outer loop
      vertex   -6.654261e-01 1.100352e+01 3.556000e+00
      vertex   -6.100688e-01 1.106064e+01 -2.540000e-01
      vertex   -5.050096e-01 1.114563e+01 3.556000e+00
    endloop
  endfacet
  facet normal 5.971580e-01 -8.021224e-01 1.428193e-03
    outer loop
      vertex   -5.050096e-01 1.114563e+01 3.556000e+00
      vertex   -6.100688e-01 1.106064e+01 -2.540000e-01
      vertex   -4.445000e-01 1.118390e+01 -2.540000e-01
    endloop
  endfacet
  facet normal 4.647226e-01 -8.854550e-01 -1.512027e-03
    outer loop
      vertex   -5.050096e-01 1.114563e+01 3.556000e+00
      vertex   -4.445000e-01 1.118390e+01 -2.540000e-01
      vertex   -3.152437e-01 1.124523e+01 3.556000e+00
    endloop
  endfacet
  facet normal 3.960794e-01 -9.182153e-01 1.344101e-03
    outer loop
      vertex   -3.152437e-01 1.124523e+01 3.556000e+00
      vertex   -4.445000e-01 1.118390e+01 -2.540000e-01
      vertex   -2.549681e-01 1.126565e+01 -2.540000e-01
    endloop
  endfacet
  facet normal 2.393154e-01 -9.709408e-01 -1.418598e-03
    outer loop
      vertex   -3.152437e-01 1.124523e+01 3.556000e+00
      vertex   -2.549681e-01 1.126565e+01 -2.540000e-01
      vertex   -1.071571e-01 1.129652e+01 3.556000e+00
    endloop
  endfacet
  facet normal 1.736480e-01 -9.848070e-01 1.241335e-03
    outer loop
      vertex   -1.071571e-01 1.129652e+01 3.556000e+00
      vertex   -2.549681e-01 1.126565e+01 -2.540000e-01
      vertex   -5.169075e-02 1.130150e+01 -2.540000e-01
    endloop
  endfacet
  facet normal 0.000000e+00 -9.999991e-01 -1.306499e-03
    outer loop
      vertex   -1.071571e-01 1.129652e+01 3.556000e+00
      vertex   -5.169075e-02 1.130150e+01 -2.540000e-01
      vertex   1.071571e-01 1.129652e+01 3.556000e+00
    endloop
  endfacet
  facet normal -5.814479e-02 -9.983075e-01 1.119905e-03
    outer loop
      vertex   1.071571e-01 1.129652e+01 3.556000e+00
      vertex   -5.169075e-02 1.130150e+01 -2.540000e-01
      vertex   1.543732e-01 1.128949e+01 -2.540000e-01
    endloop
  endfacet
  facet normal -2.393155e-01 -9.709411e-01 -1.175739e-03
    outer loop
      vertex   1.071571e-01 1.129652e+01 3.556000e+00
      vertex   1.543732e-01 1.128949e+01 -2.540000e-01
      vertex   3.152437e-01 1.124523e+01 3.556000e+00
    endloop
  endfacet
  facet normal -2.868031e-01 -9.579891e-01 9.798186e-04
    outer loop
      vertex   3.152437e-01 1.124523e+01 3.556000e+00
      vertex   1.543732e-01 1.128949e+01 -2.540000e-01
      vertex   3.521149e-01 1.123029e+01 -2.540000e-01
    endloop
  endfacet
  facet normal -4.647229e-01 -8.854556e-01 -1.026329e-03
    outer loop
      vertex   3.152437e-01 1.124523e+01 3.556000e+00
      vertex   3.521149e-01 1.123029e+01 -2.540000e-01
      vertex   5.050096e-01 1.114563e+01 3.556000e+00
    endloop
  endfacet
  facet normal -4.999998e-01 -8.660251e-01 8.210881e-04
    outer loop
      vertex   5.050096e-01 1.114563e+01 3.556000e+00
      vertex   3.521149e-01 1.123029e+01 -2.540000e-01
      vertex   5.308740e-01 1.112709e+01 -2.540000e-01
    endloop
  endfacet
  facet normal -6.631224e-01 -7.485105e-01 -8.582813e-04
    outer loop
      vertex   5.050096e-01 1.114563e+01 3.556000e+00
      vertex   5.308740e-01 1.112709e+01 -2.540000e-01
      vertex   6.654261e-01 1.100352e+01 3.556000e+00
    endloop
  endfacet
  facet normal -6.862415e-01 -7.273735e-01 6.437261e-04
    outer loop
      vertex   6.654261e-01 1.100352e+01 3.556000e+00
      vertex   5.308740e-01 1.112709e+01 -2.540000e-01
      vertex   6.810135e-01 1.098544e+01 -2.540000e-01
    endloop
  endfacet
  facet normal -8.229837e-01 -5.680646e-01 -6.716087e-04
    outer loop
      vertex   6.654261e-01 1.100352e+01 3.556000e+00
      vertex   6.810135e-01 1.098544e+01 -2.540000e-01
      vertex   7.871704e-01 1.082714e+01 3.556000e+00
    endloop
  endfacet
  facet normal -8.354877e-01 -5.495089e-01 4.477467e-04
    outer loop
      vertex   7.871704e-01 1.082714e+01 3.556000e+00
      vertex   6.810135e-01 1.098544e+01 -2.540000e-01
      vertex   7.944394e-01 1.081298e+01 -2.540000e-01
    endloop
  endfacet
  facet normal -9.350161e-01 -3.546048e-01 -4.663265e-04
    outer loop
      vertex   7.871704e-01 1.082714e+01 3.556000e+00
      vertex   7.944394e-01 1.081298e+01 -2.540000e-01
      vertex   8.631673e-01 1.062675e+01 3.556000e+00
    endloop
  endfacet
  facet normal -9.396926e-01 -3.420201e-01 2.331656e-04
    outer loop
      vertex   8.631673e-01 1.062675e+01 3.556000e+00
      vertex   7.944394e-01 1.081298e+01 -2.540000e-01
      vertex   8.650369e-01 1.061902e+01 -2.540000e-01
    endloop
  endfacet
  facet normal -9.927088e-01 -1.205367e-01 -2.424509e-04
    outer loop
      vertex   8.631673e-01 1.062675e+01 3.556000e+00
      vertex   8.650369e-01 1.061902e+01 -2.540000e-01
      vertex   8.890000e-01 1.041400e+01 3.556000e+00
    endloop
  endfacet
  facet normal -9.932384e-01 1.160929e-01 -1.158049e-16
    outer loop
      vertex   8.650369e-01 7.287982e+00 7.366000e+00
      vertex   8.890000e-01 7.493000e+00 7.366000e+00
      vertex   8.890000e-01 7.493000e+00 3.556000e+00
    endloop
  endfacet
  facet normal -9.932384e-01 -1.160929e-01 -1.157707e-16
    outer loop
      vertex   8.890000e-01 7.493000e+00 3.556000e+00
      vertex   8.890000e-01 7.493000e+00 7.366000e+00
      vertex   8.650369e-01 7.698018e+00 7.366000e+00
    endloop
  endfacet
  facet normal -9.927088e-01 -1.205367e-01 2.424509e-04
    outer loop
      vertex   8.890000e-01 7.493000e+00 3.556000e+00
      vertex   8.650369e-01 7.698018e+00 7.366000e+00
      vertex   8.631673e-01 7.705752e+00 3.556000e+00
    endloop
  endfacet
  facet normal -9.396926e-01 -3.420201e-01 -2.331656e-04
    outer loop
      vertex   8.631673e-01 7.705752e+00 3.556000e+00
      vertex   8.650369e-01 7.698018e+00 7.366000e+00
      vertex   7.944394e-01 7.891982e+00 7.366000e+00
    endloop
  endfacet
  facet normal -9.350161e-01 -3.546048e-01 4.663265e-04
    outer loop
      vertex   8.631673e-01 7.705752e+00 3.556000e+00
      vertex   7.944394e-01 7.891982e+00 7.366000e+00
      vertex   7.871704e-01 7.906139e+00 3.556000e+00
    endloop
  endfacet
  facet normal -8.354877e-01 -5.495089e-01 -4.477467e-04
    outer loop
      vertex   7.871704e-01 7.906139e+00 3.556000e+00
      vertex   7.944394e-01 7.891982e+00 7.366000e+00
      vertex   6.810135e-01 8.064438e+00 7.366000e+00
    endloop
  endfacet
  facet normal -8.229837e-01 -5.680646e-01 6.716087e-04
    outer loop
      vertex   7.871704e-01 7.906139e+00 3.556000e+00
      vertex   6.810135e-01 8.064438e+00 7.366000e+00
      vertex   6.654261e-01 8.082516e+00 3.556000e+00
    endloop
  endfacet
  facet normal -6.862415e-01 -7.273735e-01 -6.437261e-04
    outer loop
      vertex   6.654261e-01 8.082516e+00 3.556000e+00
      vertex   6.810135e-01 8.064438e+00 7.366000e+00
      vertex   5.308740e-01 8.206088e+00 7.366000e+00
    endloop
  endfacet
  facet normal -6.631224e-01 -7.485105e-01 8.582813e-04
    outer loop
      vertex   6.654261e-01 8.082516e+00 3.556000e+00
      vertex   5.308740e-01 8.206088e+00 7.366000e+00
      vertex   5.050096e-01 8.224633e+00 3.556000e+00
    endloop
  endfacet
  facet normal -4.999998e-01 -8.660251e-01 -8.210881e-04
    outer loop
      vertex   5.050096e-01 8.224633e+00 3.556000e+00
      vertex   5.308740e-01 8.206088e+00 7.366000e+00
      vertex   3.521149e-01 8.309294e+00 7.366000e+00
    endloop
  endfacet
  facet normal -4.647229e-01 -8.854556e-01 1.026329e-03
    outer loop
      vertex   5.050096e-01 8.224633e+00 3.556000e+00
      vertex   3.521149e-01 8.309294e+00 7.366000e+00
      vertex   3.152437e-01 8.324229e+00 3.556000e+00
    endloop
  endfacet
  facet normal -2.868031e-01 -9.579891e-01 -9.798186e-04
    outer loop
      vertex   3.152437e-01 8.324229e+00 3.556000e+00
      vertex   3.521149e-01 8.309294e+00 7.366000e+00
      vertex   1.543732e-01 8.368494e+00 7.366000e+00
    endloop
  endfacet
  facet normal -2.393155e-01 -9.709411e-01 1.175739e-03
    outer loop
      vertex   3.152437e-01 8.324229e+00 3.556000e+00
      vertex   1.543732e-01 8.368494e+00 7.366000e+00
      vertex   1.071571e-01 8.375518e+00 3.556000e+00
    endloop
  endfacet
  facet normal -5.814479e-02 -9.983075e-01 -1.119905e-03
    outer loop
      vertex   1.071571e-01 8.375518e+00 3.556000e+00
      vertex   1.543732e-01 8.368494e+00 7.366000e+00
      vertex   -5.169075e-02 8.380496e+00 7.366000e+00
    endloop
  endfacet
  facet normal 0.000000e+00 -9.999991e-01 1.306499e-03
    outer loop
      vertex   1.071571e-01 8.375518e+00 3.556000e+00
      vertex   -5.169075e-02 8.380496e+00 7.366000e+00
      vertex   -1.071571e-01 8.375518e+00 3.556000e+00
    endloop
  endfacet
  facet normal 1.736480e-01 -9.848070e-01 -1.241335e-03
    outer loop
      vertex   -1.071571e-01 8.375518e+00 3.556000e+00
      vertex   -5.169075e-02 8.380496e+00 7.366000e+00
      vertex   -2.549681e-01 8.344653e+00 7.366000e+00
    endloop
  endfacet
  facet normal 2.393154e-01 -9.709408e-01 1.418598e-03
    outer loop
      vertex   -1.071571e-01 8.375518e+00 3.556000e+00
      vertex   -2.549681e-01 8.344653e+00 7.366000e+00
      vertex   -3.152437e-01 8.324229e+00 3.556000e+00
    endloop
  endfacet
  facet normal 3.960794e-01 -9.182153e-01 -1.344101e-03
    outer loop
      vertex   -3.152437e-01 8.324229e+00 3.556000e+00
      vertex   -2.549681e-01 8.344653e+00 7.366000e+00
      vertex   -4.445000e-01 8.262897e+00 7.366000e+00
    endloop
  endfacet
  facet normal 4.647226e-01 -8.854550e-01 1.512027e-03
    outer loop
      vertex   -3.152437e-01 8.324229e+00 3.556000e+00
      vertex   -4.445000e-01 8.262897e+00 7.366000e+00
      vertex   -5.050096e-01 8.224633e+00 3.556000e+00
    endloop
  endfacet
  facet normal 5.971580e-01 -8.021224e-01 -1.428193e-03
    outer loop
      vertex   -5.050096e-01 8.224633e+00 3.556000e+00
      vertex   -4.445000e-01 8.262897e+00 7.366000e+00
      vertex   -6.100688e-01 8.139635e+00 7.366000e+00
    endloop
  endfacet
  facet normal 6.631218e-01 -7.485098e-01 1.586780e-03
    outer loop
      vertex   -5.050096e-01 8.224633e+00 3.556000e+00
      vertex   -6.100688e-01 8.139635e+00 7.366000e+00
      vertex   -6.654261e-01 8.082516e+00 3.556000e+00
    endloop
  endfacet
  facet normal 7.660436e-01 -6.427869e-01 -1.493605e-03
    outer loop
      vertex   -6.654261e-01 8.082516e+00 3.556000e+00
      vertex   -6.100688e-01 8.139635e+00 7.366000e+00
      vertex   -7.427487e-01 7.981513e+00 7.366000e+00
    endloop
  endfacet
  facet normal 8.229828e-01 -5.680640e-01 1.642850e-03
    outer loop
      vertex   -6.654261e-01 8.082516e+00 3.556000e+00
      vertex   -7.427487e-01 7.981513e+00 7.366000e+00
      vertex   -7.871704e-01 7.906139e+00 3.556000e+00
    endloop
  endfacet
  facet normal 8.936316e-01 -4.487986e-01 -1.540331e-03
    outer loop
      vertex   -7.871704e-01 7.906139e+00 3.556000e+00
      vertex   -7.427487e-01 7.981513e+00 7.366000e+00
      vertex   -8.353867e-01 7.797056e+00 7.366000e+00
    endloop
  endfacet
  facet normal 9.350149e-01 -3.546044e-01 1.680232e-03
    outer loop
      vertex   -7.871704e-01 7.906139e+00 3.556000e+00
      vertex   -8.353867e-01 7.797056e+00 7.366000e+00
      vertex   -8.631673e-01 7.705752e+00 3.556000e+00
    endloop
  endfacet
  facet normal 9.730437e-01 -2.306156e-01 -1.568369e-03
    outer loop
      vertex   -8.631673e-01 7.705752e+00 3.556000e+00
      vertex   -8.353867e-01 7.797056e+00 7.366000e+00
      vertex   -8.829889e-01 7.596207e+00 7.366000e+00
    endloop
  endfacet
  facet normal 9.927074e-01 -1.205365e-01 1.698924e-03
    outer loop
      vertex   -8.631673e-01 7.705752e+00 3.556000e+00
      vertex   -8.829889e-01 7.596207e+00 7.366000e+00
      vertex   -8.890000e-01 7.493000e+00 3.556000e+00
    endloop
  endfacet
  facet normal 9.999988e-01 0.000000e+00 -1.577715e-03
    outer loop
      vertex   -8.890000e-01 7.493000e+00 3.556000e+00
      vertex   -8.829889e-01 7.596207e+00 7.366000e+00
      vertex   -8.829889e-01 7.389793e+00 7.366000e+00
    endloop
  endfacet
  facet normal 9.927074e-01 1.205365e-01 1.698924e-03
    outer loop
      vertex   -8.890000e-01 7.493000e+00 3.556000e+00
      vertex   -8.829889e-01 7.389793e+00 7.366000e+00
      vertex   -8.631673e-01 7.280248e+00 3.556000e+00
    endloop
  endfacet
  facet normal 9.730437e-01 2.306156e-01 -1.568369e-03
    outer loop
      vertex   -8.631673e-01 7.280248e+00 3.556000e+00
      vertex   -8.829889e-01 7.389793e+00 7.366000e+00
      vertex   -8.353867e-01 7.188944e+00 7.366000e+00
    endloop
  endfacet
  facet normal 9.350149e-01 3.546044e-01 1.680232e-03
    outer loop
      vertex   -8.631673e-01 7.280248e+00 3.556000e+00
      vertex   -8.353867e-01 7.188944e+00 7.366000e+00
      vertex   -7.871704e-01 7.079861e+00 3.556000e+00
    endloop
  endfacet
  facet normal 8.936316e-01 4.487986e-01 -1.540331e-03
    outer loop
      vertex   -7.871704e-01 7.079861e+00 3.556000e+00
      vertex   -8.353867e-01 7.188944e+00 7.366000e+00
      vertex   -7.427487e-01 7.004487e+00 7.366000e+00
    endloop
  endfacet
  facet normal 8.229828e-01 5.680640e-01 1.642850e-03
    outer loop
      vertex   -7.871704e-01 7.079861e+00 3.556000e+00
      vertex   -7.427487e-01 7.004487e+00 7.366000e+00
      vertex   -6.654261e-01 6.903484e+00 3.556000e+00
    endloop
  endfacet
  facet normal 7.660436e-01 6.427869e-01 -1.493605e-03
    outer loop
      vertex   -6.654261e-01 6.903484e+00 3.556000e+00
      vertex   -7.427487e-01 7.004487e+00 7.366000e+00
      vertex   -6.100688e-01 6.846365e+00 7.366000e+00
    endloop
  endfacet
  facet normal 6.631218e-01 7.485098e-01 1.586780e-03
    outer loop
      vertex   -6.654261e-01 6.903484e+00 3.556000e+00
      vertex   -6.100688e-01 6.846365e+00 7.366000e+00
      vertex   -5.050096e-01 6.761367e+00 3.556000e+00
    endloop
  endfacet
  facet normal 5.971580e-01 8.021224e-01 -1.428193e-03
    outer loop
      vertex   -5.050096e-01 6.761367e+00 3.556000e+00
      vertex   -6.100688e-01 6.846365e+00 7.366000e+00
      vertex   -4.445000e-01 6.723103e+00 7.366000e+00
    endloop
  endfacet
  facet normal 4.647226e-01 8.854550e-01 1.512027e-03
    outer loop
      vertex   -5.050096e-01 6.761367e+00 3.556000e+00
      vertex   -4.445000e-01 6.723103e+00 7.366000e+00
      vertex   -3.152437e-01 6.661771e+00 3.556000e+00
    endloop
  endfacet
  facet normal 3.960794e-01 9.182153e-01 -1.344101e-03
    outer loop
      vertex   -3.152437e-01 6.661771e+00 3.556000e+00
      vertex   -4.445000e-01 6.723103e+00 7.366000e+00
      vertex   -2.549681e-01 6.641347e+00 7.366000e+00
    endloop
  endfacet
  facet normal 2.393154e-01 9.709408e-01 1.418598e-03
    outer loop
      vertex   -3.152437e-01 6.661771e+00 3.556000e+00
      vertex   -2.549681e-01 6.641347e+00 7.366000e+00
      vertex   -1.071571e-01 6.610482e+00 3.556000e+00
    endloop
  endfacet
  facet normal 1.736480e-01 9.848070e-01 -1.241335e-03
    outer loop
      vertex   -1.071571e-01 6.610482e+00 3.556000e+00
      vertex   -2.549681e-01 6.641347e+00 7.366000e+00
      vertex   -5.169075e-02 6.605504e+00 7.366000e+00
    endloop
  endfacet
  facet normal -0.000000e+00 9.999991e-01 1.306499e-03
    outer loop
      vertex   -1.071571e-01 6.610482e+00 3.556000e+00
      vertex   -5.169075e-02 6.605504e+00 7.366000e+00
      vertex   1.071571e-01 6.610482e+00 3.556000e+00
    endloop
  endfacet
  facet normal -5.814479e-02 9.983075e-01 -1.119905e-03
    outer loop
      vertex   1.071571e-01 6.610482e+00 3.556000e+00
      vertex   -5.169075e-02 6.605504e+00 7.366000e+00
      vertex   1.543732e-01 6.617506e+00 7.366000e+00
    endloop
  endfacet
  facet normal -2.393155e-01 9.709411e-01 1.175739e-03
    outer loop
      vertex   1.071571e-01 6.610482e+00 3.556000e+00
      vertex   1.543732e-01 6.617506e+00 7.366000e+00
      vertex   3.152437e-01 6.661771e+00 3.556000e+00
    endloop
  endfacet
  facet normal -2.868031e-01 9.579891e-01 -9.798186e-04
    outer loop
      vertex   3.152437e-01 6.661771e+00 3.556000e+00
      vertex   1.543732e-01 6.617506e+00 7.366000e+00
      vertex   3.521149e-01 6.676706e+00 7.366000e+00
    endloop
  endfacet
  facet normal -4.647229e-01 8.854556e-01 1.026329e-03
    outer loop
      vertex   3.152437e-01 6.661771e+00 3.556000e+00
      vertex   3.521149e-01 6.676706e+00 7.366000e+00
      vertex   5.050096e-01 6.761367e+00 3.556000e+00
    endloop
  endfacet
  facet normal -4.999998e-01 8.660251e-01 -8.210881e-04
    outer loop
      vertex   5.050096e-01 6.761367e+00 3.556000e+00
      vertex   3.521149e-01 6.676706e+00 7.366000e+00
      vertex   5.308740e-01 6.779912e+00 7.366000e+00
    endloop
  endfacet
  facet normal -6.631224e-01 7.485105e-01 8.582813e-04
    outer loop
      vertex   5.050096e-01 6.761367e+00 3.556000e+00
      vertex   5.308740e-01 6.779912e+00 7.366000e+00
      vertex   6.654261e-01 6.903484e+00 3.556000e+00
    endloop
  endfacet
  facet normal -6.862415e-01 7.273735e-01 -6.437261e-04
    outer loop
      vertex   6.654261e-01 6.903484e+00 3.556000e+00
      vertex   5.308740e-01 6.779912e+00 7.366000e+00
      vertex   6.810135e-01 6.921562e+00 7.366000e+00
    endloop
  endfacet
  facet normal -8.229837e-01 5.680646e-01 6.716087e-04
    outer loop
      vertex   6.654261e-01 6.903484e+00 3.556000e+00
      vertex   6.810135e-01 6.921562e+00 7.366000e+00
      vertex   7.871704e-01 7.079861e+00 3.556000e+00
    endloop
  endfacet
  facet normal -8.354877e-01 5.495089e-01 -4.477467e-04
    outer loop
      vertex   7.871704e-01 7.079861e+00 3.556000e+00
      vertex   6.810135e-01 6.921562e+00 7.366000e+00
      vertex   7.944394e-01 7.094018e+00 7.366000e+00
    endloop
  endfacet
  facet normal -9.350161e-01 3.546048e-01 4.663265e-04
    outer loop
      vertex   7.871704e-01 7.079861e+00 3.556000e+00
      vertex   7.944394e-01 7.094018e+00 7.366000e+00
      vertex   8.631673e-01 7.280248e+00 3.556000e+00
    endloop
  endfacet
  facet normal -9.396926e-01 3.420201e-01 -2.331656e-04
    outer loop
      vertex   8.631673e-01 7.280248e+00 3.556000e+00
      vertex   7.944394e-01 7.094018e+00 7.366000e+00
      vertex   8.650369e-01 7.287982e+00 7.366000e+00
    endloop
  endfacet
  facet normal -9.927088e-01 1.205367e-01 2.424509e-04
    outer loop
      vertex   8.631673e-01 7.280248e+00 3.556000e+00
      vertex   8.650369e-01 7.287982e+00 7.366000e+00
      vertex   8.890000e-01 7.493000e+00 3.556000e+00
    endloop
  endfacet
  facet normal -9.932384e-01 -1.160929e-01 0.000000e+00
    outer loop
      vertex   8.650369e-01 7.698018e+00 -2.540000e-01
      vertex   8.890000e-01 7.493000e+00 -2.540000e-01
      vertex   8.890000e-01 7.493000e+00 3.556000e+00
    endloop
  endfacet
  facet normal -9.932384e-01 1.160929e-01 0.000000e+00
    outer loop
      vertex   8.890000e-01 7.493000e+00 3.556000e+00
      vertex   8.890000e-01 7.493000e+00 -2.540000e-01
      vertex   8.650369e-01 7.287982e+00 -2.540000e-01
    endloop
  endfacet
  facet normal -9.927088e-01 1.205367e-01 -2.424509e-04
    outer loop
      vertex   8.890000e-01 7.493000e+00 3.556000e+00
      vertex   8.650369e-01 7.287982e+00 -2.540000e-01
      vertex   8.631673e-01 7.280248e+00 3.556000e+00
    endloop
  endfacet
  facet normal -9.396926e-01 3.420201e-01 2.331656e-04
    outer loop
      vertex   8.631673e-01 7.280248e+00 3.556000e+00
      vertex   8.650369e-01 7.287982e+00 -2.540000e-01
      vertex   7.944394e-01 7.094018e+00 -2.540000e-01
    endloop
  endfacet
  facet normal -9.350161e-01 3.546048e-01 -4.663265e-04
    outer loop
      vertex   8.631673e-01 7.280248e+00 3.556000e+00
      vertex   7.944394e-01 7.094018e+00 -2.540000e-01
      vertex   7.871704e-01 7.079861e+00 3.556000e+00
    endloop
  endfacet
  facet normal -8.354877e-01 5.495089e-01 4.477467e-04
    outer loop
      vertex   7.871704e-01 7.079861e+00 3.556000e+00
      vertex   7.944394e-01 7.094018e+00 -2.540000e-01
      vertex   6.810135e-01 6.921562e+00 -2.540000e-01
    endloop
  endfacet
  facet normal -8.229837e-01 5.680646e-01 -6.716087e-04
    outer loop
      vertex   7.871704e-01 7.079861e+00 3.556000e+00
      vertex   6.810135e-01 6.921562e+00 -2.540000e-01
      vertex   6.654261e-01 6.903484e+00 3.556000e+00
    endloop
  endfacet
  facet normal -6.862415e-01 7.273735e-01 6.437261e-04
    outer loop
      vertex   6.654261e-01 6.903484e+00 3.556000e+00
      vertex   6.810135e-01 6.921562e+00 -2.540000e-01
      vertex   5.308740e-01 6.779912e+00 -2.540000e-01
    endloop
  endfacet
  facet normal -6.631224e-01 7.485105e-01 -8.582813e-04
    outer loop
      vertex   6.654261e-01 6.903484e+00 3.556000e+00
      vertex   5.308740e-01 6.779912e+00 -2.540000e-01
      vertex   5.050096e-01 6.761367e+00 3.556000e+00
    endloop
  endfacet
  facet normal -4.999998e-01 8.660251e-01 8.210881e-04
    outer loop
      vertex   5.050096e-01 6.761367e+00 3.556000e+00
      vertex   5.308740e-01 6.779912e+00 -2.540000e-01
      vertex   3.521149e-01 6.676706e+00 -2.540000e-01
    endloop
  endfacet
  facet normal -4.647229e-01 8.854556e-01 -1.026329e-03
    outer loop
      vertex   5.050096e-01 6.761367e+00 3.556000e+00
      vertex   3.521149e-01 6.676706e+00 -2.540000e-01
      vertex   3.152437e-01 6.661771e+00 3.556000e+00
    endloop
  endfacet
  facet normal -2.868031e-01 9.579891e-01 9.798186e-04
    outer loop
      vertex   3.152437e-01 6.661771e+00 3.556000e+00
      vertex   3.521149e-01 6.676706e+00 -2.540000e-01
      vertex   1.543732e-01 6.617506e+00 -2.540000e-01
    endloop
  endfacet
  facet normal -2.393155e-01 9.709411e-01 -1.175739e-03
    outer loop
      vertex   3.152437e-01 6.661771e+00 3.556000e+00
      vertex   1.543732e-01 6.617506e+00 -2.540000e-01
      vertex   1.071571e-01 6.610482e+00 3.556000e+00
    endloop
  endfacet
  facet normal -5.814479e-02 9.983075e-01 1.119905e-03
    outer loop
      vertex   1.071571e-01 6.610482e+00 3.556000e+00
      vertex   1.543732e-01 6.617506e+00 -2.540000e-01
      vertex   -5.169075e-02 6.605504e+00 -2.540000e-01
    endloop
  endfacet
  facet normal 0.000000e+00 9.999991e-01 -1.306499e-03
    outer loop
      vertex   1.071571e-01 6.610482e+00 3.556000e+00
      vertex   -5.169075e-02 6.605504e+00 -2.540000e-01
      vertex   -1.071571e-01 6.610482e+00 3.556000e+00
    endloop
  endfacet
  facet normal 1.736480e-01 9.848070e-01 1.241335e-03
    outer loop
      vertex   -1.071571e-01 6.610482e+00 3.556000e+00
      vertex   -5.169075e-02 6.605504e+00 -2.540000e-01
      vertex   -2.549681e-01 6.641347e+00 -2.540000e-01
    endloop
  endfacet
  facet normal 2.393154e-01 9.709408e-01 -1.418598e-03
    outer loop
      vertex   -1.071571e-01 6.610482e+00 3.556000e+00
      vertex   -2.549681e-01 6.641347e+00 -2.540000e-01
      vertex   -3.152437e-01 6.661771e+00 3.556000e+00
    endloop
  endfacet
  facet normal 3.960794e-01 9.182153e-01 1.344101e-03
    outer loop
      vertex   -3.152437e-01 6.661771e+00 3.556000e+00
      vertex   -2.549681e-01 6.641347e+00 -2.540000e-01
      vertex   -4.445000e-01 6.723103e+00 -2.540000e-01
    endloop
  endfacet
  facet normal 4.647226e-01 8.854550e-01 -1.512027e-03
    outer loop
      vertex   -3.152437e-01 6.661771e+00 3.556000e+00
      vertex   -4.445000e-01 6.723103e+00 -2.540000e-01
      vertex   -5.050096e-01 6.761367e+00 3.556000e+00
    endloop
  endfacet
  facet normal 5.971580e-01 8.021224e-01 1.428193e-03
    outer loop
      vertex   -5.050096e-01 6.761367e+00 3.556000e+00
      vertex   -4.445000e-01 6.723103e+00 -2.540000e-01
      vertex   -6.100688e-01 6.846365e+00 -2.540000e-01
    endloop
  endfacet
  facet normal 6.631218e-01 7.485098e-01 -1.586780e-03
    outer loop
      vertex   -5.050096e-01 6.761367e+00 3.556000e+00
      vertex   -6.100688e-01 6.846365e+00 -2.540000e-01
      vertex   -6.654261e-01 6.903484e+00 3.556000e+00
    endloop
  endfacet
  facet normal 7.660436e-01 6.427869e-01 1.493605e-03
    outer loop
      vertex   -6.654261e-01 6.903484e+00 3.556000e+00
      vertex   -6.100688e-01 6.846365e+00 -2.540000e-01
      vertex   -7.427487e-01 7.004487e+00 -2.540000e-01
    endloop
  endfacet
  facet normal 8.229828e-01 5.680640e-01 -1.642850e-03
    outer loop
      vertex   -6.654261e-01 6.903484e+00 3.556000e+00
      vertex   -7.427487e-01 7.004487e+00 -2.540000e-01
      vertex   -7.871704e-01 7.079861e+00 3.556000e+00
    endloop
  endfacet
  facet normal 8.936316e-01 4.487986e-01 1.540331e-03
    outer loop
      vertex   -7.871704e-01 7.079861e+00 3.556000e+00
      vertex   -7.427487e-01 7.004487e+00 -2.540000e-01
      vertex   -8.353867e-01 7.188944e+00 -2.540000e-01
    endloop
  endfacet
  facet normal 9.350149e-01 3.546044e-01 -1.680232e-03
    outer loop
      vertex   -7.871704e-01 7.079861e+00 3.556000e+00
      vertex   -8.353867e-01 7.188944e+00 -2.540000e-01
      vertex   -8.631673e-01 7.280248e+00 3.556000e+00
    endloop
  endfacet
  facet normal 9.730437e-01 2.306156e-01 1.568369e-03
    outer loop
      vertex   -8.631673e-01 7.280248e+00 3.556000e+00
      vertex   -8.353867e-01 7.188944e+00 -2.540000e-01
      vertex   -8.829889e-01 7.389793e+00 -2.540000e-01
    endloop
  endfacet
  facet normal 9.927074e-01 1.205365e-01 -1.698924e-03
    outer loop
      vertex   -8.631673e-01 7.280248e+00 3.556000e+00
      vertex   -8.829889e-01 7.389793e+00 -2.540000e-01
      vertex   -8.890000e-01 7.493000e+00 3.556000e+00
    endloop
  endfacet
  facet normal 9.999988e-01 0.000000e+00 1.577715e-03
    outer loop
      vertex   -8.890000e-01 7.493000e+00 3.556000e+00
      vertex   -8.829889e-01 7.389793e+00 -2.540000e-01
      vertex   -8.829889e-01 7.596207e+00 -2.540000e-01
    endloop
  endfacet
  facet normal 9.927074e-01 -1.205365e-01 -1.698924e-03
    outer loop
      vertex   -8.890000e-01 7.493000e+00 3.556000e+00
      vertex   -8.829889e-01 7.596207e+00 -2.540000e-01
      vertex   -8.631673e-01 7.705752e+00 3.556000e+00
    endloop
  endfacet
  facet normal 9.730437e-01 -2.306156e-01 1.568369e-03
    outer loop
      vertex   -8.631673e-01 7.705752e+00 3.556000e+00
      vertex   -8.829889e-01 7.596207e+00 -2.540000e-01
      vertex   -8.353867e-01 7.797056e+00 -2.540000e-01
    endloop
  endfacet
  facet normal 9.350149e-01 -3.546044e-01 -1.680232e-03
    outer loop
      vertex   -8.631673e-01 7.705752e+00 3.556000e+00
      vertex   -8.353867e-01 7.797056e+00 -2.540000e-01
      vertex   -7.871704e-01 7.906139e+00 3.556000e+00
    endloop
  endfacet
  facet normal 8.936316e-01 -4.487986e-01 1.540331e-03
    outer loop
      vertex   -7.871704e-01 7.906139e+00 3.556000e+00
      vertex   -8.353867e-01 7.797056e+00 -2.540000e-01
      vertex   -7.427487e-01 7.981513e+00 -2.540000e-01
    endloop
  endfacet
  facet normal 8.229828e-01 -5.680640e-01 -1.642850e-03
    outer loop
      vertex   -7.871704e-01 7.906139e+00 3.556000e+00
      vertex   -7.427487e-01 7.981513e+00 -2.540000e-01
      vertex   -6.654261e-01 8.082516e+00 3.556000e+00
    endloop
  endfacet
  facet normal 7.660436e-01 -6.427869e-01 1.493605e-03
    outer loop
      vertex   -6.654261e-01 8.082516e+00 3.556000e+00
      vertex   -7.427487e-01 7.981513e+00 -2.540000e-01
      vertex   -6.100688e-01 8.139635e+00 -2.540000e-01
    endloop
  endfacet
  facet normal 6.631218e-01 -7.485098e-01 -1.586780e-03
    outer loop
      vertex   -6.654261e-01 8.082516e+00 3.556000e+00
      vertex   -6.100688e-01 8.139635e+00 -2.540000e-01
      vertex   -5.050096e-01 8.224633e+00 3.556000e+00
    endloop
  endfacet
  facet normal 5.971580e-01 -8.021224e-01 1.428193e-03
    outer loop
      vertex   -5.050096e-01 8.224633e+00 3.556000e+00
      vertex   -6.100688e-01 8.139635e+00 -2.540000e-01
      vertex   -4.445000e-01 8.262897e+00 -2.540000e-01
    endloop
  endfacet
  facet normal 4.647226e-01 -8.854550e-01 -1.512027e-03
    outer loop
      vertex   -5.050096e-01 8.224633e+00 3.556000e+00
      vertex   -4.445000e-01 8.262897e+00 -2.540000e-01
      vertex   -3.152437e-01 8.324229e+00 3.556000e+00
    endloop
  endfacet
  facet normal 3.960794e-01 -9.182153e-01 1.344101e-03
    outer loop
      vertex   -3.152437e-01 8.324229e+00 3.556000e+00
      vertex   -4.445000e-01 8.262897e+00 -2.540000e-01
      vertex   -2.549681e-01 8.344653e+00 -2.540000e-01
    endloop
  endfacet
  facet normal 2.393154e-01 -9.709408e-01 -1.418598e-03
    outer loop
      vertex   -3.152437e-01 8.324229e+00 3.556000e+00
      vertex   -2.549681e-01 8.344653e+00 -2.540000e-01
      vertex   -1.071571e-01 8.375518e+00 3.556000e+00
    endloop
  endfacet
  facet normal 1.736480e-01 -9.848070e-01 1.241335e-03
    outer loop
      vertex   -1.071571e-01 8.375518e+00 3.556000e+00
      vertex   -2.549681e-01 8.344653e+00 -2.540000e-01
      vertex   -5.169075e-02 8.380496e+00 -2.540000e-01
    endloop
  endfacet
  facet normal 0.000000e+00 -9.999991e-01 -1.306499e-03
    outer loop
      vertex   -1.071571e-01 8.375518e+00 3.556000e+00
      vertex   -5.169075e-02 8.380496e+00 -2.540000e-01
      vertex   1.071571e-01 8.375518e+00 3.556000e+00
    endloop
  endfacet
  facet normal -5.814479e-02 -9.983075e-01 1.119905e-03
    outer loop
      vertex   1.071571e-01 8.375518e+00 3.556000e+00
      vertex   -5.169075e-02 8.380496e+00 -2.540000e-01
      vertex   1.543732e-01 8.368494e+00 -2.540000e-01
    endloop
  endfacet
  facet normal -2.393155e-01 -9.709411e-01 -1.175739e-03
    outer loop
      vertex   1.071571e-01 8.375518e+00 3.556000e+00
      vertex   1.543732e-01 8.368494e+00 -2.540000e-01
      vertex   3.152437e-01 8.324229e+00 3.556000e+00
    endloop
  endfacet
  facet normal -2.868031e-01 -9.579891e-01 9.798186e-04
    outer loop
      vertex   3.152437e-01 8.324229e+00 3.556000e+00
      vertex   1.543732e-01 8.368494e+00 -2.540000e-01
      vertex   3.521149e-01 8.309294e+00 -2.540000e-01
    endloop
  endfacet
  facet normal -4.647229e-01 -8.854556e-01 -1.026329e-03
    outer loop
      vertex   3.152437e-01 8.324229e+00 3.556000e+00
      vertex   3.521149e-01 8.309294e+00 -2.540000e-01
      vertex   5.050096e-01 8.224633e+00 3.556000e+00
    endloop
  endfacet
  facet normal -4.999998e-01 -8.660251e-01 8.210881e-04
    outer loop
      vertex   5.050096e-01 8.224633e+00 3.556000e+00
      vertex   3.521149e-01 8.309294e+00 -2.540000e-01
      vertex   5.308740e-01 8.206088e+00 -2.540000e-01
    endloop
  endfacet
  facet normal -6.631224e-01 -7.485105e-01 -8.582813e-04
    outer loop
      vertex   5.050096e-01 8.224633e+00 3.556000e+00
      vertex   5.308740e-01 8.206088e+00 -2.540000e-01
      vertex   6.654261e-01 8.082516e+00 3.556000e+00
    endloop
  endfacet
  facet normal -6.862415e-01 -7.273735e-01 6.437261e-04
    outer loop
      vertex   6.654261e-01 8.082516e+00 3.556000e+00
      vertex   5.308740e-01 8.206088e+00 -2.540000e-01
      vertex   6.810135e-01 8.064438e+00 -2.540000e-01
    endloop
  endfacet
  facet normal -8.229837e-01 -5.680646e-01 -6.716087e-04
    outer loop
      vertex   6.654261e-01 8.082516e+00 3.556000e+00
      vertex   6.810135e-01 8.064438e+00 -2.540000e-01
      vertex   7.871704e-01 7.906139e+00 3.556000e+00
    endloop
  endfacet
  facet normal -8.354877e-01 -5.495089e-01 4.477467e-04
    outer loop
      vertex   7.871704e-01 7.906139e+00 3.556000e+00
      vertex   6.810135e-01 8.064438e+00 -2.540000e-01
      vertex   7.944394e-01 7.891982e+00 -2.540000e-01
    endloop
  endfacet
  facet normal -9.350161e-01 -3.546048e-01 -4.663265e-04
    outer loop
      vertex   7.871704e-01 7.906139e+00 3.556000e+00
      vertex   7.944394e-01 7.891982e+00 -2.540000e-01
      vertex   8.631673e-01 7.705752e+00 3.556000e+00
    endloop
  endfacet
  facet normal -9.396926e-01 -3.420201e-01 2.331656e-04
    outer loop
      vertex   8.631673e-01 7.705752e+00 3.556000e+00
      vertex   7.944394e-01 7.891982e+00 -2.540000e-01
      vertex   8.650369e-01 7.698018e+00 -2.540000e-01
    endloop
  endfacet
  facet normal -9.927088e-01 -1.205367e-01 -2.424509e-04
    outer loop
      vertex   8.631673e-01 7.705752e+00 3.556000e+00
      vertex   8.650369e-01 7.698018e+00 -2.540000e-01
      vertex   8.890000e-01 7.493000e+00 3.556000e+00
    endloop
  endfacet
  facet normal -9.932384e-01 1.160929e-01 5.845393e-17
    outer loop
      vertex   8.650369e-01 1.312998e+01 7.366000e+00
      vertex   8.890000e-01 1.333500e+01 7.366000e+00
      vertex   8.890000e-01 1.333500e+01 3.556000e+00
    endloop
  endfacet
  facet normal -9.932384e-01 -1.160929e-01 5.788536e-17
    outer loop
      vertex   8.890000e-01 1.333500e+01 3.556000e+00
      vertex   8.890000e-01 1.333500e+01 7.366000e+00
      vertex   8.650369e-01 1.354002e+01 7.366000e+00
    endloop
  endfacet
  facet normal -9.927088e-01 -1.205367e-01 2.424509e-04
    outer loop
      vertex   8.890000e-01 1.333500e+01 3.556000e+00
      vertex   8.650369e-01 1.354002e+01 7.366000e+00
      vertex   8.631673e-01 1.354775e+01 3.556000e+00
    endloop
  endfacet
  facet normal -9.396926e-01 -3.420201e-01 -2.331656e-04
    outer loop
      vertex   8.631673e-01 1.354775e+01 3.556000e+00
      vertex   8.650369e-01 1.354002e+01 7.366000e+00
      vertex   7.944394e-01 1.373398e+01 7.366000e+00
    endloop
  endfacet
  facet normal -9.350161e-01 -3.546048e-01 4.663265e-04
    outer loop
      vertex   8.631673e-01 1.354775e+01 3.556000e+00
      vertex   7.944394e-01 1.373398e+01 7.366000e+00
      vertex   7.871704e-01 1.374814e+01 3.556000e+00
    endloop
  endfacet
  facet normal -8.354877e-01 -5.495089e-01 -4.477467e-04
    outer loop
      vertex   7.871704e-01 1.374814e+01 3.556000e+00
      vertex   7.944394e-01 1.373398e+01 7.366000e+00
      vertex   6.810135e-01 1.390644e+01 7.366000e+00
    endloop
  endfacet
  facet normal -8.229837e-01 -5.680646e-01 6.716087e-04
    outer loop
      vertex   7.871704e-01 1.374814e+01 3.556000e+00
      vertex   6.810135e-01 1.390644e+01 7.366000e+00
      vertex   6.654261e-01 1.392452e+01 3.556000e+00
    endloop
  endfacet
  facet normal -6.862415e-01 -7.273735e-01 -6.437261e-04
    outer loop
      vertex   6.654261e-01 1.392452e+01 3.556000e+00
      vertex   6.810135e-01 1.390644e+01 7.366000e+00
      vertex   5.308740e-01 1.404809e+01 7.366000e+00
    endloop
  endfacet
  facet normal -6.631224e-01 -7.485105e-01 8.582813e-04
    outer loop
      vertex   6.654261e-01 1.392452e+01 3.556000e+00
      vertex   5.308740e-01 1.404809e+01 7.366000e+00
      vertex   5.050096e-01 1.406663e+01 3.556000e+00
    endloop
  endfacet
  facet normal -4.999998e-01 -8.660251e-01 -8.210881e-04
    outer loop
      vertex   5.050096e-01 1.406663e+01 3.556000e+00
      vertex   5.308740e-01 1.404809e+01 7.366000e+00
      vertex   3.521149e-01 1.415129e+01 7.366000e+00
    endloop
  endfacet
  facet normal -4.647229e-01 -8.854556e-01 1.026329e-03
    outer loop
      vertex   5.050096e-01 1.406663e+01 3.556000e+00
      vertex   3.521149e-01 1.415129e+01 7.366000e+00
      vertex   3.152437e-01 1.416623e+01 3.556000e+00
    endloop
  endfacet
  facet normal -2.868031e-01 -9.579891e-01 -9.798186e-04
    outer loop
      vertex   3.152437e-01 1.416623e+01 3.556000e+00
      vertex   3.521149e-01 1.415129e+01 7.366000e+00
      vertex   1.543732e-01 1.421049e+01 7.366000e+00
    endloop
  endfacet
  facet normal -2.393155e-01 -9.709411e-01 1.175739e-03
    outer loop
      vertex   3.152437e-01 1.416623e+01 3.556000e+00
      vertex   1.543732e-01 1.421049e+01 7.366000e+00
      vertex   1.071571e-01 1.421752e+01 3.556000e+00
    endloop
  endfacet
  facet normal -5.814479e-02 -9.983075e-01 -1.119905e-03
    outer loop
      vertex   1.071571e-01 1.421752e+01 3.556000e+00
      vertex   1.543732e-01 1.421049e+01 7.366000e+00
      vertex   -5.169075e-02 1.422250e+01 7.366000e+00
    endloop
  endfacet
  facet normal 0.000000e+00 -9.999991e-01 1.306499e-03
    outer loop
      vertex   1.071571e-01 1.421752e+01 3.556000e+00
      vertex   -5.169075e-02 1.422250e+01 7.366000e+00
      vertex   -1.071571e-01 1.421752e+01 3.556000e+00
    endloop
  endfacet
  facet normal 1.736480e-01 -9.848070e-01 -1.241335e-03
    outer loop
      vertex   -1.071571e-01 1.421752e+01 3.556000e+00
      vertex   -5.169075e-02 1.422250e+01 7.366000e+00
      vertex   -2.549681e-01 1.418665e+01 7.366000e+00
    endloop
  endfacet
  facet normal 2.393154e-01 -9.709408e-01 1.418598e-03
    outer loop
      vertex   -1.071571e-01 1.421752e+01 3.556000e+00
      vertex   -2.549681e-01 1.418665e+01 7.366000e+00
      vertex   -3.152437e-01 1.416623e+01 3.556000e+00
    endloop
  endfacet
  facet normal 3.960794e-01 -9.182153e-01 -1.344101e-03
    outer loop
      vertex   -3.152437e-01 1.416623e+01 3.556000e+00
      vertex   -2.549681e-01 1.418665e+01 7.366000e+00
      vertex   -4.445000e-01 1.410490e+01 7.366000e+00
    endloop
  endfacet
  facet normal 4.647226e-01 -8.854550e-01 1.512027e-03
    outer loop
      vertex   -3.152437e-01 1.416623e+01 3.556000e+00
      vertex   -4.445000e-01 1.410490e+01 7.366000e+00
      vertex   -5.050096e-01 1.406663e+01 3.556000e+00
    endloop
  endfacet
  facet normal 5.971580e-01 -8.021224e-01 -1.428193e-03
    outer loop
      vertex   -5.050096e-01 1.406663e+01 3.556000e+00
      vertex   -4.445000e-01 1.410490e+01 7.366000e+00
      vertex   -6.100688e-01 1.398164e+01 7.366000e+00
    endloop
  endfacet
  facet normal 6.631218e-01 -7.485098e-01 1.586780e-03
    outer loop
      vertex   -5.050096e-01 1.406663e+01 3.556000e+00
      vertex   -6.100688e-01 1.398164e+01 7.366000e+00
      vertex   -6.654261e-01 1.392452e+01 3.556000e+00
    endloop
  endfacet
  facet normal 7.660436e-01 -6.427869e-01 -1.493605e-03
    outer loop
      vertex   -6.654261e-01 1.392452e+01 3.556000e+00
      vertex   -6.100688e-01 1.398164e+01 7.366000e+00
      vertex   -7.427487e-01 1.382351e+01 7.366000e+00
    endloop
  endfacet
  facet normal 8.229828e-01 -5.680640e-01 1.642850e-03
    outer loop
      vertex   -6.654261e-01 1.392452e+01 3.556000e+00
      vertex   -7.427487e-01 1.382351e+01 7.366000e+00
      vertex   -7.871704e-01 1.374814e+01 3.556000e+00
    endloop
  endfacet
  facet normal 8.936316e-01 -4.487986e-01 -1.540331e-03
    outer loop
      vertex   -7.871704e-01 1.374814e+01 3.556000e+00
      vertex   -7.427487e-01 1.382351e+01 7.366000e+00
      vertex   -8.353867e-01 1.363906e+01 7.366000e+00
    endloop
  endfacet
  facet normal 9.350149e-01 -3.546044e-01 1.680232e-03
    outer loop
      vertex   -7.871704e-01 1.374814e+01 3.556000e+00
      vertex   -8.353867e-01 1.363906e+01 7.366000e+00
      vertex   -8.631673e-01 1.354775e+01 3.556000e+00
    endloop
  endfacet
  facet normal 9.730437e-01 -2.306156e-01 -1.568369e-03
    outer loop
      vertex   -8.631673e-01 1.354775e+01 3.556000e+00
      vertex   -8.353867e-01 1.363906e+01 7.366000e+00
      vertex   -8.829889e-01 1.343821e+01 7.366000e+00
    endloop
  endfacet
  facet normal 9.927074e-01 -1.205365e-01 1.698924e-03
    outer loop
      vertex   -8.631673e-01 1.354775e+01 3.556000e+00
      vertex   -8.829889e-01 1.343821e+01 7.366000e+00
      vertex   -8.890000e-01 1.333500e+01 3.556000e+00
    endloop
  endfacet
  facet normal 9.999988e-01 0.000000e+00 -1.577715e-03
    outer loop
      vertex   -8.890000e-01 1.333500e+01 3.556000e+00
      vertex   -8.829889e-01 1.343821e+01 7.366000e+00
      vertex   -8.829889e-01 1.323179e+01 7.366000e+00
    endloop
  endfacet
  facet normal 9.927074e-01 1.205365e-01 1.698924e-03
    outer loop
      vertex   -8.890000e-01 1.333500e+01 3.556000e+00
      vertex   -8.829889e-01 1.323179e+01 7.366000e+00
      vertex   -8.631673e-01 1.312225e+01 3.556000e+00
    endloop
  endfacet
  facet normal 9.730437e-01 2.306156e-01 -1.568369e-03
    outer loop
      vertex   -8.631673e-01 1.312225e+01 3.556000e+00
      vertex   -8.829889e-01 1.323179e+01 7.366000e+00
      vertex   -8.353867e-01 1.303094e+01 7.366000e+00
    endloop
  endfacet
  facet normal 9.350149e-01 3.546044e-01 1.680232e-03
    outer loop
      vertex   -8.631673e-01 1.312225e+01 3.556000e+00
      vertex   -8.353867e-01 1.303094e+01 7.366000e+00
      vertex   -7.871704e-01 1.292186e+01 3.556000e+00
    endloop
  endfacet
  facet normal 8.936316e-01 4.487986e-01 -1.540331e-03
    outer loop
      vertex   -7.871704e-01 1.292186e+01 3.556000e+00
      vertex   -8.353867e-01 1.303094e+01 7.366000e+00
      vertex   -7.427487e-01 1.284649e+01 7.366000e+00
    endloop
  endfacet
  facet normal 8.229828e-01 5.680640e-01 1.642850e-03
    outer loop
      vertex   -7.871704e-01 1.292186e+01 3.556000e+00
      vertex   -7.427487e-01 1.284649e+01 7.366000e+00
      vertex   -6.654261e-01 1.274548e+01 3.556000e+00
    endloop
  endfacet
  facet normal 7.660436e-01 6.427869e-01 -1.493605e-03
    outer loop
      vertex   -6.654261e-01 1.274548e+01 3.556000e+00
      vertex   -7.427487e-01 1.284649e+01 7.366000e+00
      vertex   -6.100688e-01 1.268836e+01 7.366000e+00
    endloop
  endfacet
  facet normal 6.631218e-01 7.485098e-01 1.586780e-03
    outer loop
      vertex   -6.654261e-01 1.274548e+01 3.556000e+00
      vertex   -6.100688e-01 1.268836e+01 7.366000e+00
      vertex   -5.050096e-01 1.260337e+01 3.556000e+00
    endloop
  endfacet
  facet normal 5.971580e-01 8.021224e-01 -1.428193e-03
    outer loop
      vertex   -5.050096e-01 1.260337e+01 3.556000e+00
      vertex   -6.100688e-01 1.268836e+01 7.366000e+00
      vertex   -4.445000e-01 1.256510e+01 7.366000e+00
    endloop
  endfacet
  facet normal 4.647226e-01 8.854550e-01 1.512027e-03
    outer loop
      vertex   -5.050096e-01 1.260337e+01 3.556000e+00
      vertex   -4.445000e-01 1.256510e+01 7.366000e+00
      vertex   -3.152437e-01 1.250377e+01 3.556000e+00
    endloop
  endfacet
  facet normal 3.960794e-01 9.182153e-01 -1.344101e-03
    outer loop
      vertex   -3.152437e-01 1.250377e+01 3.556000e+00
      vertex   -4.445000e-01 1.256510e+01 7.366000e+00
      vertex   -2.549681e-01 1.248335e+01 7.366000e+00
    endloop
  endfacet
  facet normal 2.393154e-01 9.709408e-01 1.418598e-03
    outer loop
      vertex   -3.152437e-01 1.250377e+01 3.556000e+00
      vertex   -2.549681e-01 1.248335e+01 7.366000e+00
      vertex   -1.071571e-01 1.245248e+01 3.556000e+00
    endloop
  endfacet
  facet normal 1.736480e-01 9.848070e-01 -1.241335e-03
    outer loop
      vertex   -1.071571e-01 1.245248e+01 3.556000e+00
      vertex   -2.549681e-01 1.248335e+01 7.366000e+00
      vertex   -5.169075e-02 1.244750e+01 7.366000e+00
    endloop
  endfacet
  facet normal -0.000000e+00 9.999991e-01 1.306499e-03
    outer loop
      vertex   -1.071571e-01 1.245248e+01 3.556000e+00
      vertex   -5.169075e-02 1.244750e+01 7.366000e+00
      vertex   1.071571e-01 1.245248e+01 3.556000e+00
    endloop
  endfacet
  facet normal -5.814479e-02 9.983075e-01 -1.119905e-03
    outer loop
      vertex   1.071571e-01 1.245248e+01 3.556000e+00
      vertex   -5.169075e-02 1.244750e+01 7.366000e+00
      vertex   1.543732e-01 1.245951e+01 7.366000e+00
    endloop
  endfacet
  facet normal -2.393155e-01 9.709411e-01 1.175739e-03
    outer loop
      vertex   1.071571e-01 1.245248e+01 3.556000e+00
      vertex   1.543732e-01 1.245951e+01 7.366000e+00
      vertex   3.152437e-01 1.250377e+01 3.556000e+00
    endloop
  endfacet
  facet normal -2.868031e-01 9.579891e-01 -9.798186e-04
    outer loop
      vertex   3.152437e-01 1.250377e+01 3.556000e+00
      vertex   1.543732e-01 1.245951e+01 7.366000e+00
      vertex   3.521149e-01 1.251871e+01 7.366000e+00
    endloop
  endfacet
  facet normal -4.647229e-01 8.854556e-01 1.026329e-03
    outer loop
      vertex   3.152437e-01 1.250377e+01 3.556000e+00
      vertex   3.521149e-01 1.251871e+01 7.366000e+00
      vertex   5.050096e-01 1.260337e+01 3.556000e+00
    endloop
  endfacet
  facet normal -4.999998e-01 8.660251e-01 -8.210881e-04
    outer loop
      vertex   5.050096e-01 1.260337e+01 3.556000e+00
      vertex   3.521149e-01 1.251871e+01 7.366000e+00
      vertex   5.308740e-01 1.262191e+01 7.366000e+00
    endloop
  endfacet
  facet normal -6.631224e-01 7.485105e-01 8.582813e-04
    outer loop
      vertex   5.050096e-01 1.260337e+01 3.556000e+00
      vertex   5.308740e-01 1.262191e+01 7.366000e+00
      vertex   6.654261e-01 1.274548e+01 3.556000e+00
    endloop
  endfacet
  facet normal -6.862415e-01 7.273735e-01 -6.437261e-04
    outer loop
      vertex   6.654261e-01 1.274548e+01 3.556000e+00
      vertex   5.308740e-01 1.262191e+01 7.366000e+00
      vertex   6.810135e-01 1.276356e+01 7.366000e+00
    endloop
  endfacet
  facet normal -8.229837e-01 5.680646e-01 6.716087e-04
    outer loop
      vertex   6.654261e-01 1.274548e+01 3.556000e+00
      vertex   6.810135e-01 1.276356e+01 7.366000e+00
      vertex   7.871704e-01 1.292186e+01 3.556000e+00
    endloop
  endfacet
  facet normal -8.354877e-01 5.495089e-01 -4.477467e-04
    outer loop
      vertex   7.871704e-01 1.292186e+01 3.556000e+00
      vertex   6.810135e-01 1.276356e+01 7.366000e+00
      vertex   7.944394e-01 1.293602e+01 7.366000e+00
    endloop
  endfacet
  facet normal -9.350161e-01 3.546048e-01 4.663265e-04
    outer loop
      vertex   7.871704e-01 1.292186e+01 3.556000e+00
      vertex   7.944394e-01 1.293602e+01 7.366000e+00
      vertex   8.631673e-01 1.312225e+01 3.556000e+00
    endloop
  endfacet
  facet normal -9.396926e-01 3.420201e-01 -2.331656e-04
    outer loop
      vertex   8.631673e-01 1.312225e+01 3.556000e+00
      vertex   7.944394e-01 1.293602e+01 7.366000e+00
      vertex   8.650369e-01 1.312998e+01 7.366000e+00
    endloop
  endfacet
  facet normal -9.927088e-01 1.205367e-01 2.424509e-04
    outer loop
      vertex   8.631673e-01 1.312225e+01 3.556000e+00
      vertex   8.650369e-01 1.312998e+01 7.366000e+00
      vertex   8.890000e-01 1.333500e+01 3.556000e+00
    endloop
  endfacet
  facet normal -9.932384e-01 -1.160929e-01 0.000000e+00
    outer loop
      vertex   8.650369e-01 1.354002e+01 -2.540000e-01
      vertex   8.890000e-01 1.333500e+01 -2.540000e-01
      vertex   8.890000e-01 1.333500e+01 3.556000e+00
    endloop
  endfacet
  facet normal -9.932384e-01 1.160929e-01 0.000000e+00
    outer loop
      vertex   8.890000e-01 1.333500e+01 3.556000e+00
      vertex   8.890000e-01 1.333500e+01 -2.540000e-01
      vertex   8.650369e-01 1.312998e+01 -2.540000e-01
    endloop
  endfacet
  facet normal -9.927088e-01 1.205367e-01 -2.424509e-04
    outer loop
      vertex   8.890000e-01 1.333500e+01 3.556000e+00
      vertex   8.650369e-01 1.312998e+01 -2.540000e-01
      vertex   8.631673e-01 1.312225e+01 3.556000e+00
    endloop
  endfacet
  facet normal -9.396926e-01 3.420201e-01 2.331656e-04
    outer loop
      vertex   8.631673e-01 1.312225e+01 3.556000e+00
      vertex   8.650369e-01 1.312998e+01 -2.540000e-01
      vertex   7.944394e-01 1.293602e+01 -2.540000e-01
    endloop
  endfacet
  facet normal -9.350161e-01 3.546048e-01 -4.663265e-04
    outer loop
      vertex   8.631673e-01 1.312225e+01 3.556000e+00
      vertex   7.944394e-01 1.293602e+01 -2.540000e-01
      vertex   7.871704e-01 1.292186e+01 3.556000e+00
    endloop
  endfacet
  facet normal -8.354877e-01 5.495089e-01 4.477467e-04
    outer loop
      vertex   7.871704e-01 1.292186e+01 3.556000e+00
      vertex   7.944394e-01 1.293602e+01 -2.540000e-01
      vertex   6.810135e-01 1.276356e+01 -2.540000e-01
    endloop
  endfacet
  facet normal -8.229837e-01 5.680646e-01 -6.716087e-04
    outer loop
      vertex   7.871704e-01 1.292186e+01 3.556000e+00
      vertex   6.810135e-01 1.276356e+01 -2.540000e-01
      vertex   6.654261e-01 1.274548e+01 3.556000e+00
    endloop
  endfacet
  facet normal -6.862415e-01 7.273735e-01 6.437261e-04
    outer loop
      vertex   6.654261e-01 1.274548e+01 3.556000e+00
      vertex   6.810135e-01 1.276356e+01 -2.540000e-01
      vertex   5.308740e-01 1.262191e+01 -2.540000e-01
    endloop
  endfacet
  facet normal -6.631224e-01 7.485105e-01 -8.582813e-04
    outer loop
      vertex   6.654261e-01 1.274548e+01 3.556000e+00
      vertex   5.308740e-01 1.262191e+01 -2.540000e-01
      vertex   5.050096e-01 1.260337e+01 3.556000e+00
    endloop
  endfacet
  facet normal -4.999998e-01 8.660251e-01 8.210881e-04
    outer loop
      vertex   5.050096e-01 1.260337e+01 3.556000e+00
      vertex   5.308740e-01 1.262191e+01 -2.540000e-01
      vertex   3.521149e-01 1.251871e+01 -2.540000e-01
    endloop
  endfacet
  facet normal -4.647229e-01 8.854556e-01 -1.026329e-03
    outer loop
      vertex   5.050096e-01 1.260337e+01 3.556000e+00
      vertex   3.521149e-01 1.251871e+01 -2.540000e-01
      vertex   3.152437e-01 1.250377e+01 3.556000e+00
    endloop
  endfacet
  facet normal -2.868031e-01 9.579891e-01 9.798186e-04
    outer loop
      vertex   3.152437e-01 1.250377e+01 3.556000e+00
      vertex   3.521149e-01 1.251871e+01 -2.540000e-01
      vertex   1.543732e-01 1.245951e+01 -2.540000e-01
    endloop
  endfacet
  facet normal -2.393155e-01 9.709411e-01 -1.175739e-03
    outer loop
      vertex   3.152437e-01 1.250377e+01 3.556000e+00
      vertex   1.543732e-01 1.245951e+01 -2.540000e-01
      vertex   1.071571e-01 1.245248e+01 3.556000e+00
    endloop
  endfacet
  facet normal -5.814479e-02 9.983075e-01 1.119905e-03
    outer loop
      vertex   1.071571e-01 1.245248e+01 3.556000e+00
      vertex   1.543732e-01 1.245951e+01 -2.540000e-01
      vertex   -5.169075e-02 1.244750e+01 -2.540000e-01
    endloop
  endfacet
  facet normal 0.000000e+00 9.999991e-01 -1.306499e-03
    outer loop
      vertex   1.071571e-01 1.245248e+01 3.556000e+00
      vertex   -5.169075e-02 1.244750e+01 -2.540000e-01
      vertex   -1.071571e-01 1.245248e+01 3.556000e+00
    endloop
  endfacet
  facet normal 1.736480e-01 9.848070e-01 1.241335e-03
    outer loop
      vertex   -1.071571e-01 1.245248e+01 3.556000e+00
      vertex   -5.169075e-02 1.244750e+01 -2.540000e-01
      vertex   -2.549681e-01 1.248335e+01 -2.540000e-01
    endloop
  endfacet
  facet normal 2.393154e-01 9.709408e-01 -1.418598e-03
    outer loop
      vertex   -1.071571e-01 1.245248e+01 3.556000e+00
      vertex   -2.549681e-01 1.248335e+01 -2.540000e-01
      vertex   -3.152437e-01 1.250377e+01 3.556000e+00
    endloop
  endfacet
  facet normal 3.960794e-01 9.182153e-01 1.344101e-03
    outer loop
      vertex   -3.152437e-01 1.250377e+01 3.556000e+00
      vertex   -2.549681e-01 1.248335e+01 -2.540000e-01
      vertex   -4.445000e-01 1.256510e+01 -2.540000e-01
    endloop
  endfacet
  facet normal 4.647226e-01 8.854550e-01 -1.512027e-03
    outer loop
      vertex   -3.152437e-01 1.250377e+01 3.556000e+00
      vertex   -4.445000e-01 1.256510e+01 -2.540000e-01
      vertex   -5.050096e-01 1.260337e+01 3.556000e+00
    endloop
  endfacet
  facet normal 5.971580e-01 8.021224e-01 1.428193e-03
    outer loop
      vertex   -5.050096e-01 1.260337e+01 3.556000e+00
      vertex   -4.445000e-01 1.256510e+01 -2.540000e-01
      vertex   -6.100688e-01 1.268836e+01 -2.540000e-01
    endloop
  endfacet
  facet normal 6.631218e-01 7.485098e-01 -1.586780e-03
    outer loop
      vertex   -5.050096e-01 1.260337e+01 3.556000e+00
      vertex   -6.100688e-01 1.268836e+01 -2.540000e-01
      vertex   -6.654261e-01 1.274548e+01 3.556000e+00
    endloop
  endfacet
  facet normal 7.660436e-01 6.427869e-01 1.493605e-03
    outer loop
      vertex   -6.654261e-01 1.274548e+01 3.556000e+00
      vertex   -6.100688e-01 1.268836e+01 -2.540000e-01
      vertex   -7.427487e-01 1.284649e+01 -2.540000e-01
    endloop
  endfacet
  facet normal 8.229828e-01 5.680640e-01 -1.642850e-03
    outer loop
      vertex   -6.654261e-01 1.274548e+01 3.556000e+00
      vertex   -7.427487e-01 1.284649e+01 -2.540000e-01
      vertex   -7.871704e-01 1.292186e+01 3.556000e+00
    endloop
  endfacet
  facet normal 8.936316e-01 4.487986e-01 1.540331e-03
    outer loop
      vertex   -7.871704e-01 1.292186e+01 3.556000e+00
      vertex   -7.427487e-01 1.284649e+01 -2.540000e-01
      vertex   -8.353867e-01 1.303094e+01 -2.540000e-01
    endloop
  endfacet
  facet normal 9.350149e-01 3.546044e-01 -1.680232e-03
    outer loop
      vertex   -7.871704e-01 1.292186e+01 3.556000e+00
      vertex   -8.353867e-01 1.303094e+01 -2.540000e-01
      vertex   -8.631673e-01 1.312225e+01 3.556000e+00
    endloop
  endfacet
  facet normal 9.730437e-01 2.306156e-01 1.568369e-03
    outer loop
      vertex   -8.631673e-01 1.312225e+01 3.556000e+00
      vertex   -8.353867e-01 1.303094e+01 -2.540000e-01
      vertex   -8.829889e-01 1.323179e+01 -2.540000e-01
    endloop
  endfacet
  facet normal 9.927074e-01 1.205365e-01 -1.698924e-03
    outer loop
      vertex   -8.631673e-01 1.312225e+01 3.556000e+00
      vertex   -8.829889e-01 1.323179e+01 -2.540000e-01
      vertex   -8.890000e-01 1.333500e+01 3.556000e+00
    endloop
  endfacet
  facet normal 9.999988e-01 0.000000e+00 1.577715e-03
    outer loop
      vertex   -8.890000e-01 1.333500e+01 3.556000e+00
      vertex   -8.829889e-01 1.323179e+01 -2.540000e-01
      vertex   -8.829889e-01 1.343821e+01 -2.540000e-01
    endloop
  endfacet
  facet normal 9.927074e-01 -1.205365e-01 -1.698924e-03
    outer loop
      vertex   -8.890000e-01 1.333500e+01 3.556000e+00
      vertex   -8.829889e-01 1.343821e+01 -2.540000e-01
      vertex   -8.631673e-01 1.354775e+01 3.556000e+00
    endloop
  endfacet
  facet normal 9.730437e-01 -2.306156e-01 1.568369e-03
    outer loop
      vertex   -8.631673e-01 1.354775e+01 3.556000e+00
      vertex   -8.829889e-01 1.343821e+01 -2.540000e-01
      vertex   -8.353867e-01 1.363906e+01 -2.540000e-01
    endloop
  endfacet
  facet normal 9.350149e-01 -3.546044e-01 -1.680232e-03
    outer loop
      vertex   -8.631673e-01 1.354775e+01 3.556000e+00
      vertex   -8.353867e-01 1.363906e+01 -2.540000e-01
      vertex   -7.871704e-01 1.374814e+01 3.556000e+00
    endloop
  endfacet
  facet normal 8.936316e-01 -4.487986e-01 1.540331e-03
    outer loop
      vertex   -7.871704e-01 1.374814e+01 3.556000e+00
      vertex   -8.353867e-01 1.363906e+01 -2.540000e-01
      vertex   -7.427487e-01 1.382351e+01 -2.540000e-01
    endloop
  endfacet
  facet normal 8.229828e-01 -5.680640e-01 -1.642850e-03
    outer loop
      vertex   -7.871704e-01 1.374814e+01 3.556000e+00
      vertex   -7.427487e-01 1.382351e+01 -2.540000e-01
      vertex   -6.654261e-01 1.392452e+01 3.556000e+00
    endloop
  endfacet
  facet normal 7.660436e-01 -6.427869e-01 1.493605e-03
    outer loop
      vertex   -6.654261e-01 1.392452e+01 3.556000e+00
      vertex   -7.427487e-01 1.382351e+01 -2.540000e-01
      vertex   -6.100688e-01 1.398164e+01 -2.540000e-01
    endloop
  endfacet
  facet normal 6.631218e-01 -7.485098e-01 -1.586780e-03
    outer loop
      vertex   -6.654261e-01 1.392452e+01 3.556000e+00
      vertex   -6.100688e-01 1.398164e+01 -2.540000e-01
      vertex   -5.050096e-01 1.406663e+01 3.556000e+00
    endloop
  endfacet
  facet normal 5.971580e-01 -8.021224e-01 1.428193e-03
    outer loop
      vertex   -5.050096e-01 1.406663e+01 3.556000e+00
      vertex   -6.100688e-01 1.398164e+01 -2.540000e-01
      vertex   -4.445000e-01 1.410490e+01 -2.540000e-01
    endloop
  endfacet
  facet normal 4.647226e-01 -8.854550e-01 -1.512027e-03
    outer loop
      vertex   -5.050096e-01 1.406663e+01 3.556000e+00
      vertex   -4.445000e-01 1.410490e+01 -2.540000e-01
      vertex   -3.152437e-01 1.416623e+01 3.556000e+00
    endloop
  endfacet
  facet normal 3.960794e-01 -9.182153e-01 1.344101e-03
    outer loop
      vertex   -3.152437e-01 1.416623e+01 3.556000e+00
      vertex   -4.445000e-01 1.410490e+01 -2.540000e-01
      vertex   -2.549681e-01 1.418665e+01 -2.540000e-01
    endloop
  endfacet
  facet normal 2.393154e-01 -9.709408e-01 -1.418598e-03
    outer loop
      vertex   -3.152437e-01 1.416623e+01 3.556000e+00
      vertex   -2.549681e-01 1.418665e+01 -2.540000e-01
      vertex   -1.071571e-01 1.421752e+01 3.556000e+00
    endloop
  endfacet
  facet normal 1.736480e-01 -9.848070e-01 1.241335e-03
    outer loop
      vertex   -1.071571e-01 1.421752e+01 3.556000e+00
      vertex   -2.549681e-01 1.418665e+01 -2.540000e-01
      vertex   -5.169075e-02 1.422250e+01 -2.540000e-01
    endloop
  endfacet
  facet normal 0.000000e+00 -9.999991e-01 -1.306499e-03
    outer loop
      vertex   -1.071571e-01 1.421752e+01 3.556000e+00
      vertex   -5.169075e-02 1.422250e+01 -2.540000e-01
      vertex   1.071571e-01 1.421752e+01 3.556000e+00
    endloop
  endfacet
  facet normal -5.814479e-02 -9.983075e-01 1.119905e-03
    outer loop
      vertex   1.071571e-01 1.421752e+01 3.556000e+00
      vertex   -5.169075e-02 1.422250e+01 -2.540000e-01
      vertex   1.543732e-01 1.421049e+01 -2.540000e-01
    endloop
  endfacet
  facet normal -2.393155e-01 -9.709411e-01 -1.175739e-03
    outer loop
      vertex   1.071571e-01 1.421752e+01 3.556000e+00
      vertex   1.543732e-01 1.421049e+01 -2.540000e-01
      vertex   3.152437e-01 1.416623e+01 3.556000e+00
    endloop
  endfacet
  facet normal -2.868031e-01 -9.579891e-01 9.798186e-04
    outer loop
      vertex   3.152437e-01 1.416623e+01 3.556000e+00
      vertex   1.543732e-01 1.421049e+01 -2.540000e-01
      vertex   3.521149e-01 1.415129e+01 -2.540000e-01
    endloop
  endfacet
  facet normal -4.647229e-01 -8.854556e-01 -1.026329e-03
    outer loop
      vertex   3.152437e-01 1.416623e+01 3.556000e+00
      vertex   3.521149e-01 1.415129e+01 -2.540000e-01
      vertex   5.050096e-01 1.406663e+01 3.556000e+00
    endloop
  endfacet
  facet normal -4.999998e-01 -8.660251e-01 8.210881e-04
    outer loop
      vertex   5.050096e-01 1.406663e+01 3.556000e+00
      vertex   3.521149e-01 1.415129e+01 -2.540000e-01
      vertex   5.308740e-01 1.404809e+01 -2.540000e-01
    endloop
  endfacet
  facet normal -6.631224e-01 -7.485105e-01 -8.582813e-04
    outer loop
      vertex   5.050096e-01 1.406663e+01 3.556000e+00
      vertex   5.308740e-01 1.404809e+01 -2.540000e-01
      vertex   6.654261e-01 1.392452e+01 3.556000e+00
    endloop
  endfacet
  facet normal -6.862415e-01 -7.273735e-01 6.437261e-04
    outer loop
      vertex   6.654261e-01 1.392452e+01 3.556000e+00
      vertex   5.308740e-01 1.404809e+01 -2.540000e-01
      vertex   6.810135e-01 1.390644e+01 -2.540000e-01
    endloop
  endfacet
  facet normal -8.229837e-01 -5.680646e-01 -6.716087e-04
    outer loop
      vertex   6.654261e-01 1.392452e+01 3.556000e+00
      vertex   6.810135e-01 1.390644e+01 -2.540000e-01
      vertex   7.871704e-01 1.374814e+01 3.556000e+00
    endloop
  endfacet
  facet normal -8.354877e-01 -5.495089e-01 4.477467e-04
    outer loop
      vertex   7.871704e-01 1.374814e+01 3.556000e+00
      vertex   6.810135e-01 1.390644e+01 -2.540000e-01
      vertex   7.944394e-01 1.373398e+01 -2.540000e-01
    endloop
  endfacet
  facet normal -9.350161e-01 -3.546048e-01 -4.663265e-04
    outer loop
      vertex   7.871704e-01 1.374814e+01 3.556000e+00
      vertex   7.944394e-01 1.373398e+01 -2.540000e-01
      vertex   8.631673e-01 1.354775e+01 3.556000e+00
    endloop
  endfacet
  facet normal -9.396926e-01 -3.420201e-01 2.331656e-04
    outer loop
      vertex   8.631673e-01 1.354775e+01 3.556000e+00
      vertex   7.944394e-01 1.373398e+01 -2.540000e-01
      vertex   8.650369e-01 1.354002e+01 -2.540000e-01
    endloop
  endfacet
  facet normal -9.927088e-01 -1.205367e-01 -2.424509e-04
    outer loop
      vertex   8.631673e-01 1.354775e+01 3.556000e+00
      vertex   8.650369e-01 1.354002e+01 -2.540000e-01
      vertex   8.890000e-01 1.333500e+01 3.556000e+00
    endloop
  endfacet
  facet normal -9.932384e-01 1.160929e-01 5.845393e-17
    outer loop
      vertex   8.650369e-01 -7.698018e+00 7.366000e+00
      vertex   8.890000e-01 -7.493000e+00 7.366000e+00
      vertex   8.890000e-01 -7.493000e+00 3.556000e+00
    endloop
  endfacet
  facet normal -9.932384e-01 -1.160929e-01 5.788536e-17
    outer loop
      vertex   8.890000e-01 -7.493000e+00 3.556000e+00
      vertex   8.890000e-01 -7.493000e+00 7.366000e+00
      vertex   8.650369e-01 -7.287982e+00 7.366000e+00
    endloop
  endfacet
  facet normal -9.927088e-01 -1.205367e-01 2.424509e-04
    outer loop
      vertex   8.890000e-01 -7.493000e+00 3.556000e+00
      vertex   8.650369e-01 -7.287982e+00 7.366000e+00
      vertex   8.631673e-01 -7.280248e+00 3.556000e+00
    endloop
  endfacet
  facet normal -9.396926e-01 -3.420201e-01 -2.331656e-04
    outer loop
      vertex   8.631673e-01 -7.280248e+00 3.556000e+00
      vertex   8.650369e-01 -7.287982e+00 7.366000e+00
      vertex   7.944394e-01 -7.094018e+00 7.366000e+00
    endloop
  endfacet
  facet normal -9.350161e-01 -3.546048e-01 4.663265e-04
    outer loop
      vertex   8.631673e-01 -7.280248e+00 3.556000e+00
      vertex   7.944394e-01 -7.094018e+00 7.366000e+00
      vertex   7.871704e-01 -7.079861e+00 3.556000e+00
    endloop
  endfacet
  facet normal -8.354877e-01 -5.495089e-01 -4.477467e-04
    outer loop
      vertex   7.871704e-01 -7.079861e+00 3.556000e+00
      vertex   7.944394e-01 -7.094018e+00 7.366000e+00
      vertex   6.810135e-01 -6.921562e+00 7.366000e+00
    endloop
  endfacet
  facet normal -8.229837e-01 -5.680646e-01 6.716087e-04
    outer loop
      vertex   7.871704e-01 -7.079861e+00 3.556000e+00
      vertex   6.810135e-01 -6.921562e+00 7.366000e+00
      vertex   6.654261e-01 -6.903484e+00 3.556000e+00
    endloop
  endfacet
  facet normal -6.862415e-01 -7.273735e-01 -6.437261e-04
    outer loop
      vertex   6.654261e-01 -6.903484e+00 3.556000e+00
      vertex   6.810135e-01 -6.921562e+00 7.366000e+00
      vertex   5.308740e-01 -6.779912e+00 7.366000e+00
    endloop
  endfacet
  facet normal -6.631224e-01 -7.485105e-01 8.582813e-04
    outer loop
      vertex   6.654261e-01 -6.903484e+00 3.556000e+00
      vertex   5.308740e-01 -6.779912e+00 7.366000e+00
      vertex   5.050096e-01 -6.761367e+00 3.556000e+00
    endloop
  endfacet
  facet normal -4.999998e-01 -8.660251e-01 -8.210881e-04
    outer loop
      vertex   5.050096e-01 -6.761367e+00 3.556000e+00
      vertex   5.308740e-01 -6.779912e+00 7.366000e+00
      vertex   3.521149e-01 -6.676706e+00 7.366000e+00
    endloop
  endfacet
  facet normal -4.647229e-01 -8.854556e-01 1.026329e-03
    outer loop
      vertex   5.050096e-01 -6.761367e+00 3.556000e+00
      vertex   3.521149e-01 -6.676706e+00 7.366000e+00
      vertex   3.152437e-01 -6.661771e+00 3.556000e+00
    endloop
  endfacet
  facet normal -2.868031e-01 -9.579891e-01 -9.798186e-04
    outer loop
      vertex   3.152437e-01 -6.661771e+00 3.556000e+00
      vertex   3.521149e-01 -6.676706e+00 7.366000e+00
      vertex   1.543732e-01 -6.617506e+00 7.366000e+00
    endloop
  endfacet
  facet normal -2.393155e-01 -9.709411e-01 1.175739e-03
    outer loop
      vertex   3.152437e-01 -6.661771e+00 3.556000e+00
      vertex   1.543732e-01 -6.617506e+00 7.366000e+00
      vertex   1.071571e-01 -6.610482e+00 3.556000e+00
    endloop
  endfacet
  facet normal -5.814479e-02 -9.983075e-01 -1.119905e-03
    outer loop
      vertex   1.071571e-01 -6.610482e+00 3.556000e+00
      vertex   1.543732e-01 -6.617506e+00 7.366000e+00
      vertex   -5.169075e-02 -6.605504e+00 7.366000e+00
    endloop
  endfacet
  facet normal 0.000000e+00 -9.999991e-01 1.306499e-03
    outer loop
      vertex   1.071571e-01 -6.610482e+00 3.556000e+00
      vertex   -5.169075e-02 -6.605504e+00 7.366000e+00
      vertex   -1.071571e-01 -6.610482e+00 3.556000e+00
    endloop
  endfacet
  facet normal 1.736480e-01 -9.848070e-01 -1.241335e-03
    outer loop
      vertex   -1.071571e-01 -6.610482e+00 3.556000e+00
      vertex   -5.169075e-02 -6.605504e+00 7.366000e+00
      vertex   -2.549681e-01 -6.641347e+00 7.366000e+00
    endloop
  endfacet
  facet normal 2.393154e-01 -9.709408e-01 1.418598e-03
    outer loop
      vertex   -1.071571e-01 -6.610482e+00 3.556000e+00
      vertex   -2.549681e-01 -6.641347e+00 7.366000e+00
      vertex   -3.152437e-01 -6.661771e+00 3.556000e+00
    endloop
  endfacet
  facet normal 3.960794e-01 -9.182153e-01 -1.344101e-03
    outer loop
      vertex   -3.152437e-01 -6.661771e+00 3.556000e+00
      vertex   -2.549681e-01 -6.641347e+00 7.366000e+00
      vertex   -4.445000e-01 -6.723103e+00 7.366000e+00
    endloop
  endfacet
  facet normal 4.647226e-01 -8.854550e-01 1.512027e-03
    outer loop
      vertex   -3.152437e-01 -6.661771e+00 3.556000e+00
      vertex   -4.445000e-01 -6.723103e+00 7.366000e+00
      vertex   -5.050096e-01 -6.761367e+00 3.556000e+00
    endloop
  endfacet
  facet normal 5.971580e-01 -8.021224e-01 -1.428193e-03
    outer loop
      vertex   -5.050096e-01 -6.761367e+00 3.556000e+00
      vertex   -4.445000e-01 -6.723103e+00 7.366000e+00
      vertex   -6.100688e-01 -6.846365e+00 7.366000e+00
    endloop
  endfacet
  facet normal 6.631218e-01 -7.485098e-01 1.586780e-03
    outer loop
      vertex   -5.050096e-01 -6.761367e+00 3.556000e+00
      vertex   -6.100688e-01 -6.846365e+00 7.366000e+00
      vertex   -6.654261e-01 -6.903484e+00 3.556000e+00
    endloop
  endfacet
  facet normal 7.660436e-01 -6.427869e-01 -1.493605e-03
    outer loop
      vertex   -6.654261e-01 -6.903484e+00 3.556000e+00
      vertex   -6.100688e-01 -6.846365e+00 7.366000e+00
      vertex   -7.427487e-01 -7.004487e+00 7.366000e+00
    endloop
  endfacet
  facet normal 8.229828e-01 -5.680640e-01 1.642850e-03
    outer loop
      vertex   -6.654261e-01 -6.903484e+00 3.556000e+00
      vertex   -7.427487e-01 -7.004487e+00 7.366000e+00
      vertex   -7.871704e-01 -7.079861e+00 3.556000e+00
    endloop
  endfacet
  facet normal 8.936316e-01 -4.487986e-01 -1.540331e-03
    outer loop
      vertex   -7.871704e-01 -7.079861e+00 3.556000e+00
      vertex   -7.427487e-01 -7.004487e+00 7.366000e+00
      vertex   -8.353867e-01 -7.188944e+00 7.366000e+00
    endloop
  endfacet
  facet normal 9.350149e-01 -3.546044e-01 1.680232e-03
    outer loop
      vertex   -7.871704e-01 -7.079861e+00 3.556000e+00
      vertex   -8.353867e-01 -7.188944e+00 7.366000e+00
      vertex   -8.631673e-01 -7.280248e+00 3.556000e+00
    endloop
  endfacet
  facet normal 9.730437e-01 -2.306156e-01 -1.568369e-03
    outer loop
      vertex   -8.631673e-01 -7.280248e+00 3.556000e+00
      vertex   -8.353867e-01 -7.188944e+00 7.366000e+00
      vertex   -8.829889e-01 -7.389793e+00 7.366000e+00
    endloop
  endfacet
  facet normal 9.927074e-01 -1.205365e-01 1.698924e-03
    outer loop
      vertex   -8.631673e-01 -7.280248e+00 3.556000e+00
      vertex   -8.829889e-01 -7.389793e+00 7.366000e+00
      vertex   -8.890000e-01 -7.493000e+00 3.556000e+00
    endloop
  endfacet
  facet normal 9.999988e-01 0.000000e+00 -1.577715e-03
    outer loop
      vertex   -8.890000e-01 -7.493000e+00 3.556000e+00
      vertex   -8.829889e-01 -7.389793e+00 7.366000e+00
      vertex   -8.829889e-01 -7.596207e+00 7.366000e+00
    endloop
  endfacet
  facet normal 9.927074e-01 1.205365e-01 1.698924e-03
    outer loop
      vertex   -8.890000e-01 -7.493000e+00 3.556000e+00
      vertex   -8.829889e-01 -7.596207e+00 7.366000e+00
      vertex   -8.631673e-01 -7.705752e+00 3.556000e+00
    endloop
  endfacet
  facet normal 9.730437e-01 2.306156e-01 -1.568369e-03
    outer loop
      vertex   -8.631673e-01 -7.705752e+00 3.556000e+00
      vertex   -8.829889e-01 -7.596207e+00 7.366000e+00
      vertex   -8.353867e-01 -7.797056e+00 7.366000e+00
    endloop
  endfacet
  facet normal 9.350149e-01 3.546044e-01 1.680232e-03
    outer loop
      vertex   -8.631673e-01 -7.705752e+00 3.556000e+00
      vertex   -8.353867e-01 -7.797056e+00 7.366000e+00
      vertex   -7.871704e-01 -7.906139e+00 3.556000e+00
    endloop
  endfacet
  facet normal 8.936316e-01 4.487986e-01 -1.540331e-03
    outer loop
      vertex   -7.871704e-01 -7.906139e+00 3.556000e+00
      vertex   -8.353867e-01 -7.797056e+00 7.366000e+00
      vertex   -7.427487e-01 -7.981513e+00 7.366000e+00
    endloop
  endfacet
  facet normal 8.229828e-01 5.680640e-01 1.642850e-03
    outer loop
      vertex   -7.871704e-01 -7.906139e+00 3.556000e+00
      vertex   -7.427487e-01 -7.981513e+00 7.366000e+00
      vertex   -6.654261e-01 -8.082516e+00 3.556000e+00
    endloop
  endfacet
  facet normal 7.660436e-01 6.427869e-01 -1.493605e-03
    outer loop
      vertex   -6.654261e-01 -8.082516e+00 3.556000e+00
      vertex   -7.427487e-01 -7.981513e+00 7.366000e+00
      vertex   -6.100688e-01 -8.139635e+00 7.366000e+00
    endloop
  endfacet
  facet normal 6.631218e-01 7.485098e-01 1.586780e-03
    outer loop
      vertex   -6.654261e-01 -8.082516e+00 3.556000e+00
      vertex   -6.100688e-01 -8.139635e+00 7.366000e+00
      vertex   -5.050096e-01 -8.224633e+00 3.556000e+00
    endloop
  endfacet
  facet normal 5.971580e-01 8.021224e-01 -1.428193e-03
    outer loop
      vertex   -5.050096e-01 -8.224633e+00 3.556000e+00
      vertex   -6.100688e-01 -8.139635e+00 7.366000e+00
      vertex   -4.445000e-01 -8.262897e+00 7.366000e+00
    endloop
  endfacet
  facet normal 4.647226e-01 8.854550e-01 1.512027e-03
    outer loop
      vertex   -5.050096e-01 -8.224633e+00 3.556000e+00
      vertex   -4.445000e-01 -8.262897e+00 7.366000e+00
      vertex   -3.152437e-01 -8.324229e+00 3.556000e+00
    endloop
  endfacet
  facet normal 3.960794e-01 9.182153e-01 -1.344101e-03
    outer loop
      vertex   -3.152437e-01 -8.324229e+00 3.556000e+00
      vertex   -4.445000e-01 -8.262897e+00 7.366000e+00
      vertex   -2.549681e-01 -8.344653e+00 7.366000e+00
    endloop
  endfacet
  facet normal 2.393154e-01 9.709408e-01 1.418598e-03
    outer loop
      vertex   -3.152437e-01 -8.324229e+00 3.556000e+00
      vertex   -2.549681e-01 -8.344653e+00 7.366000e+00
      vertex   -1.071571e-01 -8.375518e+00 3.556000e+00
    endloop
  endfacet
  facet normal 1.736480e-01 9.848070e-01 -1.241335e-03
    outer loop
      vertex   -1.071571e-01 -8.375518e+00 3.556000e+00
      vertex   -2.549681e-01 -8.344653e+00 7.366000e+00
      vertex   -5.169075e-02 -8.380496e+00 7.366000e+00
    endloop
  endfacet
  facet normal -0.000000e+00 9.999991e-01 1.306499e-03
    outer loop
      vertex   -1.071571e-01 -8.375518e+00 3.556000e+00
      vertex   -5.169075e-02 -8.380496e+00 7.366000e+00
      vertex   1.071571e-01 -8.375518e+00 3.556000e+00
    endloop
  endfacet
  facet normal -5.814479e-02 9.983075e-01 -1.119905e-03
    outer loop
      vertex   1.071571e-01 -8.375518e+00 3.556000e+00
      vertex   -5.169075e-02 -8.380496e+00 7.366000e+00
      vertex   1.543732e-01 -8.368494e+00 7.366000e+00
    endloop
  endfacet
  facet normal -2.393155e-01 9.709411e-01 1.175739e-03
    outer loop
      vertex   1.071571e-01 -8.375518e+00 3.556000e+00
      vertex   1.543732e-01 -8.368494e+00 7.366000e+00
      vertex   3.152437e-01 -8.324229e+00 3.556000e+00
    endloop
  endfacet
  facet normal -2.868031e-01 9.579891e-01 -9.798186e-04
    outer loop
      vertex   3.152437e-01 -8.324229e+00 3.556000e+00
      vertex   1.543732e-01 -8.368494e+00 7.366000e+00
      vertex   3.521149e-01 -8.309294e+00 7.366000e+00
    endloop
  endfacet
  facet normal -4.647229e-01 8.854556e-01 1.026329e-03
    outer loop
      vertex   3.152437e-01 -8.324229e+00 3.556000e+00
      vertex   3.521149e-01 -8.309294e+00 7.366000e+00
      vertex   5.050096e-01 -8.224633e+00 3.556000e+00
    endloop
  endfacet
  facet normal -4.999998e-01 8.660251e-01 -8.210881e-04
    outer loop
      vertex   5.050096e-01 -8.224633e+00 3.556000e+00
      vertex   3.521149e-01 -8.309294e+00 7.366000e+00
      vertex   5.308740e-01 -8.206088e+00 7.366000e+00
    endloop
  endfacet
  facet normal -6.631224e-01 7.485105e-01 8.582813e-04
    outer loop
      vertex   5.050096e-01 -8.224633e+00 3.556000e+00
      vertex   5.308740e-01 -8.206088e+00 7.366000e+00
      vertex   6.654261e-01 -8.082516e+00 3.556000e+00
    endloop
  endfacet
  facet normal -6.862415e-01 7.273735e-01 -6.437261e-04
    outer loop
      vertex   6.654261e-01 -8.082516e+00 3.556000e+00
      vertex   5.308740e-01 -8.206088e+00 7.366000e+00
      vertex   6.810135e-01 -8.064438e+00 7.366000e+00
    endloop
  endfacet
  facet normal -8.229837e-01 5.680646e-01 6.716087e-04
    outer loop
      vertex   6.654261e-01 -8.082516e+00 3.556000e+00
      vertex   6.810135e-01 -8.064438e+00 7.366000e+00
      vertex   7.871704e-01 -7.906139e+00 3.556000e+00
    endloop
  endfacet
  facet normal -8.354877e-01 5.495089e-01 -4.477467e-04
    outer loop
      vertex   7.871704e-01 -7.906139e+00 3.556000e+00
      vertex   6.810135e-01 -8.064438e+00 7.366000e+00
      vertex   7.944394e-01 -7.891982e+00 7.366000e+00
    endloop
  endfacet
  facet normal -9.350161e-01 3.546048e-01 4.663265e-04
    outer loop
      vertex   7.871704e-01 -7.906139e+00 3.556000e+00
      vertex   7.944394e-01 -7.891982e+00 7.366000e+00
      vertex   8.631673e-01 -7.705752e+00 3.556000e+00
    endloop
  endfacet
  facet normal -9.396926e-01 3.420201e-01 -2.331656e-04
    outer loop
      vertex   8.631673e-01 -7.705752e+00 3.556000e+00
      vertex   7.944394e-01 -7.891982e+00 7.366000e+00
      vertex   8.650369e-01 -7.698018e+00 7.366000e+00
    endloop
  endfacet
  facet normal -9.927088e-01 1.205367e-01 2.424509e-04
    outer loop
      vertex   8.631673e-01 -7.705752e+00 3.556000e+00
      vertex   8.650369e-01 -7.698018e+00 7.366000e+00
      vertex   8.890000e-01 -7.493000e+00 3.556000e+00
    endloop
  endfacet
  facet normal -9.932384e-01 -1.160929e-01 0.000000e+00
    outer loop
      vertex   8.650369e-01 -7.287982e+00 -2.540000e-01
      vertex   8.890000e-01 -7.493000e+00 -2.540000e-01
      vertex   8.890000e-01 -7.493000e+00 3.556000e+00
    endloop
  endfacet
  facet normal -9.932384e-01 1.160929e-01 0.000000e+00
    outer loop
      vertex   8.890000e-01 -7.493000e+00 3.556000e+00
      vertex   8.890000e-01 -7.493000e+00 -2.540000e-01
      vertex   8.650369e-01 -7.698018e+00 -2.540000e-01
    endloop
  endfacet
  facet normal -9.927088e-01 1.205367e-01 -2.424509e-04
    outer loop
      vertex   8.890000e-01 -7.493000e+00 3.556000e+00
      vertex   8.650369e-01 -7.698018e+00 -2.540000e-01
      vertex   8.631673e-01 -7.705752e+00 3.556000e+00
    endloop
  endfacet
  facet normal -9.396926e-01 3.420201e-01 2.331656e-04
    outer loop
      vertex   8.631673e-01 -7.705752e+00 3.556000e+00
      vertex   8.650369e-01 -7.698018e+00 -2.540000e-01
      vertex   7.944394e-01 -7.891982e+00 -2.540000e-01
    endloop
  endfacet
  facet normal -9.350161e-01 3.546048e-01 -4.663265e-04
    outer loop
      vertex   8.631673e-01 -7.705752e+00 3.556000e+00
      vertex   7.944394e-01 -7.891982e+00 -2.540000e-01
      vertex   7.871704e-01 -7.906139e+00 3.556000e+00
    endloop
  endfacet
  facet normal -8.354877e-01 5.495089e-01 4.477467e-04
    outer loop
      vertex   7.871704e-01 -7.906139e+00 3.556000e+00
      vertex   7.944394e-01 -7.891982e+00 -2.540000e-01
      vertex   6.810135e-01 -8.064438e+00 -2.540000e-01
    endloop
  endfacet
  facet normal -8.229837e-01 5.680646e-01 -6.716087e-04
    outer loop
      vertex   7.871704e-01 -7.906139e+00 3.556000e+00
      vertex   6.810135e-01 -8.064438e+00 -2.540000e-01
      vertex   6.654261e-01 -8.082516e+00 3.556000e+00
    endloop
  endfacet
  facet normal -6.862415e-01 7.273735e-01 6.437261e-04
    outer loop
      vertex   6.654261e-01 -8.082516e+00 3.556000e+00
      vertex   6.810135e-01 -8.064438e+00 -2.540000e-01
      vertex   5.308740e-01 -8.206088e+00 -2.540000e-01
    endloop
  endfacet
  facet normal -6.631224e-01 7.485105e-01 -8.582813e-04
    outer loop
      vertex   6.654261e-01 -8.082516e+00 3.556000e+00
      vertex   5.308740e-01 -8.206088e+00 -2.540000e-01
      vertex   5.050096e-01 -8.224633e+00 3.556000e+00
    endloop
  endfacet
  facet normal -4.999998e-01 8.660251e-01 8.210881e-04
    outer loop
      vertex   5.050096e-01 -8.224633e+00 3.556000e+00
      vertex   5.308740e-01 -8.206088e+00 -2.540000e-01
      vertex   3.521149e-01 -8.309294e+00 -2.540000e-01
    endloop
  endfacet
  facet normal -4.647229e-01 8.854556e-01 -1.026329e-03
    outer loop
      vertex   5.050096e-01 -8.224633e+00 3.556000e+00
      vertex   3.521149e-01 -8.309294e+00 -2.540000e-01
      vertex   3.152437e-01 -8.324229e+00 3.556000e+00
    endloop
  endfacet
  facet normal -2.868031e-01 9.579891e-01 9.798186e-04
    outer loop
      vertex   3.152437e-01 -8.324229e+00 3.556000e+00
      vertex   3.521149e-01 -8.309294e+00 -2.540000e-01
      vertex   1.543732e-01 -8.368494e+00 -2.540000e-01
    endloop
  endfacet
  facet normal -2.393155e-01 9.709411e-01 -1.175739e-03
    outer loop
      vertex   3.152437e-01 -8.324229e+00 3.556000e+00
      vertex   1.543732e-01 -8.368494e+00 -2.540000e-01
      vertex   1.071571e-01 -8.375518e+00 3.556000e+00
    endloop
  endfacet
  facet normal -5.814479e-02 9.983075e-01 1.119905e-03
    outer loop
      vertex   1.071571e-01 -8.375518e+00 3.556000e+00
      vertex   1.543732e-01 -8.368494e+00 -2.540000e-01
      vertex   -5.169075e-02 -8.380496e+00 -2.540000e-01
    endloop
  endfacet
  facet normal 0.000000e+00 9.999991e-01 -1.306499e-03
    outer loop
      vertex   1.071571e-01 -8.375518e+00 3.556000e+00
      vertex   -5.169075e-02 -8.380496e+00 -2.540000e-01
      vertex   -1.071571e-01 -8.375518e+00 3.556000e+00
    endloop
  endfacet
  facet normal 1.736480e-01 9.848070e-01 1.241335e-03
    outer loop
      vertex   -1.071571e-01 -8.375518e+00 3.556000e+00
      vertex   -5.169075e-02 -8.380496e+00 -2.540000e-01
      vertex   -2.549681e-01 -8.344653e+00 -2.540000e-01
    endloop
  endfacet
  facet normal 2.393154e-01 9.709408e-01 -1.418598e-03
    outer loop
      vertex   -1.071571e-01 -8.375518e+00 3.556000e+00
      vertex   -2.549681e-01 -8.344653e+00 -2.540000e-01
      vertex   -3.152437e-01 -8.324229e+00 3.556000e+00
    endloop
  endfacet
  facet normal 3.960794e-01 9.182153e-01 1.344101e-03
    outer loop
      vertex   -3.152437e-01 -8.324229e+00 3.556000e+00
      vertex   -2.549681e-01 -8.344653e+00 -2.540000e-01
      vertex   -4.445000e-01 -8.262897e+00 -2.540000e-01
    endloop
  endfacet
  facet normal 4.647226e-01 8.854550e-01 -1.512027e-03
    outer loop
      vertex   -3.152437e-01 -8.324229e+00 3.556000e+00
      vertex   -4.445000e-01 -8.262897e+00 -2.540000e-01
      vertex   -5.050096e-01 -8.224633e+00 3.556000e+00
    endloop
  endfacet
  facet normal 5.971580e-01 8.021224e-01 1.428193e-03
    outer loop
      vertex   -5.050096e-01 -8.224633e+00 3.556000e+00
      vertex   -4.445000e-01 -8.262897e+00 -2.540000e-01
      vertex   -6.100688e-01 -8.139635e+00 -2.540000e-01
    endloop
  endfacet
  facet normal 6.631218e-01 7.485098e-01 -1.586780e-03
    outer loop
      vertex   -5.050096e-01 -8.224633e+00 3.556000e+00
      vertex   -6.100688e-01 -8.139635e+00 -2.540000e-01
      vertex   -6.654261e-01 -8.082516e+00 3.556000e+00
    endloop
  endfacet
  facet normal 7.660436e-01 6.427869e-01 1.493605e-03
    outer loop
      vertex   -6.654261e-01 -8.082516e+00 3.556000e+00
      vertex   -6.100688e-01 -8.139635e+00 -2.540000e-01
      vertex   -7.427487e-01 -7.981513e+00 -2.540000e-01
    endloop
  endfacet
  facet normal 8.229828e-01 5.680640e-01 -1.642850e-03
    outer loop
      vertex   -6.654261e-01 -8.082516e+00 3.556000e+00
      vertex   -7.427487e-01 -7.981513e+00 -2.540000e-01
      vertex   -7.871704e-01 -7.906139e+00 3.556000e+00
    endloop
  endfacet
  facet normal 8.936316e-01 4.487986e-01 1.540331e-03
    outer loop
      vertex   -7.871704e-01 -7.906139e+00 3.556000e+00
      vertex   -7.427487e-01 -7.981513e+00 -2.540000e-01
      vertex   -8.353867e-01 -7.797056e+00 -2.540000e-01
    endloop
  endfacet
  facet normal 9.350149e-01 3.546044e-01 -1.680232e-03
    outer loop
      vertex   -7.871704e-01 -7.906139e+00 3.556000e+00
      vertex   -8.353867e-01 -7.797056e+00 -2.540000e-01
      vertex   -8.631673e-01 -7.705752e+00 3.556000e+00
    endloop
  endfacet
  facet normal 9.730437e-01 2.306156e-01 1.568369e-03
    outer loop
      vertex   -8.631673e-01 -7.705752e+00 3.556000e+00
      vertex   -8.353867e-01 -7.797056e+00 -2.540000e-01
      vertex   -8.829889e-01 -7.596207e+00 -2.540000e-01
    endloop
  endfacet
  facet normal 9.927074e-01 1.205365e-01 -1.698924e-03
    outer loop
      vertex   -8.631673e-01 -7.705752e+00 3.556000e+00
      vertex   -8.829889e-01 -7.596207e+00 -2.540000e-01
      vertex   -8.890000e-01 -7.493000e+00 3.556000e+00
    endloop
  endfacet
  facet normal 9.999988e-01 0.000000e+00 1.577715e-03
    outer loop
      vertex   -8.890000e-01 -7.493000e+00 3.556000e+00
      vertex   -8.829889e-01 -7.596207e+00 -2.540000e-01
      vertex   -8.829889e-01 -7.389793e+00 -2.540000e-01
    endloop
  endfacet
  facet normal 9.927074e-01 -1.205365e-01 -1.698924e-03
    outer loop
      vertex   -8.890000e-01 -7.493000e+00 3.556000e+00
      vertex   -8.829889e-01 -7.389793e+00 -2.540000e-01
      vertex   -8.631673e-01 -7.280248e+00 3.556000e+00
    endloop
  endfacet
  facet normal 9.730437e-01 -2.306156e-01 1.568369e-03
    outer loop
      vertex   -8.631673e-01 -7.280248e+00 3.556000e+00
      vertex   -8.829889e-01 -7.389793e+00 -2.540000e-01
      vertex   -8.353867e-01 -7.188944e+00 -2.540000e-01
    endloop
  endfacet
  facet normal 9.350149e-01 -3.546044e-01 -1.680232e-03
    outer loop
      vertex   -8.631673e-01 -7.280248e+00 3.556000e+00
      vertex   -8.353867e-01 -7.188944e+00 -2.540000e-01
      vertex   -7.871704e-01 -7.079861e+00 3.556000e+00
    endloop
  endfacet
  facet normal 8.936316e-01 -4.487986e-01 1.540331e-03
    outer loop
      vertex   -7.871704e-01 -7.079861e+00 3.556000e+00
      vertex   -8.353867e-01 -7.188944e+00 -2.540000e-01
      vertex   -7.427487e-01 -7.004487e+00 -2.540000e-01
    endloop
  endfacet
  facet normal 8.229828e-01 -5.680640e-01 -1.642850e-03
    outer loop
      vertex   -7.871704e-01 -7.079861e+00 3.556000e+00
      vertex   -7.427487e-01 -7.004487e+00 -2.540000e-01
      vertex   -6.654261e-01 -6.903484e+00 3.556000e+00
    endloop
  endfacet
  facet normal 7.660436e-01 -6.427869e-01 1.493605e-03
    outer loop
      vertex   -6.654261e-01 -6.903484e+00 3.556000e+00
      vertex   -7.427487e-01 -7.004487e+00 -2.540000e-01
      vertex   -6.100688e-01 -6.846365e+00 -2.540000e-01
    endloop
  endfacet
  facet normal 6.631218e-01 -7.485098e-01 -1.586780e-03
    outer loop
      vertex   -6.654261e-01 -6.903484e+00 3.556000e+00
      vertex   -6.100688e-01 -6.846365e+00 -2.540000e-01
      vertex   -5.050096e-01 -6.761367e+00 3.556000e+00
    endloop
  endfacet
  facet normal 5.971580e-01 -8.021224e-01 1.428193e-03
    outer loop
      vertex   -5.050096e-01 -6.761367e+00 3.556000e+00
      vertex   -6.100688e-01 -6.846365e+00 -2.540000e-01
      vertex   -4.445000e-01 -6.723103e+00 -2.540000e-01
    endloop
  endfacet
  facet normal 4.647226e-01 -8.854550e-01 -1.512027e-03
    outer loop
      vertex   -5.050096e-01 -6.761367e+00 3.556000e+00
      vertex   -4.445000e-01 -6.723103e+00 -2.540000e-01
      vertex   -3.152437e-01 -6.661771e+00 3.556000e+00
    endloop
  endfacet
  facet normal 3.960794e-01 -9.182153e-01 1.344101e-03
    outer loop
      vertex   -3.152437e-01 -6.661771e+00 3.556000e+00
      vertex   -4.445000e-01 -6.723103e+00 -2.540000e-01
      vertex   -2.549681e-01 -6.641347e+00 -2.540000e-01
    endloop
  endfacet
  facet normal 2.393154e-01 -9.709408e-01 -1.418598e-03
    outer loop
      vertex   -3.152437e-01 -6.661771e+00 3.556000e+00
      vertex   -2.549681e-01 -6.641347e+00 -2.540000e-01
      vertex   -1.071571e-01 -6.610482e+00 3.556000e+00
    endloop
  endfacet
  facet normal 1.736480e-01 -9.848070e-01 1.241335e-03
    outer loop
      vertex   -1.071571e-01 -6.610482e+00 3.556000e+00
      vertex   -2.549681e-01 -6.641347e+00 -2.540000e-01
      vertex   -5.169075e-02 -6.605504e+00 -2.540000e-01
    endloop
  endfacet
  facet normal 0.000000e+00 -9.999991e-01 -1.306499e-03
    outer loop
      vertex   -1.071571e-01 -6.610482e+00 3.556000e+00
      vertex   -5.169075e-02 -6.605504e+00 -2.540000e-01
      vertex   1.071571e-01 -6.610482e+00 3.556000e+00
    endloop
  endfacet
  facet normal -5.814479e-02 -9.983075e-01 1.119905e-03
    outer loop
      vertex   1.071571e-01 -6.610482e+00 3.556000e+00
      vertex   -5.169075e-02 -6.605504e+00 -2.540000e-01
      vertex   1.543732e-01 -6.617506e+00 -2.540000e-01
    endloop
  endfacet
  facet normal -2.393155e-01 -9.709411e-01 -1.175739e-03
    outer loop
      vertex   1.071571e-01 -6.610482e+00 3.556000e+00
      vertex   1.543732e-01 -6.617506e+00 -2.540000e-01
      vertex   3.152437e-01 -6.661771e+00 3.556000e+00
    endloop
  endfacet
  facet normal -2.868031e-01 -9.579891e-01 9.798186e-04
    outer loop
      vertex   3.152437e-01 -6.661771e+00 3.556000e+00
      vertex   1.543732e-01 -6.617506e+00 -2.540000e-01
      vertex   3.521149e-01 -6.676706e+00 -2.540000e-01
    endloop
  endfacet
  facet normal -4.647229e-01 -8.854556e-01 -1.026329e-03
    outer loop
      vertex   3.152437e-01 -6.661771e+00 3.556000e+00
      vertex   3.521149e-01 -6.676706e+00 -2.540000e-01
      vertex   5.050096e-01 -6.761367e+00 3.556000e+00
    endloop
  endfacet
  facet normal -4.999998e-01 -8.660251e-01 8.210881e-04
    outer loop
      vertex   5.050096e-01 -6.761367e+00 3.556000e+00
      vertex   3.521149e-01 -6.676706e+00 -2.540000e-01
      vertex   5.308740e-01 -6.779912e+00 -2.540000e-01
    endloop
  endfacet
  facet normal -6.631224e-01 -7.485105e-01 -8.582813e-04
    outer loop
      vertex   5.050096e-01 -6.761367e+00 3.556000e+00
      vertex   5.308740e-01 -6.779912e+00 -2.540000e-01
      vertex   6.654261e-01 -6.903484e+00 3.556000e+00
    endloop
  endfacet
  facet normal -6.862415e-01 -7.273735e-01 6.437261e-04
    outer loop
      vertex   6.654261e-01 -6.903484e+00 3.556000e+00
      vertex   5.308740e-01 -6.779912e+00 -2.540000e-01
      vertex   6.810135e-01 -6.921562e+00 -2.540000e-01
    endloop
  endfacet
  facet normal -8.229837e-01 -5.680646e-01 -6.716087e-04
    outer loop
      vertex   6.654261e-01 -6.903484e+00 3.556000e+00
      vertex   6.810135e-01 -6.921562e+00 -2.540000e-01
      vertex   7.871704e-01 -7.079861e+00 3.556000e+00
    endloop
  endfacet
  facet normal -8.354877e-01 -5.495089e-01 4.477467e-04
    outer loop
      vertex   7.871704e-01 -7.079861e+00 3.556000e+00
      vertex   6.810135e-01 -6.921562e+00 -2.540000e-01
      vertex   7.944394e-01 -7.094018e+00 -2.540000e-01
    endloop
  endfacet
  facet normal -9.350161e-01 -3.546048e-01 -4.663265e-04
    outer loop
      vertex   7.871704e-01 -7.079861e+00 3.556000e+00
      vertex   7.944394e-01 -7.094018e+00 -2.540000e-01
      vertex   8.631673e-01 -7.280248e+00 3.556000e+00
    endloop
  endfacet
  facet normal -9.396926e-01 -3.420201e-01 2.331656e-04
    outer loop
      vertex   8.631673e-01 -7.280248e+00 3.556000e+00
      vertex   7.944394e-01 -7.094018e+00 -2.540000e-01
      vertex   8.650369e-01 -7.287982e+00 -2.540000e-01
    endloop
  endfacet
  facet normal -9.927088e-01 -1.205367e-01 -2.424509e-04
    outer loop
      vertex   8.631673e-01 -7.280248e+00 3.556000e+00
      vertex   8.650369e-01 -7.287982e+00 -2.540000e-01
      vertex   8.890000e-01 -7.493000e+00 3.556000e+00
    endloop
  endfacet
  facet normal -9.851786e-01 1.715318e-01 -2.126944e-15
    outer loop
      vertex   -4.059215e+00 6.699113e+00 7.366000e+00
      vertex   -4.059215e+00 6.699113e+00 -2.540000e-01
      vertex   -4.118521e+00 6.358493e+00 7.366000e+00
    endloop
  endfacet
  facet normal -9.851786e-01 1.715318e-01 -2.052100e-15
    outer loop
      vertex   -4.118521e+00 6.358493e+00 7.366000e+00
      vertex   -4.059215e+00 6.699113e+00 -2.540000e-01
      vertex   -4.118521e+00 6.358493e+00 -2.540000e-01
    endloop
  endfacet
  facet normal -9.527568e-01 3.037342e-01 -2.064903e-15
    outer loop
      vertex   -4.118521e+00 6.358493e+00 7.366000e+00
      vertex   -4.118521e+00 6.358493e+00 -2.540000e-01
      vertex   -4.223536e+00 6.029082e+00 7.366000e+00
    endloop
  endfacet
  facet normal -9.527568e-01 3.037342e-01 -2.024656e-15
    outer loop
      vertex   -4.223536e+00 6.029082e+00 7.366000e+00
      vertex   -4.118521e+00 6.358493e+00 -2.540000e-01
      vertex   -4.223536e+00 6.029082e+00 -2.540000e-01
    endloop
  endfacet
  facet normal -9.026817e-01 4.303088e-01 -2.034543e-15
    outer loop
      vertex   -4.223536e+00 6.029082e+00 7.366000e+00
      vertex   -4.223536e+00 6.029082e+00 -2.540000e-01
      vertex   -4.372313e+00 5.716984e+00 7.366000e+00
    endloop
  endfacet
  facet normal -9.026817e-01 4.303088e-01 -2.029640e-15
    outer loop
      vertex   -4.372313e+00 5.716984e+00 7.366000e+00
      vertex   -4.223536e+00 6.029082e+00 -2.540000e-01
      vertex   -4.372313e+00 5.716984e+00 -2.540000e-01
    endloop
  endfacet
  facet normal -8.358812e-01 5.489104e-01 -2.037264e-15
    outer loop
      vertex   -4.372313e+00 5.716984e+00 7.366000e+00
      vertex   -4.372313e+00 5.716984e+00 -2.540000e-01
      vertex   -4.562096e+00 5.427983e+00 7.366000e+00
    endloop
  endfacet
  facet normal -8.358812e-01 5.489104e-01 -2.003815e-15
    outer loop
      vertex   -4.562096e+00 5.427983e+00 7.366000e+00
      vertex   -4.372313e+00 5.716984e+00 -2.540000e-01
      vertex   -4.562096e+00 5.427983e+00 -2.540000e-01
    endloop
  endfacet
  facet normal -7.535929e-01 6.573415e-01 -1.995920e-15
    outer loop
      vertex   -4.562096e+00 5.427983e+00 7.366000e+00
      vertex   -4.562096e+00 5.427983e+00 -2.540000e-01
      vertex   -4.789368e+00 5.167432e+00 7.366000e+00
    endloop
  endfacet
  facet normal -7.535929e-01 6.573415e-01 0.000000e+00
    outer loop
      vertex   -4.789368e+00 5.167432e+00 7.366000e+00
      vertex   -4.562096e+00 5.427983e+00 -2.540000e-01
      vertex   -4.789368e+00 5.167432e+00 -2.540000e-01
    endloop
  endfacet
  facet normal -9.945686e-01 1.040828e-01 0.000000e+00
    outer loop
      vertex   -3.810000e+00 9.080500e+00 -2.540000e-01
      vertex   -4.059215e+00 6.699113e+00 -2.540000e-01
      vertex   -3.810000e+00 9.080500e+00 7.366000e+00
    endloop
  endfacet
  facet normal -9.945686e-01 1.040828e-01 -2.123662e-15
    outer loop
      vertex   -3.810000e+00 9.080500e+00 7.366000e+00
      vertex   -4.059215e+00 6.699113e+00 -2.540000e-01
      vertex   -4.059215e+00 6.699113e+00 7.366000e+00
    endloop
  endfacet
  facet normal -9.746981e-01 2.235253e-01 0.000000e+00
    outer loop
      vertex   -2.042480e+00 1.678790e+01 -2.540000e-01
      vertex   -3.810000e+00 9.080500e+00 -2.540000e-01
      vertex   -2.042480e+00 1.678790e+01 7.366000e+00
    endloop
  endfacet
  facet normal -9.746981e-01 2.235253e-01 0.000000e+00
    outer loop
      vertex   -2.042480e+00 1.678790e+01 7.366000e+00
      vertex   -3.810000e+00 9.080500e+00 -2.540000e-01
      vertex   -3.810000e+00 9.080500e+00 7.366000e+00
    endloop
  endfacet
  facet normal 9.552855e-01 2.956849e-01 -1.378588e-16
    outer loop
      vertex   2.042480e+00 1.678790e+01 7.366000e+00
      vertex   2.042480e+00 1.678790e+01 -2.540000e-01
      vertex   1.949944e+00 1.708686e+01 3.556000e+00
    endloop
  endfacet
  facet normal 9.552855e-01 2.956849e-01 3.897144e-16
    outer loop
      vertex   1.949944e+00 1.708686e+01 3.556000e+00
      vertex   2.042480e+00 1.678790e+01 -2.540000e-01
      vertex   1.949944e+00 1.708686e+01 -2.540000e-01
    endloop
  endfacet
  facet normal 9.005960e-01 4.346572e-01 3.674035e-16
    outer loop
      vertex   1.949944e+00 1.708686e+01 3.556000e+00
      vertex   1.949944e+00 1.708686e+01 -2.540000e-01
      vertex   1.813916e+00 1.736870e+01 3.556000e+00
    endloop
  endfacet
  facet normal 9.005960e-01 4.346572e-01 -1.049724e-16
    outer loop
      vertex   1.813916e+00 1.736870e+01 3.556000e+00
      vertex   1.949944e+00 1.708686e+01 -2.540000e-01
      vertex   1.813916e+00 1.736870e+01 -2.540000e-01
    endloop
  endfacet
  facet normal 8.258194e-01 5.639347e-01 -9.625655e-17
    outer loop
      vertex   1.813916e+00 1.736870e+01 3.556000e+00
      vertex   1.813916e+00 1.736870e+01 -2.540000e-01
      vertex   1.637430e+00 1.762715e+01 3.556000e+00
    endloop
  endfacet
  facet normal 8.258194e-01 5.639347e-01 1.443848e-16
    outer loop
      vertex   1.637430e+00 1.762715e+01 3.556000e+00
      vertex   1.813916e+00 1.736870e+01 -2.540000e-01
      vertex   1.637430e+00 1.762715e+01 -2.540000e-01
    endloop
  endfacet
  facet normal 7.326235e-01 6.806342e-01 1.280906e-16
    outer loop
      vertex   1.637430e+00 1.762715e+01 3.556000e+00
      vertex   1.637430e+00 1.762715e+01 -2.540000e-01
      vertex   1.424422e+00 1.785643e+01 3.556000e+00
    endloop
  endfacet
  facet normal 7.326235e-01 6.806342e-01 1.707875e-16
    outer loop
      vertex   1.424422e+00 1.785643e+01 3.556000e+00
      vertex   1.637430e+00 1.762715e+01 -2.540000e-01
      vertex   1.424422e+00 1.785643e+01 -2.540000e-01
    endloop
  endfacet
  facet normal 6.230869e-01 7.821526e-01 1.452526e-16
    outer loop
      vertex   1.424422e+00 1.785643e+01 3.556000e+00
      vertex   1.424422e+00 1.785643e+01 -2.540000e-01
      vertex   1.179644e+00 1.805142e+01 3.556000e+00
    endloop
  endfacet
  facet normal 6.230869e-01 7.821526e-01 1.452526e-16
    outer loop
      vertex   1.179644e+00 1.805142e+01 3.556000e+00
      vertex   1.424422e+00 1.785643e+01 -2.540000e-01
      vertex   1.179644e+00 1.805142e+01 -2.540000e-01
    endloop
  endfacet
  facet normal 4.996530e-01 8.662257e-01 1.164779e-16
    outer loop
      vertex   1.179644e+00 1.805142e+01 3.556000e+00
      vertex   1.179644e+00 1.805142e+01 -2.540000e-01
      vertex   9.085549e-01 1.820779e+01 3.556000e+00
    endloop
  endfacet
  facet normal 4.996530e-01 8.662257e-01 5.823897e-17
    outer loop
      vertex   9.085549e-01 1.820779e+01 3.556000e+00
      vertex   1.179644e+00 1.805142e+01 -2.540000e-01
      vertex   9.085549e-01 1.820779e+01 -2.540000e-01
    endloop
  endfacet
  facet normal 3.650746e-01 9.309783e-01 4.255267e-17
    outer loop
      vertex   9.085549e-01 1.820779e+01 3.556000e+00
      vertex   9.085549e-01 1.820779e+01 -2.540000e-01
      vertex   6.172010e-01 1.832204e+01 3.556000e+00
    endloop
  endfacet
  facet normal 3.650746e-01 9.309783e-01 8.510535e-17
    outer loop
      vertex   6.172010e-01 1.832204e+01 3.556000e+00
      vertex   9.085549e-01 1.820779e+01 -2.540000e-01
      vertex   6.172010e-01 1.832204e+01 -2.540000e-01
    endloop
  endfacet
  facet normal 2.223535e-01 9.749661e-01 5.183454e-17
    outer loop
      vertex   6.172010e-01 1.832204e+01 3.556000e+00
      vertex   6.172010e-01 1.832204e+01 -2.540000e-01
      vertex   3.120808e-01 1.839163e+01 3.556000e+00
    endloop
  endfacet
  facet normal 2.223535e-01 9.749661e-01 4.535522e-17
    outer loop
      vertex   3.120808e-01 1.839163e+01 3.556000e+00
      vertex   6.172010e-01 1.832204e+01 -2.540000e-01
      vertex   3.120808e-01 1.839163e+01 -2.540000e-01
    endloop
  endfacet
  facet normal 7.467301e-02 9.972081e-01 1.523165e-17
    outer loop
      vertex   3.120808e-01 1.839163e+01 3.556000e+00
      vertex   3.120808e-01 1.839163e+01 -2.540000e-01
      vertex   1.238662e-12 1.841500e+01 3.556000e+00
    endloop
  endfacet
  facet normal 7.467301e-02 9.972081e-01 1.631963e-17
    outer loop
      vertex   1.238662e-12 1.841500e+01 3.556000e+00
      vertex   3.120808e-01 1.839163e+01 -2.540000e-01
      vertex   1.239495e-12 1.841500e+01 -2.540000e-01
    endloop
  endfacet
  facet normal -7.467301e-02 9.972081e-01 -1.631963e-17
    outer loop
      vertex   1.238662e-12 1.841500e+01 3.556000e+00
      vertex   1.239495e-12 1.841500e+01 -2.540000e-01
      vertex   -3.120808e-01 1.839163e+01 3.556000e+00
    endloop
  endfacet
  facet normal -7.467301e-02 9.972081e-01 9.298674e-16
    outer loop
      vertex   -3.120808e-01 1.839163e+01 3.556000e+00
      vertex   1.239495e-12 1.841500e+01 -2.540000e-01
      vertex   -3.120808e-01 1.839163e+01 -2.540000e-01
    endloop
  endfacet
  facet normal -2.223535e-01 9.749661e-01 9.091274e-16
    outer loop
      vertex   -3.120808e-01 1.839163e+01 3.556000e+00
      vertex   -3.120808e-01 1.839163e+01 -2.540000e-01
      vertex   -6.172010e-01 1.832204e+01 3.556000e+00
    endloop
  endfacet
  facet normal -2.223535e-01 9.749661e-01 -1.943795e-17
    outer loop
      vertex   -6.172010e-01 1.832204e+01 3.556000e+00
      vertex   -3.120808e-01 1.839163e+01 -2.540000e-01
      vertex   -6.172010e-01 1.832204e+01 -2.540000e-01
    endloop
  endfacet
  facet normal -3.650746e-01 9.309783e-01 -3.191450e-17
    outer loop
      vertex   -6.172010e-01 1.832204e+01 3.556000e+00
      vertex   -6.172010e-01 1.832204e+01 -2.540000e-01
      vertex   -9.085549e-01 1.820779e+01 3.556000e+00
    endloop
  endfacet
  facet normal -3.650746e-01 9.309783e-01 -4.255267e-17
    outer loop
      vertex   -9.085549e-01 1.820779e+01 3.556000e+00
      vertex   -6.172010e-01 1.832204e+01 -2.540000e-01
      vertex   -9.085549e-01 1.820779e+01 -2.540000e-01
    endloop
  endfacet
  facet normal -4.996530e-01 8.662257e-01 -5.823897e-17
    outer loop
      vertex   -9.085549e-01 1.820779e+01 3.556000e+00
      vertex   -9.085549e-01 1.820779e+01 -2.540000e-01
      vertex   -1.179644e+00 1.805142e+01 3.556000e+00
    endloop
  endfacet
  facet normal -4.996530e-01 8.662257e-01 -8.735846e-17
    outer loop
      vertex   -1.179644e+00 1.805142e+01 3.556000e+00
      vertex   -9.085549e-01 1.820779e+01 -2.540000e-01
      vertex   -1.179644e+00 1.805142e+01 -2.540000e-01
    endloop
  endfacet
  facet normal -6.230869e-01 7.821526e-01 -1.089394e-16
    outer loop
      vertex   -1.179644e+00 1.805142e+01 3.556000e+00
      vertex   -1.179644e+00 1.805142e+01 -2.540000e-01
      vertex   -1.424422e+00 1.785643e+01 3.556000e+00
    endloop
  endfacet
  facet normal -6.230869e-01 7.821526e-01 0.000000e+00
    outer loop
      vertex   -1.424422e+00 1.785643e+01 3.556000e+00
      vertex   -1.179644e+00 1.805142e+01 -2.540000e-01
      vertex   -1.424422e+00 1.785643e+01 -2.540000e-01
    endloop
  endfacet
  facet normal -7.326235e-01 6.806342e-01 0.000000e+00
    outer loop
      vertex   -1.424422e+00 1.785643e+01 3.556000e+00
      vertex   -1.424422e+00 1.785643e+01 -2.540000e-01
      vertex   -1.637430e+00 1.762715e+01 3.556000e+00
    endloop
  endfacet
  facet normal -7.326235e-01 6.806342e-01 0.000000e+00
    outer loop
      vertex   -1.637430e+00 1.762715e+01 3.556000e+00
      vertex   -1.424422e+00 1.785643e+01 -2.540000e-01
      vertex   -1.637430e+00 1.762715e+01 -2.540000e-01
    endloop
  endfacet
  facet normal -8.258194e-01 5.639347e-01 0.000000e+00
    outer loop
      vertex   -1.637430e+00 1.762715e+01 3.556000e+00
      vertex   -1.637430e+00 1.762715e+01 -2.540000e-01
      vertex   -1.813916e+00 1.736870e+01 3.556000e+00
    endloop
  endfacet
  facet normal -8.258194e-01 5.639347e-01 -6.221092e-16
    outer loop
      vertex   -1.813916e+00 1.736870e+01 3.556000e+00
      vertex   -1.637430e+00 1.762715e+01 -2.540000e-01
      vertex   -1.813916e+00 1.736870e+01 -2.540000e-01
    endloop
  endfacet
  facet normal -9.005960e-01 4.346572e-01 -5.102775e-16
    outer loop
      vertex   -1.813916e+00 1.736870e+01 3.556000e+00
      vertex   -1.813916e+00 1.736870e+01 -2.540000e-01
      vertex   -1.949944e+00 1.708686e+01 3.556000e+00
    endloop
  endfacet
  facet normal -9.005960e-01 4.346572e-01 0.000000e+00
    outer loop
      vertex   -1.949944e+00 1.708686e+01 3.556000e+00
      vertex   -1.813916e+00 1.736870e+01 -2.540000e-01
      vertex   -1.949944e+00 1.708686e+01 -2.540000e-01
    endloop
  endfacet
  facet normal -9.552855e-01 2.956849e-01 0.000000e+00
    outer loop
      vertex   -1.949944e+00 1.708686e+01 3.556000e+00
      vertex   -1.949944e+00 1.708686e+01 -2.540000e-01
      vertex   -2.042480e+00 1.678790e+01 -2.540000e-01
    endloop
  endfacet
  facet normal -9.552855e-01 2.956849e-01 0.000000e+00
    outer loop
      vertex   -2.042480e+00 1.678790e+01 -2.540000e-01
      vertex   -2.042480e+00 1.678790e+01 7.366000e+00
      vertex   -1.949944e+00 1.708686e+01 3.556000e+00
    endloop
  endfacet
  facet normal -9.552855e-01 2.956849e-01 1.643706e-16
    outer loop
      vertex   -1.949944e+00 1.708686e+01 3.556000e+00
      vertex   -2.042480e+00 1.678790e+01 7.366000e+00
      vertex   -1.949944e+00 1.708686e+01 7.366000e+00
    endloop
  endfacet
  facet normal -9.005960e-01 4.346572e-01 3.003327e-16
    outer loop
      vertex   -1.949944e+00 1.708686e+01 3.556000e+00
      vertex   -1.949944e+00 1.708686e+01 7.366000e+00
      vertex   -1.813916e+00 1.736870e+01 3.556000e+00
    endloop
  endfacet
  facet normal -9.005960e-01 4.346572e-01 -1.049724e-16
    outer loop
      vertex   -1.813916e+00 1.736870e+01 3.556000e+00
      vertex   -1.949944e+00 1.708686e+01 7.366000e+00
      vertex   -1.813916e+00 1.736870e+01 7.366000e+00
    endloop
  endfacet
  facet normal -8.258194e-01 5.639347e-01 -9.625655e-17
    outer loop
      vertex   -1.813916e+00 1.736870e+01 3.556000e+00
      vertex   -1.813916e+00 1.736870e+01 7.366000e+00
      vertex   -1.637430e+00 1.762715e+01 3.556000e+00
    endloop
  endfacet
  facet normal -8.258194e-01 5.639347e-01 -1.925131e-16
    outer loop
      vertex   -1.637430e+00 1.762715e+01 3.556000e+00
      vertex   -1.813916e+00 1.736870e+01 7.366000e+00
      vertex   -1.637430e+00 1.762715e+01 7.366000e+00
    endloop
  endfacet
  facet normal -7.326235e-01 6.806342e-01 -1.707875e-16
    outer loop
      vertex   -1.637430e+00 1.762715e+01 3.556000e+00
      vertex   -1.637430e+00 1.762715e+01 7.366000e+00
      vertex   -1.424422e+00 1.785643e+01 3.556000e+00
    endloop
  endfacet
  facet normal -7.326235e-01 6.806342e-01 -1.280906e-16
    outer loop
      vertex   -1.424422e+00 1.785643e+01 3.556000e+00
      vertex   -1.637430e+00 1.762715e+01 7.366000e+00
      vertex   -1.424422e+00 1.785643e+01 7.366000e+00
    endloop
  endfacet
  facet normal -6.230869e-01 7.821526e-01 -1.089394e-16
    outer loop
      vertex   -1.424422e+00 1.785643e+01 3.556000e+00
      vertex   -1.424422e+00 1.785643e+01 7.366000e+00
      vertex   -1.179644e+00 1.805142e+01 3.556000e+00
    endloop
  endfacet
  facet normal -6.230869e-01 7.821526e-01 -3.631315e-17
    outer loop
      vertex   -1.179644e+00 1.805142e+01 3.556000e+00
      vertex   -1.424422e+00 1.785643e+01 7.366000e+00
      vertex   -1.179644e+00 1.805142e+01 7.366000e+00
    endloop
  endfacet
  facet normal -4.996530e-01 8.662257e-01 -2.911949e-17
    outer loop
      vertex   -1.179644e+00 1.805142e+01 3.556000e+00
      vertex   -1.179644e+00 1.805142e+01 7.366000e+00
      vertex   -9.085549e-01 1.820779e+01 3.556000e+00
    endloop
  endfacet
  facet normal -4.996530e-01 8.662257e-01 -4.367923e-17
    outer loop
      vertex   -9.085549e-01 1.820779e+01 3.556000e+00
      vertex   -1.179644e+00 1.805142e+01 7.366000e+00
      vertex   -9.085549e-01 1.820779e+01 7.366000e+00
    endloop
  endfacet
  facet normal -3.650746e-01 9.309783e-01 -3.191450e-17
    outer loop
      vertex   -9.085549e-01 1.820779e+01 3.556000e+00
      vertex   -9.085549e-01 1.820779e+01 7.366000e+00
      vertex   -6.172010e-01 1.832204e+01 3.556000e+00
    endloop
  endfacet
  facet normal -3.650746e-01 9.309783e-01 -3.191450e-17
    outer loop
      vertex   -6.172010e-01 1.832204e+01 3.556000e+00
      vertex   -9.085549e-01 1.820779e+01 7.366000e+00
      vertex   -6.172010e-01 1.832204e+01 7.366000e+00
    endloop
  endfacet
  facet normal -2.223535e-01 9.749661e-01 -1.943795e-17
    outer loop
      vertex   -6.172010e-01 1.832204e+01 3.556000e+00
      vertex   -6.172010e-01 1.832204e+01 7.366000e+00
      vertex   -3.120808e-01 1.839163e+01 3.556000e+00
    endloop
  endfacet
  facet normal -2.223535e-01 9.749661e-01 -9.480033e-16
    outer loop
      vertex   -3.120808e-01 1.839163e+01 3.556000e+00
      vertex   -6.172010e-01 1.832204e+01 7.366000e+00
      vertex   -3.120808e-01 1.839163e+01 7.366000e+00
    endloop
  endfacet
  facet normal -7.467301e-02 9.972081e-01 -9.429231e-16
    outer loop
      vertex   -3.120808e-01 1.839163e+01 3.556000e+00
      vertex   -3.120808e-01 1.839163e+01 7.366000e+00
      vertex   1.238662e-12 1.841500e+01 3.556000e+00
    endloop
  endfacet
  facet normal -7.467301e-02 9.972081e-01 -9.339473e-16
    outer loop
      vertex   1.238662e-12 1.841500e+01 3.556000e+00
      vertex   -3.120808e-01 1.839163e+01 7.366000e+00
      vertex   1.238454e-12 1.841500e+01 7.366000e+00
    endloop
  endfacet
  facet normal 7.467301e-02 9.972081e-01 -9.257875e-16
    outer loop
      vertex   1.238662e-12 1.841500e+01 3.556000e+00
      vertex   1.238454e-12 1.841500e+01 7.366000e+00
      vertex   3.120808e-01 1.839163e+01 3.556000e+00
    endloop
  endfacet
  facet normal 7.467301e-02 9.972081e-01 -9.276914e-16
    outer loop
      vertex   3.120808e-01 1.839163e+01 3.556000e+00
      vertex   1.238454e-12 1.841500e+01 7.366000e+00
      vertex   3.120808e-01 1.839163e+01 7.366000e+00
    endloop
  endfacet
  facet normal 2.223535e-01 9.749661e-01 -9.026481e-16
    outer loop
      vertex   3.120808e-01 1.839163e+01 3.556000e+00
      vertex   3.120808e-01 1.839163e+01 7.366000e+00
      vertex   6.172010e-01 1.832204e+01 3.556000e+00
    endloop
  endfacet
  facet normal 2.223535e-01 9.749661e-01 -9.026481e-16
    outer loop
      vertex   6.172010e-01 1.832204e+01 3.556000e+00
      vertex   3.120808e-01 1.839163e+01 7.366000e+00
      vertex   6.172010e-01 1.832204e+01 7.366000e+00
    endloop
  endfacet
  facet normal 3.650746e-01 9.309783e-01 -8.574719e-16
    outer loop
      vertex   6.172010e-01 1.832204e+01 3.556000e+00
      vertex   6.172010e-01 1.832204e+01 7.366000e+00
      vertex   9.085549e-01 1.820779e+01 3.556000e+00
    endloop
  endfacet
  facet normal 3.650746e-01 9.309783e-01 3.191450e-17
    outer loop
      vertex   9.085549e-01 1.820779e+01 3.556000e+00
      vertex   6.172010e-01 1.832204e+01 7.366000e+00
      vertex   9.085549e-01 1.820779e+01 7.366000e+00
    endloop
  endfacet
  facet normal 4.996530e-01 8.662257e-01 4.367923e-17
    outer loop
      vertex   9.085549e-01 1.820779e+01 3.556000e+00
      vertex   9.085549e-01 1.820779e+01 7.366000e+00
      vertex   1.179644e+00 1.805142e+01 3.556000e+00
    endloop
  endfacet
  facet normal 4.996530e-01 8.662257e-01 -7.203717e-16
    outer loop
      vertex   1.179644e+00 1.805142e+01 3.556000e+00
      vertex   9.085549e-01 1.820779e+01 7.366000e+00
      vertex   1.179644e+00 1.805142e+01 7.366000e+00
    endloop
  endfacet
  facet normal 6.230869e-01 7.821526e-01 -6.203950e-16
    outer loop
      vertex   1.179644e+00 1.805142e+01 3.556000e+00
      vertex   1.179644e+00 1.805142e+01 7.366000e+00
      vertex   1.424422e+00 1.785643e+01 3.556000e+00
    endloop
  endfacet
  facet normal 6.230869e-01 7.821526e-01 -7.293344e-16
    outer loop
      vertex   1.424422e+00 1.785643e+01 3.556000e+00
      vertex   1.179644e+00 1.805142e+01 7.366000e+00
      vertex   1.424422e+00 1.785643e+01 7.366000e+00
    endloop
  endfacet
  facet normal 7.326235e-01 6.806342e-01 -6.346715e-16
    outer loop
      vertex   1.424422e+00 1.785643e+01 3.556000e+00
      vertex   1.424422e+00 1.785643e+01 7.366000e+00
      vertex   1.637430e+00 1.762715e+01 3.556000e+00
    endloop
  endfacet
  facet normal 7.326235e-01 6.806342e-01 -8.539375e-17
    outer loop
      vertex   1.637430e+00 1.762715e+01 3.556000e+00
      vertex   1.424422e+00 1.785643e+01 7.366000e+00
      vertex   1.637430e+00 1.762715e+01 7.366000e+00
    endloop
  endfacet
  facet normal 8.258194e-01 5.639347e-01 -9.625655e-17
    outer loop
      vertex   1.637430e+00 1.762715e+01 3.556000e+00
      vertex   1.637430e+00 1.762715e+01 7.366000e+00
      vertex   1.813916e+00 1.736870e+01 3.556000e+00
    endloop
  endfacet
  facet normal 8.258194e-01 5.639347e-01 9.625655e-17
    outer loop
      vertex   1.813916e+00 1.736870e+01 3.556000e+00
      vertex   1.637430e+00 1.762715e+01 7.366000e+00
      vertex   1.813916e+00 1.736870e+01 7.366000e+00
    endloop
  endfacet
  facet normal 9.005960e-01 4.346572e-01 1.049724e-16
    outer loop
      vertex   1.813916e+00 1.736870e+01 3.556000e+00
      vertex   1.813916e+00 1.736870e+01 7.366000e+00
      vertex   1.949944e+00 1.708686e+01 3.556000e+00
    endloop
  endfacet
  facet normal 9.005960e-01 4.346572e-01 -6.152500e-16
    outer loop
      vertex   1.949944e+00 1.708686e+01 3.556000e+00
      vertex   1.813916e+00 1.736870e+01 7.366000e+00
      vertex   1.949944e+00 1.708686e+01 7.366000e+00
    endloop
  endfacet
  facet normal 9.552855e-01 2.956849e-01 -4.984115e-16
    outer loop
      vertex   1.949944e+00 1.708686e+01 3.556000e+00
      vertex   1.949944e+00 1.708686e+01 7.366000e+00
      vertex   2.042480e+00 1.678790e+01 7.366000e+00
    endloop
  endfacet
  facet normal 9.746981e-01 2.235253e-01 -0.000000e+00
    outer loop
      vertex   3.810000e+00 9.080500e+00 -2.540000e-01
      vertex   2.042480e+00 1.678790e+01 -2.540000e-01
      vertex   3.810000e+00 9.080500e+00 7.366000e+00
    endloop
  endfacet
  facet normal 9.746981e-01 2.235253e-01 -8.844207e-17
    outer loop
      vertex   3.810000e+00 9.080500e+00 7.366000e+00
      vertex   2.042480e+00 1.678790e+01 -2.540000e-01
      vertex   2.042480e+00 1.678790e+01 7.366000e+00
    endloop
  endfacet
  facet normal 9.945686e-01 1.040828e-01 2.426353e-17
    outer loop
      vertex   4.059215e+00 6.699113e+00 -2.540000e-01
      vertex   3.810000e+00 9.080500e+00 -2.540000e-01
      vertex   4.059215e+00 6.699113e+00 7.366000e+00
    endloop
  endfacet
  facet normal 9.945686e-01 1.040828e-01 0.000000e+00
    outer loop
      vertex   4.059215e+00 6.699113e+00 7.366000e+00
      vertex   3.810000e+00 9.080500e+00 -2.540000e-01
      vertex   3.810000e+00 9.080500e+00 7.366000e+00
    endloop
  endfacet
  facet normal 7.535929e-01 6.573415e-01 -1.002353e-12
    outer loop
      vertex   4.789368e+00 5.167432e+00 7.366000e+00
      vertex   4.789368e+00 5.167432e+00 -2.540000e-01
      vertex   4.562096e+00 5.427983e+00 7.366000e+00
    endloop
  endfacet
  facet normal 7.535929e-01 6.573415e-01 0.000000e+00
    outer loop
      vertex   4.562096e+00 5.427983e+00 7.366000e+00
      vertex   4.789368e+00 5.167432e+00 -2.540000e-01
      vertex   4.562096e+00 5.427983e+00 -2.540000e-01
    endloop
  endfacet
  facet normal 8.358812e-01 5.489104e-01 0.000000e+00
    outer loop
      vertex   4.562096e+00 5.427983e+00 7.366000e+00
      vertex   4.562096e+00 5.427983e+00 -2.540000e-01
      vertex   4.372313e+00 5.716984e+00 7.366000e+00
    endloop
  endfacet
  facet normal 8.358812e-01 5.489104e-01 6.398037e-17
    outer loop
      vertex   4.372313e+00 5.716984e+00 7.366000e+00
      vertex   4.562096e+00 5.427983e+00 -2.540000e-01
      vertex   4.372313e+00 5.716984e+00 -2.540000e-01
    endloop
  endfacet
  facet normal 9.026817e-01 4.303088e-01 5.015630e-17
    outer loop
      vertex   4.372313e+00 5.716984e+00 7.366000e+00
      vertex   4.372313e+00 5.716984e+00 -2.540000e-01
      vertex   4.223536e+00 6.029082e+00 7.366000e+00
    endloop
  endfacet
  facet normal 9.026817e-01 4.303088e-01 1.003126e-16
    outer loop
      vertex   4.223536e+00 6.029082e+00 7.366000e+00
      vertex   4.372313e+00 5.716984e+00 -2.540000e-01
      vertex   4.223536e+00 6.029082e+00 -2.540000e-01
    endloop
  endfacet
  facet normal 9.527568e-01 3.037342e-01 7.080582e-17
    outer loop
      vertex   4.223536e+00 6.029082e+00 7.366000e+00
      vertex   4.223536e+00 6.029082e+00 -2.540000e-01
      vertex   4.118521e+00 6.358493e+00 7.366000e+00
    endloop
  endfacet
  facet normal 9.527568e-01 3.037342e-01 7.080582e-17
    outer loop
      vertex   4.118521e+00 6.358493e+00 7.366000e+00
      vertex   4.223536e+00 6.029082e+00 -2.540000e-01
      vertex   4.118521e+00 6.358493e+00 -2.540000e-01
    endloop
  endfacet
  facet normal 9.851786e-01 1.715318e-01 3.998709e-17
    outer loop
      vertex   4.118521e+00 6.358493e+00 7.366000e+00
      vertex   4.118521e+00 6.358493e+00 -2.540000e-01
      vertex   4.059215e+00 6.699113e+00 7.366000e+00
    endloop
  endfacet
  facet normal 9.851786e-01 1.715318e-01 3.998709e-17
    outer loop
      vertex   4.059215e+00 6.699113e+00 7.366000e+00
      vertex   4.118521e+00 6.358493e+00 -2.540000e-01
      vertex   4.059215e+00 6.699113e+00 -2.540000e-01
    endloop
  endfacet
  facet normal 7.071068e-01 7.071068e-01 -1.648391e-16
    outer loop
      vertex   5.167432e+00 4.789368e+00 -2.540000e-01
      vertex   4.789368e+00 5.167432e+00 -2.540000e-01
      vertex   5.167432e+00 4.789368e+00 7.366000e+00
    endloop
  endfacet
  facet normal 7.071068e-01 7.071068e-01 -1.004693e-12
    outer loop
      vertex   5.167432e+00 4.789368e+00 7.366000e+00
      vertex   4.789368e+00 5.167432e+00 -2.540000e-01
      vertex   4.789368e+00 5.167432e+00 7.366000e+00
    endloop
  endfacet
  facet normal 7.610143e-01 -6.487351e-01 0.000000e+00
    outer loop
      vertex   5.167432e+00 -4.789368e+00 -2.540000e-01
      vertex   5.546920e+00 -4.344201e+00 -2.540000e-01
      vertex   5.167432e+00 -4.789368e+00 2.286000e+00
    endloop
  endfacet
  facet normal 7.610143e-01 -6.487351e-01 7.472164e-17
    outer loop
      vertex   5.167432e+00 -4.789368e+00 2.286000e+00
      vertex   5.546920e+00 -4.344201e+00 -2.540000e-01
      vertex   5.546920e+00 -4.344201e+00 7.366000e+00
    endloop
  endfacet
  facet normal 7.610143e-01 -6.487351e-01 -1.330544e-16
    outer loop
      vertex   5.167432e+00 -4.789368e+00 2.286000e+00
      vertex   5.546920e+00 -4.344201e+00 7.366000e+00
      vertex   5.167432e+00 -4.789368e+00 7.366000e+00
    endloop
  endfacet
  facet normal 8.122066e-01 -5.833699e-01 6.799693e-17
    outer loop
      vertex   5.546920e+00 -4.344201e+00 7.366000e+00
      vertex   5.546920e+00 -4.344201e+00 -2.540000e-01
      vertex   5.888171e+00 -3.869088e+00 7.366000e+00
    endloop
  endfacet
  facet normal 8.122066e-01 -5.833699e-01 3.399846e-17
    outer loop
      vertex   5.888171e+00 -3.869088e+00 7.366000e+00
      vertex   5.546920e+00 -4.344201e+00 -2.540000e-01
      vertex   5.888171e+00 -3.869088e+00 -2.540000e-01
    endloop
  endfacet
  facet normal 8.578001e-01 -5.139834e-01 2.995466e-17
    outer loop
      vertex   5.888171e+00 -3.869088e+00 7.366000e+00
      vertex   5.888171e+00 -3.869088e+00 -2.540000e-01
      vertex   6.188833e+00 -3.367305e+00 7.366000e+00
    endloop
  endfacet
  facet normal 8.578001e-01 -5.139834e-01 0.000000e+00
    outer loop
      vertex   6.188833e+00 -3.367305e+00 7.366000e+00
      vertex   5.888171e+00 -3.869088e+00 -2.540000e-01
      vertex   6.188833e+00 -3.367305e+00 -2.540000e-01
    endloop
  endfacet
  facet normal 8.974807e-01 -4.410538e-01 0.000000e+00
    outer loop
      vertex   6.188833e+00 -3.367305e+00 7.366000e+00
      vertex   6.188833e+00 -3.367305e+00 -2.540000e-01
      vertex   6.446834e+00 -2.842310e+00 7.366000e+00
    endloop
  endfacet
  facet normal 8.974807e-01 -4.410538e-01 -1.303137e-16
    outer loop
      vertex   6.446834e+00 -2.842310e+00 7.366000e+00
      vertex   6.188833e+00 -3.367305e+00 -2.540000e-01
      vertex   6.446834e+00 -2.842310e+00 -2.540000e-01
    endloop
  endfacet
  facet normal 9.309746e-01 -3.650840e-01 -1.297902e-16
    outer loop
      vertex   6.446834e+00 -2.842310e+00 7.366000e+00
      vertex   6.446834e+00 -2.842310e+00 -2.540000e-01
      vertex   6.660396e+00 -2.297722e+00 7.366000e+00
    endloop
  endfacet
  facet normal 9.309746e-01 -3.650840e-01 2.127688e-17
    outer loop
      vertex   6.660396e+00 -2.297722e+00 7.366000e+00
      vertex   6.446834e+00 -2.842310e+00 -2.540000e-01
      vertex   6.660396e+00 -2.297722e+00 -2.540000e-01
    endloop
  endfacet
  facet normal 9.580511e-01 -2.865975e-01 1.670274e-17
    outer loop
      vertex   6.660396e+00 -2.297722e+00 7.366000e+00
      vertex   6.660396e+00 -2.297722e+00 -2.540000e-01
      vertex   6.828045e+00 -1.737296e+00 7.366000e+00
    endloop
  endfacet
  facet normal 9.580511e-01 -2.865975e-01 1.670274e-17
    outer loop
      vertex   6.828045e+00 -1.737296e+00 7.366000e+00
      vertex   6.660396e+00 -2.297722e+00 -2.540000e-01
      vertex   6.828045e+00 -1.737296e+00 -2.540000e-01
    endloop
  endfacet
  facet normal 9.785235e-01 -2.061354e-01 1.201345e-17
    outer loop
      vertex   6.828045e+00 -1.737296e+00 7.366000e+00
      vertex   6.828045e+00 -1.737296e+00 -2.540000e-01
      vertex   6.948627e+00 -1.164893e+00 7.366000e+00
    endloop
  endfacet
  facet normal 9.785235e-01 -2.061354e-01 2.402690e-17
    outer loop
      vertex   6.948627e+00 -1.164893e+00 7.366000e+00
      vertex   6.828045e+00 -1.737296e+00 -2.540000e-01
      vertex   6.948627e+00 -1.164893e+00 -2.540000e-01
    endloop
  endfacet
  facet normal 9.922506e-01 -1.242524e-01 1.448271e-17
    outer loop
      vertex   6.948627e+00 -1.164893e+00 7.366000e+00
      vertex   6.948627e+00 -1.164893e+00 -2.540000e-01
      vertex   7.021311e+00 -5.844611e-01 7.366000e+00
    endloop
  endfacet
  facet normal 9.922506e-01 -1.242524e-01 1.086203e-17
    outer loop
      vertex   7.021311e+00 -5.844611e-01 7.366000e+00
      vertex   6.948627e+00 -1.164893e+00 -2.540000e-01
      vertex   7.021311e+00 -5.844611e-01 -2.540000e-01
    endloop
  endfacet
  facet normal 9.991380e-01 -4.151284e-02 3.629017e-18
    outer loop
      vertex   7.021311e+00 -5.844611e-01 7.366000e+00
      vertex   7.021311e+00 -5.844611e-01 -2.540000e-01
      vertex   7.045594e+00 -1.027900e-11 7.366000e+00
    endloop
  endfacet
  facet normal 9.991380e-01 -4.151284e-02 1.175961e-16
    outer loop
      vertex   7.045594e+00 -1.027900e-11 7.366000e+00
      vertex   7.021311e+00 -5.844611e-01 -2.540000e-01
      vertex   7.045594e+00 -1.027921e-11 -2.540000e-01
    endloop
  endfacet
  facet normal 9.991380e-01 4.151284e-02 1.153206e-16
    outer loop
      vertex   7.045594e+00 -1.027900e-11 7.366000e+00
      vertex   7.045594e+00 -1.027921e-11 -2.540000e-01
      vertex   7.021311e+00 5.844611e-01 7.366000e+00
    endloop
  endfacet
  facet normal 9.991380e-01 4.151284e-02 2.304974e-16
    outer loop
      vertex   7.021311e+00 5.844611e-01 7.366000e+00
      vertex   7.045594e+00 -1.027921e-11 -2.540000e-01
      vertex   7.021311e+00 5.844611e-01 -2.540000e-01
    endloop
  endfacet
  facet normal 9.922506e-01 1.242524e-01 2.240698e-16
    outer loop
      vertex   7.021311e+00 5.844611e-01 7.366000e+00
      vertex   7.021311e+00 5.844611e-01 -2.540000e-01
      vertex   6.948627e+00 1.164893e+00 7.366000e+00
    endloop
  endfacet
  facet normal 9.922506e-01 1.242524e-01 2.240698e-16
    outer loop
      vertex   6.948627e+00 1.164893e+00 7.366000e+00
      vertex   7.021311e+00 5.844611e-01 -2.540000e-01
      vertex   6.948627e+00 1.164893e+00 -2.540000e-01
    endloop
  endfacet
  facet normal 9.785235e-01 2.061354e-01 2.160977e-16
    outer loop
      vertex   6.948627e+00 1.164893e+00 7.366000e+00
      vertex   6.948627e+00 1.164893e+00 -2.540000e-01
      vertex   6.828045e+00 1.737296e+00 7.366000e+00
    endloop
  endfacet
  facet normal 9.785235e-01 2.061354e-01 1.080488e-16
    outer loop
      vertex   6.828045e+00 1.737296e+00 7.366000e+00
      vertex   6.948627e+00 1.164893e+00 -2.540000e-01
      vertex   6.828045e+00 1.737296e+00 -2.540000e-01
    endloop
  endfacet
  facet normal 9.580511e-01 2.865975e-01 1.033180e-16
    outer loop
      vertex   6.828045e+00 1.737296e+00 7.366000e+00
      vertex   6.828045e+00 1.737296e+00 -2.540000e-01
      vertex   6.660396e+00 2.297722e+00 7.366000e+00
    endloop
  endfacet
  facet normal 9.580511e-01 2.865975e-01 7.826386e-17
    outer loop
      vertex   6.660396e+00 2.297722e+00 7.366000e+00
      vertex   6.828045e+00 1.737296e+00 -2.540000e-01
      vertex   6.660396e+00 2.297722e+00 -2.540000e-01
    endloop
  endfacet
  facet normal 9.309746e-01 3.650840e-01 6.595956e-17
    outer loop
      vertex   6.660396e+00 2.297722e+00 7.366000e+00
      vertex   6.660396e+00 2.297722e+00 -2.540000e-01
      vertex   6.446834e+00 2.842310e+00 7.366000e+00
    endloop
  endfacet
  facet normal 9.309746e-01 3.650840e-01 8.723644e-17
    outer loop
      vertex   6.446834e+00 2.842310e+00 7.366000e+00
      vertex   6.660396e+00 2.297722e+00 -2.540000e-01
      vertex   6.446834e+00 2.842310e+00 -2.540000e-01
    endloop
  endfacet
  facet normal 8.974807e-01 4.410538e-01 7.890495e-17
    outer loop
      vertex   6.446834e+00 2.842310e+00 7.366000e+00
      vertex   6.446834e+00 2.842310e+00 -2.540000e-01
      vertex   6.188833e+00 3.367305e+00 7.366000e+00
    endloop
  endfacet
  facet normal 8.974807e-01 4.410538e-01 1.046093e-16
    outer loop
      vertex   6.188833e+00 3.367305e+00 7.366000e+00
      vertex   6.446834e+00 2.842310e+00 -2.540000e-01
      vertex   6.188833e+00 3.367305e+00 -2.540000e-01
    endloop
  endfacet
  facet normal 8.578001e-01 5.139834e-01 9.998420e-17
    outer loop
      vertex   6.188833e+00 3.367305e+00 7.366000e+00
      vertex   6.188833e+00 3.367305e+00 -2.540000e-01
      vertex   5.888171e+00 3.869088e+00 7.366000e+00
    endloop
  endfacet
  facet normal 8.578001e-01 5.139834e-01 0.000000e+00
    outer loop
      vertex   5.888171e+00 3.869088e+00 7.366000e+00
      vertex   6.188833e+00 3.367305e+00 -2.540000e-01
      vertex   5.888171e+00 3.869088e+00 -2.540000e-01
    endloop
  endfacet
  facet normal 8.122066e-01 5.833699e-01 0.000000e+00
    outer loop
      vertex   5.888171e+00 3.869088e+00 7.366000e+00
      vertex   5.888171e+00 3.869088e+00 -2.540000e-01
      vertex   5.546920e+00 4.344201e+00 7.366000e+00
    endloop
  endfacet
  facet normal 8.122066e-01 5.833699e-01 9.466986e-17
    outer loop
      vertex   5.546920e+00 4.344201e+00 7.366000e+00
      vertex   5.888171e+00 3.869088e+00 -2.540000e-01
      vertex   5.546920e+00 4.344201e+00 -2.540000e-01
    endloop
  endfacet
  facet normal 7.610143e-01 6.487351e-01 8.870295e-17
    outer loop
      vertex   5.546920e+00 4.344201e+00 7.366000e+00
      vertex   5.546920e+00 4.344201e+00 -2.540000e-01
      vertex   5.167432e+00 4.789368e+00 7.366000e+00
    endloop
  endfacet
  facet normal 7.610143e-01 6.487351e-01 -1.512316e-16
    outer loop
      vertex   5.167432e+00 4.789368e+00 7.366000e+00
      vertex   5.546920e+00 4.344201e+00 -2.540000e-01
      vertex   5.167432e+00 4.789368e+00 -2.540000e-01
    endloop
  endfacet
  facet normal 7.071068e-01 -7.071068e-01 0.000000e+00
    outer loop
      vertex   4.789368e+00 -5.167432e+00 -2.540000e-01
      vertex   5.167432e+00 -4.789368e+00 -2.540000e-01
      vertex   4.789368e+00 -5.167432e+00 2.286000e+00
    endloop
  endfacet
  facet normal 7.071068e-01 -7.071068e-01 0.000000e+00
    outer loop
      vertex   4.789368e+00 -5.167432e+00 2.286000e+00
      vertex   5.167432e+00 -4.789368e+00 -2.540000e-01
      vertex   5.167432e+00 -4.789368e+00 2.286000e+00
    endloop
  endfacet
  facet normal 9.851786e-01 -1.715318e-01 9.483774e-17
    outer loop
      vertex   4.059215e+00 -6.699113e+00 7.366000e+00
      vertex   4.059215e+00 -6.699113e+00 -2.540000e-01
      vertex   4.118521e+00 -6.358493e+00 7.366000e+00
    endloop
  endfacet
  facet normal 9.851786e-01 -1.715318e-01 0.000000e+00
    outer loop
      vertex   4.118521e+00 -6.358493e+00 7.366000e+00
      vertex   4.059215e+00 -6.699113e+00 -2.540000e-01
      vertex   4.118521e+00 -6.358493e+00 -2.540000e-01
    endloop
  endfacet
  facet normal 9.527568e-01 -3.037342e-01 0.000000e+00
    outer loop
      vertex   4.118521e+00 -6.358493e+00 7.366000e+00
      vertex   4.118521e+00 -6.358493e+00 -2.540000e-01
      vertex   4.223536e+00 -6.029082e+00 7.366000e+00
    endloop
  endfacet
  facet normal 9.527568e-01 -3.037342e-01 0.000000e+00
    outer loop
      vertex   4.223536e+00 -6.029082e+00 7.366000e+00
      vertex   4.118521e+00 -6.358493e+00 -2.540000e-01
      vertex   4.223536e+00 -6.029082e+00 -2.540000e-01
    endloop
  endfacet
  facet normal 9.026817e-01 -4.303088e-01 0.000000e+00
    outer loop
      vertex   4.223536e+00 -6.029082e+00 7.366000e+00
      vertex   4.223536e+00 -6.029082e+00 -2.540000e-01
      vertex   4.372313e+00 -5.716984e+00 7.366000e+00
    endloop
  endfacet
  facet normal 9.026817e-01 -4.303088e-01 1.052155e-16
    outer loop
      vertex   4.372313e+00 -5.716984e+00 7.366000e+00
      vertex   4.223536e+00 -6.029082e+00 -2.540000e-01
      vertex   4.372313e+00 -5.716984e+00 -2.540000e-01
    endloop
  endfacet
  facet normal 8.358812e-01 -5.489104e-01 9.742935e-17
    outer loop
      vertex   4.372313e+00 -5.716984e+00 7.366000e+00
      vertex   4.372313e+00 -5.716984e+00 -2.540000e-01
      vertex   4.562096e+00 -5.427983e+00 7.366000e+00
    endloop
  endfacet
  facet normal 8.358812e-01 -5.489104e-01 -1.279607e-16
    outer loop
      vertex   4.562096e+00 -5.427983e+00 7.366000e+00
      vertex   4.372313e+00 -5.716984e+00 -2.540000e-01
      vertex   4.562096e+00 -5.427983e+00 -2.540000e-01
    endloop
  endfacet
  facet normal 7.535929e-01 -6.573415e-01 -1.532379e-16
    outer loop
      vertex   4.562096e+00 -5.427983e+00 7.366000e+00
      vertex   4.562096e+00 -5.427983e+00 -2.540000e-01
      vertex   4.789368e+00 -5.167432e+00 2.286000e+00
    endloop
  endfacet
  facet normal 7.535929e-01 -6.573415e-01 0.000000e+00
    outer loop
      vertex   4.789368e+00 -5.167432e+00 2.286000e+00
      vertex   4.562096e+00 -5.427983e+00 -2.540000e-01
      vertex   4.789368e+00 -5.167432e+00 -2.540000e-01
    endloop
  endfacet
  facet normal 7.535929e-01 -6.573415e-01 1.251165e-11
    outer loop
      vertex   4.789368e+00 -5.167432e+00 2.286000e+00
      vertex   4.789368e+00 -5.167432e+00 7.366000e+00
      vertex   4.562096e+00 -5.427983e+00 7.366000e+00
    endloop
  endfacet
  facet normal 9.945686e-01 -1.040828e-01 -5.796289e-17
    outer loop
      vertex   3.810000e+00 -9.080500e+00 -2.540000e-01
      vertex   4.059215e+00 -6.699113e+00 -2.540000e-01
      vertex   3.810000e+00 -9.080500e+00 7.366000e+00
    endloop
  endfacet
  facet normal 9.945686e-01 -1.040828e-01 1.034449e-16
    outer loop
      vertex   3.810000e+00 -9.080500e+00 7.366000e+00
      vertex   4.059215e+00 -6.699113e+00 -2.540000e-01
      vertex   4.059215e+00 -6.699113e+00 7.366000e+00
    endloop
  endfacet
  facet normal 9.746981e-01 -2.235253e-01 5.680484e-17
    outer loop
      vertex   2.042480e+00 -1.678790e+01 -2.540000e-01
      vertex   3.810000e+00 -9.080500e+00 -2.540000e-01
      vertex   2.042480e+00 -1.678790e+01 7.366000e+00
    endloop
  endfacet
  facet normal 9.746981e-01 -2.235253e-01 -5.896138e-17
    outer loop
      vertex   2.042480e+00 -1.678790e+01 7.366000e+00
      vertex   3.810000e+00 -9.080500e+00 -2.540000e-01
      vertex   3.810000e+00 -9.080500e+00 7.366000e+00
    endloop
  endfacet
  facet normal -9.552855e-01 -2.956849e-01 -0.000000e+00
    outer loop
      vertex   -2.042480e+00 -1.678790e+01 7.366000e+00
      vertex   -2.042480e+00 -1.678790e+01 -2.540000e-01
      vertex   -1.949944e+00 -1.708686e+01 3.556000e+00
    endloop
  endfacet
  facet normal -9.552855e-01 -2.956849e-01 2.226940e-16
    outer loop
      vertex   -1.949944e+00 -1.708686e+01 3.556000e+00
      vertex   -2.042480e+00 -1.678790e+01 -2.540000e-01
      vertex   -1.949944e+00 -1.708686e+01 -2.540000e-01
    endloop
  endfacet
  facet normal -9.005960e-01 -4.346572e-01 2.099449e-16
    outer loop
      vertex   -1.949944e+00 -1.708686e+01 3.556000e+00
      vertex   -1.949944e+00 -1.708686e+01 -2.540000e-01
      vertex   -1.813916e+00 -1.736870e+01 3.556000e+00
    endloop
  endfacet
  facet normal -9.005960e-01 -4.346572e-01 -2.099449e-16
    outer loop
      vertex   -1.813916e+00 -1.736870e+01 3.556000e+00
      vertex   -1.949944e+00 -1.708686e+01 -2.540000e-01
      vertex   -1.813916e+00 -1.736870e+01 -2.540000e-01
    endloop
  endfacet
  facet normal -8.258194e-01 -5.639347e-01 -1.925131e-16
    outer loop
      vertex   -1.813916e+00 -1.736870e+01 3.556000e+00
      vertex   -1.813916e+00 -1.736870e+01 -2.540000e-01
      vertex   -1.637430e+00 -1.762715e+01 3.556000e+00
    endloop
  endfacet
  facet normal -8.258194e-01 -5.639347e-01 -2.887697e-16
    outer loop
      vertex   -1.637430e+00 -1.762715e+01 3.556000e+00
      vertex   -1.813916e+00 -1.736870e+01 -2.540000e-01
      vertex   -1.637430e+00 -1.762715e+01 -2.540000e-01
    endloop
  endfacet
  facet normal -7.326235e-01 -6.806342e-01 -2.561812e-16
    outer loop
      vertex   -1.637430e+00 -1.762715e+01 3.556000e+00
      vertex   -1.637430e+00 -1.762715e+01 -2.540000e-01
      vertex   -1.424422e+00 -1.785643e+01 3.556000e+00
    endloop
  endfacet
  facet normal -7.326235e-01 -6.806342e-01 -4.269687e-17
    outer loop
      vertex   -1.424422e+00 -1.785643e+01 3.556000e+00
      vertex   -1.637430e+00 -1.762715e+01 -2.540000e-01
      vertex   -1.424422e+00 -1.785643e+01 -2.540000e-01
    endloop
  endfacet
  facet normal -6.230869e-01 -7.821526e-01 -3.631315e-17
    outer loop
      vertex   -1.424422e+00 -1.785643e+01 3.556000e+00
      vertex   -1.424422e+00 -1.785643e+01 -2.540000e-01
      vertex   -1.179644e+00 -1.805142e+01 3.556000e+00
    endloop
  endfacet
  facet normal -6.230869e-01 -7.821526e-01 -7.262630e-17
    outer loop
      vertex   -1.179644e+00 -1.805142e+01 3.556000e+00
      vertex   -1.424422e+00 -1.785643e+01 -2.540000e-01
      vertex   -1.179644e+00 -1.805142e+01 -2.540000e-01
    endloop
  endfacet
  facet normal -4.996530e-01 -8.662257e-01 -5.823897e-17
    outer loop
      vertex   -1.179644e+00 -1.805142e+01 3.556000e+00
      vertex   -1.179644e+00 -1.805142e+01 -2.540000e-01
      vertex   -9.085549e-01 -1.820779e+01 3.556000e+00
    endloop
  endfacet
  facet normal -4.996530e-01 -8.662257e-01 -7.279872e-17
    outer loop
      vertex   -9.085549e-01 -1.820779e+01 3.556000e+00
      vertex   -1.179644e+00 -1.805142e+01 -2.540000e-01
      vertex   -9.085549e-01 -1.820779e+01 -2.540000e-01
    endloop
  endfacet
  facet normal -3.650746e-01 -9.309783e-01 -5.319084e-17
    outer loop
      vertex   -9.085549e-01 -1.820779e+01 3.556000e+00
      vertex   -9.085549e-01 -1.820779e+01 -2.540000e-01
      vertex   -6.172010e-01 -1.832204e+01 3.556000e+00
    endloop
  endfacet
  facet normal -3.650746e-01 -9.309783e-01 4.255267e-17
    outer loop
      vertex   -6.172010e-01 -1.832204e+01 3.556000e+00
      vertex   -9.085549e-01 -1.820779e+01 -2.540000e-01
      vertex   -6.172010e-01 -1.832204e+01 -2.540000e-01
    endloop
  endfacet
  facet normal -2.223535e-01 -9.749661e-01 2.591727e-17
    outer loop
      vertex   -6.172010e-01 -1.832204e+01 3.556000e+00
      vertex   -6.172010e-01 -1.832204e+01 -2.540000e-01
      vertex   -3.120808e-01 -1.839163e+01 3.556000e+00
    endloop
  endfacet
  facet normal -2.223535e-01 -9.749661e-01 -0.000000e+00
    outer loop
      vertex   -3.120808e-01 -1.839163e+01 3.556000e+00
      vertex   -6.172010e-01 -1.832204e+01 -2.540000e-01
      vertex   -3.120808e-01 -1.839163e+01 -2.540000e-01
    endloop
  endfacet
  facet normal -7.467301e-02 -9.972081e-01 -0.000000e+00
    outer loop
      vertex   -3.120808e-01 -1.839163e+01 3.556000e+00
      vertex   -3.120808e-01 -1.839163e+01 -2.540000e-01
      vertex   7.260165e-13 -1.841500e+01 3.556000e+00
    endloop
  endfacet
  facet normal -7.467301e-02 -9.972081e-01 -0.000000e+00
    outer loop
      vertex   7.260165e-13 -1.841500e+01 3.556000e+00
      vertex   -3.120808e-01 -1.839163e+01 -2.540000e-01
      vertex   7.260165e-13 -1.841500e+01 -2.540000e-01
    endloop
  endfacet
  facet normal 7.467301e-02 -9.972081e-01 0.000000e+00
    outer loop
      vertex   7.260165e-13 -1.841500e+01 3.556000e+00
      vertex   7.260165e-13 -1.841500e+01 -2.540000e-01
      vertex   3.120808e-01 -1.839163e+01 3.556000e+00
    endloop
  endfacet
  facet normal 7.467301e-02 -9.972081e-01 0.000000e+00
    outer loop
      vertex   3.120808e-01 -1.839163e+01 3.556000e+00
      vertex   7.260165e-13 -1.841500e+01 -2.540000e-01
      vertex   3.120808e-01 -1.839163e+01 -2.540000e-01
    endloop
  endfacet
  facet normal 2.223535e-01 -9.749661e-01 0.000000e+00
    outer loop
      vertex   3.120808e-01 -1.839163e+01 3.556000e+00
      vertex   3.120808e-01 -1.839163e+01 -2.540000e-01
      vertex   6.172010e-01 -1.832204e+01 3.556000e+00
    endloop
  endfacet
  facet normal 2.223535e-01 -9.749661e-01 0.000000e+00
    outer loop
      vertex   6.172010e-01 -1.832204e+01 3.556000e+00
      vertex   3.120808e-01 -1.839163e+01 -2.540000e-01
      vertex   6.172010e-01 -1.832204e+01 -2.540000e-01
    endloop
  endfacet
  facet normal 3.650746e-01 -9.309783e-01 0.000000e+00
    outer loop
      vertex   6.172010e-01 -1.832204e+01 3.556000e+00
      vertex   6.172010e-01 -1.832204e+01 -2.540000e-01
      vertex   9.085549e-01 -1.820779e+01 3.556000e+00
    endloop
  endfacet
  facet normal 3.650746e-01 -9.309783e-01 0.000000e+00
    outer loop
      vertex   9.085549e-01 -1.820779e+01 3.556000e+00
      vertex   6.172010e-01 -1.832204e+01 -2.540000e-01
      vertex   9.085549e-01 -1.820779e+01 -2.540000e-01
    endloop
  endfacet
  facet normal 4.996530e-01 -8.662257e-01 0.000000e+00
    outer loop
      vertex   9.085549e-01 -1.820779e+01 3.556000e+00
      vertex   9.085549e-01 -1.820779e+01 -2.540000e-01
      vertex   1.179644e+00 -1.805142e+01 3.556000e+00
    endloop
  endfacet
  facet normal 4.996530e-01 -8.662257e-01 0.000000e+00
    outer loop
      vertex   1.179644e+00 -1.805142e+01 3.556000e+00
      vertex   9.085549e-01 -1.820779e+01 -2.540000e-01
      vertex   1.179644e+00 -1.805142e+01 -2.540000e-01
    endloop
  endfacet
  facet normal 6.230869e-01 -7.821526e-01 0.000000e+00
    outer loop
      vertex   1.179644e+00 -1.805142e+01 3.556000e+00
      vertex   1.179644e+00 -1.805142e+01 -2.540000e-01
      vertex   1.424422e+00 -1.785643e+01 3.556000e+00
    endloop
  endfacet
  facet normal 6.230869e-01 -7.821526e-01 1.452526e-16
    outer loop
      vertex   1.424422e+00 -1.785643e+01 3.556000e+00
      vertex   1.179644e+00 -1.805142e+01 -2.540000e-01
      vertex   1.424422e+00 -1.785643e+01 -2.540000e-01
    endloop
  endfacet
  facet normal 7.326235e-01 -6.806342e-01 1.707875e-16
    outer loop
      vertex   1.424422e+00 -1.785643e+01 3.556000e+00
      vertex   1.424422e+00 -1.785643e+01 -2.540000e-01
      vertex   1.637430e+00 -1.762715e+01 3.556000e+00
    endloop
  endfacet
  facet normal 7.326235e-01 -6.806342e-01 -8.539375e-17
    outer loop
      vertex   1.637430e+00 -1.762715e+01 3.556000e+00
      vertex   1.424422e+00 -1.785643e+01 -2.540000e-01
      vertex   1.637430e+00 -1.762715e+01 -2.540000e-01
    endloop
  endfacet
  facet normal 8.258194e-01 -5.639347e-01 -9.625655e-17
    outer loop
      vertex   1.637430e+00 -1.762715e+01 3.556000e+00
      vertex   1.637430e+00 -1.762715e+01 -2.540000e-01
      vertex   1.813916e+00 -1.736870e+01 3.556000e+00
    endloop
  endfacet
  facet normal 8.258194e-01 -5.639347e-01 0.000000e+00
    outer loop
      vertex   1.813916e+00 -1.736870e+01 3.556000e+00
      vertex   1.637430e+00 -1.762715e+01 -2.540000e-01
      vertex   1.813916e+00 -1.736870e+01 -2.540000e-01
    endloop
  endfacet
  facet normal 9.005960e-01 -4.346572e-01 0.000000e+00
    outer loop
      vertex   1.813916e+00 -1.736870e+01 3.556000e+00
      vertex   1.813916e+00 -1.736870e+01 -2.540000e-01
      vertex   1.949944e+00 -1.708686e+01 3.556000e+00
    endloop
  endfacet
  facet normal 9.005960e-01 -4.346572e-01 1.049724e-16
    outer loop
      vertex   1.949944e+00 -1.708686e+01 3.556000e+00
      vertex   1.813916e+00 -1.736870e+01 -2.540000e-01
      vertex   1.949944e+00 -1.708686e+01 -2.540000e-01
    endloop
  endfacet
  facet normal 9.552855e-01 -2.956849e-01 1.113470e-16
    outer loop
      vertex   1.949944e+00 -1.708686e+01 3.556000e+00
      vertex   1.949944e+00 -1.708686e+01 -2.540000e-01
      vertex   2.042480e+00 -1.678790e+01 -2.540000e-01
    endloop
  endfacet
  facet normal 9.552855e-01 -2.956849e-01 5.567349e-17
    outer loop
      vertex   2.042480e+00 -1.678790e+01 -2.540000e-01
      vertex   2.042480e+00 -1.678790e+01 7.366000e+00
      vertex   1.949944e+00 -1.708686e+01 3.556000e+00
    endloop
  endfacet
  facet normal 9.552855e-01 -2.956849e-01 -1.113470e-16
    outer loop
      vertex   1.949944e+00 -1.708686e+01 3.556000e+00
      vertex   2.042480e+00 -1.678790e+01 7.366000e+00
      vertex   1.949944e+00 -1.708686e+01 7.366000e+00
    endloop
  endfacet
  facet normal 9.005960e-01 -4.346572e-01 -1.049724e-16
    outer loop
      vertex   1.949944e+00 -1.708686e+01 3.556000e+00
      vertex   1.949944e+00 -1.708686e+01 7.366000e+00
      vertex   1.813916e+00 -1.736870e+01 3.556000e+00
    endloop
  endfacet
  facet normal 9.005960e-01 -4.346572e-01 0.000000e+00
    outer loop
      vertex   1.813916e+00 -1.736870e+01 3.556000e+00
      vertex   1.949944e+00 -1.708686e+01 7.366000e+00
      vertex   1.813916e+00 -1.736870e+01 7.366000e+00
    endloop
  endfacet
  facet normal 8.258194e-01 -5.639347e-01 0.000000e+00
    outer loop
      vertex   1.813916e+00 -1.736870e+01 3.556000e+00
      vertex   1.813916e+00 -1.736870e+01 7.366000e+00
      vertex   1.637430e+00 -1.762715e+01 3.556000e+00
    endloop
  endfacet
  facet normal 8.258194e-01 -5.639347e-01 4.812828e-17
    outer loop
      vertex   1.637430e+00 -1.762715e+01 3.556000e+00
      vertex   1.813916e+00 -1.736870e+01 7.366000e+00
      vertex   1.637430e+00 -1.762715e+01 7.366000e+00
    endloop
  endfacet
  facet normal 7.326235e-01 -6.806342e-01 4.269687e-17
    outer loop
      vertex   1.637430e+00 -1.762715e+01 3.556000e+00
      vertex   1.637430e+00 -1.762715e+01 7.366000e+00
      vertex   1.424422e+00 -1.785643e+01 3.556000e+00
    endloop
  endfacet
  facet normal 7.326235e-01 -6.806342e-01 -1.707875e-16
    outer loop
      vertex   1.424422e+00 -1.785643e+01 3.556000e+00
      vertex   1.637430e+00 -1.762715e+01 7.366000e+00
      vertex   1.424422e+00 -1.785643e+01 7.366000e+00
    endloop
  endfacet
  facet normal 6.230869e-01 -7.821526e-01 -1.452526e-16
    outer loop
      vertex   1.424422e+00 -1.785643e+01 3.556000e+00
      vertex   1.424422e+00 -1.785643e+01 7.366000e+00
      vertex   1.179644e+00 -1.805142e+01 3.556000e+00
    endloop
  endfacet
  facet normal 6.230869e-01 -7.821526e-01 -3.631315e-17
    outer loop
      vertex   1.179644e+00 -1.805142e+01 3.556000e+00
      vertex   1.424422e+00 -1.785643e+01 7.366000e+00
      vertex   1.179644e+00 -1.805142e+01 7.366000e+00
    endloop
  endfacet
  facet normal 4.996530e-01 -8.662257e-01 -2.911949e-17
    outer loop
      vertex   1.179644e+00 -1.805142e+01 3.556000e+00
      vertex   1.179644e+00 -1.805142e+01 7.366000e+00
      vertex   9.085549e-01 -1.820779e+01 3.556000e+00
    endloop
  endfacet
  facet normal 4.996530e-01 -8.662257e-01 0.000000e+00
    outer loop
      vertex   9.085549e-01 -1.820779e+01 3.556000e+00
      vertex   1.179644e+00 -1.805142e+01 7.366000e+00
      vertex   9.085549e-01 -1.820779e+01 7.366000e+00
    endloop
  endfacet
  facet normal 3.650746e-01 -9.309783e-01 0.000000e+00
    outer loop
      vertex   9.085549e-01 -1.820779e+01 3.556000e+00
      vertex   9.085549e-01 -1.820779e+01 7.366000e+00
      vertex   6.172010e-01 -1.832204e+01 3.556000e+00
    endloop
  endfacet
  facet normal 3.650746e-01 -9.309783e-01 0.000000e+00
    outer loop
      vertex   6.172010e-01 -1.832204e+01 3.556000e+00
      vertex   9.085549e-01 -1.820779e+01 7.366000e+00
      vertex   6.172010e-01 -1.832204e+01 7.366000e+00
    endloop
  endfacet
  facet normal 2.223535e-01 -9.749661e-01 0.000000e+00
    outer loop
      vertex   6.172010e-01 -1.832204e+01 3.556000e+00
      vertex   6.172010e-01 -1.832204e+01 7.366000e+00
      vertex   3.120808e-01 -1.839163e+01 3.556000e+00
    endloop
  endfacet
  facet normal 2.223535e-01 -9.749661e-01 3.239659e-18
    outer loop
      vertex   3.120808e-01 -1.839163e+01 3.556000e+00
      vertex   6.172010e-01 -1.832204e+01 7.366000e+00
      vertex   3.120808e-01 -1.839163e+01 7.366000e+00
    endloop
  endfacet
  facet normal 7.467301e-02 -9.972081e-01 1.087975e-18
    outer loop
      vertex   3.120808e-01 -1.839163e+01 3.556000e+00
      vertex   3.120808e-01 -1.839163e+01 7.366000e+00
      vertex   7.260165e-13 -1.841500e+01 3.556000e+00
    endloop
  endfacet
  facet normal 7.467301e-02 -9.972081e-01 1.359969e-18
    outer loop
      vertex   7.260165e-13 -1.841500e+01 3.556000e+00
      vertex   3.120808e-01 -1.839163e+01 7.366000e+00
      vertex   7.259471e-13 -1.841500e+01 7.366000e+00
    endloop
  endfacet
  facet normal -7.467301e-02 -9.972081e-01 -1.359969e-18
    outer loop
      vertex   7.260165e-13 -1.841500e+01 3.556000e+00
      vertex   7.259471e-13 -1.841500e+01 7.366000e+00
      vertex   -3.120808e-01 -1.839163e+01 3.556000e+00
    endloop
  endfacet
  facet normal -7.467301e-02 -9.972081e-01 -3.263925e-18
    outer loop
      vertex   -3.120808e-01 -1.839163e+01 3.556000e+00
      vertex   7.259471e-13 -1.841500e+01 7.366000e+00
      vertex   -3.120808e-01 -1.839163e+01 7.366000e+00
    endloop
  endfacet
  facet normal -2.223535e-01 -9.749661e-01 -9.718976e-18
    outer loop
      vertex   -3.120808e-01 -1.839163e+01 3.556000e+00
      vertex   -3.120808e-01 -1.839163e+01 7.366000e+00
      vertex   -6.172010e-01 -1.832204e+01 3.556000e+00
    endloop
  endfacet
  facet normal -2.223535e-01 -9.749661e-01 -3.887590e-17
    outer loop
      vertex   -6.172010e-01 -1.832204e+01 3.556000e+00
      vertex   -3.120808e-01 -1.839163e+01 7.366000e+00
      vertex   -6.172010e-01 -1.832204e+01 7.366000e+00
    endloop
  endfacet
  facet normal -3.650746e-01 -9.309783e-01 -6.382901e-17
    outer loop
      vertex   -6.172010e-01 -1.832204e+01 3.556000e+00
      vertex   -6.172010e-01 -1.832204e+01 7.366000e+00
      vertex   -9.085549e-01 -1.820779e+01 3.556000e+00
    endloop
  endfacet
  facet normal -3.650746e-01 -9.309783e-01 5.319084e-17
    outer loop
      vertex   -9.085549e-01 -1.820779e+01 3.556000e+00
      vertex   -6.172010e-01 -1.832204e+01 7.366000e+00
      vertex   -9.085549e-01 -1.820779e+01 7.366000e+00
    endloop
  endfacet
  facet normal -4.996530e-01 -8.662257e-01 7.279872e-17
    outer loop
      vertex   -9.085549e-01 -1.820779e+01 3.556000e+00
      vertex   -9.085549e-01 -1.820779e+01 7.366000e+00
      vertex   -1.179644e+00 -1.805142e+01 3.556000e+00
    endloop
  endfacet
  facet normal -4.996530e-01 -8.662257e-01 2.911949e-17
    outer loop
      vertex   -1.179644e+00 -1.805142e+01 3.556000e+00
      vertex   -9.085549e-01 -1.820779e+01 7.366000e+00
      vertex   -1.179644e+00 -1.805142e+01 7.366000e+00
    endloop
  endfacet
  facet normal -6.230869e-01 -7.821526e-01 3.631315e-17
    outer loop
      vertex   -1.179644e+00 -1.805142e+01 3.556000e+00
      vertex   -1.179644e+00 -1.805142e+01 7.366000e+00
      vertex   -1.424422e+00 -1.785643e+01 3.556000e+00
    endloop
  endfacet
  facet normal -6.230869e-01 -7.821526e-01 0.000000e+00
    outer loop
      vertex   -1.424422e+00 -1.785643e+01 3.556000e+00
      vertex   -1.179644e+00 -1.805142e+01 7.366000e+00
      vertex   -1.424422e+00 -1.785643e+01 7.366000e+00
    endloop
  endfacet
  facet normal -7.326235e-01 -6.806342e-01 0.000000e+00
    outer loop
      vertex   -1.424422e+00 -1.785643e+01 3.556000e+00
      vertex   -1.424422e+00 -1.785643e+01 7.366000e+00
      vertex   -1.637430e+00 -1.762715e+01 3.556000e+00
    endloop
  endfacet
  facet normal -7.326235e-01 -6.806342e-01 1.707875e-16
    outer loop
      vertex   -1.637430e+00 -1.762715e+01 3.556000e+00
      vertex   -1.424422e+00 -1.785643e+01 7.366000e+00
      vertex   -1.637430e+00 -1.762715e+01 7.366000e+00
    endloop
  endfacet
  facet normal -8.258194e-01 -5.639347e-01 1.925131e-16
    outer loop
      vertex   -1.637430e+00 -1.762715e+01 3.556000e+00
      vertex   -1.637430e+00 -1.762715e+01 7.366000e+00
      vertex   -1.813916e+00 -1.736870e+01 3.556000e+00
    endloop
  endfacet
  facet normal -8.258194e-01 -5.639347e-01 1.443848e-16
    outer loop
      vertex   -1.813916e+00 -1.736870e+01 3.556000e+00
      vertex   -1.637430e+00 -1.762715e+01 7.366000e+00
      vertex   -1.813916e+00 -1.736870e+01 7.366000e+00
    endloop
  endfacet
  facet normal -9.005960e-01 -4.346572e-01 1.574586e-16
    outer loop
      vertex   -1.813916e+00 -1.736870e+01 3.556000e+00
      vertex   -1.813916e+00 -1.736870e+01 7.366000e+00
      vertex   -1.949944e+00 -1.708686e+01 3.556000e+00
    endloop
  endfacet
  facet normal -9.005960e-01 -4.346572e-01 -3.149173e-16
    outer loop
      vertex   -1.949944e+00 -1.708686e+01 3.556000e+00
      vertex   -1.813916e+00 -1.736870e+01 7.366000e+00
      vertex   -1.949944e+00 -1.708686e+01 7.366000e+00
    endloop
  endfacet
  facet normal -9.552855e-01 -2.956849e-01 -3.340409e-16
    outer loop
      vertex   -1.949944e+00 -1.708686e+01 3.556000e+00
      vertex   -1.949944e+00 -1.708686e+01 7.366000e+00
      vertex   -2.042480e+00 -1.678790e+01 7.366000e+00
    endloop
  endfacet
  facet normal -9.746981e-01 -2.235253e-01 0.000000e+00
    outer loop
      vertex   -3.810000e+00 -9.080500e+00 -2.540000e-01
      vertex   -2.042480e+00 -1.678790e+01 -2.540000e-01
      vertex   -3.810000e+00 -9.080500e+00 7.366000e+00
    endloop
  endfacet
  facet normal -9.746981e-01 -2.235253e-01 0.000000e+00
    outer loop
      vertex   -3.810000e+00 -9.080500e+00 7.366000e+00
      vertex   -2.042480e+00 -1.678790e+01 -2.540000e-01
      vertex   -2.042480e+00 -1.678790e+01 7.366000e+00
    endloop
  endfacet
  facet normal -9.945686e-01 -1.040828e-01 1.213177e-17
    outer loop
      vertex   -4.059215e+00 -6.699113e+00 -2.540000e-01
      vertex   -3.810000e+00 -9.080500e+00 -2.540000e-01
      vertex   -4.059215e+00 -6.699113e+00 7.366000e+00
    endloop
  endfacet
  facet normal -9.945686e-01 -1.040828e-01 0.000000e+00
    outer loop
      vertex   -4.059215e+00 -6.699113e+00 7.366000e+00
      vertex   -3.810000e+00 -9.080500e+00 -2.540000e-01
      vertex   -3.810000e+00 -9.080500e+00 7.366000e+00
    endloop
  endfacet
  facet normal -7.535929e-01 -6.573415e-01 5.077705e-12
    outer loop
      vertex   -4.789368e+00 -5.167432e+00 7.366000e+00
      vertex   -4.789368e+00 -5.167432e+00 -2.540000e-01
      vertex   -4.562096e+00 -5.427983e+00 7.366000e+00
    endloop
  endfacet
  facet normal -7.535929e-01 -6.573415e-01 8.783791e-17
    outer loop
      vertex   -4.562096e+00 -5.427983e+00 7.366000e+00
      vertex   -4.789368e+00 -5.167432e+00 -2.540000e-01
      vertex   -4.562096e+00 -5.427983e+00 -2.540000e-01
    endloop
  endfacet
  facet normal -8.358812e-01 -5.489104e-01 9.742935e-17
    outer loop
      vertex   -4.562096e+00 -5.427983e+00 7.366000e+00
      vertex   -4.562096e+00 -5.427983e+00 -2.540000e-01
      vertex   -4.372313e+00 -5.716984e+00 7.366000e+00
    endloop
  endfacet
  facet normal -8.358812e-01 -5.489104e-01 -0.000000e+00
    outer loop
      vertex   -4.372313e+00 -5.716984e+00 7.366000e+00
      vertex   -4.562096e+00 -5.427983e+00 -2.540000e-01
      vertex   -4.372313e+00 -5.716984e+00 -2.540000e-01
    endloop
  endfacet
  facet normal -9.026817e-01 -4.303088e-01 -0.000000e+00
    outer loop
      vertex   -4.372313e+00 -5.716984e+00 7.366000e+00
      vertex   -4.372313e+00 -5.716984e+00 -2.540000e-01
      vertex   -4.223536e+00 -6.029082e+00 7.366000e+00
    endloop
  endfacet
  facet normal -9.026817e-01 -4.303088e-01 1.052155e-16
    outer loop
      vertex   -4.223536e+00 -6.029082e+00 7.366000e+00
      vertex   -4.372313e+00 -5.716984e+00 -2.540000e-01
      vertex   -4.223536e+00 -6.029082e+00 -2.540000e-01
    endloop
  endfacet
  facet normal -9.527568e-01 -3.037342e-01 1.110522e-16
    outer loop
      vertex   -4.223536e+00 -6.029082e+00 7.366000e+00
      vertex   -4.223536e+00 -6.029082e+00 -2.540000e-01
      vertex   -4.118521e+00 -6.358493e+00 7.366000e+00
    endloop
  endfacet
  facet normal -9.527568e-01 -3.037342e-01 1.110522e-16
    outer loop
      vertex   -4.118521e+00 -6.358493e+00 7.366000e+00
      vertex   -4.223536e+00 -6.029082e+00 -2.540000e-01
      vertex   -4.118521e+00 -6.358493e+00 -2.540000e-01
    endloop
  endfacet
  facet normal -9.851786e-01 -1.715318e-01 1.148313e-16
    outer loop
      vertex   -4.118521e+00 -6.358493e+00 7.366000e+00
      vertex   -4.118521e+00 -6.358493e+00 -2.540000e-01
      vertex   -4.059215e+00 -6.699113e+00 7.366000e+00
    endloop
  endfacet
  facet normal -9.851786e-01 -1.715318e-01 1.999354e-17
    outer loop
      vertex   -4.059215e+00 -6.699113e+00 7.366000e+00
      vertex   -4.118521e+00 -6.358493e+00 -2.540000e-01
      vertex   -4.059215e+00 -6.699113e+00 -2.540000e-01
    endloop
  endfacet
  facet normal -7.071068e-01 -7.071068e-01 1.648391e-16
    outer loop
      vertex   -5.167432e+00 -4.789368e+00 -2.540000e-01
      vertex   -4.789368e+00 -5.167432e+00 -2.540000e-01
      vertex   -5.167432e+00 -4.789368e+00 7.366000e+00
    endloop
  endfacet
  facet normal -7.071068e-01 -7.071068e-01 5.089494e-12
    outer loop
      vertex   -5.167432e+00 -4.789368e+00 7.366000e+00
      vertex   -4.789368e+00 -5.167432e+00 -2.540000e-01
      vertex   -4.789368e+00 -5.167432e+00 7.366000e+00
    endloop
  endfacet
  facet normal -7.610143e-01 6.487351e-01 -7.561582e-17
    outer loop
      vertex   -5.167432e+00 4.789368e+00 7.366000e+00
      vertex   -5.167432e+00 4.789368e+00 -2.540000e-01
      vertex   -5.546920e+00 4.344201e+00 7.366000e+00
    endloop
  endfacet
  facet normal -7.610143e-01 6.487351e-01 -1.512316e-16
    outer loop
      vertex   -5.546920e+00 4.344201e+00 7.366000e+00
      vertex   -5.167432e+00 4.789368e+00 -2.540000e-01
      vertex   -5.546920e+00 4.344201e+00 -2.540000e-01
    endloop
  endfacet
  facet normal -8.122066e-01 5.833699e-01 -1.359939e-16
    outer loop
      vertex   -5.546920e+00 4.344201e+00 7.366000e+00
      vertex   -5.546920e+00 4.344201e+00 -2.540000e-01
      vertex   -5.888171e+00 3.869088e+00 7.366000e+00
    endloop
  endfacet
  facet normal -8.122066e-01 5.833699e-01 6.067140e-17
    outer loop
      vertex   -5.888171e+00 3.869088e+00 7.366000e+00
      vertex   -5.546920e+00 4.344201e+00 -2.540000e-01
      vertex   -5.888171e+00 3.869088e+00 -2.540000e-01
    endloop
  endfacet
  facet normal -8.578001e-01 5.139834e-01 7.002954e-17
    outer loop
      vertex   -5.888171e+00 3.869088e+00 7.366000e+00
      vertex   -5.888171e+00 3.869088e+00 -2.540000e-01
      vertex   -6.188833e+00 3.367305e+00 7.366000e+00
    endloop
  endfacet
  facet normal -8.578001e-01 5.139834e-01 -5.990931e-17
    outer loop
      vertex   -6.188833e+00 3.367305e+00 7.366000e+00
      vertex   -5.888171e+00 3.869088e+00 -2.540000e-01
      vertex   -6.188833e+00 3.367305e+00 -2.540000e-01
    endloop
  endfacet
  facet normal -8.974807e-01 4.410538e-01 -5.140873e-17
    outer loop
      vertex   -6.188833e+00 3.367305e+00 7.366000e+00
      vertex   -6.188833e+00 3.367305e+00 -2.540000e-01
      vertex   -6.446834e+00 2.842310e+00 7.366000e+00
    endloop
  endfacet
  facet normal -8.974807e-01 4.410538e-01 -7.711309e-17
    outer loop
      vertex   -6.446834e+00 2.842310e+00 7.366000e+00
      vertex   -6.188833e+00 3.367305e+00 -2.540000e-01
      vertex   -6.446834e+00 2.842310e+00 -2.540000e-01
    endloop
  endfacet
  facet normal -9.309746e-01 3.650840e-01 -6.383065e-17
    outer loop
      vertex   -6.446834e+00 2.842310e+00 7.366000e+00
      vertex   -6.446834e+00 2.842310e+00 -2.540000e-01
      vertex   -6.660396e+00 2.297722e+00 7.366000e+00
    endloop
  endfacet
  facet normal -9.309746e-01 3.650840e-01 -1.297902e-16
    outer loop
      vertex   -6.660396e+00 2.297722e+00 7.366000e+00
      vertex   -6.446834e+00 2.842310e+00 -2.540000e-01
      vertex   -6.660396e+00 2.297722e+00 -2.540000e-01
    endloop
  endfacet
  facet normal -9.580511e-01 2.865975e-01 -1.283721e-16
    outer loop
      vertex   -6.660396e+00 2.297722e+00 7.366000e+00
      vertex   -6.660396e+00 2.297722e+00 -2.540000e-01
      vertex   -6.828045e+00 1.737296e+00 7.366000e+00
    endloop
  endfacet
  facet normal -9.580511e-01 2.865975e-01 -3.340547e-17
    outer loop
      vertex   -6.828045e+00 1.737296e+00 7.366000e+00
      vertex   -6.660396e+00 2.297722e+00 -2.540000e-01
      vertex   -6.828045e+00 1.737296e+00 -2.540000e-01
    endloop
  endfacet
  facet normal -9.785235e-01 2.061354e-01 -2.402690e-17
    outer loop
      vertex   -6.828045e+00 1.737296e+00 7.366000e+00
      vertex   -6.828045e+00 1.737296e+00 -2.540000e-01
      vertex   -6.948627e+00 1.164893e+00 7.366000e+00
    endloop
  endfacet
  facet normal -9.785235e-01 2.061354e-01 -6.006726e-18
    outer loop
      vertex   -6.948627e+00 1.164893e+00 7.366000e+00
      vertex   -6.828045e+00 1.737296e+00 -2.540000e-01
      vertex   -6.948627e+00 1.164893e+00 -2.540000e-01
    endloop
  endfacet
  facet normal -9.922506e-01 1.242524e-01 -3.620678e-18
    outer loop
      vertex   -6.948627e+00 1.164893e+00 7.366000e+00
      vertex   -6.948627e+00 1.164893e+00 -2.540000e-01
      vertex   -7.021311e+00 5.844611e-01 7.366000e+00
    endloop
  endfacet
  facet normal -9.922506e-01 1.242524e-01 -1.192763e-16
    outer loop
      vertex   -7.021311e+00 5.844611e-01 7.366000e+00
      vertex   -6.948627e+00 1.164893e+00 -2.540000e-01
      vertex   -7.021311e+00 5.844611e-01 -2.540000e-01
    endloop
  endfacet
  facet normal -9.991380e-01 4.151284e-02 -1.176680e-16
    outer loop
      vertex   -7.021311e+00 5.844611e-01 7.366000e+00
      vertex   -7.021311e+00 5.844611e-01 -2.540000e-01
      vertex   -7.045594e+00 1.499911e-12 7.366000e+00
    endloop
  endfacet
  facet normal -9.991380e-01 4.151284e-02 2.086624e-18
    outer loop
      vertex   -7.045594e+00 1.499911e-12 7.366000e+00
      vertex   -7.021311e+00 5.844611e-01 -2.540000e-01
      vertex   -7.045594e+00 1.500294e-12 -2.540000e-01
    endloop
  endfacet
  facet normal -9.991380e-01 -4.151284e-02 -2.086624e-18
    outer loop
      vertex   -7.045594e+00 1.499911e-12 7.366000e+00
      vertex   -7.045594e+00 1.500294e-12 -2.540000e-01
      vertex   -7.021311e+00 -5.844611e-01 7.366000e+00
    endloop
  endfacet
  facet normal -9.991380e-01 -4.151284e-02 -4.838689e-18
    outer loop
      vertex   -7.021311e+00 -5.844611e-01 7.366000e+00
      vertex   -7.045594e+00 1.500294e-12 -2.540000e-01
      vertex   -7.021311e+00 -5.844611e-01 -2.540000e-01
    endloop
  endfacet
  facet normal -9.922506e-01 -1.242524e-01 -1.448271e-17
    outer loop
      vertex   -7.021311e+00 -5.844611e-01 7.366000e+00
      vertex   -7.021311e+00 -5.844611e-01 -2.540000e-01
      vertex   -6.948627e+00 -1.164893e+00 7.366000e+00
    endloop
  endfacet
  facet normal -9.922506e-01 -1.242524e-01 -2.276905e-16
    outer loop
      vertex   -6.948627e+00 -1.164893e+00 7.366000e+00
      vertex   -7.021311e+00 -5.844611e-01 -2.540000e-01
      vertex   -6.948627e+00 -1.164893e+00 -2.540000e-01
    endloop
  endfacet
  facet normal -9.785235e-01 -2.061354e-01 -2.221044e-16
    outer loop
      vertex   -6.948627e+00 -1.164893e+00 7.366000e+00
      vertex   -6.948627e+00 -1.164893e+00 -2.540000e-01
      vertex   -6.828045e+00 -1.737296e+00 7.366000e+00
    endloop
  endfacet
  facet normal -9.785235e-01 -2.061354e-01 -6.006726e-18
    outer loop
      vertex   -6.828045e+00 -1.737296e+00 7.366000e+00
      vertex   -6.948627e+00 -1.164893e+00 -2.540000e-01
      vertex   -6.828045e+00 -1.737296e+00 -2.540000e-01
    endloop
  endfacet
  facet normal -9.580511e-01 -2.865975e-01 -8.351368e-18
    outer loop
      vertex   -6.828045e+00 -1.737296e+00 7.366000e+00
      vertex   -6.828045e+00 -1.737296e+00 -2.540000e-01
      vertex   -6.660396e+00 -2.297722e+00 7.366000e+00
    endloop
  endfacet
  facet normal -9.580511e-01 -2.865975e-01 3.340547e-17
    outer loop
      vertex   -6.660396e+00 -2.297722e+00 7.366000e+00
      vertex   -6.828045e+00 -1.737296e+00 -2.540000e-01
      vertex   -6.660396e+00 -2.297722e+00 -2.540000e-01
    endloop
  endfacet
  facet normal -9.309746e-01 -3.650840e-01 4.255377e-17
    outer loop
      vertex   -6.660396e+00 -2.297722e+00 7.366000e+00
      vertex   -6.660396e+00 -2.297722e+00 -2.540000e-01
      vertex   -6.446834e+00 -2.842310e+00 7.366000e+00
    endloop
  endfacet
  facet normal -9.309746e-01 -3.650840e-01 -2.127688e-17
    outer loop
      vertex   -6.446834e+00 -2.842310e+00 7.366000e+00
      vertex   -6.660396e+00 -2.297722e+00 -2.540000e-01
      vertex   -6.446834e+00 -2.842310e+00 -2.540000e-01
    endloop
  endfacet
  facet normal -8.974807e-01 -4.410538e-01 -2.570436e-17
    outer loop
      vertex   -6.446834e+00 -2.842310e+00 7.366000e+00
      vertex   -6.446834e+00 -2.842310e+00 -2.540000e-01
      vertex   -6.188833e+00 -3.367305e+00 7.366000e+00
    endloop
  endfacet
  facet normal -8.974807e-01 -4.410538e-01 -2.570436e-17
    outer loop
      vertex   -6.188833e+00 -3.367305e+00 7.366000e+00
      vertex   -6.446834e+00 -2.842310e+00 -2.540000e-01
      vertex   -6.188833e+00 -3.367305e+00 -2.540000e-01
    endloop
  endfacet
  facet normal -8.578001e-01 -5.139834e-01 -2.995466e-17
    outer loop
      vertex   -6.188833e+00 -3.367305e+00 7.366000e+00
      vertex   -6.188833e+00 -3.367305e+00 -2.540000e-01
      vertex   -5.888171e+00 -3.869088e+00 7.366000e+00
    endloop
  endfacet
  facet normal -8.578001e-01 -5.139834e-01 7.002954e-17
    outer loop
      vertex   -5.888171e+00 -3.869088e+00 7.366000e+00
      vertex   -6.188833e+00 -3.367305e+00 -2.540000e-01
      vertex   -5.888171e+00 -3.869088e+00 -2.540000e-01
    endloop
  endfacet
  facet normal -8.122066e-01 -5.833699e-01 6.067140e-17
    outer loop
      vertex   -5.888171e+00 -3.869088e+00 7.366000e+00
      vertex   -5.888171e+00 -3.869088e+00 -2.540000e-01
      vertex   -5.546920e+00 -4.344201e+00 7.366000e+00
    endloop
  endfacet
  facet normal -8.122066e-01 -5.833699e-01 -6.799693e-17
    outer loop
      vertex   -5.546920e+00 -4.344201e+00 7.366000e+00
      vertex   -5.888171e+00 -3.869088e+00 -2.540000e-01
      vertex   -5.546920e+00 -4.344201e+00 -2.540000e-01
    endloop
  endfacet
  facet normal -7.610143e-01 -6.487351e-01 -7.561582e-17
    outer loop
      vertex   -5.546920e+00 -4.344201e+00 7.366000e+00
      vertex   -5.546920e+00 -4.344201e+00 -2.540000e-01
      vertex   -5.167432e+00 -4.789368e+00 7.366000e+00
    endloop
  endfacet
  facet normal -7.610143e-01 -6.487351e-01 1.774059e-16
    outer loop
      vertex   -5.167432e+00 -4.789368e+00 7.366000e+00
      vertex   -5.546920e+00 -4.344201e+00 -2.540000e-01
      vertex   -5.167432e+00 -4.789368e+00 -2.540000e-01
    endloop
  endfacet
  facet normal -7.071068e-01 7.071068e-01 0.000000e+00
    outer loop
      vertex   -4.789368e+00 5.167432e+00 -2.540000e-01
      vertex   -5.167432e+00 4.789368e+00 -2.540000e-01
      vertex   -4.789368e+00 5.167432e+00 7.366000e+00
    endloop
  endfacet
  facet normal -7.071068e-01 7.071068e-01 -8.175160e-17
    outer loop
      vertex   -4.789368e+00 5.167432e+00 7.366000e+00
      vertex   -5.167432e+00 4.789368e+00 -2.540000e-01
      vertex   -5.167432e+00 4.789368e+00 7.366000e+00
    endloop
  endfacet
endsolid
