ISO-10303-21;
HEADER;
/* Generated by software containing ST-Developer
 * from STEP Tools, Inc. (www.steptools.com) 
 */

FILE_DESCRIPTION(
/* description */ (''),
/* implementation_level */ '2;1');

FILE_NAME(
/* name */ 'MG996-Servo-Horn.step',
/* time_stamp */ '2026-05-28T09:48:40-05:00',
/* author */ (''),
/* organization */ (''),
/* preprocessor_version */ 'ST-DEVELOPER v20.1',
/* originating_system */ 'Autodesk Translation Framework v15.8.0.0',
/* authorisation */ '');

FILE_SCHEMA (('AUTOMOTIVE_DESIGN { 1 0 10303 214 3 1 1 }'));
ENDSEC;

DATA;
#10=MECHANICAL_DESIGN_GEOMETRIC_PRESENTATION_REPRESENTATION('',(#13),#3261);
#11=SHAPE_REPRESENTATION_RELATIONSHIP('SRR','None',#3271,#12);
#12=ADVANCED_BREP_SHAPE_REPRESENTATION('',(#14),#3260);
#13=STYLED_ITEM('',(#3282),#14);
#14=MANIFOLD_SOLID_BREP('Body11',#1888);
#15=TOROIDAL_SURFACE('',#2107,0.228750000000002,0.0692500000000019);
#16=(
BOUNDED_CURVE()
B_SPLINE_CURVE(2,(#3028,#3029,#3030),.UNSPECIFIED.,.F.,.F.)
B_SPLINE_CURVE_WITH_KNOTS((3,3),(0.326408939565138,0.459216370497572),
 .UNSPECIFIED.)
CURVE()
GEOMETRIC_REPRESENTATION_ITEM()
RATIONAL_B_SPLINE_CURVE((1.14419848954218,1.14624770611806,1.1260928786229))
REPRESENTATION_ITEM('')
);
#17=(
BOUNDED_CURVE()
B_SPLINE_CURVE(2,(#3033,#3034,#3035),.UNSPECIFIED.,.F.,.F.)
B_SPLINE_CURVE_WITH_KNOTS((3,3),(0.218115168216581,0.350922599149013),
 .UNSPECIFIED.)
CURVE()
GEOMETRIC_REPRESENTATION_ITEM()
RATIONAL_B_SPLINE_CURVE((1.12609287862147,1.14624770611629,1.14419848954036))
REPRESENTATION_ITEM('')
);
#18=(
BOUNDED_CURVE()
B_SPLINE_CURVE(2,(#3037,#3038,#3039),.UNSPECIFIED.,.F.,.F.)
B_SPLINE_CURVE_WITH_KNOTS((3,3),(0.326408939565764,0.45921637049821),
 .UNSPECIFIED.)
CURVE()
GEOMETRIC_REPRESENTATION_ITEM()
RATIONAL_B_SPLINE_CURVE((1.14419848954444,1.14624770612025,1.12609287862469))
REPRESENTATION_ITEM('')
);
#19=(
BOUNDED_CURVE()
B_SPLINE_CURVE(2,(#3042,#3043,#3044),.UNSPECIFIED.,.F.,.F.)
B_SPLINE_CURVE_WITH_KNOTS((3,3),(0.218115168215978,0.350922599148396),
 .UNSPECIFIED.)
CURVE()
GEOMETRIC_REPRESENTATION_ITEM()
RATIONAL_B_SPLINE_CURVE((1.12609287862327,1.14624770611851,1.14419848954266))
REPRESENTATION_ITEM('')
);
#20=(
BOUNDED_CURVE()
B_SPLINE_CURVE(2,(#3046,#3047,#3048),.UNSPECIFIED.,.F.,.F.)
B_SPLINE_CURVE_WITH_KNOTS((3,3),(0.326408939565991,0.459216370498438),
 .UNSPECIFIED.)
CURVE()
GEOMETRIC_REPRESENTATION_ITEM()
RATIONAL_B_SPLINE_CURVE((1.14419848954532,1.1462477061211,1.12609287862538))
REPRESENTATION_ITEM('')
);
#21=(
BOUNDED_CURVE()
B_SPLINE_CURVE(2,(#3051,#3052,#3053),.UNSPECIFIED.,.F.,.F.)
B_SPLINE_CURVE_WITH_KNOTS((3,3),(0.218115168215977,0.350922599148383),
 .UNSPECIFIED.)
CURVE()
GEOMETRIC_REPRESENTATION_ITEM()
RATIONAL_B_SPLINE_CURVE((1.12609287862321,1.14624770611843,1.14419848954259))
REPRESENTATION_ITEM('')
);
#22=(
BOUNDED_CURVE()
B_SPLINE_CURVE(2,(#3055,#3056,#3057),.UNSPECIFIED.,.F.,.F.)
B_SPLINE_CURVE_WITH_KNOTS((3,3),(0.32640893956545,0.45921637049789),
 .UNSPECIFIED.)
CURVE()
GEOMETRIC_REPRESENTATION_ITEM()
RATIONAL_B_SPLINE_CURVE((1.14419848954317,1.14624770611901,1.12609287862369))
REPRESENTATION_ITEM('')
);
#23=(
BOUNDED_CURVE()
B_SPLINE_CURVE(2,(#3060,#3061,#3062),.UNSPECIFIED.,.F.,.F.)
B_SPLINE_CURVE_WITH_KNOTS((3,3),(0.218115168215905,0.350922599148342),
 .UNSPECIFIED.)
CURVE()
GEOMETRIC_REPRESENTATION_ITEM()
RATIONAL_B_SPLINE_CURVE((1.12609287862357,1.14624770611888,1.14419848954303))
REPRESENTATION_ITEM('')
);
#24=(
BOUNDED_CURVE()
B_SPLINE_CURVE(2,(#3064,#3065,#3066),.UNSPECIFIED.,.F.,.F.)
B_SPLINE_CURVE_WITH_KNOTS((3,3),(0.326408939565588,0.459216370498034),
 .UNSPECIFIED.)
CURVE()
GEOMETRIC_REPRESENTATION_ITEM()
RATIONAL_B_SPLINE_CURVE((1.14419848954392,1.14624770611975,1.12609287862428))
REPRESENTATION_ITEM('')
);
#25=(
BOUNDED_CURVE()
B_SPLINE_CURVE(2,(#3069,#3070,#3071),.UNSPECIFIED.,.F.,.F.)
B_SPLINE_CURVE_WITH_KNOTS((3,3),(0.218115168216517,0.350922599148926),
 .UNSPECIFIED.)
CURVE()
GEOMETRIC_REPRESENTATION_ITEM()
RATIONAL_B_SPLINE_CURVE((1.12609287862154,1.14624770611639,1.14419848954048))
REPRESENTATION_ITEM('')
);
#26=(
BOUNDED_CURVE()
B_SPLINE_CURVE(2,(#3073,#3074,#3075),.UNSPECIFIED.,.F.,.F.)
B_SPLINE_CURVE_WITH_KNOTS((3,3),(0.32640893956579,0.459216370498252),
 .UNSPECIFIED.)
CURVE()
GEOMETRIC_REPRESENTATION_ITEM()
RATIONAL_B_SPLINE_CURVE((1.14419848954487,1.14624770612068,1.12609287862504))
REPRESENTATION_ITEM('')
);
#27=(
BOUNDED_CURVE()
B_SPLINE_CURVE(2,(#3078,#3079,#3080),.UNSPECIFIED.,.F.,.F.)
B_SPLINE_CURVE_WITH_KNOTS((3,3),(0.218115168216326,0.350922599148745),
 .UNSPECIFIED.)
CURVE()
GEOMETRIC_REPRESENTATION_ITEM()
RATIONAL_B_SPLINE_CURVE((1.12609287862219,1.14624770611718,1.14419848954129))
REPRESENTATION_ITEM('')
);
#28=(
BOUNDED_CURVE()
B_SPLINE_CURVE(2,(#3082,#3083,#3084),.UNSPECIFIED.,.F.,.F.)
B_SPLINE_CURVE_WITH_KNOTS((3,3),(0.326408939565579,0.459216370498023),
 .UNSPECIFIED.)
CURVE()
GEOMETRIC_REPRESENTATION_ITEM()
RATIONAL_B_SPLINE_CURVE((1.14419848954385,1.14624770611968,1.12609287862423))
REPRESENTATION_ITEM('')
);
#29=(
BOUNDED_CURVE()
B_SPLINE_CURVE(2,(#3087,#3088,#3089),.UNSPECIFIED.,.F.,.F.)
B_SPLINE_CURVE_WITH_KNOTS((3,3),(0.218115168216429,0.35092259914883),
 .UNSPECIFIED.)
CURVE()
GEOMETRIC_REPRESENTATION_ITEM()
RATIONAL_B_SPLINE_CURVE((1.12609287862176,1.14624770611665,1.14419848954075))
REPRESENTATION_ITEM('')
);
#30=(
BOUNDED_CURVE()
B_SPLINE_CURVE(2,(#3091,#3092,#3093),.UNSPECIFIED.,.F.,.F.)
B_SPLINE_CURVE_WITH_KNOTS((3,3),(0.326408939566106,0.45921637049859),
 .UNSPECIFIED.)
CURVE()
GEOMETRIC_REPRESENTATION_ITEM()
RATIONAL_B_SPLINE_CURVE((1.14419848954633,1.14624770612211,1.12609287862621))
REPRESENTATION_ITEM('')
);
#31=(
BOUNDED_CURVE()
B_SPLINE_CURVE(2,(#3096,#3097,#3098),.UNSPECIFIED.,.F.,.F.)
B_SPLINE_CURVE_WITH_KNOTS((3,3),(0.218115168215755,0.35092259914821),
 .UNSPECIFIED.)
CURVE()
GEOMETRIC_REPRESENTATION_ITEM()
RATIONAL_B_SPLINE_CURVE((1.12609287862411,1.14624770611954,1.1441984895437))
REPRESENTATION_ITEM('')
);
#32=CONICAL_SURFACE('',#2034,0.14,1.06465084371654);
#33=FACE_BOUND('',#274,.T.);
#34=FACE_BOUND('',#275,.T.);
#35=FACE_BOUND('',#276,.T.);
#36=FACE_BOUND('',#277,.T.);
#37=FACE_BOUND('',#278,.T.);
#38=FACE_BOUND('',#279,.T.);
#39=FACE_BOUND('',#280,.T.);
#40=FACE_BOUND('',#281,.T.);
#41=FACE_BOUND('',#282,.T.);
#42=FACE_BOUND('',#283,.T.);
#43=FACE_BOUND('',#284,.T.);
#44=FACE_BOUND('',#285,.T.);
#45=FACE_BOUND('',#286,.T.);
#46=FACE_BOUND('',#287,.T.);
#47=FACE_BOUND('',#288,.T.);
#48=FACE_BOUND('',#289,.T.);
#49=FACE_BOUND('',#290,.T.);
#50=FACE_BOUND('',#292,.T.);
#51=FACE_BOUND('',#293,.T.);
#52=FACE_BOUND('',#294,.T.);
#53=FACE_BOUND('',#295,.T.);
#54=FACE_BOUND('',#296,.T.);
#55=FACE_BOUND('',#297,.T.);
#56=FACE_BOUND('',#298,.T.);
#57=FACE_BOUND('',#299,.T.);
#58=FACE_BOUND('',#300,.T.);
#59=FACE_BOUND('',#301,.T.);
#60=FACE_BOUND('',#302,.T.);
#61=FACE_BOUND('',#303,.T.);
#62=FACE_BOUND('',#304,.T.);
#63=FACE_BOUND('',#305,.T.);
#64=FACE_BOUND('',#306,.T.);
#65=FACE_BOUND('',#307,.T.);
#66=FACE_BOUND('',#308,.T.);
#67=FACE_BOUND('',#310,.T.);
#68=FACE_BOUND('',#313,.T.);
#69=FACE_BOUND('',#317,.T.);
#70=FACE_BOUND('',#360,.T.);
#71=FACE_BOUND('',#365,.T.);
#72=PLANE('',#1950);
#73=PLANE('',#1954);
#74=PLANE('',#1955);
#75=PLANE('',#1959);
#76=PLANE('',#1963);
#77=PLANE('',#1964);
#78=PLANE('',#1968);
#79=PLANE('',#1969);
#80=PLANE('',#1973);
#81=PLANE('',#1977);
#82=PLANE('',#1978);
#83=PLANE('',#1982);
#84=PLANE('',#1983);
#85=PLANE('',#1987);
#86=PLANE('',#1991);
#87=PLANE('',#1992);
#88=PLANE('',#1996);
#89=PLANE('',#1997);
#90=PLANE('',#2001);
#91=PLANE('',#2005);
#92=PLANE('',#2006);
#93=PLANE('',#2008);
#94=PLANE('',#2010);
#95=PLANE('',#2015);
#96=PLANE('',#2047);
#97=PLANE('',#2050);
#98=PLANE('',#2053);
#99=PLANE('',#2054);
#100=PLANE('',#2057);
#101=PLANE('',#2060);
#102=PLANE('',#2061);
#103=PLANE('',#2064);
#104=PLANE('',#2067);
#105=PLANE('',#2068);
#106=PLANE('',#2071);
#107=PLANE('',#2074);
#108=PLANE('',#2075);
#109=PLANE('',#2078);
#110=PLANE('',#2081);
#111=PLANE('',#2082);
#112=PLANE('',#2085);
#113=PLANE('',#2088);
#114=PLANE('',#2089);
#115=PLANE('',#2092);
#116=PLANE('',#2095);
#117=PLANE('',#2096);
#118=PLANE('',#2097);
#119=PLANE('',#2100);
#120=PLANE('',#2103);
#121=PLANE('',#2106);
#122=PLANE('',#2113);
#123=FACE_OUTER_BOUND('',#225,.T.);
#124=FACE_OUTER_BOUND('',#226,.T.);
#125=FACE_OUTER_BOUND('',#227,.T.);
#126=FACE_OUTER_BOUND('',#228,.T.);
#127=FACE_OUTER_BOUND('',#229,.T.);
#128=FACE_OUTER_BOUND('',#230,.T.);
#129=FACE_OUTER_BOUND('',#231,.T.);
#130=FACE_OUTER_BOUND('',#232,.T.);
#131=FACE_OUTER_BOUND('',#233,.T.);
#132=FACE_OUTER_BOUND('',#234,.T.);
#133=FACE_OUTER_BOUND('',#235,.T.);
#134=FACE_OUTER_BOUND('',#236,.T.);
#135=FACE_OUTER_BOUND('',#237,.T.);
#136=FACE_OUTER_BOUND('',#238,.T.);
#137=FACE_OUTER_BOUND('',#239,.T.);
#138=FACE_OUTER_BOUND('',#240,.T.);
#139=FACE_OUTER_BOUND('',#241,.T.);
#140=FACE_OUTER_BOUND('',#242,.T.);
#141=FACE_OUTER_BOUND('',#243,.T.);
#142=FACE_OUTER_BOUND('',#244,.T.);
#143=FACE_OUTER_BOUND('',#245,.T.);
#144=FACE_OUTER_BOUND('',#246,.T.);
#145=FACE_OUTER_BOUND('',#247,.T.);
#146=FACE_OUTER_BOUND('',#248,.T.);
#147=FACE_OUTER_BOUND('',#249,.T.);
#148=FACE_OUTER_BOUND('',#250,.T.);
#149=FACE_OUTER_BOUND('',#251,.T.);
#150=FACE_OUTER_BOUND('',#252,.T.);
#151=FACE_OUTER_BOUND('',#253,.T.);
#152=FACE_OUTER_BOUND('',#254,.T.);
#153=FACE_OUTER_BOUND('',#255,.T.);
#154=FACE_OUTER_BOUND('',#256,.T.);
#155=FACE_OUTER_BOUND('',#257,.T.);
#156=FACE_OUTER_BOUND('',#258,.T.);
#157=FACE_OUTER_BOUND('',#259,.T.);
#158=FACE_OUTER_BOUND('',#260,.T.);
#159=FACE_OUTER_BOUND('',#261,.T.);
#160=FACE_OUTER_BOUND('',#262,.T.);
#161=FACE_OUTER_BOUND('',#263,.T.);
#162=FACE_OUTER_BOUND('',#264,.T.);
#163=FACE_OUTER_BOUND('',#265,.T.);
#164=FACE_OUTER_BOUND('',#266,.T.);
#165=FACE_OUTER_BOUND('',#267,.T.);
#166=FACE_OUTER_BOUND('',#268,.T.);
#167=FACE_OUTER_BOUND('',#269,.T.);
#168=FACE_OUTER_BOUND('',#270,.T.);
#169=FACE_OUTER_BOUND('',#271,.T.);
#170=FACE_OUTER_BOUND('',#272,.T.);
#171=FACE_OUTER_BOUND('',#273,.T.);
#172=FACE_OUTER_BOUND('',#291,.T.);
#173=FACE_OUTER_BOUND('',#309,.T.);
#174=FACE_OUTER_BOUND('',#311,.T.);
#175=FACE_OUTER_BOUND('',#312,.T.);
#176=FACE_OUTER_BOUND('',#314,.T.);
#177=FACE_OUTER_BOUND('',#315,.T.);
#178=FACE_OUTER_BOUND('',#316,.T.);
#179=FACE_OUTER_BOUND('',#318,.T.);
#180=FACE_OUTER_BOUND('',#319,.T.);
#181=FACE_OUTER_BOUND('',#320,.T.);
#182=FACE_OUTER_BOUND('',#321,.T.);
#183=FACE_OUTER_BOUND('',#322,.T.);
#184=FACE_OUTER_BOUND('',#323,.T.);
#185=FACE_OUTER_BOUND('',#324,.T.);
#186=FACE_OUTER_BOUND('',#325,.T.);
#187=FACE_OUTER_BOUND('',#326,.T.);
#188=FACE_OUTER_BOUND('',#327,.T.);
#189=FACE_OUTER_BOUND('',#328,.T.);
#190=FACE_OUTER_BOUND('',#329,.T.);
#191=FACE_OUTER_BOUND('',#330,.T.);
#192=FACE_OUTER_BOUND('',#331,.T.);
#193=FACE_OUTER_BOUND('',#332,.T.);
#194=FACE_OUTER_BOUND('',#333,.T.);
#195=FACE_OUTER_BOUND('',#334,.T.);
#196=FACE_OUTER_BOUND('',#335,.T.);
#197=FACE_OUTER_BOUND('',#336,.T.);
#198=FACE_OUTER_BOUND('',#337,.T.);
#199=FACE_OUTER_BOUND('',#338,.T.);
#200=FACE_OUTER_BOUND('',#339,.T.);
#201=FACE_OUTER_BOUND('',#340,.T.);
#202=FACE_OUTER_BOUND('',#341,.T.);
#203=FACE_OUTER_BOUND('',#342,.T.);
#204=FACE_OUTER_BOUND('',#343,.T.);
#205=FACE_OUTER_BOUND('',#344,.T.);
#206=FACE_OUTER_BOUND('',#345,.T.);
#207=FACE_OUTER_BOUND('',#346,.T.);
#208=FACE_OUTER_BOUND('',#347,.T.);
#209=FACE_OUTER_BOUND('',#348,.T.);
#210=FACE_OUTER_BOUND('',#349,.T.);
#211=FACE_OUTER_BOUND('',#350,.T.);
#212=FACE_OUTER_BOUND('',#351,.T.);
#213=FACE_OUTER_BOUND('',#352,.T.);
#214=FACE_OUTER_BOUND('',#353,.T.);
#215=FACE_OUTER_BOUND('',#354,.T.);
#216=FACE_OUTER_BOUND('',#355,.T.);
#217=FACE_OUTER_BOUND('',#356,.T.);
#218=FACE_OUTER_BOUND('',#357,.T.);
#219=FACE_OUTER_BOUND('',#358,.T.);
#220=FACE_OUTER_BOUND('',#359,.T.);
#221=FACE_OUTER_BOUND('',#361,.T.);
#222=FACE_OUTER_BOUND('',#362,.T.);
#223=FACE_OUTER_BOUND('',#363,.T.);
#224=FACE_OUTER_BOUND('',#364,.T.);
#225=EDGE_LOOP('',(#1201,#1202,#1203,#1204));
#226=EDGE_LOOP('',(#1205,#1206,#1207,#1208));
#227=EDGE_LOOP('',(#1209,#1210,#1211,#1212));
#228=EDGE_LOOP('',(#1213,#1214,#1215,#1216));
#229=EDGE_LOOP('',(#1217,#1218,#1219,#1220));
#230=EDGE_LOOP('',(#1221,#1222,#1223,#1224));
#231=EDGE_LOOP('',(#1225,#1226,#1227,#1228));
#232=EDGE_LOOP('',(#1229,#1230,#1231,#1232));
#233=EDGE_LOOP('',(#1233,#1234,#1235,#1236));
#234=EDGE_LOOP('',(#1237,#1238,#1239,#1240));
#235=EDGE_LOOP('',(#1241,#1242,#1243,#1244));
#236=EDGE_LOOP('',(#1245,#1246,#1247,#1248));
#237=EDGE_LOOP('',(#1249,#1250,#1251,#1252));
#238=EDGE_LOOP('',(#1253,#1254,#1255,#1256));
#239=EDGE_LOOP('',(#1257,#1258,#1259,#1260));
#240=EDGE_LOOP('',(#1261,#1262,#1263,#1264));
#241=EDGE_LOOP('',(#1265,#1266,#1267,#1268));
#242=EDGE_LOOP('',(#1269,#1270,#1271,#1272));
#243=EDGE_LOOP('',(#1273,#1274,#1275,#1276));
#244=EDGE_LOOP('',(#1277,#1278,#1279,#1280));
#245=EDGE_LOOP('',(#1281,#1282,#1283,#1284));
#246=EDGE_LOOP('',(#1285,#1286,#1287,#1288));
#247=EDGE_LOOP('',(#1289,#1290,#1291,#1292));
#248=EDGE_LOOP('',(#1293,#1294,#1295,#1296));
#249=EDGE_LOOP('',(#1297,#1298,#1299,#1300));
#250=EDGE_LOOP('',(#1301,#1302,#1303,#1304));
#251=EDGE_LOOP('',(#1305,#1306,#1307,#1308));
#252=EDGE_LOOP('',(#1309,#1310,#1311,#1312));
#253=EDGE_LOOP('',(#1313,#1314,#1315,#1316));
#254=EDGE_LOOP('',(#1317,#1318,#1319,#1320));
#255=EDGE_LOOP('',(#1321,#1322,#1323,#1324));
#256=EDGE_LOOP('',(#1325,#1326,#1327,#1328));
#257=EDGE_LOOP('',(#1329,#1330,#1331,#1332));
#258=EDGE_LOOP('',(#1333,#1334,#1335,#1336));
#259=EDGE_LOOP('',(#1337,#1338,#1339,#1340));
#260=EDGE_LOOP('',(#1341,#1342,#1343,#1344));
#261=EDGE_LOOP('',(#1345,#1346,#1347,#1348));
#262=EDGE_LOOP('',(#1349,#1350,#1351,#1352));
#263=EDGE_LOOP('',(#1353,#1354,#1355,#1356));
#264=EDGE_LOOP('',(#1357,#1358,#1359,#1360));
#265=EDGE_LOOP('',(#1361,#1362,#1363,#1364));
#266=EDGE_LOOP('',(#1365,#1366,#1367,#1368));
#267=EDGE_LOOP('',(#1369,#1370,#1371,#1372));
#268=EDGE_LOOP('',(#1373,#1374,#1375,#1376));
#269=EDGE_LOOP('',(#1377,#1378,#1379,#1380));
#270=EDGE_LOOP('',(#1381,#1382,#1383,#1384));
#271=EDGE_LOOP('',(#1385,#1386,#1387,#1388));
#272=EDGE_LOOP('',(#1389,#1390,#1391,#1392));
#273=EDGE_LOOP('',(#1393,#1394,#1395,#1396,#1397,#1398,#1399,#1400,#1401,
#1402,#1403,#1404,#1405,#1406,#1407,#1408,#1409,#1410,#1411,#1412,#1413,
#1414,#1415,#1416,#1417,#1418,#1419,#1420,#1421,#1422,#1423,#1424));
#274=EDGE_LOOP('',(#1425));
#275=EDGE_LOOP('',(#1426));
#276=EDGE_LOOP('',(#1427));
#277=EDGE_LOOP('',(#1428));
#278=EDGE_LOOP('',(#1429));
#279=EDGE_LOOP('',(#1430));
#280=EDGE_LOOP('',(#1431));
#281=EDGE_LOOP('',(#1432));
#282=EDGE_LOOP('',(#1433));
#283=EDGE_LOOP('',(#1434));
#284=EDGE_LOOP('',(#1435));
#285=EDGE_LOOP('',(#1436));
#286=EDGE_LOOP('',(#1437));
#287=EDGE_LOOP('',(#1438));
#288=EDGE_LOOP('',(#1439));
#289=EDGE_LOOP('',(#1440));
#290=EDGE_LOOP('',(#1441));
#291=EDGE_LOOP('',(#1442,#1443,#1444,#1445,#1446,#1447,#1448,#1449,#1450,
#1451,#1452,#1453,#1454,#1455,#1456,#1457,#1458,#1459,#1460,#1461,#1462,
#1463,#1464,#1465,#1466,#1467,#1468,#1469,#1470,#1471,#1472,#1473));
#292=EDGE_LOOP('',(#1474));
#293=EDGE_LOOP('',(#1475));
#294=EDGE_LOOP('',(#1476));
#295=EDGE_LOOP('',(#1477));
#296=EDGE_LOOP('',(#1478));
#297=EDGE_LOOP('',(#1479));
#298=EDGE_LOOP('',(#1480));
#299=EDGE_LOOP('',(#1481));
#300=EDGE_LOOP('',(#1482));
#301=EDGE_LOOP('',(#1483));
#302=EDGE_LOOP('',(#1484));
#303=EDGE_LOOP('',(#1485));
#304=EDGE_LOOP('',(#1486));
#305=EDGE_LOOP('',(#1487));
#306=EDGE_LOOP('',(#1488));
#307=EDGE_LOOP('',(#1489));
#308=EDGE_LOOP('',(#1490));
#309=EDGE_LOOP('',(#1491));
#310=EDGE_LOOP('',(#1492));
#311=EDGE_LOOP('',(#1493,#1494,#1495,#1496));
#312=EDGE_LOOP('',(#1497,#1498,#1499,#1500,#1501,#1502,#1503,#1504,#1505,
#1506,#1507,#1508,#1509,#1510,#1511,#1512,#1513));
#313=EDGE_LOOP('',(#1514));
#314=EDGE_LOOP('',(#1515,#1516,#1517,#1518,#1519,#1520,#1521,#1522,#1523,
#1524,#1525,#1526,#1527,#1528,#1529,#1530,#1531,#1532,#1533,#1534,#1535,
#1536,#1537,#1538,#1539,#1540,#1541,#1542,#1543,#1544,#1545,#1546,#1547,
#1548,#1549,#1550));
#315=EDGE_LOOP('',(#1551,#1552,#1553,#1554));
#316=EDGE_LOOP('',(#1555));
#317=EDGE_LOOP('',(#1556));
#318=EDGE_LOOP('',(#1557,#1558,#1559,#1560));
#319=EDGE_LOOP('',(#1561,#1562,#1563,#1564));
#320=EDGE_LOOP('',(#1565,#1566,#1567,#1568));
#321=EDGE_LOOP('',(#1569,#1570,#1571,#1572));
#322=EDGE_LOOP('',(#1573,#1574,#1575,#1576));
#323=EDGE_LOOP('',(#1577,#1578,#1579,#1580));
#324=EDGE_LOOP('',(#1581,#1582,#1583,#1584));
#325=EDGE_LOOP('',(#1585,#1586,#1587,#1588));
#326=EDGE_LOOP('',(#1589,#1590,#1591,#1592));
#327=EDGE_LOOP('',(#1593,#1594,#1595,#1596));
#328=EDGE_LOOP('',(#1597,#1598,#1599,#1600));
#329=EDGE_LOOP('',(#1601,#1602,#1603,#1604));
#330=EDGE_LOOP('',(#1605,#1606,#1607,#1608));
#331=EDGE_LOOP('',(#1609,#1610,#1611,#1612));
#332=EDGE_LOOP('',(#1613,#1614,#1615,#1616));
#333=EDGE_LOOP('',(#1617,#1618,#1619,#1620));
#334=EDGE_LOOP('',(#1621,#1622,#1623,#1624));
#335=EDGE_LOOP('',(#1625,#1626,#1627,#1628));
#336=EDGE_LOOP('',(#1629,#1630,#1631,#1632));
#337=EDGE_LOOP('',(#1633,#1634,#1635,#1636));
#338=EDGE_LOOP('',(#1637,#1638,#1639,#1640));
#339=EDGE_LOOP('',(#1641,#1642,#1643,#1644));
#340=EDGE_LOOP('',(#1645,#1646,#1647,#1648));
#341=EDGE_LOOP('',(#1649,#1650,#1651,#1652));
#342=EDGE_LOOP('',(#1653,#1654,#1655,#1656));
#343=EDGE_LOOP('',(#1657,#1658,#1659,#1660));
#344=EDGE_LOOP('',(#1661,#1662,#1663,#1664));
#345=EDGE_LOOP('',(#1665,#1666,#1667,#1668));
#346=EDGE_LOOP('',(#1669,#1670,#1671,#1672));
#347=EDGE_LOOP('',(#1673,#1674,#1675,#1676));
#348=EDGE_LOOP('',(#1677,#1678,#1679,#1680));
#349=EDGE_LOOP('',(#1681,#1682,#1683,#1684));
#350=EDGE_LOOP('',(#1685,#1686,#1687,#1688));
#351=EDGE_LOOP('',(#1689,#1690,#1691,#1692));
#352=EDGE_LOOP('',(#1693,#1694,#1695,#1696));
#353=EDGE_LOOP('',(#1697,#1698,#1699,#1700));
#354=EDGE_LOOP('',(#1701,#1702,#1703,#1704));
#355=EDGE_LOOP('',(#1705,#1706,#1707,#1708));
#356=EDGE_LOOP('',(#1709,#1710,#1711,#1712));
#357=EDGE_LOOP('',(#1713,#1714,#1715,#1716));
#358=EDGE_LOOP('',(#1717,#1718,#1719,#1720));
#359=EDGE_LOOP('',(#1721));
#360=EDGE_LOOP('',(#1722));
#361=EDGE_LOOP('',(#1723,#1724,#1725,#1726));
#362=EDGE_LOOP('',(#1727,#1728,#1729,#1730));
#363=EDGE_LOOP('',(#1731,#1732,#1733,#1734));
#364=EDGE_LOOP('',(#1735));
#365=EDGE_LOOP('',(#1736));
#366=LINE('',#2687,#508);
#367=LINE('',#2693,#509);
#368=LINE('',#2699,#510);
#369=LINE('',#2705,#511);
#370=LINE('',#2711,#512);
#371=LINE('',#2717,#513);
#372=LINE('',#2723,#514);
#373=LINE('',#2729,#515);
#374=LINE('',#2735,#516);
#375=LINE('',#2741,#517);
#376=LINE('',#2747,#518);
#377=LINE('',#2753,#519);
#378=LINE('',#2759,#520);
#379=LINE('',#2765,#521);
#380=LINE('',#2771,#522);
#381=LINE('',#2777,#523);
#382=LINE('',#2782,#524);
#383=LINE('',#2784,#525);
#384=LINE('',#2786,#526);
#385=LINE('',#2787,#527);
#386=LINE('',#2793,#528);
#387=LINE('',#2796,#529);
#388=LINE('',#2798,#530);
#389=LINE('',#2799,#531);
#390=LINE('',#2802,#532);
#391=LINE('',#2804,#533);
#392=LINE('',#2805,#534);
#393=LINE('',#2811,#535);
#394=LINE('',#2814,#536);
#395=LINE('',#2816,#537);
#396=LINE('',#2817,#538);
#397=LINE('',#2823,#539);
#398=LINE('',#2826,#540);
#399=LINE('',#2828,#541);
#400=LINE('',#2829,#542);
#401=LINE('',#2832,#543);
#402=LINE('',#2834,#544);
#403=LINE('',#2835,#545);
#404=LINE('',#2841,#546);
#405=LINE('',#2844,#547);
#406=LINE('',#2846,#548);
#407=LINE('',#2847,#549);
#408=LINE('',#2850,#550);
#409=LINE('',#2852,#551);
#410=LINE('',#2853,#552);
#411=LINE('',#2859,#553);
#412=LINE('',#2862,#554);
#413=LINE('',#2864,#555);
#414=LINE('',#2865,#556);
#415=LINE('',#2871,#557);
#416=LINE('',#2874,#558);
#417=LINE('',#2876,#559);
#418=LINE('',#2877,#560);
#419=LINE('',#2880,#561);
#420=LINE('',#2882,#562);
#421=LINE('',#2883,#563);
#422=LINE('',#2889,#564);
#423=LINE('',#2892,#565);
#424=LINE('',#2894,#566);
#425=LINE('',#2895,#567);
#426=LINE('',#2898,#568);
#427=LINE('',#2900,#569);
#428=LINE('',#2901,#570);
#429=LINE('',#2907,#571);
#430=LINE('',#2910,#572);
#431=LINE('',#2912,#573);
#432=LINE('',#2913,#574);
#433=LINE('',#2919,#575);
#434=LINE('',#2922,#576);
#435=LINE('',#2924,#577);
#436=LINE('',#2925,#578);
#437=LINE('',#2928,#579);
#438=LINE('',#2930,#580);
#439=LINE('',#2931,#581);
#440=LINE('',#2937,#582);
#441=LINE('',#2940,#583);
#442=LINE('',#2942,#584);
#443=LINE('',#2943,#585);
#444=LINE('',#2946,#586);
#445=LINE('',#2948,#587);
#446=LINE('',#2949,#588);
#447=LINE('',#2955,#589);
#448=LINE('',#2958,#590);
#449=LINE('',#2960,#591);
#450=LINE('',#2961,#592);
#451=LINE('',#2967,#593);
#452=LINE('',#2969,#594);
#453=LINE('',#2970,#595);
#454=LINE('',#2985,#596);
#455=LINE('',#3026,#597);
#456=LINE('',#3103,#598);
#457=LINE('',#3108,#599);
#458=LINE('',#3111,#600);
#459=LINE('',#3114,#601);
#460=LINE('',#3115,#602);
#461=LINE('',#3119,#603);
#462=LINE('',#3121,#604);
#463=LINE('',#3125,#605);
#464=LINE('',#3128,#606);
#465=LINE('',#3131,#607);
#466=LINE('',#3132,#608);
#467=LINE('',#3136,#609);
#468=LINE('',#3138,#610);
#469=LINE('',#3142,#611);
#470=LINE('',#3145,#612);
#471=LINE('',#3148,#613);
#472=LINE('',#3149,#614);
#473=LINE('',#3153,#615);
#474=LINE('',#3155,#616);
#475=LINE('',#3159,#617);
#476=LINE('',#3162,#618);
#477=LINE('',#3165,#619);
#478=LINE('',#3166,#620);
#479=LINE('',#3170,#621);
#480=LINE('',#3172,#622);
#481=LINE('',#3176,#623);
#482=LINE('',#3179,#624);
#483=LINE('',#3182,#625);
#484=LINE('',#3183,#626);
#485=LINE('',#3187,#627);
#486=LINE('',#3189,#628);
#487=LINE('',#3193,#629);
#488=LINE('',#3196,#630);
#489=LINE('',#3199,#631);
#490=LINE('',#3200,#632);
#491=LINE('',#3204,#633);
#492=LINE('',#3206,#634);
#493=LINE('',#3210,#635);
#494=LINE('',#3213,#636);
#495=LINE('',#3216,#637);
#496=LINE('',#3217,#638);
#497=LINE('',#3221,#639);
#498=LINE('',#3223,#640);
#499=LINE('',#3227,#641);
#500=LINE('',#3229,#642);
#501=LINE('',#3230,#643);
#502=LINE('',#3234,#644);
#503=LINE('',#3237,#645);
#504=LINE('',#3238,#646);
#505=LINE('',#3245,#647);
#506=LINE('',#3252,#648);
#507=LINE('',#3256,#649);
#508=VECTOR('',#2120,0.035);
#509=VECTOR('',#2127,0.035);
#510=VECTOR('',#2134,0.035);
#511=VECTOR('',#2141,0.035);
#512=VECTOR('',#2148,0.035);
#513=VECTOR('',#2155,0.035);
#514=VECTOR('',#2162,0.035);
#515=VECTOR('',#2169,0.035);
#516=VECTOR('',#2176,0.035);
#517=VECTOR('',#2183,0.035);
#518=VECTOR('',#2190,0.035);
#519=VECTOR('',#2197,0.035);
#520=VECTOR('',#2204,0.035);
#521=VECTOR('',#2211,0.035);
#522=VECTOR('',#2218,0.035);
#523=VECTOR('',#2225,0.035);
#524=VECTOR('',#2230,0.393700787401575);
#525=VECTOR('',#2231,0.393700787401575);
#526=VECTOR('',#2232,0.393700787401575);
#527=VECTOR('',#2233,0.393700787401575);
#528=VECTOR('',#2240,0.393700787401575);
#529=VECTOR('',#2243,0.393700787401575);
#530=VECTOR('',#2244,0.393700787401575);
#531=VECTOR('',#2245,0.393700787401575);
#532=VECTOR('',#2248,0.393700787401575);
#533=VECTOR('',#2249,0.393700787401575);
#534=VECTOR('',#2250,0.393700787401575);
#535=VECTOR('',#2257,0.393700787401575);
#536=VECTOR('',#2260,0.393700787401575);
#537=VECTOR('',#2261,0.393700787401575);
#538=VECTOR('',#2262,0.393700787401575);
#539=VECTOR('',#2269,0.393700787401575);
#540=VECTOR('',#2272,0.393700787401575);
#541=VECTOR('',#2273,0.393700787401575);
#542=VECTOR('',#2274,0.393700787401575);
#543=VECTOR('',#2277,0.393700787401575);
#544=VECTOR('',#2278,0.393700787401575);
#545=VECTOR('',#2279,0.393700787401575);
#546=VECTOR('',#2286,0.393700787401575);
#547=VECTOR('',#2289,0.393700787401575);
#548=VECTOR('',#2290,0.393700787401575);
#549=VECTOR('',#2291,0.393700787401575);
#550=VECTOR('',#2294,0.393700787401575);
#551=VECTOR('',#2295,0.393700787401575);
#552=VECTOR('',#2296,0.393700787401575);
#553=VECTOR('',#2303,0.393700787401575);
#554=VECTOR('',#2306,0.393700787401575);
#555=VECTOR('',#2307,0.393700787401575);
#556=VECTOR('',#2308,0.393700787401575);
#557=VECTOR('',#2315,0.393700787401575);
#558=VECTOR('',#2318,0.393700787401575);
#559=VECTOR('',#2319,0.393700787401575);
#560=VECTOR('',#2320,0.393700787401575);
#561=VECTOR('',#2323,0.393700787401575);
#562=VECTOR('',#2324,0.393700787401575);
#563=VECTOR('',#2325,0.393700787401575);
#564=VECTOR('',#2332,0.393700787401575);
#565=VECTOR('',#2335,0.393700787401575);
#566=VECTOR('',#2336,0.393700787401575);
#567=VECTOR('',#2337,0.393700787401575);
#568=VECTOR('',#2340,0.393700787401575);
#569=VECTOR('',#2341,0.393700787401575);
#570=VECTOR('',#2342,0.393700787401575);
#571=VECTOR('',#2349,0.393700787401575);
#572=VECTOR('',#2352,0.393700787401575);
#573=VECTOR('',#2353,0.393700787401575);
#574=VECTOR('',#2354,0.393700787401575);
#575=VECTOR('',#2361,0.393700787401575);
#576=VECTOR('',#2364,0.393700787401575);
#577=VECTOR('',#2365,0.393700787401575);
#578=VECTOR('',#2366,0.393700787401575);
#579=VECTOR('',#2369,0.393700787401575);
#580=VECTOR('',#2370,0.393700787401575);
#581=VECTOR('',#2371,0.393700787401575);
#582=VECTOR('',#2378,0.393700787401575);
#583=VECTOR('',#2381,0.393700787401575);
#584=VECTOR('',#2382,0.393700787401575);
#585=VECTOR('',#2383,0.393700787401575);
#586=VECTOR('',#2386,0.393700787401575);
#587=VECTOR('',#2387,0.393700787401575);
#588=VECTOR('',#2388,0.393700787401575);
#589=VECTOR('',#2395,0.393700787401575);
#590=VECTOR('',#2398,0.393700787401575);
#591=VECTOR('',#2399,0.393700787401575);
#592=VECTOR('',#2400,0.393700787401575);
#593=VECTOR('',#2407,0.393700787401575);
#594=VECTOR('',#2410,0.393700787401575);
#595=VECTOR('',#2411,0.393700787401575);
#596=VECTOR('',#2430,0.2);
#597=VECTOR('',#2473,0.14);
#598=VECTOR('',#2494,0.0575);
#599=VECTOR('',#2501,0.0250560926846254);
#600=VECTOR('',#2504,0.0250560926846254);
#601=VECTOR('',#2507,0.0451967800751072);
#602=VECTOR('',#2508,0.05);
#603=VECTOR('',#2513,0.05);
#604=VECTOR('',#2516,0.0451967800751072);
#605=VECTOR('',#2521,0.0250560926846254);
#606=VECTOR('',#2524,0.0250560926846254);
#607=VECTOR('',#2527,0.0451967800751072);
#608=VECTOR('',#2528,0.05);
#609=VECTOR('',#2533,0.05);
#610=VECTOR('',#2536,0.0451967800751072);
#611=VECTOR('',#2541,0.0250560926846254);
#612=VECTOR('',#2544,0.0250560926846254);
#613=VECTOR('',#2547,0.0451967800751072);
#614=VECTOR('',#2548,0.05);
#615=VECTOR('',#2553,0.05);
#616=VECTOR('',#2556,0.0451967800751072);
#617=VECTOR('',#2561,0.0250560926846254);
#618=VECTOR('',#2564,0.0250560926846254);
#619=VECTOR('',#2567,0.0451967800751072);
#620=VECTOR('',#2568,0.05);
#621=VECTOR('',#2573,0.05);
#622=VECTOR('',#2576,0.0451967800751072);
#623=VECTOR('',#2581,0.0250560926846254);
#624=VECTOR('',#2584,0.0250560926846254);
#625=VECTOR('',#2587,0.0451967800751072);
#626=VECTOR('',#2588,0.05);
#627=VECTOR('',#2593,0.05);
#628=VECTOR('',#2596,0.0451967800751072);
#629=VECTOR('',#2601,0.0250560926846254);
#630=VECTOR('',#2604,0.0250560926846254);
#631=VECTOR('',#2607,0.0451967800751072);
#632=VECTOR('',#2608,0.05);
#633=VECTOR('',#2613,0.05);
#634=VECTOR('',#2616,0.0451967800751072);
#635=VECTOR('',#2621,0.0250560926846254);
#636=VECTOR('',#2624,0.0250560926846254);
#637=VECTOR('',#2627,0.0451967800751072);
#638=VECTOR('',#2628,0.05);
#639=VECTOR('',#2633,0.05);
#640=VECTOR('',#2636,0.0451967800751072);
#641=VECTOR('',#2641,0.05);
#642=VECTOR('',#2642,0.0451967800751072);
#643=VECTOR('',#2643,0.0250560926846254);
#644=VECTOR('',#2648,0.0250560926846254);
#645=VECTOR('',#2651,0.0451967800751072);
#646=VECTOR('',#2652,0.05);
#647=VECTOR('',#2663,0.1175);
#648=VECTOR('',#2674,0.1595);
#649=VECTOR('',#2679,0.1175);
#650=CIRCLE('',#1903,0.035);
#651=CIRCLE('',#1904,0.035);
#652=CIRCLE('',#1906,0.035);
#653=CIRCLE('',#1907,0.035);
#654=CIRCLE('',#1909,0.035);
#655=CIRCLE('',#1910,0.035);
#656=CIRCLE('',#1912,0.035);
#657=CIRCLE('',#1913,0.035);
#658=CIRCLE('',#1915,0.035);
#659=CIRCLE('',#1916,0.035);
#660=CIRCLE('',#1918,0.035);
#661=CIRCLE('',#1919,0.035);
#662=CIRCLE('',#1921,0.035);
#663=CIRCLE('',#1922,0.035);
#664=CIRCLE('',#1924,0.035);
#665=CIRCLE('',#1925,0.035);
#666=CIRCLE('',#1927,0.035);
#667=CIRCLE('',#1928,0.035);
#668=CIRCLE('',#1930,0.035);
#669=CIRCLE('',#1931,0.035);
#670=CIRCLE('',#1933,0.035);
#671=CIRCLE('',#1934,0.035);
#672=CIRCLE('',#1936,0.035);
#673=CIRCLE('',#1937,0.035);
#674=CIRCLE('',#1939,0.035);
#675=CIRCLE('',#1940,0.035);
#676=CIRCLE('',#1942,0.035);
#677=CIRCLE('',#1943,0.035);
#678=CIRCLE('',#1945,0.035);
#679=CIRCLE('',#1946,0.035);
#680=CIRCLE('',#1948,0.035);
#681=CIRCLE('',#1949,0.035);
#682=CIRCLE('',#1952,0.0825000000000043);
#683=CIRCLE('',#1953,0.0825000000000043);
#684=CIRCLE('',#1957,0.1);
#685=CIRCLE('',#1958,0.1);
#686=CIRCLE('',#1961,0.1);
#687=CIRCLE('',#1962,0.1);
#688=CIRCLE('',#1966,0.0825000000000042);
#689=CIRCLE('',#1967,0.0825000000000042);
#690=CIRCLE('',#1971,0.1);
#691=CIRCLE('',#1972,0.1);
#692=CIRCLE('',#1975,0.1);
#693=CIRCLE('',#1976,0.1);
#694=CIRCLE('',#1980,0.0825000000000042);
#695=CIRCLE('',#1981,0.0825000000000042);
#696=CIRCLE('',#1985,0.1);
#697=CIRCLE('',#1986,0.1);
#698=CIRCLE('',#1989,0.1);
#699=CIRCLE('',#1990,0.1);
#700=CIRCLE('',#1994,0.0825000000000041);
#701=CIRCLE('',#1995,0.0825000000000041);
#702=CIRCLE('',#1999,0.1);
#703=CIRCLE('',#2000,0.1);
#704=CIRCLE('',#2003,0.1);
#705=CIRCLE('',#2004,0.1);
#706=CIRCLE('',#2007,0.2);
#707=CIRCLE('',#2009,0.2);
#708=CIRCLE('',#2011,0.1595);
#709=CIRCLE('',#2012,0.1175);
#710=CIRCLE('',#2014,0.2);
#711=CIRCLE('',#2016,0.14);
#712=CIRCLE('',#2017,0.14);
#713=CIRCLE('',#2018,0.14);
#714=CIRCLE('',#2019,0.14);
#715=CIRCLE('',#2020,0.14);
#716=CIRCLE('',#2021,0.14);
#717=CIRCLE('',#2022,0.14);
#718=CIRCLE('',#2023,0.14);
#719=CIRCLE('',#2024,0.14);
#720=CIRCLE('',#2025,0.14);
#721=CIRCLE('',#2026,0.14);
#722=CIRCLE('',#2027,0.14);
#723=CIRCLE('',#2028,0.14);
#724=CIRCLE('',#2029,0.14);
#725=CIRCLE('',#2030,0.14);
#726=CIRCLE('',#2031,0.14);
#727=CIRCLE('',#2032,0.14);
#728=CIRCLE('',#2033,0.1175);
#729=CIRCLE('',#2035,0.185101193881786);
#730=CIRCLE('',#2036,0.185);
#731=CIRCLE('',#2037,0.185);
#732=CIRCLE('',#2038,0.185);
#733=CIRCLE('',#2039,0.185);
#734=CIRCLE('',#2040,0.185);
#735=CIRCLE('',#2041,0.185);
#736=CIRCLE('',#2042,0.185);
#737=CIRCLE('',#2043,0.185);
#738=CIRCLE('',#2045,0.0575);
#739=CIRCLE('',#2046,0.0575);
#740=CIRCLE('',#2049,0.185);
#741=CIRCLE('',#2052,0.14);
#742=CIRCLE('',#2056,0.185);
#743=CIRCLE('',#2059,0.14);
#744=CIRCLE('',#2063,0.185);
#745=CIRCLE('',#2066,0.14);
#746=CIRCLE('',#2070,0.185);
#747=CIRCLE('',#2073,0.14);
#748=CIRCLE('',#2077,0.185);
#749=CIRCLE('',#2080,0.14);
#750=CIRCLE('',#2084,0.185);
#751=CIRCLE('',#2087,0.14);
#752=CIRCLE('',#2091,0.185);
#753=CIRCLE('',#2094,0.14);
#754=CIRCLE('',#2099,0.185);
#755=CIRCLE('',#2102,0.14);
#756=CIRCLE('',#2105,0.1175);
#757=CIRCLE('',#2108,0.0692500000000019);
#758=CIRCLE('',#2109,0.1595);
#759=CIRCLE('',#2112,0.1175);
#760=VERTEX_POINT('',#2684);
#761=VERTEX_POINT('',#2686);
#762=VERTEX_POINT('',#2690);
#763=VERTEX_POINT('',#2692);
#764=VERTEX_POINT('',#2696);
#765=VERTEX_POINT('',#2698);
#766=VERTEX_POINT('',#2702);
#767=VERTEX_POINT('',#2704);
#768=VERTEX_POINT('',#2708);
#769=VERTEX_POINT('',#2710);
#770=VERTEX_POINT('',#2714);
#771=VERTEX_POINT('',#2716);
#772=VERTEX_POINT('',#2720);
#773=VERTEX_POINT('',#2722);
#774=VERTEX_POINT('',#2726);
#775=VERTEX_POINT('',#2728);
#776=VERTEX_POINT('',#2732);
#777=VERTEX_POINT('',#2734);
#778=VERTEX_POINT('',#2738);
#779=VERTEX_POINT('',#2740);
#780=VERTEX_POINT('',#2744);
#781=VERTEX_POINT('',#2746);
#782=VERTEX_POINT('',#2750);
#783=VERTEX_POINT('',#2752);
#784=VERTEX_POINT('',#2756);
#785=VERTEX_POINT('',#2758);
#786=VERTEX_POINT('',#2762);
#787=VERTEX_POINT('',#2764);
#788=VERTEX_POINT('',#2768);
#789=VERTEX_POINT('',#2770);
#790=VERTEX_POINT('',#2774);
#791=VERTEX_POINT('',#2776);
#792=VERTEX_POINT('',#2780);
#793=VERTEX_POINT('',#2781);
#794=VERTEX_POINT('',#2783);
#795=VERTEX_POINT('',#2785);
#796=VERTEX_POINT('',#2789);
#797=VERTEX_POINT('',#2791);
#798=VERTEX_POINT('',#2795);
#799=VERTEX_POINT('',#2797);
#800=VERTEX_POINT('',#2801);
#801=VERTEX_POINT('',#2803);
#802=VERTEX_POINT('',#2807);
#803=VERTEX_POINT('',#2809);
#804=VERTEX_POINT('',#2813);
#805=VERTEX_POINT('',#2815);
#806=VERTEX_POINT('',#2819);
#807=VERTEX_POINT('',#2821);
#808=VERTEX_POINT('',#2825);
#809=VERTEX_POINT('',#2827);
#810=VERTEX_POINT('',#2831);
#811=VERTEX_POINT('',#2833);
#812=VERTEX_POINT('',#2837);
#813=VERTEX_POINT('',#2839);
#814=VERTEX_POINT('',#2843);
#815=VERTEX_POINT('',#2845);
#816=VERTEX_POINT('',#2849);
#817=VERTEX_POINT('',#2851);
#818=VERTEX_POINT('',#2855);
#819=VERTEX_POINT('',#2857);
#820=VERTEX_POINT('',#2861);
#821=VERTEX_POINT('',#2863);
#822=VERTEX_POINT('',#2867);
#823=VERTEX_POINT('',#2869);
#824=VERTEX_POINT('',#2873);
#825=VERTEX_POINT('',#2875);
#826=VERTEX_POINT('',#2879);
#827=VERTEX_POINT('',#2881);
#828=VERTEX_POINT('',#2885);
#829=VERTEX_POINT('',#2887);
#830=VERTEX_POINT('',#2891);
#831=VERTEX_POINT('',#2893);
#832=VERTEX_POINT('',#2897);
#833=VERTEX_POINT('',#2899);
#834=VERTEX_POINT('',#2903);
#835=VERTEX_POINT('',#2905);
#836=VERTEX_POINT('',#2909);
#837=VERTEX_POINT('',#2911);
#838=VERTEX_POINT('',#2915);
#839=VERTEX_POINT('',#2917);
#840=VERTEX_POINT('',#2921);
#841=VERTEX_POINT('',#2923);
#842=VERTEX_POINT('',#2927);
#843=VERTEX_POINT('',#2929);
#844=VERTEX_POINT('',#2933);
#845=VERTEX_POINT('',#2935);
#846=VERTEX_POINT('',#2939);
#847=VERTEX_POINT('',#2941);
#848=VERTEX_POINT('',#2945);
#849=VERTEX_POINT('',#2947);
#850=VERTEX_POINT('',#2951);
#851=VERTEX_POINT('',#2953);
#852=VERTEX_POINT('',#2957);
#853=VERTEX_POINT('',#2959);
#854=VERTEX_POINT('',#2963);
#855=VERTEX_POINT('',#2965);
#856=VERTEX_POINT('',#2972);
#857=VERTEX_POINT('',#2975);
#858=VERTEX_POINT('',#2978);
#859=VERTEX_POINT('',#2980);
#860=VERTEX_POINT('',#2983);
#861=VERTEX_POINT('',#2987);
#862=VERTEX_POINT('',#2988);
#863=VERTEX_POINT('',#2990);
#864=VERTEX_POINT('',#2992);
#865=VERTEX_POINT('',#2994);
#866=VERTEX_POINT('',#2996);
#867=VERTEX_POINT('',#2998);
#868=VERTEX_POINT('',#3000);
#869=VERTEX_POINT('',#3002);
#870=VERTEX_POINT('',#3004);
#871=VERTEX_POINT('',#3006);
#872=VERTEX_POINT('',#3008);
#873=VERTEX_POINT('',#3010);
#874=VERTEX_POINT('',#3012);
#875=VERTEX_POINT('',#3014);
#876=VERTEX_POINT('',#3016);
#877=VERTEX_POINT('',#3018);
#878=VERTEX_POINT('',#3021);
#879=VERTEX_POINT('',#3024);
#880=VERTEX_POINT('',#3027);
#881=VERTEX_POINT('',#3031);
#882=VERTEX_POINT('',#3036);
#883=VERTEX_POINT('',#3040);
#884=VERTEX_POINT('',#3045);
#885=VERTEX_POINT('',#3049);
#886=VERTEX_POINT('',#3054);
#887=VERTEX_POINT('',#3058);
#888=VERTEX_POINT('',#3063);
#889=VERTEX_POINT('',#3067);
#890=VERTEX_POINT('',#3072);
#891=VERTEX_POINT('',#3076);
#892=VERTEX_POINT('',#3081);
#893=VERTEX_POINT('',#3085);
#894=VERTEX_POINT('',#3090);
#895=VERTEX_POINT('',#3094);
#896=VERTEX_POINT('',#3100);
#897=VERTEX_POINT('',#3102);
#898=VERTEX_POINT('',#3107);
#899=VERTEX_POINT('',#3109);
#900=VERTEX_POINT('',#3113);
#901=VERTEX_POINT('',#3117);
#902=VERTEX_POINT('',#3124);
#903=VERTEX_POINT('',#3126);
#904=VERTEX_POINT('',#3130);
#905=VERTEX_POINT('',#3134);
#906=VERTEX_POINT('',#3141);
#907=VERTEX_POINT('',#3143);
#908=VERTEX_POINT('',#3147);
#909=VERTEX_POINT('',#3151);
#910=VERTEX_POINT('',#3158);
#911=VERTEX_POINT('',#3160);
#912=VERTEX_POINT('',#3164);
#913=VERTEX_POINT('',#3168);
#914=VERTEX_POINT('',#3175);
#915=VERTEX_POINT('',#3177);
#916=VERTEX_POINT('',#3181);
#917=VERTEX_POINT('',#3185);
#918=VERTEX_POINT('',#3192);
#919=VERTEX_POINT('',#3194);
#920=VERTEX_POINT('',#3198);
#921=VERTEX_POINT('',#3202);
#922=VERTEX_POINT('',#3209);
#923=VERTEX_POINT('',#3211);
#924=VERTEX_POINT('',#3215);
#925=VERTEX_POINT('',#3219);
#926=VERTEX_POINT('',#3226);
#927=VERTEX_POINT('',#3228);
#928=VERTEX_POINT('',#3232);
#929=VERTEX_POINT('',#3236);
#930=VERTEX_POINT('',#3243);
#931=VERTEX_POINT('',#3248);
#932=VERTEX_POINT('',#3254);
#933=EDGE_CURVE('',#760,#760,#650,.T.);
#934=EDGE_CURVE('',#760,#761,#366,.T.);
#935=EDGE_CURVE('',#761,#761,#651,.T.);
#936=EDGE_CURVE('',#762,#762,#652,.T.);
#937=EDGE_CURVE('',#762,#763,#367,.T.);
#938=EDGE_CURVE('',#763,#763,#653,.T.);
#939=EDGE_CURVE('',#764,#764,#654,.T.);
#940=EDGE_CURVE('',#764,#765,#368,.T.);
#941=EDGE_CURVE('',#765,#765,#655,.T.);
#942=EDGE_CURVE('',#766,#766,#656,.T.);
#943=EDGE_CURVE('',#766,#767,#369,.T.);
#944=EDGE_CURVE('',#767,#767,#657,.T.);
#945=EDGE_CURVE('',#768,#768,#658,.T.);
#946=EDGE_CURVE('',#768,#769,#370,.T.);
#947=EDGE_CURVE('',#769,#769,#659,.T.);
#948=EDGE_CURVE('',#770,#770,#660,.T.);
#949=EDGE_CURVE('',#770,#771,#371,.T.);
#950=EDGE_CURVE('',#771,#771,#661,.T.);
#951=EDGE_CURVE('',#772,#772,#662,.T.);
#952=EDGE_CURVE('',#772,#773,#372,.T.);
#953=EDGE_CURVE('',#773,#773,#663,.T.);
#954=EDGE_CURVE('',#774,#774,#664,.T.);
#955=EDGE_CURVE('',#774,#775,#373,.T.);
#956=EDGE_CURVE('',#775,#775,#665,.T.);
#957=EDGE_CURVE('',#776,#776,#666,.T.);
#958=EDGE_CURVE('',#776,#777,#374,.T.);
#959=EDGE_CURVE('',#777,#777,#667,.T.);
#960=EDGE_CURVE('',#778,#778,#668,.T.);
#961=EDGE_CURVE('',#778,#779,#375,.T.);
#962=EDGE_CURVE('',#779,#779,#669,.T.);
#963=EDGE_CURVE('',#780,#780,#670,.T.);
#964=EDGE_CURVE('',#780,#781,#376,.T.);
#965=EDGE_CURVE('',#781,#781,#671,.T.);
#966=EDGE_CURVE('',#782,#782,#672,.T.);
#967=EDGE_CURVE('',#782,#783,#377,.T.);
#968=EDGE_CURVE('',#783,#783,#673,.T.);
#969=EDGE_CURVE('',#784,#784,#674,.T.);
#970=EDGE_CURVE('',#784,#785,#378,.T.);
#971=EDGE_CURVE('',#785,#785,#675,.T.);
#972=EDGE_CURVE('',#786,#786,#676,.T.);
#973=EDGE_CURVE('',#786,#787,#379,.T.);
#974=EDGE_CURVE('',#787,#787,#677,.T.);
#975=EDGE_CURVE('',#788,#788,#678,.T.);
#976=EDGE_CURVE('',#788,#789,#380,.T.);
#977=EDGE_CURVE('',#789,#789,#679,.T.);
#978=EDGE_CURVE('',#790,#790,#680,.T.);
#979=EDGE_CURVE('',#790,#791,#381,.T.);
#980=EDGE_CURVE('',#791,#791,#681,.T.);
#981=EDGE_CURVE('',#792,#793,#382,.T.);
#982=EDGE_CURVE('',#792,#794,#383,.T.);
#983=EDGE_CURVE('',#795,#794,#384,.T.);
#984=EDGE_CURVE('',#793,#795,#385,.T.);
#985=EDGE_CURVE('',#793,#796,#682,.T.);
#986=EDGE_CURVE('',#797,#795,#683,.T.);
#987=EDGE_CURVE('',#796,#797,#386,.T.);
#988=EDGE_CURVE('',#796,#798,#387,.T.);
#989=EDGE_CURVE('',#799,#797,#388,.T.);
#990=EDGE_CURVE('',#798,#799,#389,.T.);
#991=EDGE_CURVE('',#798,#800,#390,.T.);
#992=EDGE_CURVE('',#801,#799,#391,.T.);
#993=EDGE_CURVE('',#800,#801,#392,.T.);
#994=EDGE_CURVE('',#802,#800,#684,.T.);
#995=EDGE_CURVE('',#803,#801,#685,.T.);
#996=EDGE_CURVE('',#802,#803,#393,.T.);
#997=EDGE_CURVE('',#802,#804,#394,.T.);
#998=EDGE_CURVE('',#805,#803,#395,.T.);
#999=EDGE_CURVE('',#804,#805,#396,.T.);
#1000=EDGE_CURVE('',#806,#804,#686,.T.);
#1001=EDGE_CURVE('',#807,#805,#687,.T.);
#1002=EDGE_CURVE('',#806,#807,#397,.T.);
#1003=EDGE_CURVE('',#806,#808,#398,.T.);
#1004=EDGE_CURVE('',#809,#807,#399,.T.);
#1005=EDGE_CURVE('',#808,#809,#400,.T.);
#1006=EDGE_CURVE('',#808,#810,#401,.T.);
#1007=EDGE_CURVE('',#811,#809,#402,.T.);
#1008=EDGE_CURVE('',#810,#811,#403,.T.);
#1009=EDGE_CURVE('',#810,#812,#688,.T.);
#1010=EDGE_CURVE('',#813,#811,#689,.T.);
#1011=EDGE_CURVE('',#812,#813,#404,.T.);
#1012=EDGE_CURVE('',#812,#814,#405,.T.);
#1013=EDGE_CURVE('',#815,#813,#406,.T.);
#1014=EDGE_CURVE('',#814,#815,#407,.T.);
#1015=EDGE_CURVE('',#814,#816,#408,.T.);
#1016=EDGE_CURVE('',#817,#815,#409,.T.);
#1017=EDGE_CURVE('',#816,#817,#410,.T.);
#1018=EDGE_CURVE('',#818,#816,#690,.T.);
#1019=EDGE_CURVE('',#819,#817,#691,.T.);
#1020=EDGE_CURVE('',#818,#819,#411,.T.);
#1021=EDGE_CURVE('',#818,#820,#412,.T.);
#1022=EDGE_CURVE('',#821,#819,#413,.T.);
#1023=EDGE_CURVE('',#820,#821,#414,.T.);
#1024=EDGE_CURVE('',#822,#820,#692,.T.);
#1025=EDGE_CURVE('',#823,#821,#693,.T.);
#1026=EDGE_CURVE('',#822,#823,#415,.T.);
#1027=EDGE_CURVE('',#822,#824,#416,.T.);
#1028=EDGE_CURVE('',#825,#823,#417,.T.);
#1029=EDGE_CURVE('',#824,#825,#418,.T.);
#1030=EDGE_CURVE('',#824,#826,#419,.T.);
#1031=EDGE_CURVE('',#827,#825,#420,.T.);
#1032=EDGE_CURVE('',#826,#827,#421,.T.);
#1033=EDGE_CURVE('',#826,#828,#694,.T.);
#1034=EDGE_CURVE('',#829,#827,#695,.T.);
#1035=EDGE_CURVE('',#828,#829,#422,.T.);
#1036=EDGE_CURVE('',#828,#830,#423,.T.);
#1037=EDGE_CURVE('',#831,#829,#424,.T.);
#1038=EDGE_CURVE('',#830,#831,#425,.T.);
#1039=EDGE_CURVE('',#830,#832,#426,.T.);
#1040=EDGE_CURVE('',#833,#831,#427,.T.);
#1041=EDGE_CURVE('',#832,#833,#428,.T.);
#1042=EDGE_CURVE('',#834,#832,#696,.T.);
#1043=EDGE_CURVE('',#835,#833,#697,.T.);
#1044=EDGE_CURVE('',#834,#835,#429,.T.);
#1045=EDGE_CURVE('',#834,#836,#430,.T.);
#1046=EDGE_CURVE('',#837,#835,#431,.T.);
#1047=EDGE_CURVE('',#836,#837,#432,.T.);
#1048=EDGE_CURVE('',#838,#836,#698,.T.);
#1049=EDGE_CURVE('',#839,#837,#699,.T.);
#1050=EDGE_CURVE('',#838,#839,#433,.T.);
#1051=EDGE_CURVE('',#838,#840,#434,.T.);
#1052=EDGE_CURVE('',#841,#839,#435,.T.);
#1053=EDGE_CURVE('',#840,#841,#436,.T.);
#1054=EDGE_CURVE('',#840,#842,#437,.T.);
#1055=EDGE_CURVE('',#843,#841,#438,.T.);
#1056=EDGE_CURVE('',#842,#843,#439,.T.);
#1057=EDGE_CURVE('',#842,#844,#700,.T.);
#1058=EDGE_CURVE('',#845,#843,#701,.T.);
#1059=EDGE_CURVE('',#844,#845,#440,.T.);
#1060=EDGE_CURVE('',#844,#846,#441,.T.);
#1061=EDGE_CURVE('',#847,#845,#442,.T.);
#1062=EDGE_CURVE('',#846,#847,#443,.T.);
#1063=EDGE_CURVE('',#846,#848,#444,.T.);
#1064=EDGE_CURVE('',#849,#847,#445,.T.);
#1065=EDGE_CURVE('',#848,#849,#446,.T.);
#1066=EDGE_CURVE('',#850,#848,#702,.T.);
#1067=EDGE_CURVE('',#851,#849,#703,.T.);
#1068=EDGE_CURVE('',#850,#851,#447,.T.);
#1069=EDGE_CURVE('',#850,#852,#448,.T.);
#1070=EDGE_CURVE('',#853,#851,#449,.T.);
#1071=EDGE_CURVE('',#852,#853,#450,.T.);
#1072=EDGE_CURVE('',#854,#852,#704,.T.);
#1073=EDGE_CURVE('',#855,#853,#705,.T.);
#1074=EDGE_CURVE('',#854,#855,#451,.T.);
#1075=EDGE_CURVE('',#854,#792,#452,.T.);
#1076=EDGE_CURVE('',#794,#855,#453,.T.);
#1077=EDGE_CURVE('',#856,#856,#706,.T.);
#1078=EDGE_CURVE('',#857,#857,#707,.T.);
#1079=EDGE_CURVE('',#858,#858,#708,.T.);
#1080=EDGE_CURVE('',#859,#859,#709,.T.);
#1081=EDGE_CURVE('',#860,#860,#710,.T.);
#1082=EDGE_CURVE('',#860,#856,#454,.T.);
#1083=EDGE_CURVE('',#861,#862,#711,.T.);
#1084=EDGE_CURVE('',#863,#861,#712,.T.);
#1085=EDGE_CURVE('',#863,#864,#713,.T.);
#1086=EDGE_CURVE('',#865,#864,#714,.T.);
#1087=EDGE_CURVE('',#865,#866,#715,.T.);
#1088=EDGE_CURVE('',#867,#866,#716,.T.);
#1089=EDGE_CURVE('',#868,#867,#717,.T.);
#1090=EDGE_CURVE('',#868,#869,#718,.T.);
#1091=EDGE_CURVE('',#870,#869,#719,.T.);
#1092=EDGE_CURVE('',#870,#871,#720,.T.);
#1093=EDGE_CURVE('',#872,#871,#721,.T.);
#1094=EDGE_CURVE('',#872,#873,#722,.T.);
#1095=EDGE_CURVE('',#874,#873,#723,.T.);
#1096=EDGE_CURVE('',#874,#875,#724,.T.);
#1097=EDGE_CURVE('',#876,#875,#725,.T.);
#1098=EDGE_CURVE('',#876,#877,#726,.T.);
#1099=EDGE_CURVE('',#862,#877,#727,.T.);
#1100=EDGE_CURVE('',#878,#878,#728,.T.);
#1101=EDGE_CURVE('',#879,#879,#729,.T.);
#1102=EDGE_CURVE('',#879,#867,#455,.T.);
#1103=EDGE_CURVE('',#866,#880,#16,.T.);
#1104=EDGE_CURVE('',#880,#881,#730,.T.);
#1105=EDGE_CURVE('',#881,#865,#17,.T.);
#1106=EDGE_CURVE('',#864,#882,#18,.T.);
#1107=EDGE_CURVE('',#882,#883,#731,.T.);
#1108=EDGE_CURVE('',#883,#863,#19,.T.);
#1109=EDGE_CURVE('',#861,#884,#20,.T.);
#1110=EDGE_CURVE('',#884,#885,#732,.T.);
#1111=EDGE_CURVE('',#885,#862,#21,.T.);
#1112=EDGE_CURVE('',#877,#886,#22,.T.);
#1113=EDGE_CURVE('',#886,#887,#733,.T.);
#1114=EDGE_CURVE('',#887,#876,#23,.T.);
#1115=EDGE_CURVE('',#875,#888,#24,.T.);
#1116=EDGE_CURVE('',#888,#889,#734,.T.);
#1117=EDGE_CURVE('',#889,#874,#25,.T.);
#1118=EDGE_CURVE('',#873,#890,#26,.T.);
#1119=EDGE_CURVE('',#890,#891,#735,.T.);
#1120=EDGE_CURVE('',#891,#872,#27,.T.);
#1121=EDGE_CURVE('',#871,#892,#28,.T.);
#1122=EDGE_CURVE('',#892,#893,#736,.T.);
#1123=EDGE_CURVE('',#893,#870,#29,.T.);
#1124=EDGE_CURVE('',#869,#894,#30,.T.);
#1125=EDGE_CURVE('',#894,#895,#737,.T.);
#1126=EDGE_CURVE('',#895,#868,#31,.T.);
#1127=EDGE_CURVE('',#896,#896,#738,.T.);
#1128=EDGE_CURVE('',#896,#897,#456,.T.);
#1129=EDGE_CURVE('',#897,#897,#739,.T.);
#1130=EDGE_CURVE('',#898,#884,#457,.T.);
#1131=EDGE_CURVE('',#898,#899,#740,.T.);
#1132=EDGE_CURVE('',#899,#885,#458,.T.);
#1133=EDGE_CURVE('',#899,#900,#459,.T.);
#1134=EDGE_CURVE('',#900,#862,#460,.T.);
#1135=EDGE_CURVE('',#900,#901,#741,.T.);
#1136=EDGE_CURVE('',#901,#861,#461,.T.);
#1137=EDGE_CURVE('',#901,#898,#462,.T.);
#1138=EDGE_CURVE('',#902,#886,#463,.T.);
#1139=EDGE_CURVE('',#902,#903,#742,.T.);
#1140=EDGE_CURVE('',#903,#887,#464,.T.);
#1141=EDGE_CURVE('',#903,#904,#465,.T.);
#1142=EDGE_CURVE('',#904,#876,#466,.T.);
#1143=EDGE_CURVE('',#904,#905,#743,.T.);
#1144=EDGE_CURVE('',#905,#877,#467,.T.);
#1145=EDGE_CURVE('',#905,#902,#468,.T.);
#1146=EDGE_CURVE('',#906,#888,#469,.T.);
#1147=EDGE_CURVE('',#906,#907,#744,.T.);
#1148=EDGE_CURVE('',#907,#889,#470,.T.);
#1149=EDGE_CURVE('',#907,#908,#471,.T.);
#1150=EDGE_CURVE('',#908,#874,#472,.T.);
#1151=EDGE_CURVE('',#908,#909,#745,.T.);
#1152=EDGE_CURVE('',#909,#875,#473,.T.);
#1153=EDGE_CURVE('',#909,#906,#474,.T.);
#1154=EDGE_CURVE('',#910,#890,#475,.T.);
#1155=EDGE_CURVE('',#910,#911,#746,.T.);
#1156=EDGE_CURVE('',#911,#891,#476,.T.);
#1157=EDGE_CURVE('',#911,#912,#477,.T.);
#1158=EDGE_CURVE('',#912,#872,#478,.T.);
#1159=EDGE_CURVE('',#912,#913,#747,.T.);
#1160=EDGE_CURVE('',#913,#873,#479,.T.);
#1161=EDGE_CURVE('',#913,#910,#480,.T.);
#1162=EDGE_CURVE('',#914,#892,#481,.T.);
#1163=EDGE_CURVE('',#914,#915,#748,.T.);
#1164=EDGE_CURVE('',#915,#893,#482,.T.);
#1165=EDGE_CURVE('',#915,#916,#483,.T.);
#1166=EDGE_CURVE('',#916,#870,#484,.T.);
#1167=EDGE_CURVE('',#916,#917,#749,.T.);
#1168=EDGE_CURVE('',#917,#871,#485,.T.);
#1169=EDGE_CURVE('',#917,#914,#486,.T.);
#1170=EDGE_CURVE('',#918,#894,#487,.T.);
#1171=EDGE_CURVE('',#918,#919,#750,.T.);
#1172=EDGE_CURVE('',#919,#895,#488,.T.);
#1173=EDGE_CURVE('',#919,#920,#489,.T.);
#1174=EDGE_CURVE('',#920,#868,#490,.T.);
#1175=EDGE_CURVE('',#920,#921,#751,.T.);
#1176=EDGE_CURVE('',#921,#869,#491,.T.);
#1177=EDGE_CURVE('',#921,#918,#492,.T.);
#1178=EDGE_CURVE('',#922,#880,#493,.T.);
#1179=EDGE_CURVE('',#922,#923,#752,.T.);
#1180=EDGE_CURVE('',#923,#881,#494,.T.);
#1181=EDGE_CURVE('',#923,#924,#495,.T.);
#1182=EDGE_CURVE('',#924,#865,#496,.T.);
#1183=EDGE_CURVE('',#924,#925,#753,.T.);
#1184=EDGE_CURVE('',#925,#866,#497,.T.);
#1185=EDGE_CURVE('',#925,#922,#498,.T.);
#1186=EDGE_CURVE('',#926,#864,#499,.T.);
#1187=EDGE_CURVE('',#926,#927,#500,.T.);
#1188=EDGE_CURVE('',#927,#882,#501,.T.);
#1189=EDGE_CURVE('',#927,#928,#754,.T.);
#1190=EDGE_CURVE('',#928,#883,#502,.T.);
#1191=EDGE_CURVE('',#928,#929,#503,.T.);
#1192=EDGE_CURVE('',#929,#863,#504,.T.);
#1193=EDGE_CURVE('',#929,#926,#755,.T.);
#1194=EDGE_CURVE('',#930,#930,#756,.T.);
#1195=EDGE_CURVE('',#930,#878,#505,.T.);
#1196=EDGE_CURVE('',#857,#931,#757,.T.);
#1197=EDGE_CURVE('',#931,#931,#758,.T.);
#1198=EDGE_CURVE('',#931,#858,#506,.T.);
#1199=EDGE_CURVE('',#932,#932,#759,.T.);
#1200=EDGE_CURVE('',#932,#859,#507,.T.);
#1201=ORIENTED_EDGE('',*,*,#933,.F.);
#1202=ORIENTED_EDGE('',*,*,#934,.T.);
#1203=ORIENTED_EDGE('',*,*,#935,.F.);
#1204=ORIENTED_EDGE('',*,*,#934,.F.);
#1205=ORIENTED_EDGE('',*,*,#936,.F.);
#1206=ORIENTED_EDGE('',*,*,#937,.T.);
#1207=ORIENTED_EDGE('',*,*,#938,.F.);
#1208=ORIENTED_EDGE('',*,*,#937,.F.);
#1209=ORIENTED_EDGE('',*,*,#939,.F.);
#1210=ORIENTED_EDGE('',*,*,#940,.T.);
#1211=ORIENTED_EDGE('',*,*,#941,.F.);
#1212=ORIENTED_EDGE('',*,*,#940,.F.);
#1213=ORIENTED_EDGE('',*,*,#942,.F.);
#1214=ORIENTED_EDGE('',*,*,#943,.T.);
#1215=ORIENTED_EDGE('',*,*,#944,.F.);
#1216=ORIENTED_EDGE('',*,*,#943,.F.);
#1217=ORIENTED_EDGE('',*,*,#945,.F.);
#1218=ORIENTED_EDGE('',*,*,#946,.T.);
#1219=ORIENTED_EDGE('',*,*,#947,.F.);
#1220=ORIENTED_EDGE('',*,*,#946,.F.);
#1221=ORIENTED_EDGE('',*,*,#948,.F.);
#1222=ORIENTED_EDGE('',*,*,#949,.T.);
#1223=ORIENTED_EDGE('',*,*,#950,.F.);
#1224=ORIENTED_EDGE('',*,*,#949,.F.);
#1225=ORIENTED_EDGE('',*,*,#951,.F.);
#1226=ORIENTED_EDGE('',*,*,#952,.T.);
#1227=ORIENTED_EDGE('',*,*,#953,.F.);
#1228=ORIENTED_EDGE('',*,*,#952,.F.);
#1229=ORIENTED_EDGE('',*,*,#954,.F.);
#1230=ORIENTED_EDGE('',*,*,#955,.T.);
#1231=ORIENTED_EDGE('',*,*,#956,.F.);
#1232=ORIENTED_EDGE('',*,*,#955,.F.);
#1233=ORIENTED_EDGE('',*,*,#957,.F.);
#1234=ORIENTED_EDGE('',*,*,#958,.T.);
#1235=ORIENTED_EDGE('',*,*,#959,.F.);
#1236=ORIENTED_EDGE('',*,*,#958,.F.);
#1237=ORIENTED_EDGE('',*,*,#960,.F.);
#1238=ORIENTED_EDGE('',*,*,#961,.T.);
#1239=ORIENTED_EDGE('',*,*,#962,.F.);
#1240=ORIENTED_EDGE('',*,*,#961,.F.);
#1241=ORIENTED_EDGE('',*,*,#963,.F.);
#1242=ORIENTED_EDGE('',*,*,#964,.T.);
#1243=ORIENTED_EDGE('',*,*,#965,.F.);
#1244=ORIENTED_EDGE('',*,*,#964,.F.);
#1245=ORIENTED_EDGE('',*,*,#966,.F.);
#1246=ORIENTED_EDGE('',*,*,#967,.T.);
#1247=ORIENTED_EDGE('',*,*,#968,.F.);
#1248=ORIENTED_EDGE('',*,*,#967,.F.);
#1249=ORIENTED_EDGE('',*,*,#969,.F.);
#1250=ORIENTED_EDGE('',*,*,#970,.T.);
#1251=ORIENTED_EDGE('',*,*,#971,.F.);
#1252=ORIENTED_EDGE('',*,*,#970,.F.);
#1253=ORIENTED_EDGE('',*,*,#972,.F.);
#1254=ORIENTED_EDGE('',*,*,#973,.T.);
#1255=ORIENTED_EDGE('',*,*,#974,.F.);
#1256=ORIENTED_EDGE('',*,*,#973,.F.);
#1257=ORIENTED_EDGE('',*,*,#975,.F.);
#1258=ORIENTED_EDGE('',*,*,#976,.T.);
#1259=ORIENTED_EDGE('',*,*,#977,.F.);
#1260=ORIENTED_EDGE('',*,*,#976,.F.);
#1261=ORIENTED_EDGE('',*,*,#978,.F.);
#1262=ORIENTED_EDGE('',*,*,#979,.T.);
#1263=ORIENTED_EDGE('',*,*,#980,.F.);
#1264=ORIENTED_EDGE('',*,*,#979,.F.);
#1265=ORIENTED_EDGE('',*,*,#981,.F.);
#1266=ORIENTED_EDGE('',*,*,#982,.T.);
#1267=ORIENTED_EDGE('',*,*,#983,.F.);
#1268=ORIENTED_EDGE('',*,*,#984,.F.);
#1269=ORIENTED_EDGE('',*,*,#985,.F.);
#1270=ORIENTED_EDGE('',*,*,#984,.T.);
#1271=ORIENTED_EDGE('',*,*,#986,.F.);
#1272=ORIENTED_EDGE('',*,*,#987,.F.);
#1273=ORIENTED_EDGE('',*,*,#988,.F.);
#1274=ORIENTED_EDGE('',*,*,#987,.T.);
#1275=ORIENTED_EDGE('',*,*,#989,.F.);
#1276=ORIENTED_EDGE('',*,*,#990,.F.);
#1277=ORIENTED_EDGE('',*,*,#991,.F.);
#1278=ORIENTED_EDGE('',*,*,#990,.T.);
#1279=ORIENTED_EDGE('',*,*,#992,.F.);
#1280=ORIENTED_EDGE('',*,*,#993,.F.);
#1281=ORIENTED_EDGE('',*,*,#994,.T.);
#1282=ORIENTED_EDGE('',*,*,#993,.T.);
#1283=ORIENTED_EDGE('',*,*,#995,.F.);
#1284=ORIENTED_EDGE('',*,*,#996,.F.);
#1285=ORIENTED_EDGE('',*,*,#997,.F.);
#1286=ORIENTED_EDGE('',*,*,#996,.T.);
#1287=ORIENTED_EDGE('',*,*,#998,.F.);
#1288=ORIENTED_EDGE('',*,*,#999,.F.);
#1289=ORIENTED_EDGE('',*,*,#1000,.T.);
#1290=ORIENTED_EDGE('',*,*,#999,.T.);
#1291=ORIENTED_EDGE('',*,*,#1001,.F.);
#1292=ORIENTED_EDGE('',*,*,#1002,.F.);
#1293=ORIENTED_EDGE('',*,*,#1003,.F.);
#1294=ORIENTED_EDGE('',*,*,#1002,.T.);
#1295=ORIENTED_EDGE('',*,*,#1004,.F.);
#1296=ORIENTED_EDGE('',*,*,#1005,.F.);
#1297=ORIENTED_EDGE('',*,*,#1006,.F.);
#1298=ORIENTED_EDGE('',*,*,#1005,.T.);
#1299=ORIENTED_EDGE('',*,*,#1007,.F.);
#1300=ORIENTED_EDGE('',*,*,#1008,.F.);
#1301=ORIENTED_EDGE('',*,*,#1009,.F.);
#1302=ORIENTED_EDGE('',*,*,#1008,.T.);
#1303=ORIENTED_EDGE('',*,*,#1010,.F.);
#1304=ORIENTED_EDGE('',*,*,#1011,.F.);
#1305=ORIENTED_EDGE('',*,*,#1012,.F.);
#1306=ORIENTED_EDGE('',*,*,#1011,.T.);
#1307=ORIENTED_EDGE('',*,*,#1013,.F.);
#1308=ORIENTED_EDGE('',*,*,#1014,.F.);
#1309=ORIENTED_EDGE('',*,*,#1015,.F.);
#1310=ORIENTED_EDGE('',*,*,#1014,.T.);
#1311=ORIENTED_EDGE('',*,*,#1016,.F.);
#1312=ORIENTED_EDGE('',*,*,#1017,.F.);
#1313=ORIENTED_EDGE('',*,*,#1018,.T.);
#1314=ORIENTED_EDGE('',*,*,#1017,.T.);
#1315=ORIENTED_EDGE('',*,*,#1019,.F.);
#1316=ORIENTED_EDGE('',*,*,#1020,.F.);
#1317=ORIENTED_EDGE('',*,*,#1021,.F.);
#1318=ORIENTED_EDGE('',*,*,#1020,.T.);
#1319=ORIENTED_EDGE('',*,*,#1022,.F.);
#1320=ORIENTED_EDGE('',*,*,#1023,.F.);
#1321=ORIENTED_EDGE('',*,*,#1024,.T.);
#1322=ORIENTED_EDGE('',*,*,#1023,.T.);
#1323=ORIENTED_EDGE('',*,*,#1025,.F.);
#1324=ORIENTED_EDGE('',*,*,#1026,.F.);
#1325=ORIENTED_EDGE('',*,*,#1027,.F.);
#1326=ORIENTED_EDGE('',*,*,#1026,.T.);
#1327=ORIENTED_EDGE('',*,*,#1028,.F.);
#1328=ORIENTED_EDGE('',*,*,#1029,.F.);
#1329=ORIENTED_EDGE('',*,*,#1030,.F.);
#1330=ORIENTED_EDGE('',*,*,#1029,.T.);
#1331=ORIENTED_EDGE('',*,*,#1031,.F.);
#1332=ORIENTED_EDGE('',*,*,#1032,.F.);
#1333=ORIENTED_EDGE('',*,*,#1033,.F.);
#1334=ORIENTED_EDGE('',*,*,#1032,.T.);
#1335=ORIENTED_EDGE('',*,*,#1034,.F.);
#1336=ORIENTED_EDGE('',*,*,#1035,.F.);
#1337=ORIENTED_EDGE('',*,*,#1036,.F.);
#1338=ORIENTED_EDGE('',*,*,#1035,.T.);
#1339=ORIENTED_EDGE('',*,*,#1037,.F.);
#1340=ORIENTED_EDGE('',*,*,#1038,.F.);
#1341=ORIENTED_EDGE('',*,*,#1039,.F.);
#1342=ORIENTED_EDGE('',*,*,#1038,.T.);
#1343=ORIENTED_EDGE('',*,*,#1040,.F.);
#1344=ORIENTED_EDGE('',*,*,#1041,.F.);
#1345=ORIENTED_EDGE('',*,*,#1042,.T.);
#1346=ORIENTED_EDGE('',*,*,#1041,.T.);
#1347=ORIENTED_EDGE('',*,*,#1043,.F.);
#1348=ORIENTED_EDGE('',*,*,#1044,.F.);
#1349=ORIENTED_EDGE('',*,*,#1045,.F.);
#1350=ORIENTED_EDGE('',*,*,#1044,.T.);
#1351=ORIENTED_EDGE('',*,*,#1046,.F.);
#1352=ORIENTED_EDGE('',*,*,#1047,.F.);
#1353=ORIENTED_EDGE('',*,*,#1048,.T.);
#1354=ORIENTED_EDGE('',*,*,#1047,.T.);
#1355=ORIENTED_EDGE('',*,*,#1049,.F.);
#1356=ORIENTED_EDGE('',*,*,#1050,.F.);
#1357=ORIENTED_EDGE('',*,*,#1051,.F.);
#1358=ORIENTED_EDGE('',*,*,#1050,.T.);
#1359=ORIENTED_EDGE('',*,*,#1052,.F.);
#1360=ORIENTED_EDGE('',*,*,#1053,.F.);
#1361=ORIENTED_EDGE('',*,*,#1054,.F.);
#1362=ORIENTED_EDGE('',*,*,#1053,.T.);
#1363=ORIENTED_EDGE('',*,*,#1055,.F.);
#1364=ORIENTED_EDGE('',*,*,#1056,.F.);
#1365=ORIENTED_EDGE('',*,*,#1057,.F.);
#1366=ORIENTED_EDGE('',*,*,#1056,.T.);
#1367=ORIENTED_EDGE('',*,*,#1058,.F.);
#1368=ORIENTED_EDGE('',*,*,#1059,.F.);
#1369=ORIENTED_EDGE('',*,*,#1060,.F.);
#1370=ORIENTED_EDGE('',*,*,#1059,.T.);
#1371=ORIENTED_EDGE('',*,*,#1061,.F.);
#1372=ORIENTED_EDGE('',*,*,#1062,.F.);
#1373=ORIENTED_EDGE('',*,*,#1063,.F.);
#1374=ORIENTED_EDGE('',*,*,#1062,.T.);
#1375=ORIENTED_EDGE('',*,*,#1064,.F.);
#1376=ORIENTED_EDGE('',*,*,#1065,.F.);
#1377=ORIENTED_EDGE('',*,*,#1066,.T.);
#1378=ORIENTED_EDGE('',*,*,#1065,.T.);
#1379=ORIENTED_EDGE('',*,*,#1067,.F.);
#1380=ORIENTED_EDGE('',*,*,#1068,.F.);
#1381=ORIENTED_EDGE('',*,*,#1069,.F.);
#1382=ORIENTED_EDGE('',*,*,#1068,.T.);
#1383=ORIENTED_EDGE('',*,*,#1070,.F.);
#1384=ORIENTED_EDGE('',*,*,#1071,.F.);
#1385=ORIENTED_EDGE('',*,*,#1072,.T.);
#1386=ORIENTED_EDGE('',*,*,#1071,.T.);
#1387=ORIENTED_EDGE('',*,*,#1073,.F.);
#1388=ORIENTED_EDGE('',*,*,#1074,.F.);
#1389=ORIENTED_EDGE('',*,*,#1075,.F.);
#1390=ORIENTED_EDGE('',*,*,#1074,.T.);
#1391=ORIENTED_EDGE('',*,*,#1076,.F.);
#1392=ORIENTED_EDGE('',*,*,#982,.F.);
#1393=ORIENTED_EDGE('',*,*,#1075,.T.);
#1394=ORIENTED_EDGE('',*,*,#981,.T.);
#1395=ORIENTED_EDGE('',*,*,#985,.T.);
#1396=ORIENTED_EDGE('',*,*,#988,.T.);
#1397=ORIENTED_EDGE('',*,*,#991,.T.);
#1398=ORIENTED_EDGE('',*,*,#994,.F.);
#1399=ORIENTED_EDGE('',*,*,#997,.T.);
#1400=ORIENTED_EDGE('',*,*,#1000,.F.);
#1401=ORIENTED_EDGE('',*,*,#1003,.T.);
#1402=ORIENTED_EDGE('',*,*,#1006,.T.);
#1403=ORIENTED_EDGE('',*,*,#1009,.T.);
#1404=ORIENTED_EDGE('',*,*,#1012,.T.);
#1405=ORIENTED_EDGE('',*,*,#1015,.T.);
#1406=ORIENTED_EDGE('',*,*,#1018,.F.);
#1407=ORIENTED_EDGE('',*,*,#1021,.T.);
#1408=ORIENTED_EDGE('',*,*,#1024,.F.);
#1409=ORIENTED_EDGE('',*,*,#1027,.T.);
#1410=ORIENTED_EDGE('',*,*,#1030,.T.);
#1411=ORIENTED_EDGE('',*,*,#1033,.T.);
#1412=ORIENTED_EDGE('',*,*,#1036,.T.);
#1413=ORIENTED_EDGE('',*,*,#1039,.T.);
#1414=ORIENTED_EDGE('',*,*,#1042,.F.);
#1415=ORIENTED_EDGE('',*,*,#1045,.T.);
#1416=ORIENTED_EDGE('',*,*,#1048,.F.);
#1417=ORIENTED_EDGE('',*,*,#1051,.T.);
#1418=ORIENTED_EDGE('',*,*,#1054,.T.);
#1419=ORIENTED_EDGE('',*,*,#1057,.T.);
#1420=ORIENTED_EDGE('',*,*,#1060,.T.);
#1421=ORIENTED_EDGE('',*,*,#1063,.T.);
#1422=ORIENTED_EDGE('',*,*,#1066,.F.);
#1423=ORIENTED_EDGE('',*,*,#1069,.T.);
#1424=ORIENTED_EDGE('',*,*,#1072,.F.);
#1425=ORIENTED_EDGE('',*,*,#980,.T.);
#1426=ORIENTED_EDGE('',*,*,#1077,.F.);
#1427=ORIENTED_EDGE('',*,*,#977,.T.);
#1428=ORIENTED_EDGE('',*,*,#974,.T.);
#1429=ORIENTED_EDGE('',*,*,#971,.T.);
#1430=ORIENTED_EDGE('',*,*,#968,.T.);
#1431=ORIENTED_EDGE('',*,*,#965,.T.);
#1432=ORIENTED_EDGE('',*,*,#962,.T.);
#1433=ORIENTED_EDGE('',*,*,#959,.T.);
#1434=ORIENTED_EDGE('',*,*,#956,.T.);
#1435=ORIENTED_EDGE('',*,*,#953,.T.);
#1436=ORIENTED_EDGE('',*,*,#950,.T.);
#1437=ORIENTED_EDGE('',*,*,#947,.T.);
#1438=ORIENTED_EDGE('',*,*,#944,.T.);
#1439=ORIENTED_EDGE('',*,*,#941,.T.);
#1440=ORIENTED_EDGE('',*,*,#938,.T.);
#1441=ORIENTED_EDGE('',*,*,#935,.T.);
#1442=ORIENTED_EDGE('',*,*,#1076,.T.);
#1443=ORIENTED_EDGE('',*,*,#1073,.T.);
#1444=ORIENTED_EDGE('',*,*,#1070,.T.);
#1445=ORIENTED_EDGE('',*,*,#1067,.T.);
#1446=ORIENTED_EDGE('',*,*,#1064,.T.);
#1447=ORIENTED_EDGE('',*,*,#1061,.T.);
#1448=ORIENTED_EDGE('',*,*,#1058,.T.);
#1449=ORIENTED_EDGE('',*,*,#1055,.T.);
#1450=ORIENTED_EDGE('',*,*,#1052,.T.);
#1451=ORIENTED_EDGE('',*,*,#1049,.T.);
#1452=ORIENTED_EDGE('',*,*,#1046,.T.);
#1453=ORIENTED_EDGE('',*,*,#1043,.T.);
#1454=ORIENTED_EDGE('',*,*,#1040,.T.);
#1455=ORIENTED_EDGE('',*,*,#1037,.T.);
#1456=ORIENTED_EDGE('',*,*,#1034,.T.);
#1457=ORIENTED_EDGE('',*,*,#1031,.T.);
#1458=ORIENTED_EDGE('',*,*,#1028,.T.);
#1459=ORIENTED_EDGE('',*,*,#1025,.T.);
#1460=ORIENTED_EDGE('',*,*,#1022,.T.);
#1461=ORIENTED_EDGE('',*,*,#1019,.T.);
#1462=ORIENTED_EDGE('',*,*,#1016,.T.);
#1463=ORIENTED_EDGE('',*,*,#1013,.T.);
#1464=ORIENTED_EDGE('',*,*,#1010,.T.);
#1465=ORIENTED_EDGE('',*,*,#1007,.T.);
#1466=ORIENTED_EDGE('',*,*,#1004,.T.);
#1467=ORIENTED_EDGE('',*,*,#1001,.T.);
#1468=ORIENTED_EDGE('',*,*,#998,.T.);
#1469=ORIENTED_EDGE('',*,*,#995,.T.);
#1470=ORIENTED_EDGE('',*,*,#992,.T.);
#1471=ORIENTED_EDGE('',*,*,#989,.T.);
#1472=ORIENTED_EDGE('',*,*,#986,.T.);
#1473=ORIENTED_EDGE('',*,*,#983,.T.);
#1474=ORIENTED_EDGE('',*,*,#978,.T.);
#1475=ORIENTED_EDGE('',*,*,#1078,.T.);
#1476=ORIENTED_EDGE('',*,*,#975,.T.);
#1477=ORIENTED_EDGE('',*,*,#972,.T.);
#1478=ORIENTED_EDGE('',*,*,#969,.T.);
#1479=ORIENTED_EDGE('',*,*,#966,.T.);
#1480=ORIENTED_EDGE('',*,*,#963,.T.);
#1481=ORIENTED_EDGE('',*,*,#960,.T.);
#1482=ORIENTED_EDGE('',*,*,#957,.T.);
#1483=ORIENTED_EDGE('',*,*,#954,.T.);
#1484=ORIENTED_EDGE('',*,*,#951,.T.);
#1485=ORIENTED_EDGE('',*,*,#948,.T.);
#1486=ORIENTED_EDGE('',*,*,#945,.T.);
#1487=ORIENTED_EDGE('',*,*,#942,.T.);
#1488=ORIENTED_EDGE('',*,*,#939,.T.);
#1489=ORIENTED_EDGE('',*,*,#936,.T.);
#1490=ORIENTED_EDGE('',*,*,#933,.T.);
#1491=ORIENTED_EDGE('',*,*,#1079,.F.);
#1492=ORIENTED_EDGE('',*,*,#1080,.T.);
#1493=ORIENTED_EDGE('',*,*,#1081,.F.);
#1494=ORIENTED_EDGE('',*,*,#1082,.T.);
#1495=ORIENTED_EDGE('',*,*,#1077,.T.);
#1496=ORIENTED_EDGE('',*,*,#1082,.F.);
#1497=ORIENTED_EDGE('',*,*,#1083,.F.);
#1498=ORIENTED_EDGE('',*,*,#1084,.F.);
#1499=ORIENTED_EDGE('',*,*,#1085,.T.);
#1500=ORIENTED_EDGE('',*,*,#1086,.F.);
#1501=ORIENTED_EDGE('',*,*,#1087,.T.);
#1502=ORIENTED_EDGE('',*,*,#1088,.F.);
#1503=ORIENTED_EDGE('',*,*,#1089,.F.);
#1504=ORIENTED_EDGE('',*,*,#1090,.T.);
#1505=ORIENTED_EDGE('',*,*,#1091,.F.);
#1506=ORIENTED_EDGE('',*,*,#1092,.T.);
#1507=ORIENTED_EDGE('',*,*,#1093,.F.);
#1508=ORIENTED_EDGE('',*,*,#1094,.T.);
#1509=ORIENTED_EDGE('',*,*,#1095,.F.);
#1510=ORIENTED_EDGE('',*,*,#1096,.T.);
#1511=ORIENTED_EDGE('',*,*,#1097,.F.);
#1512=ORIENTED_EDGE('',*,*,#1098,.T.);
#1513=ORIENTED_EDGE('',*,*,#1099,.F.);
#1514=ORIENTED_EDGE('',*,*,#1100,.T.);
#1515=ORIENTED_EDGE('',*,*,#1101,.F.);
#1516=ORIENTED_EDGE('',*,*,#1102,.T.);
#1517=ORIENTED_EDGE('',*,*,#1088,.T.);
#1518=ORIENTED_EDGE('',*,*,#1103,.T.);
#1519=ORIENTED_EDGE('',*,*,#1104,.T.);
#1520=ORIENTED_EDGE('',*,*,#1105,.T.);
#1521=ORIENTED_EDGE('',*,*,#1086,.T.);
#1522=ORIENTED_EDGE('',*,*,#1106,.T.);
#1523=ORIENTED_EDGE('',*,*,#1107,.T.);
#1524=ORIENTED_EDGE('',*,*,#1108,.T.);
#1525=ORIENTED_EDGE('',*,*,#1084,.T.);
#1526=ORIENTED_EDGE('',*,*,#1109,.T.);
#1527=ORIENTED_EDGE('',*,*,#1110,.T.);
#1528=ORIENTED_EDGE('',*,*,#1111,.T.);
#1529=ORIENTED_EDGE('',*,*,#1099,.T.);
#1530=ORIENTED_EDGE('',*,*,#1112,.T.);
#1531=ORIENTED_EDGE('',*,*,#1113,.T.);
#1532=ORIENTED_EDGE('',*,*,#1114,.T.);
#1533=ORIENTED_EDGE('',*,*,#1097,.T.);
#1534=ORIENTED_EDGE('',*,*,#1115,.T.);
#1535=ORIENTED_EDGE('',*,*,#1116,.T.);
#1536=ORIENTED_EDGE('',*,*,#1117,.T.);
#1537=ORIENTED_EDGE('',*,*,#1095,.T.);
#1538=ORIENTED_EDGE('',*,*,#1118,.T.);
#1539=ORIENTED_EDGE('',*,*,#1119,.T.);
#1540=ORIENTED_EDGE('',*,*,#1120,.T.);
#1541=ORIENTED_EDGE('',*,*,#1093,.T.);
#1542=ORIENTED_EDGE('',*,*,#1121,.T.);
#1543=ORIENTED_EDGE('',*,*,#1122,.T.);
#1544=ORIENTED_EDGE('',*,*,#1123,.T.);
#1545=ORIENTED_EDGE('',*,*,#1091,.T.);
#1546=ORIENTED_EDGE('',*,*,#1124,.T.);
#1547=ORIENTED_EDGE('',*,*,#1125,.T.);
#1548=ORIENTED_EDGE('',*,*,#1126,.T.);
#1549=ORIENTED_EDGE('',*,*,#1089,.T.);
#1550=ORIENTED_EDGE('',*,*,#1102,.F.);
#1551=ORIENTED_EDGE('',*,*,#1127,.T.);
#1552=ORIENTED_EDGE('',*,*,#1128,.T.);
#1553=ORIENTED_EDGE('',*,*,#1129,.F.);
#1554=ORIENTED_EDGE('',*,*,#1128,.F.);
#1555=ORIENTED_EDGE('',*,*,#1081,.T.);
#1556=ORIENTED_EDGE('',*,*,#1101,.T.);
#1557=ORIENTED_EDGE('',*,*,#1130,.F.);
#1558=ORIENTED_EDGE('',*,*,#1131,.T.);
#1559=ORIENTED_EDGE('',*,*,#1132,.T.);
#1560=ORIENTED_EDGE('',*,*,#1110,.F.);
#1561=ORIENTED_EDGE('',*,*,#1132,.F.);
#1562=ORIENTED_EDGE('',*,*,#1133,.T.);
#1563=ORIENTED_EDGE('',*,*,#1134,.T.);
#1564=ORIENTED_EDGE('',*,*,#1111,.F.);
#1565=ORIENTED_EDGE('',*,*,#1083,.T.);
#1566=ORIENTED_EDGE('',*,*,#1134,.F.);
#1567=ORIENTED_EDGE('',*,*,#1135,.T.);
#1568=ORIENTED_EDGE('',*,*,#1136,.T.);
#1569=ORIENTED_EDGE('',*,*,#1136,.F.);
#1570=ORIENTED_EDGE('',*,*,#1137,.T.);
#1571=ORIENTED_EDGE('',*,*,#1130,.T.);
#1572=ORIENTED_EDGE('',*,*,#1109,.F.);
#1573=ORIENTED_EDGE('',*,*,#1131,.F.);
#1574=ORIENTED_EDGE('',*,*,#1137,.F.);
#1575=ORIENTED_EDGE('',*,*,#1135,.F.);
#1576=ORIENTED_EDGE('',*,*,#1133,.F.);
#1577=ORIENTED_EDGE('',*,*,#1138,.F.);
#1578=ORIENTED_EDGE('',*,*,#1139,.T.);
#1579=ORIENTED_EDGE('',*,*,#1140,.T.);
#1580=ORIENTED_EDGE('',*,*,#1113,.F.);
#1581=ORIENTED_EDGE('',*,*,#1140,.F.);
#1582=ORIENTED_EDGE('',*,*,#1141,.T.);
#1583=ORIENTED_EDGE('',*,*,#1142,.T.);
#1584=ORIENTED_EDGE('',*,*,#1114,.F.);
#1585=ORIENTED_EDGE('',*,*,#1098,.F.);
#1586=ORIENTED_EDGE('',*,*,#1142,.F.);
#1587=ORIENTED_EDGE('',*,*,#1143,.T.);
#1588=ORIENTED_EDGE('',*,*,#1144,.T.);
#1589=ORIENTED_EDGE('',*,*,#1144,.F.);
#1590=ORIENTED_EDGE('',*,*,#1145,.T.);
#1591=ORIENTED_EDGE('',*,*,#1138,.T.);
#1592=ORIENTED_EDGE('',*,*,#1112,.F.);
#1593=ORIENTED_EDGE('',*,*,#1139,.F.);
#1594=ORIENTED_EDGE('',*,*,#1145,.F.);
#1595=ORIENTED_EDGE('',*,*,#1143,.F.);
#1596=ORIENTED_EDGE('',*,*,#1141,.F.);
#1597=ORIENTED_EDGE('',*,*,#1146,.F.);
#1598=ORIENTED_EDGE('',*,*,#1147,.T.);
#1599=ORIENTED_EDGE('',*,*,#1148,.T.);
#1600=ORIENTED_EDGE('',*,*,#1116,.F.);
#1601=ORIENTED_EDGE('',*,*,#1148,.F.);
#1602=ORIENTED_EDGE('',*,*,#1149,.T.);
#1603=ORIENTED_EDGE('',*,*,#1150,.T.);
#1604=ORIENTED_EDGE('',*,*,#1117,.F.);
#1605=ORIENTED_EDGE('',*,*,#1096,.F.);
#1606=ORIENTED_EDGE('',*,*,#1150,.F.);
#1607=ORIENTED_EDGE('',*,*,#1151,.T.);
#1608=ORIENTED_EDGE('',*,*,#1152,.T.);
#1609=ORIENTED_EDGE('',*,*,#1152,.F.);
#1610=ORIENTED_EDGE('',*,*,#1153,.T.);
#1611=ORIENTED_EDGE('',*,*,#1146,.T.);
#1612=ORIENTED_EDGE('',*,*,#1115,.F.);
#1613=ORIENTED_EDGE('',*,*,#1147,.F.);
#1614=ORIENTED_EDGE('',*,*,#1153,.F.);
#1615=ORIENTED_EDGE('',*,*,#1151,.F.);
#1616=ORIENTED_EDGE('',*,*,#1149,.F.);
#1617=ORIENTED_EDGE('',*,*,#1154,.F.);
#1618=ORIENTED_EDGE('',*,*,#1155,.T.);
#1619=ORIENTED_EDGE('',*,*,#1156,.T.);
#1620=ORIENTED_EDGE('',*,*,#1119,.F.);
#1621=ORIENTED_EDGE('',*,*,#1156,.F.);
#1622=ORIENTED_EDGE('',*,*,#1157,.T.);
#1623=ORIENTED_EDGE('',*,*,#1158,.T.);
#1624=ORIENTED_EDGE('',*,*,#1120,.F.);
#1625=ORIENTED_EDGE('',*,*,#1094,.F.);
#1626=ORIENTED_EDGE('',*,*,#1158,.F.);
#1627=ORIENTED_EDGE('',*,*,#1159,.T.);
#1628=ORIENTED_EDGE('',*,*,#1160,.T.);
#1629=ORIENTED_EDGE('',*,*,#1160,.F.);
#1630=ORIENTED_EDGE('',*,*,#1161,.T.);
#1631=ORIENTED_EDGE('',*,*,#1154,.T.);
#1632=ORIENTED_EDGE('',*,*,#1118,.F.);
#1633=ORIENTED_EDGE('',*,*,#1155,.F.);
#1634=ORIENTED_EDGE('',*,*,#1161,.F.);
#1635=ORIENTED_EDGE('',*,*,#1159,.F.);
#1636=ORIENTED_EDGE('',*,*,#1157,.F.);
#1637=ORIENTED_EDGE('',*,*,#1162,.F.);
#1638=ORIENTED_EDGE('',*,*,#1163,.T.);
#1639=ORIENTED_EDGE('',*,*,#1164,.T.);
#1640=ORIENTED_EDGE('',*,*,#1122,.F.);
#1641=ORIENTED_EDGE('',*,*,#1164,.F.);
#1642=ORIENTED_EDGE('',*,*,#1165,.T.);
#1643=ORIENTED_EDGE('',*,*,#1166,.T.);
#1644=ORIENTED_EDGE('',*,*,#1123,.F.);
#1645=ORIENTED_EDGE('',*,*,#1092,.F.);
#1646=ORIENTED_EDGE('',*,*,#1166,.F.);
#1647=ORIENTED_EDGE('',*,*,#1167,.T.);
#1648=ORIENTED_EDGE('',*,*,#1168,.T.);
#1649=ORIENTED_EDGE('',*,*,#1168,.F.);
#1650=ORIENTED_EDGE('',*,*,#1169,.T.);
#1651=ORIENTED_EDGE('',*,*,#1162,.T.);
#1652=ORIENTED_EDGE('',*,*,#1121,.F.);
#1653=ORIENTED_EDGE('',*,*,#1163,.F.);
#1654=ORIENTED_EDGE('',*,*,#1169,.F.);
#1655=ORIENTED_EDGE('',*,*,#1167,.F.);
#1656=ORIENTED_EDGE('',*,*,#1165,.F.);
#1657=ORIENTED_EDGE('',*,*,#1170,.F.);
#1658=ORIENTED_EDGE('',*,*,#1171,.T.);
#1659=ORIENTED_EDGE('',*,*,#1172,.T.);
#1660=ORIENTED_EDGE('',*,*,#1125,.F.);
#1661=ORIENTED_EDGE('',*,*,#1172,.F.);
#1662=ORIENTED_EDGE('',*,*,#1173,.T.);
#1663=ORIENTED_EDGE('',*,*,#1174,.T.);
#1664=ORIENTED_EDGE('',*,*,#1126,.F.);
#1665=ORIENTED_EDGE('',*,*,#1090,.F.);
#1666=ORIENTED_EDGE('',*,*,#1174,.F.);
#1667=ORIENTED_EDGE('',*,*,#1175,.T.);
#1668=ORIENTED_EDGE('',*,*,#1176,.T.);
#1669=ORIENTED_EDGE('',*,*,#1176,.F.);
#1670=ORIENTED_EDGE('',*,*,#1177,.T.);
#1671=ORIENTED_EDGE('',*,*,#1170,.T.);
#1672=ORIENTED_EDGE('',*,*,#1124,.F.);
#1673=ORIENTED_EDGE('',*,*,#1171,.F.);
#1674=ORIENTED_EDGE('',*,*,#1177,.F.);
#1675=ORIENTED_EDGE('',*,*,#1175,.F.);
#1676=ORIENTED_EDGE('',*,*,#1173,.F.);
#1677=ORIENTED_EDGE('',*,*,#1178,.F.);
#1678=ORIENTED_EDGE('',*,*,#1179,.T.);
#1679=ORIENTED_EDGE('',*,*,#1180,.T.);
#1680=ORIENTED_EDGE('',*,*,#1104,.F.);
#1681=ORIENTED_EDGE('',*,*,#1180,.F.);
#1682=ORIENTED_EDGE('',*,*,#1181,.T.);
#1683=ORIENTED_EDGE('',*,*,#1182,.T.);
#1684=ORIENTED_EDGE('',*,*,#1105,.F.);
#1685=ORIENTED_EDGE('',*,*,#1087,.F.);
#1686=ORIENTED_EDGE('',*,*,#1182,.F.);
#1687=ORIENTED_EDGE('',*,*,#1183,.T.);
#1688=ORIENTED_EDGE('',*,*,#1184,.T.);
#1689=ORIENTED_EDGE('',*,*,#1184,.F.);
#1690=ORIENTED_EDGE('',*,*,#1185,.T.);
#1691=ORIENTED_EDGE('',*,*,#1178,.T.);
#1692=ORIENTED_EDGE('',*,*,#1103,.F.);
#1693=ORIENTED_EDGE('',*,*,#1179,.F.);
#1694=ORIENTED_EDGE('',*,*,#1185,.F.);
#1695=ORIENTED_EDGE('',*,*,#1183,.F.);
#1696=ORIENTED_EDGE('',*,*,#1181,.F.);
#1697=ORIENTED_EDGE('',*,*,#1186,.F.);
#1698=ORIENTED_EDGE('',*,*,#1187,.T.);
#1699=ORIENTED_EDGE('',*,*,#1188,.T.);
#1700=ORIENTED_EDGE('',*,*,#1106,.F.);
#1701=ORIENTED_EDGE('',*,*,#1188,.F.);
#1702=ORIENTED_EDGE('',*,*,#1189,.T.);
#1703=ORIENTED_EDGE('',*,*,#1190,.T.);
#1704=ORIENTED_EDGE('',*,*,#1107,.F.);
#1705=ORIENTED_EDGE('',*,*,#1190,.F.);
#1706=ORIENTED_EDGE('',*,*,#1191,.T.);
#1707=ORIENTED_EDGE('',*,*,#1192,.T.);
#1708=ORIENTED_EDGE('',*,*,#1108,.F.);
#1709=ORIENTED_EDGE('',*,*,#1085,.F.);
#1710=ORIENTED_EDGE('',*,*,#1192,.F.);
#1711=ORIENTED_EDGE('',*,*,#1193,.T.);
#1712=ORIENTED_EDGE('',*,*,#1186,.T.);
#1713=ORIENTED_EDGE('',*,*,#1187,.F.);
#1714=ORIENTED_EDGE('',*,*,#1193,.F.);
#1715=ORIENTED_EDGE('',*,*,#1191,.F.);
#1716=ORIENTED_EDGE('',*,*,#1189,.F.);
#1717=ORIENTED_EDGE('',*,*,#1194,.T.);
#1718=ORIENTED_EDGE('',*,*,#1195,.T.);
#1719=ORIENTED_EDGE('',*,*,#1100,.F.);
#1720=ORIENTED_EDGE('',*,*,#1195,.F.);
#1721=ORIENTED_EDGE('',*,*,#1194,.F.);
#1722=ORIENTED_EDGE('',*,*,#1129,.T.);
#1723=ORIENTED_EDGE('',*,*,#1078,.F.);
#1724=ORIENTED_EDGE('',*,*,#1196,.T.);
#1725=ORIENTED_EDGE('',*,*,#1197,.T.);
#1726=ORIENTED_EDGE('',*,*,#1196,.F.);
#1727=ORIENTED_EDGE('',*,*,#1197,.F.);
#1728=ORIENTED_EDGE('',*,*,#1198,.T.);
#1729=ORIENTED_EDGE('',*,*,#1079,.T.);
#1730=ORIENTED_EDGE('',*,*,#1198,.F.);
#1731=ORIENTED_EDGE('',*,*,#1199,.T.);
#1732=ORIENTED_EDGE('',*,*,#1200,.T.);
#1733=ORIENTED_EDGE('',*,*,#1080,.F.);
#1734=ORIENTED_EDGE('',*,*,#1200,.F.);
#1735=ORIENTED_EDGE('',*,*,#1199,.F.);
#1736=ORIENTED_EDGE('',*,*,#1127,.F.);
#1737=CYLINDRICAL_SURFACE('',#1902,0.035);
#1738=CYLINDRICAL_SURFACE('',#1905,0.035);
#1739=CYLINDRICAL_SURFACE('',#1908,0.035);
#1740=CYLINDRICAL_SURFACE('',#1911,0.035);
#1741=CYLINDRICAL_SURFACE('',#1914,0.035);
#1742=CYLINDRICAL_SURFACE('',#1917,0.035);
#1743=CYLINDRICAL_SURFACE('',#1920,0.035);
#1744=CYLINDRICAL_SURFACE('',#1923,0.035);
#1745=CYLINDRICAL_SURFACE('',#1926,0.035);
#1746=CYLINDRICAL_SURFACE('',#1929,0.035);
#1747=CYLINDRICAL_SURFACE('',#1932,0.035);
#1748=CYLINDRICAL_SURFACE('',#1935,0.035);
#1749=CYLINDRICAL_SURFACE('',#1938,0.035);
#1750=CYLINDRICAL_SURFACE('',#1941,0.035);
#1751=CYLINDRICAL_SURFACE('',#1944,0.035);
#1752=CYLINDRICAL_SURFACE('',#1947,0.035);
#1753=CYLINDRICAL_SURFACE('',#1951,0.0825000000000043);
#1754=CYLINDRICAL_SURFACE('',#1956,0.1);
#1755=CYLINDRICAL_SURFACE('',#1960,0.1);
#1756=CYLINDRICAL_SURFACE('',#1965,0.0825000000000042);
#1757=CYLINDRICAL_SURFACE('',#1970,0.1);
#1758=CYLINDRICAL_SURFACE('',#1974,0.1);
#1759=CYLINDRICAL_SURFACE('',#1979,0.0825000000000042);
#1760=CYLINDRICAL_SURFACE('',#1984,0.1);
#1761=CYLINDRICAL_SURFACE('',#1988,0.1);
#1762=CYLINDRICAL_SURFACE('',#1993,0.0825000000000041);
#1763=CYLINDRICAL_SURFACE('',#1998,0.1);
#1764=CYLINDRICAL_SURFACE('',#2002,0.1);
#1765=CYLINDRICAL_SURFACE('',#2013,0.2);
#1766=CYLINDRICAL_SURFACE('',#2044,0.0575);
#1767=CYLINDRICAL_SURFACE('',#2048,0.185);
#1768=CYLINDRICAL_SURFACE('',#2051,0.14);
#1769=CYLINDRICAL_SURFACE('',#2055,0.185);
#1770=CYLINDRICAL_SURFACE('',#2058,0.14);
#1771=CYLINDRICAL_SURFACE('',#2062,0.185);
#1772=CYLINDRICAL_SURFACE('',#2065,0.14);
#1773=CYLINDRICAL_SURFACE('',#2069,0.185);
#1774=CYLINDRICAL_SURFACE('',#2072,0.14);
#1775=CYLINDRICAL_SURFACE('',#2076,0.185);
#1776=CYLINDRICAL_SURFACE('',#2079,0.14);
#1777=CYLINDRICAL_SURFACE('',#2083,0.185);
#1778=CYLINDRICAL_SURFACE('',#2086,0.14);
#1779=CYLINDRICAL_SURFACE('',#2090,0.185);
#1780=CYLINDRICAL_SURFACE('',#2093,0.14);
#1781=CYLINDRICAL_SURFACE('',#2098,0.185);
#1782=CYLINDRICAL_SURFACE('',#2101,0.14);
#1783=CYLINDRICAL_SURFACE('',#2104,0.1175);
#1784=CYLINDRICAL_SURFACE('',#2110,0.1595);
#1785=CYLINDRICAL_SURFACE('',#2111,0.1175);
#1786=ADVANCED_FACE('',(#123),#1737,.F.);
#1787=ADVANCED_FACE('',(#124),#1738,.F.);
#1788=ADVANCED_FACE('',(#125),#1739,.F.);
#1789=ADVANCED_FACE('',(#126),#1740,.F.);
#1790=ADVANCED_FACE('',(#127),#1741,.F.);
#1791=ADVANCED_FACE('',(#128),#1742,.F.);
#1792=ADVANCED_FACE('',(#129),#1743,.F.);
#1793=ADVANCED_FACE('',(#130),#1744,.F.);
#1794=ADVANCED_FACE('',(#131),#1745,.F.);
#1795=ADVANCED_FACE('',(#132),#1746,.F.);
#1796=ADVANCED_FACE('',(#133),#1747,.F.);
#1797=ADVANCED_FACE('',(#134),#1748,.F.);
#1798=ADVANCED_FACE('',(#135),#1749,.F.);
#1799=ADVANCED_FACE('',(#136),#1750,.F.);
#1800=ADVANCED_FACE('',(#137),#1751,.F.);
#1801=ADVANCED_FACE('',(#138),#1752,.F.);
#1802=ADVANCED_FACE('',(#139),#72,.T.);
#1803=ADVANCED_FACE('',(#140),#1753,.T.);
#1804=ADVANCED_FACE('',(#141),#73,.T.);
#1805=ADVANCED_FACE('',(#142),#74,.T.);
#1806=ADVANCED_FACE('',(#143),#1754,.F.);
#1807=ADVANCED_FACE('',(#144),#75,.T.);
#1808=ADVANCED_FACE('',(#145),#1755,.F.);
#1809=ADVANCED_FACE('',(#146),#76,.T.);
#1810=ADVANCED_FACE('',(#147),#77,.T.);
#1811=ADVANCED_FACE('',(#148),#1756,.T.);
#1812=ADVANCED_FACE('',(#149),#78,.T.);
#1813=ADVANCED_FACE('',(#150),#79,.T.);
#1814=ADVANCED_FACE('',(#151),#1757,.F.);
#1815=ADVANCED_FACE('',(#152),#80,.T.);
#1816=ADVANCED_FACE('',(#153),#1758,.F.);
#1817=ADVANCED_FACE('',(#154),#81,.T.);
#1818=ADVANCED_FACE('',(#155),#82,.T.);
#1819=ADVANCED_FACE('',(#156),#1759,.T.);
#1820=ADVANCED_FACE('',(#157),#83,.T.);
#1821=ADVANCED_FACE('',(#158),#84,.T.);
#1822=ADVANCED_FACE('',(#159),#1760,.F.);
#1823=ADVANCED_FACE('',(#160),#85,.T.);
#1824=ADVANCED_FACE('',(#161),#1761,.F.);
#1825=ADVANCED_FACE('',(#162),#86,.T.);
#1826=ADVANCED_FACE('',(#163),#87,.T.);
#1827=ADVANCED_FACE('',(#164),#1762,.T.);
#1828=ADVANCED_FACE('',(#165),#88,.T.);
#1829=ADVANCED_FACE('',(#166),#89,.T.);
#1830=ADVANCED_FACE('',(#167),#1763,.F.);
#1831=ADVANCED_FACE('',(#168),#90,.T.);
#1832=ADVANCED_FACE('',(#169),#1764,.F.);
#1833=ADVANCED_FACE('',(#170),#91,.T.);
#1834=ADVANCED_FACE('',(#171,#33,#34,#35,#36,#37,#38,#39,#40,#41,#42,#43,
#44,#45,#46,#47,#48,#49),#92,.T.);
#1835=ADVANCED_FACE('',(#172,#50,#51,#52,#53,#54,#55,#56,#57,#58,#59,#60,
#61,#62,#63,#64,#65,#66),#93,.F.);
#1836=ADVANCED_FACE('',(#173,#67),#94,.F.);
#1837=ADVANCED_FACE('',(#174),#1765,.T.);
#1838=ADVANCED_FACE('',(#175,#68),#95,.F.);
#1839=ADVANCED_FACE('',(#176),#32,.T.);
#1840=ADVANCED_FACE('',(#177),#1766,.F.);
#1841=ADVANCED_FACE('',(#178,#69),#96,.F.);
#1842=ADVANCED_FACE('',(#179),#1767,.F.);
#1843=ADVANCED_FACE('',(#180),#97,.T.);
#1844=ADVANCED_FACE('',(#181),#1768,.T.);
#1845=ADVANCED_FACE('',(#182),#98,.T.);
#1846=ADVANCED_FACE('',(#183),#99,.F.);
#1847=ADVANCED_FACE('',(#184),#1769,.F.);
#1848=ADVANCED_FACE('',(#185),#100,.T.);
#1849=ADVANCED_FACE('',(#186),#1770,.T.);
#1850=ADVANCED_FACE('',(#187),#101,.T.);
#1851=ADVANCED_FACE('',(#188),#102,.F.);
#1852=ADVANCED_FACE('',(#189),#1771,.F.);
#1853=ADVANCED_FACE('',(#190),#103,.T.);
#1854=ADVANCED_FACE('',(#191),#1772,.T.);
#1855=ADVANCED_FACE('',(#192),#104,.T.);
#1856=ADVANCED_FACE('',(#193),#105,.F.);
#1857=ADVANCED_FACE('',(#194),#1773,.F.);
#1858=ADVANCED_FACE('',(#195),#106,.T.);
#1859=ADVANCED_FACE('',(#196),#1774,.T.);
#1860=ADVANCED_FACE('',(#197),#107,.T.);
#1861=ADVANCED_FACE('',(#198),#108,.F.);
#1862=ADVANCED_FACE('',(#199),#1775,.F.);
#1863=ADVANCED_FACE('',(#200),#109,.T.);
#1864=ADVANCED_FACE('',(#201),#1776,.T.);
#1865=ADVANCED_FACE('',(#202),#110,.T.);
#1866=ADVANCED_FACE('',(#203),#111,.F.);
#1867=ADVANCED_FACE('',(#204),#1777,.F.);
#1868=ADVANCED_FACE('',(#205),#112,.T.);
#1869=ADVANCED_FACE('',(#206),#1778,.T.);
#1870=ADVANCED_FACE('',(#207),#113,.T.);
#1871=ADVANCED_FACE('',(#208),#114,.F.);
#1872=ADVANCED_FACE('',(#209),#1779,.F.);
#1873=ADVANCED_FACE('',(#210),#115,.T.);
#1874=ADVANCED_FACE('',(#211),#1780,.T.);
#1875=ADVANCED_FACE('',(#212),#116,.T.);
#1876=ADVANCED_FACE('',(#213),#117,.F.);
#1877=ADVANCED_FACE('',(#214),#118,.T.);
#1878=ADVANCED_FACE('',(#215),#1781,.F.);
#1879=ADVANCED_FACE('',(#216),#119,.T.);
#1880=ADVANCED_FACE('',(#217),#1782,.T.);
#1881=ADVANCED_FACE('',(#218),#120,.F.);
#1882=ADVANCED_FACE('',(#219),#1783,.F.);
#1883=ADVANCED_FACE('',(#220,#70),#121,.F.);
#1884=ADVANCED_FACE('',(#221),#15,.F.);
#1885=ADVANCED_FACE('',(#222),#1784,.T.);
#1886=ADVANCED_FACE('',(#223),#1785,.F.);
#1887=ADVANCED_FACE('',(#224,#71),#122,.F.);
#1888=CLOSED_SHELL('',(#1786,#1787,#1788,#1789,#1790,#1791,#1792,#1793,
#1794,#1795,#1796,#1797,#1798,#1799,#1800,#1801,#1802,#1803,#1804,#1805,
#1806,#1807,#1808,#1809,#1810,#1811,#1812,#1813,#1814,#1815,#1816,#1817,
#1818,#1819,#1820,#1821,#1822,#1823,#1824,#1825,#1826,#1827,#1828,#1829,
#1830,#1831,#1832,#1833,#1834,#1835,#1836,#1837,#1838,#1839,#1840,#1841,
#1842,#1843,#1844,#1845,#1846,#1847,#1848,#1849,#1850,#1851,#1852,#1853,
#1854,#1855,#1856,#1857,#1858,#1859,#1860,#1861,#1862,#1863,#1864,#1865,
#1866,#1867,#1868,#1869,#1870,#1871,#1872,#1873,#1874,#1875,#1876,#1877,
#1878,#1879,#1880,#1881,#1882,#1883,#1884,#1885,#1886,#1887));
#1889=DERIVED_UNIT_ELEMENT(#1891,1.);
#1890=DERIVED_UNIT_ELEMENT(#3265,-3.);
#1891=(
MASS_UNIT()
NAMED_UNIT(*)
SI_UNIT(.KILO.,.GRAM.)
);
#1892=DERIVED_UNIT((#1889,#1890));
#1893=MEASURE_REPRESENTATION_ITEM('density measure',
POSITIVE_RATIO_MEASURE(7850.),#1892);
#1894=PROPERTY_DEFINITION_REPRESENTATION(#1899,#1896);
#1895=PROPERTY_DEFINITION_REPRESENTATION(#1900,#1897);
#1896=REPRESENTATION('material name',(#1898),#3260);
#1897=REPRESENTATION('density',(#1893),#3260);
#1898=DESCRIPTIVE_REPRESENTATION_ITEM('Steel','Steel');
#1899=PROPERTY_DEFINITION('material property','material name',#3273);
#1900=PROPERTY_DEFINITION('material property','density of part',#3273);
#1901=AXIS2_PLACEMENT_3D('',#2682,#2114,#2115);
#1902=AXIS2_PLACEMENT_3D('',#2683,#2116,#2117);
#1903=AXIS2_PLACEMENT_3D('',#2685,#2118,#2119);
#1904=AXIS2_PLACEMENT_3D('',#2688,#2121,#2122);
#1905=AXIS2_PLACEMENT_3D('',#2689,#2123,#2124);
#1906=AXIS2_PLACEMENT_3D('',#2691,#2125,#2126);
#1907=AXIS2_PLACEMENT_3D('',#2694,#2128,#2129);
#1908=AXIS2_PLACEMENT_3D('',#2695,#2130,#2131);
#1909=AXIS2_PLACEMENT_3D('',#2697,#2132,#2133);
#1910=AXIS2_PLACEMENT_3D('',#2700,#2135,#2136);
#1911=AXIS2_PLACEMENT_3D('',#2701,#2137,#2138);
#1912=AXIS2_PLACEMENT_3D('',#2703,#2139,#2140);
#1913=AXIS2_PLACEMENT_3D('',#2706,#2142,#2143);
#1914=AXIS2_PLACEMENT_3D('',#2707,#2144,#2145);
#1915=AXIS2_PLACEMENT_3D('',#2709,#2146,#2147);
#1916=AXIS2_PLACEMENT_3D('',#2712,#2149,#2150);
#1917=AXIS2_PLACEMENT_3D('',#2713,#2151,#2152);
#1918=AXIS2_PLACEMENT_3D('',#2715,#2153,#2154);
#1919=AXIS2_PLACEMENT_3D('',#2718,#2156,#2157);
#1920=AXIS2_PLACEMENT_3D('',#2719,#2158,#2159);
#1921=AXIS2_PLACEMENT_3D('',#2721,#2160,#2161);
#1922=AXIS2_PLACEMENT_3D('',#2724,#2163,#2164);
#1923=AXIS2_PLACEMENT_3D('',#2725,#2165,#2166);
#1924=AXIS2_PLACEMENT_3D('',#2727,#2167,#2168);
#1925=AXIS2_PLACEMENT_3D('',#2730,#2170,#2171);
#1926=AXIS2_PLACEMENT_3D('',#2731,#2172,#2173);
#1927=AXIS2_PLACEMENT_3D('',#2733,#2174,#2175);
#1928=AXIS2_PLACEMENT_3D('',#2736,#2177,#2178);
#1929=AXIS2_PLACEMENT_3D('',#2737,#2179,#2180);
#1930=AXIS2_PLACEMENT_3D('',#2739,#2181,#2182);
#1931=AXIS2_PLACEMENT_3D('',#2742,#2184,#2185);
#1932=AXIS2_PLACEMENT_3D('',#2743,#2186,#2187);
#1933=AXIS2_PLACEMENT_3D('',#2745,#2188,#2189);
#1934=AXIS2_PLACEMENT_3D('',#2748,#2191,#2192);
#1935=AXIS2_PLACEMENT_3D('',#2749,#2193,#2194);
#1936=AXIS2_PLACEMENT_3D('',#2751,#2195,#2196);
#1937=AXIS2_PLACEMENT_3D('',#2754,#2198,#2199);
#1938=AXIS2_PLACEMENT_3D('',#2755,#2200,#2201);
#1939=AXIS2_PLACEMENT_3D('',#2757,#2202,#2203);
#1940=AXIS2_PLACEMENT_3D('',#2760,#2205,#2206);
#1941=AXIS2_PLACEMENT_3D('',#2761,#2207,#2208);
#1942=AXIS2_PLACEMENT_3D('',#2763,#2209,#2210);
#1943=AXIS2_PLACEMENT_3D('',#2766,#2212,#2213);
#1944=AXIS2_PLACEMENT_3D('',#2767,#2214,#2215);
#1945=AXIS2_PLACEMENT_3D('',#2769,#2216,#2217);
#1946=AXIS2_PLACEMENT_3D('',#2772,#2219,#2220);
#1947=AXIS2_PLACEMENT_3D('',#2773,#2221,#2222);
#1948=AXIS2_PLACEMENT_3D('',#2775,#2223,#2224);
#1949=AXIS2_PLACEMENT_3D('',#2778,#2226,#2227);
#1950=AXIS2_PLACEMENT_3D('',#2779,#2228,#2229);
#1951=AXIS2_PLACEMENT_3D('',#2788,#2234,#2235);
#1952=AXIS2_PLACEMENT_3D('',#2790,#2236,#2237);
#1953=AXIS2_PLACEMENT_3D('',#2792,#2238,#2239);
#1954=AXIS2_PLACEMENT_3D('',#2794,#2241,#2242);
#1955=AXIS2_PLACEMENT_3D('',#2800,#2246,#2247);
#1956=AXIS2_PLACEMENT_3D('',#2806,#2251,#2252);
#1957=AXIS2_PLACEMENT_3D('',#2808,#2253,#2254);
#1958=AXIS2_PLACEMENT_3D('',#2810,#2255,#2256);
#1959=AXIS2_PLACEMENT_3D('',#2812,#2258,#2259);
#1960=AXIS2_PLACEMENT_3D('',#2818,#2263,#2264);
#1961=AXIS2_PLACEMENT_3D('',#2820,#2265,#2266);
#1962=AXIS2_PLACEMENT_3D('',#2822,#2267,#2268);
#1963=AXIS2_PLACEMENT_3D('',#2824,#2270,#2271);
#1964=AXIS2_PLACEMENT_3D('',#2830,#2275,#2276);
#1965=AXIS2_PLACEMENT_3D('',#2836,#2280,#2281);
#1966=AXIS2_PLACEMENT_3D('',#2838,#2282,#2283);
#1967=AXIS2_PLACEMENT_3D('',#2840,#2284,#2285);
#1968=AXIS2_PLACEMENT_3D('',#2842,#2287,#2288);
#1969=AXIS2_PLACEMENT_3D('',#2848,#2292,#2293);
#1970=AXIS2_PLACEMENT_3D('',#2854,#2297,#2298);
#1971=AXIS2_PLACEMENT_3D('',#2856,#2299,#2300);
#1972=AXIS2_PLACEMENT_3D('',#2858,#2301,#2302);
#1973=AXIS2_PLACEMENT_3D('',#2860,#2304,#2305);
#1974=AXIS2_PLACEMENT_3D('',#2866,#2309,#2310);
#1975=AXIS2_PLACEMENT_3D('',#2868,#2311,#2312);
#1976=AXIS2_PLACEMENT_3D('',#2870,#2313,#2314);
#1977=AXIS2_PLACEMENT_3D('',#2872,#2316,#2317);
#1978=AXIS2_PLACEMENT_3D('',#2878,#2321,#2322);
#1979=AXIS2_PLACEMENT_3D('',#2884,#2326,#2327);
#1980=AXIS2_PLACEMENT_3D('',#2886,#2328,#2329);
#1981=AXIS2_PLACEMENT_3D('',#2888,#2330,#2331);
#1982=AXIS2_PLACEMENT_3D('',#2890,#2333,#2334);
#1983=AXIS2_PLACEMENT_3D('',#2896,#2338,#2339);
#1984=AXIS2_PLACEMENT_3D('',#2902,#2343,#2344);
#1985=AXIS2_PLACEMENT_3D('',#2904,#2345,#2346);
#1986=AXIS2_PLACEMENT_3D('',#2906,#2347,#2348);
#1987=AXIS2_PLACEMENT_3D('',#2908,#2350,#2351);
#1988=AXIS2_PLACEMENT_3D('',#2914,#2355,#2356);
#1989=AXIS2_PLACEMENT_3D('',#2916,#2357,#2358);
#1990=AXIS2_PLACEMENT_3D('',#2918,#2359,#2360);
#1991=AXIS2_PLACEMENT_3D('',#2920,#2362,#2363);
#1992=AXIS2_PLACEMENT_3D('',#2926,#2367,#2368);
#1993=AXIS2_PLACEMENT_3D('',#2932,#2372,#2373);
#1994=AXIS2_PLACEMENT_3D('',#2934,#2374,#2375);
#1995=AXIS2_PLACEMENT_3D('',#2936,#2376,#2377);
#1996=AXIS2_PLACEMENT_3D('',#2938,#2379,#2380);
#1997=AXIS2_PLACEMENT_3D('',#2944,#2384,#2385);
#1998=AXIS2_PLACEMENT_3D('',#2950,#2389,#2390);
#1999=AXIS2_PLACEMENT_3D('',#2952,#2391,#2392);
#2000=AXIS2_PLACEMENT_3D('',#2954,#2393,#2394);
#2001=AXIS2_PLACEMENT_3D('',#2956,#2396,#2397);
#2002=AXIS2_PLACEMENT_3D('',#2962,#2401,#2402);
#2003=AXIS2_PLACEMENT_3D('',#2964,#2403,#2404);
#2004=AXIS2_PLACEMENT_3D('',#2966,#2405,#2406);
#2005=AXIS2_PLACEMENT_3D('',#2968,#2408,#2409);
#2006=AXIS2_PLACEMENT_3D('',#2971,#2412,#2413);
#2007=AXIS2_PLACEMENT_3D('',#2973,#2414,#2415);
#2008=AXIS2_PLACEMENT_3D('',#2974,#2416,#2417);
#2009=AXIS2_PLACEMENT_3D('',#2976,#2418,#2419);
#2010=AXIS2_PLACEMENT_3D('',#2977,#2420,#2421);
#2011=AXIS2_PLACEMENT_3D('',#2979,#2422,#2423);
#2012=AXIS2_PLACEMENT_3D('',#2981,#2424,#2425);
#2013=AXIS2_PLACEMENT_3D('',#2982,#2426,#2427);
#2014=AXIS2_PLACEMENT_3D('',#2984,#2428,#2429);
#2015=AXIS2_PLACEMENT_3D('',#2986,#2431,#2432);
#2016=AXIS2_PLACEMENT_3D('',#2989,#2433,#2434);
#2017=AXIS2_PLACEMENT_3D('',#2991,#2435,#2436);
#2018=AXIS2_PLACEMENT_3D('',#2993,#2437,#2438);
#2019=AXIS2_PLACEMENT_3D('',#2995,#2439,#2440);
#2020=AXIS2_PLACEMENT_3D('',#2997,#2441,#2442);
#2021=AXIS2_PLACEMENT_3D('',#2999,#2443,#2444);
#2022=AXIS2_PLACEMENT_3D('',#3001,#2445,#2446);
#2023=AXIS2_PLACEMENT_3D('',#3003,#2447,#2448);
#2024=AXIS2_PLACEMENT_3D('',#3005,#2449,#2450);
#2025=AXIS2_PLACEMENT_3D('',#3007,#2451,#2452);
#2026=AXIS2_PLACEMENT_3D('',#3009,#2453,#2454);
#2027=AXIS2_PLACEMENT_3D('',#3011,#2455,#2456);
#2028=AXIS2_PLACEMENT_3D('',#3013,#2457,#2458);
#2029=AXIS2_PLACEMENT_3D('',#3015,#2459,#2460);
#2030=AXIS2_PLACEMENT_3D('',#3017,#2461,#2462);
#2031=AXIS2_PLACEMENT_3D('',#3019,#2463,#2464);
#2032=AXIS2_PLACEMENT_3D('',#3020,#2465,#2466);
#2033=AXIS2_PLACEMENT_3D('',#3022,#2467,#2468);
#2034=AXIS2_PLACEMENT_3D('',#3023,#2469,#2470);
#2035=AXIS2_PLACEMENT_3D('',#3025,#2471,#2472);
#2036=AXIS2_PLACEMENT_3D('',#3032,#2474,#2475);
#2037=AXIS2_PLACEMENT_3D('',#3041,#2476,#2477);
#2038=AXIS2_PLACEMENT_3D('',#3050,#2478,#2479);
#2039=AXIS2_PLACEMENT_3D('',#3059,#2480,#2481);
#2040=AXIS2_PLACEMENT_3D('',#3068,#2482,#2483);
#2041=AXIS2_PLACEMENT_3D('',#3077,#2484,#2485);
#2042=AXIS2_PLACEMENT_3D('',#3086,#2486,#2487);
#2043=AXIS2_PLACEMENT_3D('',#3095,#2488,#2489);
#2044=AXIS2_PLACEMENT_3D('',#3099,#2490,#2491);
#2045=AXIS2_PLACEMENT_3D('',#3101,#2492,#2493);
#2046=AXIS2_PLACEMENT_3D('',#3104,#2495,#2496);
#2047=AXIS2_PLACEMENT_3D('',#3105,#2497,#2498);
#2048=AXIS2_PLACEMENT_3D('',#3106,#2499,#2500);
#2049=AXIS2_PLACEMENT_3D('',#3110,#2502,#2503);
#2050=AXIS2_PLACEMENT_3D('',#3112,#2505,#2506);
#2051=AXIS2_PLACEMENT_3D('',#3116,#2509,#2510);
#2052=AXIS2_PLACEMENT_3D('',#3118,#2511,#2512);
#2053=AXIS2_PLACEMENT_3D('',#3120,#2514,#2515);
#2054=AXIS2_PLACEMENT_3D('',#3122,#2517,#2518);
#2055=AXIS2_PLACEMENT_3D('',#3123,#2519,#2520);
#2056=AXIS2_PLACEMENT_3D('',#3127,#2522,#2523);
#2057=AXIS2_PLACEMENT_3D('',#3129,#2525,#2526);
#2058=AXIS2_PLACEMENT_3D('',#3133,#2529,#2530);
#2059=AXIS2_PLACEMENT_3D('',#3135,#2531,#2532);
#2060=AXIS2_PLACEMENT_3D('',#3137,#2534,#2535);
#2061=AXIS2_PLACEMENT_3D('',#3139,#2537,#2538);
#2062=AXIS2_PLACEMENT_3D('',#3140,#2539,#2540);
#2063=AXIS2_PLACEMENT_3D('',#3144,#2542,#2543);
#2064=AXIS2_PLACEMENT_3D('',#3146,#2545,#2546);
#2065=AXIS2_PLACEMENT_3D('',#3150,#2549,#2550);
#2066=AXIS2_PLACEMENT_3D('',#3152,#2551,#2552);
#2067=AXIS2_PLACEMENT_3D('',#3154,#2554,#2555);
#2068=AXIS2_PLACEMENT_3D('',#3156,#2557,#2558);
#2069=AXIS2_PLACEMENT_3D('',#3157,#2559,#2560);
#2070=AXIS2_PLACEMENT_3D('',#3161,#2562,#2563);
#2071=AXIS2_PLACEMENT_3D('',#3163,#2565,#2566);
#2072=AXIS2_PLACEMENT_3D('',#3167,#2569,#2570);
#2073=AXIS2_PLACEMENT_3D('',#3169,#2571,#2572);
#2074=AXIS2_PLACEMENT_3D('',#3171,#2574,#2575);
#2075=AXIS2_PLACEMENT_3D('',#3173,#2577,#2578);
#2076=AXIS2_PLACEMENT_3D('',#3174,#2579,#2580);
#2077=AXIS2_PLACEMENT_3D('',#3178,#2582,#2583);
#2078=AXIS2_PLACEMENT_3D('',#3180,#2585,#2586);
#2079=AXIS2_PLACEMENT_3D('',#3184,#2589,#2590);
#2080=AXIS2_PLACEMENT_3D('',#3186,#2591,#2592);
#2081=AXIS2_PLACEMENT_3D('',#3188,#2594,#2595);
#2082=AXIS2_PLACEMENT_3D('',#3190,#2597,#2598);
#2083=AXIS2_PLACEMENT_3D('',#3191,#2599,#2600);
#2084=AXIS2_PLACEMENT_3D('',#3195,#2602,#2603);
#2085=AXIS2_PLACEMENT_3D('',#3197,#2605,#2606);
#2086=AXIS2_PLACEMENT_3D('',#3201,#2609,#2610);
#2087=AXIS2_PLACEMENT_3D('',#3203,#2611,#2612);
#2088=AXIS2_PLACEMENT_3D('',#3205,#2614,#2615);
#2089=AXIS2_PLACEMENT_3D('',#3207,#2617,#2618);
#2090=AXIS2_PLACEMENT_3D('',#3208,#2619,#2620);
#2091=AXIS2_PLACEMENT_3D('',#3212,#2622,#2623);
#2092=AXIS2_PLACEMENT_3D('',#3214,#2625,#2626);
#2093=AXIS2_PLACEMENT_3D('',#3218,#2629,#2630);
#2094=AXIS2_PLACEMENT_3D('',#3220,#2631,#2632);
#2095=AXIS2_PLACEMENT_3D('',#3222,#2634,#2635);
#2096=AXIS2_PLACEMENT_3D('',#3224,#2637,#2638);
#2097=AXIS2_PLACEMENT_3D('',#3225,#2639,#2640);
#2098=AXIS2_PLACEMENT_3D('',#3231,#2644,#2645);
#2099=AXIS2_PLACEMENT_3D('',#3233,#2646,#2647);
#2100=AXIS2_PLACEMENT_3D('',#3235,#2649,#2650);
#2101=AXIS2_PLACEMENT_3D('',#3239,#2653,#2654);
#2102=AXIS2_PLACEMENT_3D('',#3240,#2655,#2656);
#2103=AXIS2_PLACEMENT_3D('',#3241,#2657,#2658);
#2104=AXIS2_PLACEMENT_3D('',#3242,#2659,#2660);
#2105=AXIS2_PLACEMENT_3D('',#3244,#2661,#2662);
#2106=AXIS2_PLACEMENT_3D('',#3246,#2664,#2665);
#2107=AXIS2_PLACEMENT_3D('',#3247,#2666,#2667);
#2108=AXIS2_PLACEMENT_3D('',#3249,#2668,#2669);
#2109=AXIS2_PLACEMENT_3D('',#3250,#2670,#2671);
#2110=AXIS2_PLACEMENT_3D('',#3251,#2672,#2673);
#2111=AXIS2_PLACEMENT_3D('',#3253,#2675,#2676);
#2112=AXIS2_PLACEMENT_3D('',#3255,#2677,#2678);
#2113=AXIS2_PLACEMENT_3D('',#3257,#2680,#2681);
#2114=DIRECTION('axis',(0.,0.,1.));
#2115=DIRECTION('refdir',(1.,0.,0.));
#2116=DIRECTION('center_axis',(0.,0.,-1.));
#2117=DIRECTION('ref_axis',(1.,0.,0.));
#2118=DIRECTION('center_axis',(0.,0.,1.));
#2119=DIRECTION('ref_axis',(1.,0.,0.));
#2120=DIRECTION('',(0.,0.,1.));
#2121=DIRECTION('center_axis',(0.,0.,-1.));
#2122=DIRECTION('ref_axis',(1.,0.,0.));
#2123=DIRECTION('center_axis',(0.,0.,-1.));
#2124=DIRECTION('ref_axis',(1.,0.,0.));
#2125=DIRECTION('center_axis',(0.,0.,1.));
#2126=DIRECTION('ref_axis',(1.,0.,0.));
#2127=DIRECTION('',(0.,0.,1.));
#2128=DIRECTION('center_axis',(0.,0.,-1.));
#2129=DIRECTION('ref_axis',(1.,0.,0.));
#2130=DIRECTION('center_axis',(0.,0.,-1.));
#2131=DIRECTION('ref_axis',(1.,0.,0.));
#2132=DIRECTION('center_axis',(0.,0.,1.));
#2133=DIRECTION('ref_axis',(1.,0.,0.));
#2134=DIRECTION('',(0.,0.,1.));
#2135=DIRECTION('center_axis',(0.,0.,-1.));
#2136=DIRECTION('ref_axis',(1.,0.,0.));
#2137=DIRECTION('center_axis',(0.,0.,-1.));
#2138=DIRECTION('ref_axis',(1.,0.,0.));
#2139=DIRECTION('center_axis',(0.,0.,1.));
#2140=DIRECTION('ref_axis',(1.,0.,0.));
#2141=DIRECTION('',(0.,0.,1.));
#2142=DIRECTION('center_axis',(0.,0.,-1.));
#2143=DIRECTION('ref_axis',(1.,0.,0.));
#2144=DIRECTION('center_axis',(0.,0.,-1.));
#2145=DIRECTION('ref_axis',(1.,0.,0.));
#2146=DIRECTION('center_axis',(0.,0.,1.));
#2147=DIRECTION('ref_axis',(1.,0.,0.));
#2148=DIRECTION('',(0.,0.,1.));
#2149=DIRECTION('center_axis',(0.,0.,-1.));
#2150=DIRECTION('ref_axis',(1.,0.,0.));
#2151=DIRECTION('center_axis',(0.,0.,-1.));
#2152=DIRECTION('ref_axis',(1.,0.,0.));
#2153=DIRECTION('center_axis',(0.,0.,1.));
#2154=DIRECTION('ref_axis',(1.,0.,0.));
#2155=DIRECTION('',(0.,0.,1.));
#2156=DIRECTION('center_axis',(0.,0.,-1.));
#2157=DIRECTION('ref_axis',(1.,0.,0.));
#2158=DIRECTION('center_axis',(0.,0.,-1.));
#2159=DIRECTION('ref_axis',(1.,0.,0.));
#2160=DIRECTION('center_axis',(0.,0.,1.));
#2161=DIRECTION('ref_axis',(1.,0.,0.));
#2162=DIRECTION('',(0.,0.,1.));
#2163=DIRECTION('center_axis',(0.,0.,-1.));
#2164=DIRECTION('ref_axis',(1.,0.,0.));
#2165=DIRECTION('center_axis',(0.,0.,-1.));
#2166=DIRECTION('ref_axis',(1.,0.,0.));
#2167=DIRECTION('center_axis',(0.,0.,1.));
#2168=DIRECTION('ref_axis',(1.,0.,0.));
#2169=DIRECTION('',(0.,0.,1.));
#2170=DIRECTION('center_axis',(0.,0.,-1.));
#2171=DIRECTION('ref_axis',(1.,0.,0.));
#2172=DIRECTION('center_axis',(0.,0.,-1.));
#2173=DIRECTION('ref_axis',(1.,0.,0.));
#2174=DIRECTION('center_axis',(0.,0.,1.));
#2175=DIRECTION('ref_axis',(1.,0.,0.));
#2176=DIRECTION('',(0.,0.,1.));
#2177=DIRECTION('center_axis',(0.,0.,-1.));
#2178=DIRECTION('ref_axis',(1.,0.,0.));
#2179=DIRECTION('center_axis',(0.,0.,-1.));
#2180=DIRECTION('ref_axis',(1.,0.,0.));
#2181=DIRECTION('center_axis',(0.,0.,1.));
#2182=DIRECTION('ref_axis',(1.,0.,0.));
#2183=DIRECTION('',(0.,0.,1.));
#2184=DIRECTION('center_axis',(0.,0.,-1.));
#2185=DIRECTION('ref_axis',(1.,0.,0.));
#2186=DIRECTION('center_axis',(0.,0.,-1.));
#2187=DIRECTION('ref_axis',(1.,0.,0.));
#2188=DIRECTION('center_axis',(0.,0.,1.));
#2189=DIRECTION('ref_axis',(1.,0.,0.));
#2190=DIRECTION('',(0.,0.,1.));
#2191=DIRECTION('center_axis',(0.,0.,-1.));
#2192=DIRECTION('ref_axis',(1.,0.,0.));
#2193=DIRECTION('center_axis',(0.,0.,-1.));
#2194=DIRECTION('ref_axis',(1.,0.,0.));
#2195=DIRECTION('center_axis',(0.,0.,1.));
#2196=DIRECTION('ref_axis',(1.,0.,0.));
#2197=DIRECTION('',(0.,0.,1.));
#2198=DIRECTION('center_axis',(0.,0.,-1.));
#2199=DIRECTION('ref_axis',(1.,0.,0.));
#2200=DIRECTION('center_axis',(0.,0.,-1.));
#2201=DIRECTION('ref_axis',(1.,0.,0.));
#2202=DIRECTION('center_axis',(0.,0.,1.));
#2203=DIRECTION('ref_axis',(1.,0.,0.));
#2204=DIRECTION('',(0.,0.,1.));
#2205=DIRECTION('center_axis',(0.,0.,-1.));
#2206=DIRECTION('ref_axis',(1.,0.,0.));
#2207=DIRECTION('center_axis',(0.,0.,-1.));
#2208=DIRECTION('ref_axis',(1.,0.,0.));
#2209=DIRECTION('center_axis',(0.,0.,1.));
#2210=DIRECTION('ref_axis',(1.,0.,0.));
#2211=DIRECTION('',(0.,0.,1.));
#2212=DIRECTION('center_axis',(0.,0.,-1.));
#2213=DIRECTION('ref_axis',(1.,0.,0.));
#2214=DIRECTION('center_axis',(0.,0.,-1.));
#2215=DIRECTION('ref_axis',(1.,0.,0.));
#2216=DIRECTION('center_axis',(0.,0.,1.));
#2217=DIRECTION('ref_axis',(1.,0.,0.));
#2218=DIRECTION('',(0.,0.,1.));
#2219=DIRECTION('center_axis',(0.,0.,-1.));
#2220=DIRECTION('ref_axis',(1.,0.,0.));
#2221=DIRECTION('center_axis',(0.,0.,-1.));
#2222=DIRECTION('ref_axis',(1.,0.,0.));
#2223=DIRECTION('center_axis',(0.,0.,1.));
#2224=DIRECTION('ref_axis',(1.,0.,0.));
#2225=DIRECTION('',(0.,0.,1.));
#2226=DIRECTION('center_axis',(0.,0.,-1.));
#2227=DIRECTION('ref_axis',(1.,0.,0.));
#2228=DIRECTION('center_axis',(0.223525327126256,-0.974698121539741,0.));
#2229=DIRECTION('ref_axis',(-0.974698121539741,-0.223525327126256,0.));
#2230=DIRECTION('',(0.974698121539741,0.223525327126256,0.));
#2231=DIRECTION('',(0.,0.,-1.));
#2232=DIRECTION('',(-0.974698121539741,-0.223525327126256,0.));
#2233=DIRECTION('',(0.,0.,-1.));
#2234=DIRECTION('center_axis',(0.,0.,-1.));
#2235=DIRECTION('ref_axis',(0.223525327119736,-0.974698121541236,0.));
#2236=DIRECTION('center_axis',(0.,0.,1.));
#2237=DIRECTION('ref_axis',(0.223525327119736,-0.974698121541236,0.));
#2238=DIRECTION('center_axis',(0.,0.,-1.));
#2239=DIRECTION('ref_axis',(0.223525327119736,-0.974698121541236,0.));
#2240=DIRECTION('',(0.,0.,-1.));
#2241=DIRECTION('center_axis',(0.223525327126434,0.974698121539701,0.));
#2242=DIRECTION('ref_axis',(0.974698121539701,-0.223525327126434,0.));
#2243=DIRECTION('',(-0.974698121539701,0.223525327126434,0.));
#2244=DIRECTION('',(0.974698121539701,-0.223525327126434,0.));
#2245=DIRECTION('',(0.,0.,-1.));
#2246=DIRECTION('center_axis',(0.104082764560062,0.994568639220811,0.));
#2247=DIRECTION('ref_axis',(0.994568639220811,-0.104082764560062,0.));
#2248=DIRECTION('',(-0.994568639220811,0.104082764560062,0.));
#2249=DIRECTION('',(0.994568639220811,-0.104082764560062,0.));
#2250=DIRECTION('',(0.,0.,-1.));
#2251=DIRECTION('center_axis',(0.,0.,-1.));
#2252=DIRECTION('ref_axis',(-0.707106781192603,-0.707106781180492,0.));
#2253=DIRECTION('center_axis',(0.,0.,1.));
#2254=DIRECTION('ref_axis',(-0.707106781192603,-0.707106781180492,0.));
#2255=DIRECTION('center_axis',(0.,0.,1.));
#2256=DIRECTION('ref_axis',(-0.707106781192603,-0.707106781180492,0.));
#2257=DIRECTION('',(0.,0.,-1.));
#2258=DIRECTION('center_axis',(0.707106781192604,0.707106781180491,0.));
#2259=DIRECTION('ref_axis',(0.707106781180491,-0.707106781192604,0.));
#2260=DIRECTION('',(-0.707106781180491,0.707106781192604,0.));
#2261=DIRECTION('',(0.707106781180491,-0.707106781192604,0.));
#2262=DIRECTION('',(0.,0.,-1.));
#2263=DIRECTION('center_axis',(0.,0.,-1.));
#2264=DIRECTION('ref_axis',(-0.99456863922049,-0.104082764563126,0.));
#2265=DIRECTION('center_axis',(0.,0.,1.));
#2266=DIRECTION('ref_axis',(-0.99456863922049,-0.104082764563126,0.));
#2267=DIRECTION('center_axis',(0.,0.,1.));
#2268=DIRECTION('ref_axis',(-0.99456863922049,-0.104082764563126,0.));
#2269=DIRECTION('',(0.,0.,-1.));
#2270=DIRECTION('center_axis',(0.99456863922049,0.104082764563126,0.));
#2271=DIRECTION('ref_axis',(0.104082764563126,-0.99456863922049,0.));
#2272=DIRECTION('',(-0.104082764563126,0.99456863922049,0.));
#2273=DIRECTION('',(0.104082764563126,-0.99456863922049,0.));
#2274=DIRECTION('',(0.,0.,-1.));
#2275=DIRECTION('center_axis',(0.97469812153974,0.22352532712626,0.));
#2276=DIRECTION('ref_axis',(0.22352532712626,-0.97469812153974,0.));
#2277=DIRECTION('',(-0.22352532712626,0.97469812153974,0.));
#2278=DIRECTION('',(0.22352532712626,-0.97469812153974,0.));
#2279=DIRECTION('',(0.,0.,-1.));
#2280=DIRECTION('center_axis',(0.,0.,-1.));
#2281=DIRECTION('ref_axis',(0.974698121541237,0.223525327119734,0.));
#2282=DIRECTION('center_axis',(0.,0.,1.));
#2283=DIRECTION('ref_axis',(0.974698121541237,0.223525327119734,0.));
#2284=DIRECTION('center_axis',(0.,0.,-1.));
#2285=DIRECTION('ref_axis',(0.974698121541237,0.223525327119734,0.));
#2286=DIRECTION('',(0.,0.,-1.));
#2287=DIRECTION('center_axis',(-0.974698121539701,0.223525327126433,0.));
#2288=DIRECTION('ref_axis',(0.223525327126433,0.974698121539701,0.));
#2289=DIRECTION('',(-0.223525327126433,-0.974698121539701,0.));
#2290=DIRECTION('',(0.223525327126433,0.974698121539701,0.));
#2291=DIRECTION('',(0.,0.,-1.));
#2292=DIRECTION('center_axis',(-0.994568639220804,0.104082764560129,0.));
#2293=DIRECTION('ref_axis',(0.104082764560129,0.994568639220804,0.));
#2294=DIRECTION('',(-0.104082764560129,-0.994568639220804,0.));
#2295=DIRECTION('',(0.104082764560129,0.994568639220804,0.));
#2296=DIRECTION('',(0.,0.,-1.));
#2297=DIRECTION('center_axis',(0.,0.,-1.));
#2298=DIRECTION('ref_axis',(0.707106781180443,-0.707106781192652,0.));
#2299=DIRECTION('center_axis',(0.,0.,1.));
#2300=DIRECTION('ref_axis',(0.707106781180443,-0.707106781192652,0.));
#2301=DIRECTION('center_axis',(0.,0.,1.));
#2302=DIRECTION('ref_axis',(0.707106781180443,-0.707106781192652,0.));
#2303=DIRECTION('',(0.,0.,-1.));
#2304=DIRECTION('center_axis',(-0.707106781180445,0.70710678119265,0.));
#2305=DIRECTION('ref_axis',(0.70710678119265,0.707106781180445,0.));
#2306=DIRECTION('',(-0.70710678119265,-0.707106781180445,0.));
#2307=DIRECTION('',(0.70710678119265,0.707106781180445,0.));
#2308=DIRECTION('',(0.,0.,-1.));
#2309=DIRECTION('center_axis',(0.,0.,-1.));
#2310=DIRECTION('ref_axis',(0.104082764563305,-0.994568639220471,0.));
#2311=DIRECTION('center_axis',(0.,0.,1.));
#2312=DIRECTION('ref_axis',(0.104082764563305,-0.994568639220471,0.));
#2313=DIRECTION('center_axis',(0.,0.,1.));
#2314=DIRECTION('ref_axis',(0.104082764563305,-0.994568639220471,0.));
#2315=DIRECTION('',(0.,0.,-1.));
#2316=DIRECTION('center_axis',(-0.104082764563305,0.994568639220471,0.));
#2317=DIRECTION('ref_axis',(0.994568639220471,0.104082764563305,0.));
#2318=DIRECTION('',(-0.994568639220471,-0.104082764563305,0.));
#2319=DIRECTION('',(0.994568639220471,0.104082764563305,0.));
#2320=DIRECTION('',(0.,0.,-1.));
#2321=DIRECTION('center_axis',(-0.223525327126253,0.974698121539742,0.));
#2322=DIRECTION('ref_axis',(0.974698121539742,0.223525327126253,0.));
#2323=DIRECTION('',(-0.974698121539742,-0.223525327126253,0.));
#2324=DIRECTION('',(0.974698121539742,0.223525327126253,0.));
#2325=DIRECTION('',(0.,0.,-1.));
#2326=DIRECTION('center_axis',(0.,0.,-1.));
#2327=DIRECTION('ref_axis',(-0.223525327119734,0.974698121541237,0.));
#2328=DIRECTION('center_axis',(0.,0.,1.));
#2329=DIRECTION('ref_axis',(-0.223525327119734,0.974698121541237,0.));
#2330=DIRECTION('center_axis',(0.,0.,-1.));
#2331=DIRECTION('ref_axis',(-0.223525327119734,0.974698121541237,0.));
#2332=DIRECTION('',(0.,0.,-1.));
#2333=DIRECTION('center_axis',(-0.223525327126433,-0.974698121539701,0.));
#2334=DIRECTION('ref_axis',(-0.974698121539701,0.223525327126433,0.));
#2335=DIRECTION('',(0.974698121539701,-0.223525327126433,0.));
#2336=DIRECTION('',(-0.974698121539701,0.223525327126433,0.));
#2337=DIRECTION('',(0.,0.,-1.));
#2338=DIRECTION('center_axis',(-0.104082764559988,-0.994568639220818,0.));
#2339=DIRECTION('ref_axis',(-0.994568639220818,0.104082764559988,0.));
#2340=DIRECTION('',(0.994568639220818,-0.104082764559988,0.));
#2341=DIRECTION('',(-0.994568639220818,0.104082764559988,0.));
#2342=DIRECTION('',(0.,0.,-1.));
#2343=DIRECTION('center_axis',(0.,0.,-1.));
#2344=DIRECTION('ref_axis',(0.707106781192893,0.707106781180202,0.));
#2345=DIRECTION('center_axis',(0.,0.,1.));
#2346=DIRECTION('ref_axis',(0.707106781192893,0.707106781180202,0.));
#2347=DIRECTION('center_axis',(0.,0.,1.));
#2348=DIRECTION('ref_axis',(0.707106781192893,0.707106781180202,0.));
#2349=DIRECTION('',(0.,0.,-1.));
#2350=DIRECTION('center_axis',(-0.707106781192894,-0.707106781180201,0.));
#2351=DIRECTION('ref_axis',(-0.707106781180201,0.707106781192894,0.));
#2352=DIRECTION('',(0.707106781180201,-0.707106781192894,0.));
#2353=DIRECTION('',(-0.707106781180201,0.707106781192894,0.));
#2354=DIRECTION('',(0.,0.,-1.));
#2355=DIRECTION('center_axis',(0.,0.,-1.));
#2356=DIRECTION('ref_axis',(0.994568639220455,0.104082764563456,0.));
#2357=DIRECTION('center_axis',(0.,0.,1.));
#2358=DIRECTION('ref_axis',(0.994568639220455,0.104082764563456,0.));
#2359=DIRECTION('center_axis',(0.,0.,1.));
#2360=DIRECTION('ref_axis',(0.994568639220455,0.104082764563456,0.));
#2361=DIRECTION('',(0.,0.,-1.));
#2362=DIRECTION('center_axis',(-0.994568639220455,-0.104082764563456,0.));
#2363=DIRECTION('ref_axis',(-0.104082764563456,0.994568639220455,0.));
#2364=DIRECTION('',(0.104082764563456,-0.994568639220455,0.));
#2365=DIRECTION('',(-0.104082764563456,0.994568639220455,0.));
#2366=DIRECTION('',(0.,0.,-1.));
#2367=DIRECTION('center_axis',(-0.974698121539743,-0.22352532712625,0.));
#2368=DIRECTION('ref_axis',(-0.22352532712625,0.974698121539743,0.));
#2369=DIRECTION('',(0.22352532712625,-0.974698121539743,0.));
#2370=DIRECTION('',(-0.22352532712625,0.974698121539743,0.));
#2371=DIRECTION('',(0.,0.,-1.));
#2372=DIRECTION('center_axis',(0.,0.,-1.));
#2373=DIRECTION('ref_axis',(-0.974698121541237,-0.223525327119735,0.));
#2374=DIRECTION('center_axis',(0.,0.,1.));
#2375=DIRECTION('ref_axis',(-0.974698121541237,-0.223525327119735,0.));
#2376=DIRECTION('center_axis',(0.,0.,-1.));
#2377=DIRECTION('ref_axis',(-0.974698121541237,-0.223525327119735,0.));
#2378=DIRECTION('',(0.,0.,-1.));
#2379=DIRECTION('center_axis',(0.974698121539701,-0.223525327126433,0.));
#2380=DIRECTION('ref_axis',(-0.223525327126433,-0.974698121539701,0.));
#2381=DIRECTION('',(0.223525327126433,0.974698121539701,0.));
#2382=DIRECTION('',(-0.223525327126433,-0.974698121539701,0.));
#2383=DIRECTION('',(0.,0.,-1.));
#2384=DIRECTION('center_axis',(0.994568639220822,-0.104082764559957,0.));
#2385=DIRECTION('ref_axis',(-0.104082764559957,-0.994568639220822,0.));
#2386=DIRECTION('',(0.104082764559957,0.994568639220822,0.));
#2387=DIRECTION('',(-0.104082764559957,-0.994568639220822,0.));
#2388=DIRECTION('',(0.,0.,-1.));
#2389=DIRECTION('center_axis',(0.,0.,-1.));
#2390=DIRECTION('ref_axis',(-0.707106781197137,0.707106781175958,0.));
#2391=DIRECTION('center_axis',(0.,0.,1.));
#2392=DIRECTION('ref_axis',(-0.707106781197137,0.707106781175958,0.));
#2393=DIRECTION('center_axis',(0.,0.,1.));
#2394=DIRECTION('ref_axis',(-0.707106781197137,0.707106781175958,0.));
#2395=DIRECTION('',(0.,0.,-1.));
#2396=DIRECTION('center_axis',(0.707106781197136,-0.707106781175959,0.));
#2397=DIRECTION('ref_axis',(-0.707106781175959,-0.707106781197136,0.));
#2398=DIRECTION('',(0.707106781175959,0.707106781197136,0.));
#2399=DIRECTION('',(-0.707106781175959,-0.707106781197136,0.));
#2400=DIRECTION('',(0.,0.,-1.));
#2401=DIRECTION('center_axis',(0.,0.,-1.));
#2402=DIRECTION('ref_axis',(-0.104082764563279,0.994568639220474,0.));
#2403=DIRECTION('center_axis',(0.,0.,1.));
#2404=DIRECTION('ref_axis',(-0.104082764563279,0.994568639220474,0.));
#2405=DIRECTION('center_axis',(0.,0.,1.));
#2406=DIRECTION('ref_axis',(-0.104082764563279,0.994568639220474,0.));
#2407=DIRECTION('',(0.,0.,-1.));
#2408=DIRECTION('center_axis',(0.104082764563279,-0.994568639220474,0.));
#2409=DIRECTION('ref_axis',(-0.994568639220474,-0.104082764563279,0.));
#2410=DIRECTION('',(0.994568639220474,0.104082764563279,0.));
#2411=DIRECTION('',(-0.994568639220474,-0.104082764563279,0.));
#2412=DIRECTION('center_axis',(0.,0.,1.));
#2413=DIRECTION('ref_axis',(1.,0.,0.));
#2414=DIRECTION('center_axis',(0.,0.,1.));
#2415=DIRECTION('ref_axis',(1.,0.,0.));
#2416=DIRECTION('center_axis',(0.,0.,1.));
#2417=DIRECTION('ref_axis',(1.,0.,0.));
#2418=DIRECTION('center_axis',(0.,0.,1.));
#2419=DIRECTION('ref_axis',(1.,0.,0.));
#2420=DIRECTION('center_axis',(0.,0.,1.));
#2421=DIRECTION('ref_axis',(1.,0.,0.));
#2422=DIRECTION('center_axis',(0.,0.,1.));
#2423=DIRECTION('ref_axis',(1.,0.,0.));
#2424=DIRECTION('center_axis',(0.,0.,1.));
#2425=DIRECTION('ref_axis',(1.,0.,0.));
#2426=DIRECTION('center_axis',(0.,0.,1.));
#2427=DIRECTION('ref_axis',(1.,0.,0.));
#2428=DIRECTION('center_axis',(0.,0.,1.));
#2429=DIRECTION('ref_axis',(-1.,0.,0.));
#2430=DIRECTION('',(0.,0.,-1.));
#2431=DIRECTION('center_axis',(0.,0.,-1.));
#2432=DIRECTION('ref_axis',(-1.,0.,0.));
#2433=DIRECTION('center_axis',(0.,0.,-1.));
#2434=DIRECTION('ref_axis',(-1.,0.,0.));
#2435=DIRECTION('center_axis',(0.,0.,-1.));
#2436=DIRECTION('ref_axis',(-1.,0.,0.));
#2437=DIRECTION('center_axis',(0.,0.,1.));
#2438=DIRECTION('ref_axis',(1.,0.,0.));
#2439=DIRECTION('center_axis',(0.,0.,-1.));
#2440=DIRECTION('ref_axis',(-1.,0.,0.));
#2441=DIRECTION('center_axis',(0.,0.,1.));
#2442=DIRECTION('ref_axis',(1.,0.,0.));
#2443=DIRECTION('center_axis',(0.,0.,-1.));
#2444=DIRECTION('ref_axis',(-1.,0.,0.));
#2445=DIRECTION('center_axis',(0.,0.,-1.));
#2446=DIRECTION('ref_axis',(-1.,0.,0.));
#2447=DIRECTION('center_axis',(0.,0.,1.));
#2448=DIRECTION('ref_axis',(1.,0.,0.));
#2449=DIRECTION('center_axis',(0.,0.,-1.));
#2450=DIRECTION('ref_axis',(-1.,0.,0.));
#2451=DIRECTION('center_axis',(0.,0.,1.));
#2452=DIRECTION('ref_axis',(1.,0.,0.));
#2453=DIRECTION('center_axis',(0.,0.,-1.));
#2454=DIRECTION('ref_axis',(-1.,0.,0.));
#2455=DIRECTION('center_axis',(0.,0.,1.));
#2456=DIRECTION('ref_axis',(1.,0.,0.));
#2457=DIRECTION('center_axis',(0.,0.,-1.));
#2458=DIRECTION('ref_axis',(-1.,0.,0.));
#2459=DIRECTION('center_axis',(0.,0.,1.));
#2460=DIRECTION('ref_axis',(1.,0.,0.));
#2461=DIRECTION('center_axis',(0.,0.,-1.));
#2462=DIRECTION('ref_axis',(-1.,0.,0.));
#2463=DIRECTION('center_axis',(0.,0.,1.));
#2464=DIRECTION('ref_axis',(1.,0.,0.));
#2465=DIRECTION('center_axis',(0.,0.,-1.));
#2466=DIRECTION('ref_axis',(-1.,0.,0.));
#2467=DIRECTION('center_axis',(0.,0.,-1.));
#2468=DIRECTION('ref_axis',(1.,0.,0.));
#2469=DIRECTION('center_axis',(0.,0.,-1.));
#2470=DIRECTION('ref_axis',(1.,0.,0.));
#2471=DIRECTION('center_axis',(0.,0.,-1.));
#2472=DIRECTION('ref_axis',(-1.,0.,0.));
#2473=DIRECTION('',(0.874619707139396,-1.07110022481946E-16,0.484809620246337));
#2474=DIRECTION('center_axis',(0.,0.,-1.));
#2475=DIRECTION('ref_axis',(-1.,0.,0.));
#2476=DIRECTION('center_axis',(0.,0.,-1.));
#2477=DIRECTION('ref_axis',(-1.,0.,0.));
#2478=DIRECTION('center_axis',(0.,0.,-1.));
#2479=DIRECTION('ref_axis',(-1.,0.,0.));
#2480=DIRECTION('center_axis',(0.,0.,-1.));
#2481=DIRECTION('ref_axis',(-1.,0.,0.));
#2482=DIRECTION('center_axis',(0.,0.,-1.));
#2483=DIRECTION('ref_axis',(-1.,0.,0.));
#2484=DIRECTION('center_axis',(0.,0.,-1.));
#2485=DIRECTION('ref_axis',(-1.,0.,0.));
#2486=DIRECTION('center_axis',(0.,0.,-1.));
#2487=DIRECTION('ref_axis',(-1.,0.,0.));
#2488=DIRECTION('center_axis',(0.,0.,-1.));
#2489=DIRECTION('ref_axis',(-1.,0.,0.));
#2490=DIRECTION('center_axis',(0.,0.,1.));
#2491=DIRECTION('ref_axis',(1.,0.,0.));
#2492=DIRECTION('center_axis',(0.,0.,-1.));
#2493=DIRECTION('ref_axis',(1.,0.,0.));
#2494=DIRECTION('',(0.,0.,1.));
#2495=DIRECTION('center_axis',(0.,0.,-1.));
#2496=DIRECTION('ref_axis',(1.,0.,0.));
#2497=DIRECTION('center_axis',(0.,0.,-1.));
#2498=DIRECTION('ref_axis',(-1.,0.,0.));
#2499=DIRECTION('center_axis',(0.,0.,1.));
#2500=DIRECTION('ref_axis',(1.,0.,0.));
#2501=DIRECTION('',(0.,0.,1.));
#2502=DIRECTION('center_axis',(0.,0.,-1.));
#2503=DIRECTION('ref_axis',(1.,0.,0.));
#2504=DIRECTION('',(0.,0.,1.));
#2505=DIRECTION('center_axis',(-0.707106781186548,0.707106781186547,0.));
#2506=DIRECTION('ref_axis',(0.,0.,1.));
#2507=DIRECTION('',(-0.707106781186547,-0.707106781186548,0.));
#2508=DIRECTION('',(0.,0.,1.));
#2509=DIRECTION('center_axis',(0.,0.,1.));
#2510=DIRECTION('ref_axis',(1.,0.,0.));
#2511=DIRECTION('center_axis',(0.,0.,1.));
#2512=DIRECTION('ref_axis',(1.,0.,0.));
#2513=DIRECTION('',(0.,0.,1.));
#2514=DIRECTION('center_axis',(1.,1.88885689777328E-16,0.));
#2515=DIRECTION('ref_axis',(0.,0.,-1.));
#2516=DIRECTION('',(-1.81330262186235E-16,1.,0.));
#2517=DIRECTION('center_axis',(0.,0.,-1.));
#2518=DIRECTION('ref_axis',(-1.,0.,0.));
#2519=DIRECTION('center_axis',(0.,0.,1.));
#2520=DIRECTION('ref_axis',(1.,0.,0.));
#2521=DIRECTION('',(0.,0.,1.));
#2522=DIRECTION('center_axis',(0.,0.,-1.));
#2523=DIRECTION('ref_axis',(1.,0.,0.));
#2524=DIRECTION('',(0.,0.,1.));
#2525=DIRECTION('center_axis',(-4.24992801998988E-16,1.,0.));
#2526=DIRECTION('ref_axis',(0.,0.,1.));
#2527=DIRECTION('',(-1.,-4.8354736582996E-16,0.));
#2528=DIRECTION('',(0.,0.,1.));
#2529=DIRECTION('center_axis',(0.,0.,1.));
#2530=DIRECTION('ref_axis',(1.,0.,0.));
#2531=DIRECTION('center_axis',(0.,0.,1.));
#2532=DIRECTION('ref_axis',(1.,0.,0.));
#2533=DIRECTION('',(0.,0.,1.));
#2534=DIRECTION('center_axis',(0.707106781186548,-0.707106781186547,0.));
#2535=DIRECTION('ref_axis',(0.,0.,-1.));
#2536=DIRECTION('',(0.707106781186547,0.707106781186548,0.));
#2537=DIRECTION('center_axis',(0.,0.,-1.));
#2538=DIRECTION('ref_axis',(-1.,0.,0.));
#2539=DIRECTION('center_axis',(0.,0.,1.));
#2540=DIRECTION('ref_axis',(1.,0.,0.));
#2541=DIRECTION('',(0.,0.,1.));
#2542=DIRECTION('center_axis',(0.,0.,-1.));
#2543=DIRECTION('ref_axis',(1.,0.,0.));
#2544=DIRECTION('',(0.,0.,1.));
#2545=DIRECTION('center_axis',(0.707106781186547,0.707106781186548,0.));
#2546=DIRECTION('ref_axis',(0.,0.,-1.));
#2547=DIRECTION('',(-0.707106781186548,0.707106781186547,0.));
#2548=DIRECTION('',(0.,0.,1.));
#2549=DIRECTION('center_axis',(0.,0.,1.));
#2550=DIRECTION('ref_axis',(1.,0.,0.));
#2551=DIRECTION('center_axis',(0.,0.,1.));
#2552=DIRECTION('ref_axis',(1.,0.,0.));
#2553=DIRECTION('',(0.,0.,1.));
#2554=DIRECTION('center_axis',(4.24992801998988E-16,-1.,0.));
#2555=DIRECTION('ref_axis',(0.,0.,-1.));
#2556=DIRECTION('',(1.,4.23103945101215E-16,0.));
#2557=DIRECTION('center_axis',(0.,0.,-1.));
#2558=DIRECTION('ref_axis',(-1.,0.,0.));
#2559=DIRECTION('center_axis',(0.,0.,1.));
#2560=DIRECTION('ref_axis',(1.,0.,0.));
#2561=DIRECTION('',(0.,0.,1.));
#2562=DIRECTION('center_axis',(0.,0.,-1.));
#2563=DIRECTION('ref_axis',(1.,0.,0.));
#2564=DIRECTION('',(0.,0.,1.));
#2565=DIRECTION('center_axis',(1.,7.0832133666498E-16,0.));
#2566=DIRECTION('ref_axis',(0.,0.,-1.));
#2567=DIRECTION('',(-7.2532104874494E-16,1.,0.));
#2568=DIRECTION('',(0.,0.,1.));
#2569=DIRECTION('center_axis',(0.,0.,1.));
#2570=DIRECTION('ref_axis',(1.,0.,0.));
#2571=DIRECTION('center_axis',(0.,0.,1.));
#2572=DIRECTION('ref_axis',(1.,0.,0.));
#2573=DIRECTION('',(0.,0.,1.));
#2574=DIRECTION('center_axis',(-0.707106781186547,-0.707106781186548,0.));
#2575=DIRECTION('ref_axis',(0.,0.,1.));
#2576=DIRECTION('',(0.707106781186548,-0.707106781186547,0.));
#2577=DIRECTION('center_axis',(0.,0.,-1.));
#2578=DIRECTION('ref_axis',(-1.,0.,0.));
#2579=DIRECTION('center_axis',(0.,0.,1.));
#2580=DIRECTION('ref_axis',(1.,0.,0.));
#2581=DIRECTION('',(0.,0.,1.));
#2582=DIRECTION('center_axis',(0.,0.,-1.));
#2583=DIRECTION('ref_axis',(1.,0.,0.));
#2584=DIRECTION('',(0.,0.,1.));
#2585=DIRECTION('center_axis',(0.707106781186548,-0.707106781186547,0.));
#2586=DIRECTION('ref_axis',(0.,0.,-1.));
#2587=DIRECTION('',(0.707106781186547,0.707106781186548,0.));
#2588=DIRECTION('',(0.,0.,1.));
#2589=DIRECTION('center_axis',(0.,0.,1.));
#2590=DIRECTION('ref_axis',(1.,0.,0.));
#2591=DIRECTION('center_axis',(0.,0.,1.));
#2592=DIRECTION('ref_axis',(1.,0.,0.));
#2593=DIRECTION('',(0.,0.,1.));
#2594=DIRECTION('center_axis',(-1.,-7.0832133666498E-16,0.));
#2595=DIRECTION('ref_axis',(0.,0.,1.));
#2596=DIRECTION('',(7.2532104874494E-16,-1.,0.));
#2597=DIRECTION('center_axis',(0.,0.,-1.));
#2598=DIRECTION('ref_axis',(-1.,0.,0.));
#2599=DIRECTION('center_axis',(0.,0.,1.));
#2600=DIRECTION('ref_axis',(1.,0.,0.));
#2601=DIRECTION('',(0.,0.,1.));
#2602=DIRECTION('center_axis',(0.,0.,-1.));
#2603=DIRECTION('ref_axis',(1.,0.,0.));
#2604=DIRECTION('',(0.,0.,1.));
#2605=DIRECTION('center_axis',(4.24992801998988E-16,-1.,0.));
#2606=DIRECTION('ref_axis',(0.,0.,-1.));
#2607=DIRECTION('',(1.,4.8354736582996E-16,0.));
#2608=DIRECTION('',(0.,0.,1.));
#2609=DIRECTION('center_axis',(0.,0.,1.));
#2610=DIRECTION('ref_axis',(1.,0.,0.));
#2611=DIRECTION('center_axis',(0.,0.,1.));
#2612=DIRECTION('ref_axis',(1.,0.,0.));
#2613=DIRECTION('',(0.,0.,1.));
#2614=DIRECTION('center_axis',(-0.707106781186548,0.707106781186547,0.));
#2615=DIRECTION('ref_axis',(0.,0.,1.));
#2616=DIRECTION('',(-0.707106781186547,-0.707106781186548,0.));
#2617=DIRECTION('center_axis',(0.,0.,-1.));
#2618=DIRECTION('ref_axis',(-1.,0.,0.));
#2619=DIRECTION('center_axis',(0.,0.,1.));
#2620=DIRECTION('ref_axis',(1.,0.,0.));
#2621=DIRECTION('',(0.,0.,1.));
#2622=DIRECTION('center_axis',(0.,0.,-1.));
#2623=DIRECTION('ref_axis',(1.,0.,0.));
#2624=DIRECTION('',(0.,0.,1.));
#2625=DIRECTION('center_axis',(-0.707106781186547,-0.707106781186548,0.));
#2626=DIRECTION('ref_axis',(0.,0.,1.));
#2627=DIRECTION('',(0.707106781186548,-0.707106781186547,0.));
#2628=DIRECTION('',(0.,0.,1.));
#2629=DIRECTION('center_axis',(0.,0.,1.));
#2630=DIRECTION('ref_axis',(1.,0.,0.));
#2631=DIRECTION('center_axis',(0.,0.,1.));
#2632=DIRECTION('ref_axis',(1.,0.,0.));
#2633=DIRECTION('',(0.,0.,1.));
#2634=DIRECTION('center_axis',(-4.24992801998988E-16,1.,0.));
#2635=DIRECTION('ref_axis',(0.,0.,1.));
#2636=DIRECTION('',(-1.,-4.23103945101215E-16,0.));
#2637=DIRECTION('center_axis',(0.,0.,-1.));
#2638=DIRECTION('ref_axis',(-1.,0.,0.));
#2639=DIRECTION('center_axis',(0.707106781186547,0.707106781186548,0.));
#2640=DIRECTION('ref_axis',(0.,0.,-1.));
#2641=DIRECTION('',(0.,0.,1.));
#2642=DIRECTION('',(-0.707106781186548,0.707106781186547,0.));
#2643=DIRECTION('',(0.,0.,1.));
#2644=DIRECTION('center_axis',(0.,0.,1.));
#2645=DIRECTION('ref_axis',(1.,0.,0.));
#2646=DIRECTION('center_axis',(0.,0.,-1.));
#2647=DIRECTION('ref_axis',(1.,0.,0.));
#2648=DIRECTION('',(0.,0.,1.));
#2649=DIRECTION('center_axis',(-1.,-1.41664267332996E-16,0.));
#2650=DIRECTION('ref_axis',(0.,0.,1.));
#2651=DIRECTION('',(1.81330262186235E-16,-1.,0.));
#2652=DIRECTION('',(0.,0.,1.));
#2653=DIRECTION('center_axis',(0.,0.,1.));
#2654=DIRECTION('ref_axis',(1.,0.,0.));
#2655=DIRECTION('center_axis',(0.,0.,1.));
#2656=DIRECTION('ref_axis',(1.,0.,0.));
#2657=DIRECTION('center_axis',(0.,0.,-1.));
#2658=DIRECTION('ref_axis',(-1.,0.,0.));
#2659=DIRECTION('center_axis',(0.,0.,1.));
#2660=DIRECTION('ref_axis',(1.,0.,0.));
#2661=DIRECTION('center_axis',(0.,0.,-1.));
#2662=DIRECTION('ref_axis',(1.,0.,0.));
#2663=DIRECTION('',(0.,0.,1.));
#2664=DIRECTION('center_axis',(0.,0.,-1.));
#2665=DIRECTION('ref_axis',(-1.,0.,0.));
#2666=DIRECTION('center_axis',(0.,0.,1.));
#2667=DIRECTION('ref_axis',(1.,0.,0.));
#2668=DIRECTION('center_axis',(-1.22464679914735E-16,1.,0.));
#2669=DIRECTION('ref_axis',(-1.,-1.22464679914735E-16,0.));
#2670=DIRECTION('center_axis',(0.,0.,1.));
#2671=DIRECTION('ref_axis',(1.,0.,0.));
#2672=DIRECTION('center_axis',(0.,0.,1.));
#2673=DIRECTION('ref_axis',(1.,0.,0.));
#2674=DIRECTION('',(0.,0.,-1.));
#2675=DIRECTION('center_axis',(0.,0.,-1.));
#2676=DIRECTION('ref_axis',(-1.,0.,0.));
#2677=DIRECTION('center_axis',(0.,0.,1.));
#2678=DIRECTION('ref_axis',(1.,0.,0.));
#2679=DIRECTION('',(0.,0.,-1.));
#2680=DIRECTION('center_axis',(0.,0.,1.));
#2681=DIRECTION('ref_axis',(1.,0.,0.));
#2682=CARTESIAN_POINT('',(0.,0.,0.));
#2683=CARTESIAN_POINT('Origin',(0.64,6.32564866628947E-13,-0.00999999999999995));
#2684=CARTESIAN_POINT('',(0.605,6.3256058036515E-13,-0.11));
#2685=CARTESIAN_POINT('Origin',(0.64,6.32564866628947E-13,-0.11));
#2686=CARTESIAN_POINT('',(0.605,6.3256058036515E-13,-0.00999999999999995));
#2687=CARTESIAN_POINT('',(0.605,6.32569152892744E-13,-0.00999999999999995));
#2688=CARTESIAN_POINT('Origin',(0.64,6.32564866628947E-13,-0.00999999999999995));
#2689=CARTESIAN_POINT('Origin',(-0.525,-6.32500572671992E-13,-0.00999999999999995));
#2690=CARTESIAN_POINT('',(-0.56,-6.32504858935789E-13,-0.11));
#2691=CARTESIAN_POINT('Origin',(-0.525,-6.32500572671992E-13,-0.11));
#2692=CARTESIAN_POINT('',(-0.56,-6.32504858935789E-13,-0.00999999999999995));
#2693=CARTESIAN_POINT('',(-0.56,-6.32496286408195E-13,-0.00999999999999995));
#2694=CARTESIAN_POINT('Origin',(-0.525,-6.32500572671992E-13,-0.00999999999999995));
#2695=CARTESIAN_POINT('Origin',(6.32447300536229E-13,-0.64,-0.00999999999999995));
#2696=CARTESIAN_POINT('',(-0.0349999999993676,-0.64,-0.11));
#2697=CARTESIAN_POINT('Origin',(6.32447300536229E-13,-0.64,-0.11));
#2698=CARTESIAN_POINT('',(-0.0349999999993675,-0.64,-0.00999999999999995));
#2699=CARTESIAN_POINT('',(-0.0349999999993675,-0.64,-0.00999999999999995));
#2700=CARTESIAN_POINT('Origin',(6.32447300536229E-13,-0.64,-0.00999999999999995));
#2701=CARTESIAN_POINT('Origin',(-0.64,-6.32486489233802E-13,-0.00999999999999995));
#2702=CARTESIAN_POINT('',(-0.675,-6.32490775497599E-13,-0.11));
#2703=CARTESIAN_POINT('Origin',(-0.64,-6.32486489233802E-13,-0.11));
#2704=CARTESIAN_POINT('',(-0.675,-6.32490775497599E-13,-0.00999999999999995));
#2705=CARTESIAN_POINT('',(-0.675,-6.32482202970005E-13,-0.00999999999999995));
#2706=CARTESIAN_POINT('Origin',(-0.64,-6.32486489233802E-13,-0.00999999999999995));
#2707=CARTESIAN_POINT('Origin',(-6.3254680308866E-13,0.295,-0.00999999999999995));
#2708=CARTESIAN_POINT('',(-0.0350000000006326,0.295,-0.11));
#2709=CARTESIAN_POINT('Origin',(-6.3254680308866E-13,0.295,-0.11));
#2710=CARTESIAN_POINT('',(-0.0350000000006325,0.295,-0.00999999999999995));
#2711=CARTESIAN_POINT('',(-0.0350000000006325,0.295,-0.00999999999999995));
#2712=CARTESIAN_POINT('Origin',(-6.3254680308866E-13,0.295,-0.00999999999999995));
#2713=CARTESIAN_POINT('Origin',(6.32468425693515E-13,-0.525,-0.00999999999999995));
#2714=CARTESIAN_POINT('',(-0.0349999999993675,-0.525,-0.11));
#2715=CARTESIAN_POINT('Origin',(6.32468425693515E-13,-0.525,-0.11));
#2716=CARTESIAN_POINT('',(-0.0349999999993675,-0.525,-0.00999999999999995));
#2717=CARTESIAN_POINT('',(-0.0349999999993675,-0.525,-0.00999999999999995));
#2718=CARTESIAN_POINT('Origin',(6.32468425693515E-13,-0.525,-0.00999999999999995));
#2719=CARTESIAN_POINT('Origin',(-6.32525677931375E-13,0.64,-0.00999999999999995));
#2720=CARTESIAN_POINT('',(-0.0350000000006325,0.64,-0.11));
#2721=CARTESIAN_POINT('Origin',(-6.32525677931375E-13,0.64,-0.11));
#2722=CARTESIAN_POINT('',(-0.0350000000006325,0.64,-0.00999999999999995));
#2723=CARTESIAN_POINT('',(-0.0350000000006325,0.64,-0.00999999999999995));
#2724=CARTESIAN_POINT('Origin',(-6.32525677931375E-13,0.64,-0.00999999999999995));
#2725=CARTESIAN_POINT('Origin',(0.525,6.32564866628947E-13,-0.00999999999999995));
#2726=CARTESIAN_POINT('',(0.49,6.3256058036515E-13,-0.11));
#2727=CARTESIAN_POINT('Origin',(0.525,6.32564866628947E-13,-0.11));
#2728=CARTESIAN_POINT('',(0.49,6.3256058036515E-13,-0.00999999999999995));
#2729=CARTESIAN_POINT('',(0.49,6.32569152892744E-13,-0.00999999999999995));
#2730=CARTESIAN_POINT('Origin',(0.525,6.32564866628947E-13,-0.00999999999999995));
#2731=CARTESIAN_POINT('Origin',(0.41,6.32564866628947E-13,-0.00999999999999995));
#2732=CARTESIAN_POINT('',(0.375,6.3256058036515E-13,-0.11));
#2733=CARTESIAN_POINT('Origin',(0.41,6.32564866628947E-13,-0.11));
#2734=CARTESIAN_POINT('',(0.375,6.3256058036515E-13,-0.00999999999999995));
#2735=CARTESIAN_POINT('',(0.375,6.32569152892744E-13,-0.00999999999999995));
#2736=CARTESIAN_POINT('Origin',(0.41,6.32564866628947E-13,-0.00999999999999995));
#2737=CARTESIAN_POINT('Origin',(-0.41,-6.32514656110182E-13,-0.00999999999999995));
#2738=CARTESIAN_POINT('',(-0.445,-6.32518942373979E-13,-0.11));
#2739=CARTESIAN_POINT('Origin',(-0.41,-6.32514656110182E-13,-0.11));
#2740=CARTESIAN_POINT('',(-0.445,-6.32518942373979E-13,-0.00999999999999995));
#2741=CARTESIAN_POINT('',(-0.445,-6.32510369846385E-13,-0.00999999999999995));
#2742=CARTESIAN_POINT('Origin',(-0.41,-6.32514656110182E-13,-0.00999999999999995));
#2743=CARTESIAN_POINT('Origin',(-6.3253271965047E-13,0.525,-0.00999999999999995));
#2744=CARTESIAN_POINT('',(-0.0350000000006325,0.525,-0.11));
#2745=CARTESIAN_POINT('Origin',(-6.3253271965047E-13,0.525,-0.11));
#2746=CARTESIAN_POINT('',(-0.0350000000006325,0.525,-0.00999999999999995));
#2747=CARTESIAN_POINT('',(-0.0350000000006325,0.525,-0.00999999999999995));
#2748=CARTESIAN_POINT('Origin',(-6.3253271965047E-13,0.525,-0.00999999999999995));
#2749=CARTESIAN_POINT('Origin',(6.32510676008085E-13,-0.295,-0.00999999999999995));
#2750=CARTESIAN_POINT('',(-0.0349999999993675,-0.295,-0.11));
#2751=CARTESIAN_POINT('Origin',(6.32510676008085E-13,-0.295,-0.11));
#2752=CARTESIAN_POINT('',(-0.0349999999993675,-0.295,-0.00999999999999995));
#2753=CARTESIAN_POINT('',(-0.0349999999993675,-0.295,-0.00999999999999995));
#2754=CARTESIAN_POINT('Origin',(6.32510676008085E-13,-0.295,-0.00999999999999995));
#2755=CARTESIAN_POINT('Origin',(6.324895508508E-13,-0.41,-0.00999999999999995));
#2756=CARTESIAN_POINT('',(-0.0349999999993675,-0.41,-0.11));
#2757=CARTESIAN_POINT('Origin',(6.324895508508E-13,-0.41,-0.11));
#2758=CARTESIAN_POINT('',(-0.0349999999993675,-0.41,-0.00999999999999995));
#2759=CARTESIAN_POINT('',(-0.0349999999993675,-0.41,-0.00999999999999995));
#2760=CARTESIAN_POINT('Origin',(6.324895508508E-13,-0.41,-0.00999999999999995));
#2761=CARTESIAN_POINT('Origin',(-0.295,-6.32528739548373E-13,-0.00999999999999995));
#2762=CARTESIAN_POINT('',(-0.33,-6.32533025812169E-13,-0.11));
#2763=CARTESIAN_POINT('Origin',(-0.295,-6.32528739548373E-13,-0.11));
#2764=CARTESIAN_POINT('',(-0.33,-6.32533025812169E-13,-0.00999999999999995));
#2765=CARTESIAN_POINT('',(-0.33,-6.32524453284576E-13,-0.00999999999999995));
#2766=CARTESIAN_POINT('Origin',(-0.295,-6.32528739548373E-13,-0.00999999999999995));
#2767=CARTESIAN_POINT('Origin',(-6.32539761369565E-13,0.41,-0.00999999999999995));
#2768=CARTESIAN_POINT('',(-0.0350000000006325,0.41,-0.11));
#2769=CARTESIAN_POINT('Origin',(-6.32539761369565E-13,0.41,-0.11));
#2770=CARTESIAN_POINT('',(-0.0350000000006325,0.41,-0.00999999999999995));
#2771=CARTESIAN_POINT('',(-0.0350000000006325,0.41,-0.00999999999999995));
#2772=CARTESIAN_POINT('Origin',(-6.32539761369565E-13,0.41,-0.00999999999999995));
#2773=CARTESIAN_POINT('Origin',(0.295,6.32564866628947E-13,-0.00999999999999995));
#2774=CARTESIAN_POINT('',(0.26,6.3256058036515E-13,-0.11));
#2775=CARTESIAN_POINT('Origin',(0.295,6.32564866628947E-13,-0.11));
#2776=CARTESIAN_POINT('',(0.26,6.3256058036515E-13,-0.00999999999999995));
#2777=CARTESIAN_POINT('',(0.26,6.32569152892744E-13,-0.00999999999999995));
#2778=CARTESIAN_POINT('Origin',(0.295,6.32564866628947E-13,-0.00999999999999995));
#2779=CARTESIAN_POINT('Origin',(0.660940839487418,-0.0804125950259603,-0.00999999999999995));
#2780=CARTESIAN_POINT('',(0.357500000000077,-0.149999999998822,-0.00999999999999995));
#2781=CARTESIAN_POINT('',(0.660940839487418,-0.0804125950259603,-0.00999999999999995));
#2782=CARTESIAN_POINT('',(0.357500000000077,-0.149999999998822,-0.00999999999999995));
#2783=CARTESIAN_POINT('',(0.357500000000077,-0.149999999998822,-0.11));
#2784=CARTESIAN_POINT('',(0.357500000000077,-0.149999999998822,-0.00999999999999995));
#2785=CARTESIAN_POINT('',(0.660940839487418,-0.0804125950259603,-0.11));
#2786=CARTESIAN_POINT('',(0.357500000000077,-0.149999999998822,-0.11));
#2787=CARTESIAN_POINT('',(0.660940839487418,-0.0804125950259603,-0.00999999999999995));
#2788=CARTESIAN_POINT('Origin',(0.642500000000038,1.19580635857067E-12,
-0.00999999999999995));
#2789=CARTESIAN_POINT('',(0.66094083948743,0.0804125950283449,-0.00999999999999995));
#2790=CARTESIAN_POINT('Origin',(0.642500000000038,1.19580635857067E-12,
-0.00999999999999995));
#2791=CARTESIAN_POINT('',(0.66094083948743,0.0804125950283449,-0.11));
#2792=CARTESIAN_POINT('Origin',(0.642500000000038,1.19580635857067E-12,
-0.11));
#2793=CARTESIAN_POINT('',(0.66094083948743,0.0804125950283449,-0.00999999999999995));
#2794=CARTESIAN_POINT('Origin',(0.357500000000075,0.150000000001268,-0.00999999999999995));
#2795=CARTESIAN_POINT('',(0.357500000000075,0.150000000001268,-0.00999999999999995));
#2796=CARTESIAN_POINT('',(0.66094083948743,0.0804125950283449,-0.00999999999999995));
#2797=CARTESIAN_POINT('',(0.357500000000075,0.150000000001268,-0.11));
#2798=CARTESIAN_POINT('',(0.66094083948743,0.0804125950283449,-0.11));
#2799=CARTESIAN_POINT('',(0.357500000000075,0.150000000001268,-0.00999999999999995));
#2800=CARTESIAN_POINT('Origin',(0.263744604727105,0.159811611133585,-0.00999999999999995));
#2801=CARTESIAN_POINT('',(0.263744604727105,0.159811611133585,-0.00999999999999995));
#2802=CARTESIAN_POINT('',(0.357500000000075,0.150000000001268,-0.00999999999999995));
#2803=CARTESIAN_POINT('',(0.263744604727105,0.159811611133585,-0.11));
#2804=CARTESIAN_POINT('',(0.357500000000075,0.150000000001268,-0.11));
#2805=CARTESIAN_POINT('',(0.263744604727105,0.159811611133585,-0.00999999999999995));
#2806=CARTESIAN_POINT('Origin',(0.274152881183111,0.259268475055666,-0.00999999999999995));
#2807=CARTESIAN_POINT('',(0.203442203063851,0.188557796937617,-0.00999999999999995));
#2808=CARTESIAN_POINT('Origin',(0.274152881183111,0.259268475055666,-0.00999999999999995));
#2809=CARTESIAN_POINT('',(0.203442203063851,0.188557796937617,-0.11));
#2810=CARTESIAN_POINT('Origin',(0.274152881183111,0.259268475055666,-0.11));
#2811=CARTESIAN_POINT('',(0.203442203063851,0.188557796937617,-0.00999999999999995));
#2812=CARTESIAN_POINT('Origin',(0.18855779693549,0.203442203066233,-0.00999999999999995));
#2813=CARTESIAN_POINT('',(0.18855779693549,0.203442203066233,-0.00999999999999995));
#2814=CARTESIAN_POINT('',(0.203442203063851,0.188557796937617,-0.00999999999999995));
#2815=CARTESIAN_POINT('',(0.18855779693549,0.203442203066233,-0.11));
#2816=CARTESIAN_POINT('',(0.203442203063851,0.188557796937617,-0.11));
#2817=CARTESIAN_POINT('',(0.18855779693549,0.203442203066233,-0.00999999999999995));
#2818=CARTESIAN_POINT('Origin',(0.25926847505475,0.274152881184282,-0.00999999999999995));
#2819=CARTESIAN_POINT('',(0.159811611132701,0.263744604727969,-0.00999999999999995));
#2820=CARTESIAN_POINT('Origin',(0.25926847505475,0.274152881184282,-0.00999999999999995));
#2821=CARTESIAN_POINT('',(0.159811611132701,0.263744604727969,-0.11));
#2822=CARTESIAN_POINT('Origin',(0.25926847505475,0.274152881184282,-0.11));
#2823=CARTESIAN_POINT('',(0.159811611132701,0.263744604727969,-0.00999999999999995));
#2824=CARTESIAN_POINT('Origin',(0.150000000000062,0.357500000001235,-0.00999999999999995));
#2825=CARTESIAN_POINT('',(0.150000000000062,0.357500000001235,-0.00999999999999995));
#2826=CARTESIAN_POINT('',(0.159811611132701,0.263744604727969,-0.00999999999999995));
#2827=CARTESIAN_POINT('',(0.150000000000062,0.357500000001235,-0.11));
#2828=CARTESIAN_POINT('',(0.159811611132701,0.263744604727969,-0.11));
#2829=CARTESIAN_POINT('',(0.150000000000062,0.357500000001235,-0.00999999999999995));
#2830=CARTESIAN_POINT('Origin',(0.0804125950271981,0.660940839488578,-0.00999999999999995));
#2831=CARTESIAN_POINT('',(0.0804125950271981,0.660940839488578,-0.00999999999999995));
#2832=CARTESIAN_POINT('',(0.150000000000062,0.357500000001235,-0.00999999999999995));
#2833=CARTESIAN_POINT('',(0.0804125950271981,0.660940839488578,-0.11));
#2834=CARTESIAN_POINT('',(0.150000000000062,0.357500000001235,-0.11));
#2835=CARTESIAN_POINT('',(0.0804125950271981,0.660940839488578,-0.00999999999999995));
#2836=CARTESIAN_POINT('Origin',(4.19885036626197E-14,0.642500000001199,
-0.00999999999999995));
#2837=CARTESIAN_POINT('',(-0.080412595027107,0.66094083948859,-0.00999999999999995));
#2838=CARTESIAN_POINT('Origin',(4.19885036626197E-14,0.642500000001199,
-0.00999999999999995));
#2839=CARTESIAN_POINT('',(-0.080412595027107,0.66094083948859,-0.11));
#2840=CARTESIAN_POINT('Origin',(4.19885036626197E-14,0.642500000001199,
-0.11));
#2841=CARTESIAN_POINT('',(-0.080412595027107,0.66094083948859,-0.00999999999999995));
#2842=CARTESIAN_POINT('Origin',(-0.15000000000003,0.357500000001235,-0.00999999999999995));
#2843=CARTESIAN_POINT('',(-0.15000000000003,0.357500000001235,-0.00999999999999995));
#2844=CARTESIAN_POINT('',(-0.080412595027107,0.66094083948859,-0.00999999999999995));
#2845=CARTESIAN_POINT('',(-0.15000000000003,0.357500000001235,-0.11));
#2846=CARTESIAN_POINT('',(-0.080412595027107,0.66094083948859,-0.11));
#2847=CARTESIAN_POINT('',(-0.15000000000003,0.357500000001235,-0.00999999999999995));
#2848=CARTESIAN_POINT('Origin',(-0.159811611132356,0.263744604728237,-0.00999999999999995));
#2849=CARTESIAN_POINT('',(-0.159811611132356,0.263744604728237,-0.00999999999999995));
#2850=CARTESIAN_POINT('',(-0.15000000000003,0.357500000001235,-0.00999999999999995));
#2851=CARTESIAN_POINT('',(-0.159811611132356,0.263744604728237,-0.11));
#2852=CARTESIAN_POINT('',(-0.15000000000003,0.357500000001235,-0.11));
#2853=CARTESIAN_POINT('',(-0.159811611132356,0.263744604728237,-0.00999999999999995));
#2854=CARTESIAN_POINT('Origin',(-0.259268475054437,0.27415288118425,-0.00999999999999995));
#2855=CARTESIAN_POINT('',(-0.188557796936392,0.203442203064985,-0.00999999999999995));
#2856=CARTESIAN_POINT('Origin',(-0.259268475054437,0.27415288118425,-0.00999999999999995));
#2857=CARTESIAN_POINT('',(-0.188557796936392,0.203442203064985,-0.11));
#2858=CARTESIAN_POINT('Origin',(-0.259268475054437,0.27415288118425,-0.11));
#2859=CARTESIAN_POINT('',(-0.188557796936392,0.203442203064985,-0.00999999999999995));
#2860=CARTESIAN_POINT('Origin',(-0.20344220306497,0.188557796936664,-0.00999999999999995));
#2861=CARTESIAN_POINT('',(-0.20344220306497,0.188557796936664,-0.00999999999999995));
#2862=CARTESIAN_POINT('',(-0.188557796936392,0.203442203064985,-0.00999999999999995));
#2863=CARTESIAN_POINT('',(-0.20344220306497,0.188557796936664,-0.11));
#2864=CARTESIAN_POINT('',(-0.188557796936392,0.203442203064985,-0.11));
#2865=CARTESIAN_POINT('',(-0.20344220306497,0.188557796936664,-0.00999999999999995));
#2866=CARTESIAN_POINT('Origin',(-0.274152881183015,0.259268475055929,-0.00999999999999995));
#2867=CARTESIAN_POINT('',(-0.263744604726684,0.159811611133882,-0.00999999999999995));
#2868=CARTESIAN_POINT('Origin',(-0.274152881183015,0.259268475055929,-0.00999999999999995));
#2869=CARTESIAN_POINT('',(-0.263744604726684,0.159811611133882,-0.11));
#2870=CARTESIAN_POINT('Origin',(-0.274152881183015,0.259268475055929,-0.11));
#2871=CARTESIAN_POINT('',(-0.263744604726684,0.159811611133882,-0.00999999999999995));
#2872=CARTESIAN_POINT('Origin',(-0.357499999999996,0.15000000000122,-0.00999999999999995));
#2873=CARTESIAN_POINT('',(-0.357499999999996,0.15000000000122,-0.00999999999999995));
#2874=CARTESIAN_POINT('',(-0.263744604726684,0.159811611133882,-0.00999999999999995));
#2875=CARTESIAN_POINT('',(-0.357499999999996,0.15000000000122,-0.11));
#2876=CARTESIAN_POINT('',(-0.263744604726684,0.159811611133882,-0.11));
#2877=CARTESIAN_POINT('',(-0.357499999999996,0.15000000000122,-0.00999999999999995));
#2878=CARTESIAN_POINT('Origin',(-0.66094083948734,0.0804125950283587,-0.00999999999999995));
#2879=CARTESIAN_POINT('',(-0.66094083948734,0.0804125950283587,-0.00999999999999995));
#2880=CARTESIAN_POINT('',(-0.357499999999996,0.15000000000122,-0.00999999999999995));
#2881=CARTESIAN_POINT('',(-0.66094083948734,0.0804125950283587,-0.11));
#2882=CARTESIAN_POINT('',(-0.357499999999996,0.15000000000122,-0.11));
#2883=CARTESIAN_POINT('',(-0.66094083948734,0.0804125950283587,-0.00999999999999995));
#2884=CARTESIAN_POINT('Origin',(-0.642499999999961,1.20259773268292E-12,
-0.00999999999999995));
#2885=CARTESIAN_POINT('',(-0.660940839487352,-0.0804125950259464,-0.00999999999999995));
#2886=CARTESIAN_POINT('Origin',(-0.642499999999961,1.20259773268292E-12,
-0.00999999999999995));
#2887=CARTESIAN_POINT('',(-0.660940839487353,-0.0804125950259464,-0.11));
#2888=CARTESIAN_POINT('Origin',(-0.642499999999961,1.20259773268292E-12,
-0.11));
#2889=CARTESIAN_POINT('',(-0.660940839487352,-0.0804125950259464,-0.00999999999999995));
#2890=CARTESIAN_POINT('Origin',(-0.357499999999998,-0.149999999998869,-0.00999999999999995));
#2891=CARTESIAN_POINT('',(-0.357499999999998,-0.149999999998869,-0.00999999999999995));
#2892=CARTESIAN_POINT('',(-0.660940839487352,-0.0804125950259464,-0.00999999999999995));
#2893=CARTESIAN_POINT('',(-0.357499999999998,-0.149999999998869,-0.11));
#2894=CARTESIAN_POINT('',(-0.660940839487352,-0.0804125950259464,-0.11));
#2895=CARTESIAN_POINT('',(-0.357499999999998,-0.149999999998869,-0.00999999999999995));
#2896=CARTESIAN_POINT('Origin',(-0.263744604727007,-0.159811611131181,-0.00999999999999995));
#2897=CARTESIAN_POINT('',(-0.263744604727007,-0.159811611131181,-0.00999999999999995));
#2898=CARTESIAN_POINT('',(-0.357499999999998,-0.149999999998869,-0.00999999999999995));
#2899=CARTESIAN_POINT('',(-0.263744604727007,-0.159811611131181,-0.11));
#2900=CARTESIAN_POINT('',(-0.357499999999998,-0.149999999998869,-0.11));
#2901=CARTESIAN_POINT('',(-0.263744604727007,-0.159811611131181,-0.00999999999999995));
#2902=CARTESIAN_POINT('Origin',(-0.274152881183006,-0.259268475053263,-0.00999999999999995));
#2903=CARTESIAN_POINT('',(-0.203442203063716,-0.188557796935243,-0.00999999999999995));
#2904=CARTESIAN_POINT('Origin',(-0.274152881183006,-0.259268475053263,-0.00999999999999995));
#2905=CARTESIAN_POINT('',(-0.203442203063716,-0.188557796935243,-0.11));
#2906=CARTESIAN_POINT('Origin',(-0.274152881183006,-0.259268475053263,-0.11));
#2907=CARTESIAN_POINT('',(-0.203442203063716,-0.188557796935243,-0.00999999999999995));
#2908=CARTESIAN_POINT('Origin',(-0.188557796935417,-0.203442203063809,-0.00999999999999995));
#2909=CARTESIAN_POINT('',(-0.188557796935417,-0.203442203063809,-0.00999999999999995));
#2910=CARTESIAN_POINT('',(-0.203442203063716,-0.188557796935243,-0.00999999999999995));
#2911=CARTESIAN_POINT('',(-0.188557796935417,-0.203442203063809,-0.11));
#2912=CARTESIAN_POINT('',(-0.203442203063716,-0.188557796935243,-0.11));
#2913=CARTESIAN_POINT('',(-0.188557796935417,-0.203442203063809,-0.00999999999999995));
#2914=CARTESIAN_POINT('Origin',(-0.259268475054707,-0.274152881181829,-0.00999999999999995));
#2915=CARTESIAN_POINT('',(-0.159811611132661,-0.263744604725484,-0.00999999999999995));
#2916=CARTESIAN_POINT('Origin',(-0.259268475054707,-0.274152881181829,-0.00999999999999995));
#2917=CARTESIAN_POINT('',(-0.159811611132661,-0.263744604725484,-0.11));
#2918=CARTESIAN_POINT('Origin',(-0.259268475054707,-0.274152881181829,-0.11));
#2919=CARTESIAN_POINT('',(-0.159811611132661,-0.263744604725484,-0.00999999999999995));
#2920=CARTESIAN_POINT('Origin',(-0.149999999999981,-0.357499999998837,-0.00999999999999995));
#2921=CARTESIAN_POINT('',(-0.149999999999981,-0.357499999998837,-0.00999999999999995));
#2922=CARTESIAN_POINT('',(-0.159811611132661,-0.263744604725484,-0.00999999999999995));
#2923=CARTESIAN_POINT('',(-0.149999999999981,-0.357499999998837,-0.11));
#2924=CARTESIAN_POINT('',(-0.159811611132661,-0.263744604725484,-0.11));
#2925=CARTESIAN_POINT('',(-0.149999999999981,-0.357499999998837,-0.00999999999999995));
#2926=CARTESIAN_POINT('Origin',(-0.0804125950271208,-0.66094083948618,-0.00999999999999995));
#2927=CARTESIAN_POINT('',(-0.0804125950271208,-0.66094083948618,-0.00999999999999995));
#2928=CARTESIAN_POINT('',(-0.149999999999981,-0.357499999998837,-0.00999999999999995));
#2929=CARTESIAN_POINT('',(-0.0804125950271208,-0.66094083948618,-0.11));
#2930=CARTESIAN_POINT('',(-0.149999999999981,-0.357499999998837,-0.11));
#2931=CARTESIAN_POINT('',(-0.0804125950271208,-0.66094083948618,-0.00999999999999995));
#2932=CARTESIAN_POINT('Origin',(3.53173308620916E-14,-0.642499999998801,
-0.00999999999999995));
#2933=CARTESIAN_POINT('',(0.0804125950271844,-0.660940839486192,-0.00999999999999995));
#2934=CARTESIAN_POINT('Origin',(3.53173308620916E-14,-0.642499999998801,
-0.00999999999999995));
#2935=CARTESIAN_POINT('',(0.0804125950271844,-0.660940839486192,-0.11));
#2936=CARTESIAN_POINT('Origin',(3.53173308620916E-14,-0.642499999998801,
-0.11));
#2937=CARTESIAN_POINT('',(0.0804125950271844,-0.660940839486192,-0.00999999999999995));
#2938=CARTESIAN_POINT('Origin',(0.150000000000107,-0.357499999998837,-0.00999999999999995));
#2939=CARTESIAN_POINT('',(0.150000000000107,-0.357499999998837,-0.00999999999999995));
#2940=CARTESIAN_POINT('',(0.0804125950271844,-0.660940839486192,-0.00999999999999995));
#2941=CARTESIAN_POINT('',(0.150000000000107,-0.357499999998837,-0.11));
#2942=CARTESIAN_POINT('',(0.0804125950271844,-0.660940839486192,-0.11));
#2943=CARTESIAN_POINT('',(0.150000000000107,-0.357499999998837,-0.00999999999999995));
#2944=CARTESIAN_POINT('Origin',(0.159811611132555,-0.263744604724525,-0.00999999999999995));
#2945=CARTESIAN_POINT('',(0.159811611132555,-0.263744604724525,-0.00999999999999995));
#2946=CARTESIAN_POINT('',(0.150000000000107,-0.357499999998837,-0.00999999999999995));
#2947=CARTESIAN_POINT('',(0.159811611132555,-0.263744604724525,-0.11));
#2948=CARTESIAN_POINT('',(0.150000000000107,-0.357499999998837,-0.11));
#2949=CARTESIAN_POINT('',(0.159811611132555,-0.263744604724525,-0.00999999999999995));
#2950=CARTESIAN_POINT('Origin',(0.259268475054637,-0.274152881180521,-0.00999999999999995));
#2951=CARTESIAN_POINT('',(0.188557796934923,-0.203442203062925,-0.00999999999999995));
#2952=CARTESIAN_POINT('Origin',(0.259268475054637,-0.274152881180521,-0.00999999999999995));
#2953=CARTESIAN_POINT('',(0.188557796934923,-0.203442203062925,-0.11));
#2954=CARTESIAN_POINT('Origin',(0.259268475054637,-0.274152881180521,-0.11));
#2955=CARTESIAN_POINT('',(0.188557796934923,-0.203442203062925,-0.00999999999999995));
#2956=CARTESIAN_POINT('Origin',(0.203442203061247,-0.188557796936156,-0.00999999999999995));
#2957=CARTESIAN_POINT('',(0.203442203061247,-0.188557796936156,-0.00999999999999995));
#2958=CARTESIAN_POINT('',(0.188557796934923,-0.203442203062925,-0.00999999999999995));
#2959=CARTESIAN_POINT('',(0.203442203061247,-0.188557796936156,-0.11));
#2960=CARTESIAN_POINT('',(0.188557796934923,-0.203442203062925,-0.11));
#2961=CARTESIAN_POINT('',(0.203442203061247,-0.188557796936156,-0.00999999999999995));
#2962=CARTESIAN_POINT('Origin',(0.27415288118096,-0.259268475053752,-0.00999999999999995));
#2963=CARTESIAN_POINT('',(0.263744604724632,-0.159811611131704,-0.00999999999999995));
#2964=CARTESIAN_POINT('Origin',(0.27415288118096,-0.259268475053752,-0.00999999999999995));
#2965=CARTESIAN_POINT('',(0.263744604724632,-0.159811611131704,-0.11));
#2966=CARTESIAN_POINT('Origin',(0.27415288118096,-0.259268475053752,-0.11));
#2967=CARTESIAN_POINT('',(0.263744604724632,-0.159811611131704,-0.00999999999999995));
#2968=CARTESIAN_POINT('Origin',(0.357500000000077,-0.149999999998822,-0.00999999999999995));
#2969=CARTESIAN_POINT('',(0.263744604724632,-0.159811611131704,-0.00999999999999995));
#2970=CARTESIAN_POINT('',(0.263744604724632,-0.159811611131704,-0.11));
#2971=CARTESIAN_POINT('Origin',(3.87266771581846E-14,1.19921570486676E-12,
-0.00999999999999995));
#2972=CARTESIAN_POINT('',(-0.2,-2.44929359829471E-17,-0.01));
#2973=CARTESIAN_POINT('Origin',(0.,0.,-0.00999999999999995));
#2974=CARTESIAN_POINT('Origin',(3.87266771581846E-14,1.19921570486676E-12,
-0.11));
#2975=CARTESIAN_POINT('',(-0.2,-2.44929359829702E-17,-0.11));
#2976=CARTESIAN_POINT('Origin',(0.,0.,-0.11));
#2977=CARTESIAN_POINT('Origin',(0.,0.,-0.218));
#2978=CARTESIAN_POINT('',(-0.1595,-1.95331164464003E-17,-0.218));
#2979=CARTESIAN_POINT('Origin',(0.,0.,-0.218));
#2980=CARTESIAN_POINT('',(0.1175,0.,-0.218));
#2981=CARTESIAN_POINT('Origin',(0.,0.,-0.218));
#2982=CARTESIAN_POINT('Origin',(0.,0.,-0.218));
#2983=CARTESIAN_POINT('',(-0.2,-2.44929359829471E-17,0.));
#2984=CARTESIAN_POINT('Origin',(0.,0.,0.));
#2985=CARTESIAN_POINT('',(-0.2,-2.44929359829471E-17,-0.218));
#2986=CARTESIAN_POINT('Origin',(0.,0.,0.025));
#2987=CARTESIAN_POINT('',(0.015,0.139194109070751,0.025));
#2988=CARTESIAN_POINT('',(0.0878184967073494,0.109031700142946,0.025));
#2989=CARTESIAN_POINT('Origin',(0.,0.,0.025));
#2990=CARTESIAN_POINT('',(-0.015,0.139194109070751,0.025));
#2991=CARTESIAN_POINT('Origin',(0.,0.,0.025));
#2992=CARTESIAN_POINT('',(-0.0878184967073495,0.109031700142946,0.025));
#2993=CARTESIAN_POINT('Origin',(0.,0.,0.025));
#2994=CARTESIAN_POINT('',(-0.109031700142946,0.0878184967073494,0.025));
#2995=CARTESIAN_POINT('Origin',(0.,0.,0.025));
#2996=CARTESIAN_POINT('',(-0.139194109070751,0.015,0.025));
#2997=CARTESIAN_POINT('Origin',(0.,0.,0.025));
#2998=CARTESIAN_POINT('',(-0.139999999999999,1.71450551880628E-17,0.0250000000000007));
#2999=CARTESIAN_POINT('Origin',(0.,0.,0.025));
#3000=CARTESIAN_POINT('',(-0.139194109070751,-0.0150000000000001,0.025));
#3001=CARTESIAN_POINT('Origin',(0.,0.,0.025));
#3002=CARTESIAN_POINT('',(-0.109031700142946,-0.0878184967073494,0.025));
#3003=CARTESIAN_POINT('Origin',(0.,0.,0.025));
#3004=CARTESIAN_POINT('',(-0.0878184967073494,-0.109031700142946,0.025));
#3005=CARTESIAN_POINT('Origin',(0.,0.,0.025));
#3006=CARTESIAN_POINT('',(-0.0149999999999999,-0.139194109070751,0.025));
#3007=CARTESIAN_POINT('Origin',(0.,0.,0.025));
#3008=CARTESIAN_POINT('',(0.0150000000000001,-0.139194109070751,0.025));
#3009=CARTESIAN_POINT('Origin',(0.,0.,0.025));
#3010=CARTESIAN_POINT('',(0.0878184967073495,-0.109031700142946,0.025));
#3011=CARTESIAN_POINT('Origin',(0.,0.,0.025));
#3012=CARTESIAN_POINT('',(0.109031700142946,-0.0878184967073494,0.025));
#3013=CARTESIAN_POINT('Origin',(0.,0.,0.025));
#3014=CARTESIAN_POINT('',(0.139194109070751,-0.0149999999999999,0.025));
#3015=CARTESIAN_POINT('Origin',(0.,0.,0.025));
#3016=CARTESIAN_POINT('',(0.139194109070751,0.0150000000000001,0.025));
#3017=CARTESIAN_POINT('Origin',(0.,0.,0.025));
#3018=CARTESIAN_POINT('',(0.109031700142946,0.0878184967073494,0.025));
#3019=CARTESIAN_POINT('Origin',(0.,0.,0.025));
#3020=CARTESIAN_POINT('Origin',(0.,0.,0.025));
#3021=CARTESIAN_POINT('',(-0.1175,-1.43895998899814E-17,0.025));
#3022=CARTESIAN_POINT('Origin',(0.,0.,0.025));
#3023=CARTESIAN_POINT('Origin',(0.,0.,0.025));
#3024=CARTESIAN_POINT('',(-0.185101193881786,0.,0.));
#3025=CARTESIAN_POINT('Origin',(0.,0.,0.));
#3026=CARTESIAN_POINT('',(-0.14,1.71450551880629E-17,0.025));
#3027=CARTESIAN_POINT('',(-0.184390889145858,0.0149999999999999,5.6092684625391E-5));
#3028=CARTESIAN_POINT('Ctrl Pts',(-0.139194109070749,0.015,0.0250000000000006));
#3029=CARTESIAN_POINT('Ctrl Pts',(-0.158663491256833,0.0149999999999999,
0.0142700682212663));
#3030=CARTESIAN_POINT('Ctrl Pts',(-0.184390889145495,0.0149999999999999,
5.60926848262257E-5));
#3031=CARTESIAN_POINT('',(-0.140990649821851,0.119777446386255,5.6092684625391E-5));
#3032=CARTESIAN_POINT('Origin',(0.,0.,5.60926846253952E-5));
#3033=CARTESIAN_POINT('Ctrl Pts',(-0.140990649821595,0.119777446385998,
5.60926848263804E-5));
#3034=CARTESIAN_POINT('Ctrl Pts',(-0.122798632312246,0.101585428876649,
0.0142700682212596));
#3035=CARTESIAN_POINT('Ctrl Pts',(-0.109031700142945,0.0878184967073485,
0.0250000000000006));
#3036=CARTESIAN_POINT('',(-0.119777446386255,0.140990649821851,5.60926846253952E-5));
#3037=CARTESIAN_POINT('Ctrl Pts',(-0.0878184967073486,0.109031700142945,
0.0250000000000007));
#3038=CARTESIAN_POINT('Ctrl Pts',(-0.101585428876631,0.122798632312227,
0.0142700682212738));
#3039=CARTESIAN_POINT('Ctrl Pts',(-0.119777446385998,0.140990649821594,
5.60926848260907E-5));
#3040=CARTESIAN_POINT('',(-0.015,0.184390889145858,5.6092684625391E-5));
#3041=CARTESIAN_POINT('Origin',(0.,0.,5.60926846253952E-5));
#3042=CARTESIAN_POINT('Ctrl Pts',(-0.015,0.184390889145495,5.60926848261798E-5));
#3043=CARTESIAN_POINT('Ctrl Pts',(-0.015,0.15866349125683,0.0142700682212677));
#3044=CARTESIAN_POINT('Ctrl Pts',(-0.015,0.139194109070749,0.0250000000000007));
#3045=CARTESIAN_POINT('',(0.015,0.184390889145858,5.6092684625391E-5));
#3046=CARTESIAN_POINT('Ctrl Pts',(0.015,0.139194109070749,0.0250000000000006));
#3047=CARTESIAN_POINT('Ctrl Pts',(0.015,0.158663491256813,0.0142700682212771));
#3048=CARTESIAN_POINT('Ctrl Pts',(0.015,0.184390889145495,5.60926848260159E-5));
#3049=CARTESIAN_POINT('',(0.119777446386255,0.140990649821851,5.6092684625391E-5));
#3050=CARTESIAN_POINT('Origin',(0.,0.,5.60926846253952E-5));
#3051=CARTESIAN_POINT('Ctrl Pts',(0.119777446385998,0.140990649821594,5.60926848262107E-5));
#3052=CARTESIAN_POINT('Ctrl Pts',(0.101585428876639,0.122798632312235,0.0142700682212675));
#3053=CARTESIAN_POINT('Ctrl Pts',(0.0878184967073486,0.109031700142945,
0.0250000000000006));
#3054=CARTESIAN_POINT('',(0.140990649821851,0.119777446386255,5.6092684625391E-5));
#3055=CARTESIAN_POINT('Ctrl Pts',(0.109031700142945,0.0878184967073486,
0.0250000000000007));
#3056=CARTESIAN_POINT('Ctrl Pts',(0.122798632312233,0.101585428876637,0.0142700682212692));
#3057=CARTESIAN_POINT('Ctrl Pts',(0.140990649821594,0.119777446385998,5.60926848262053E-5));
#3058=CARTESIAN_POINT('',(0.184390889145858,0.0150000000000001,5.6092684625391E-5));
#3059=CARTESIAN_POINT('Origin',(0.,0.,5.60926846253952E-5));
#3060=CARTESIAN_POINT('Ctrl Pts',(0.184390889145495,0.0150000000000001,
5.60926848261461E-5));
#3061=CARTESIAN_POINT('Ctrl Pts',(0.158663491256827,0.0150000000000001,
0.0142700682212692));
#3062=CARTESIAN_POINT('Ctrl Pts',(0.139194109070749,0.0150000000000001,
0.0250000000000007));
#3063=CARTESIAN_POINT('',(0.184390889145858,-0.0149999999999999,5.6092684625391E-5));
#3064=CARTESIAN_POINT('Ctrl Pts',(0.139194109070749,-0.0149999999999999,
0.0250000000000006));
#3065=CARTESIAN_POINT('Ctrl Pts',(0.158663491256822,-0.0149999999999999,
0.0142700682212723));
#3066=CARTESIAN_POINT('Ctrl Pts',(0.184390889145495,-0.0149999999999999,
5.60926848261202E-5));
#3067=CARTESIAN_POINT('',(0.140990649821851,-0.119777446386255,5.6092684625391E-5));
#3068=CARTESIAN_POINT('Origin',(0.,0.,5.60926846253952E-5));
#3069=CARTESIAN_POINT('Ctrl Pts',(0.140990649821594,-0.119777446385998,
5.60926848263921E-5));
#3070=CARTESIAN_POINT('Ctrl Pts',(0.122798632312245,-0.101585428876649,
0.0142700682212601));
#3071=CARTESIAN_POINT('Ctrl Pts',(0.109031700142945,-0.0878184967073486,
0.0250000000000006));
#3072=CARTESIAN_POINT('',(0.119777446386255,-0.140990649821851,5.6092684625391E-5));
#3073=CARTESIAN_POINT('Ctrl Pts',(0.0878184967073486,-0.109031700142945,
0.0250000000000007));
#3074=CARTESIAN_POINT('Ctrl Pts',(0.101585428876629,-0.122798632312225,
0.0142700682212756));
#3075=CARTESIAN_POINT('Ctrl Pts',(0.119777446385998,-0.140990649821594,
5.60926848260576E-5));
#3076=CARTESIAN_POINT('',(0.0150000000000001,-0.184390889145858,5.60926846253824E-5));
#3077=CARTESIAN_POINT('Origin',(0.,0.,5.60926846253952E-5));
#3078=CARTESIAN_POINT('Ctrl Pts',(0.0150000000000001,-0.184390889145495,
5.60926848262644E-5));
#3079=CARTESIAN_POINT('Ctrl Pts',(0.0150000000000001,-0.158663491256839,
0.0142700682212629));
#3080=CARTESIAN_POINT('Ctrl Pts',(0.0150000000000001,-0.139194109070749,
0.0250000000000006));
#3081=CARTESIAN_POINT('',(-0.0149999999999999,-0.184390889145858,5.6092684625391E-5));
#3082=CARTESIAN_POINT('Ctrl Pts',(-0.0149999999999999,-0.139194109070749,
0.0250000000000006));
#3083=CARTESIAN_POINT('Ctrl Pts',(-0.0149999999999999,-0.158663491256822,
0.0142700682212721));
#3084=CARTESIAN_POINT('Ctrl Pts',(-0.0149999999999999,-0.184390889145495,
5.60926848261197E-5));
#3085=CARTESIAN_POINT('',(-0.119777446386255,-0.140990649821851,5.6092684625391E-5));
#3086=CARTESIAN_POINT('Origin',(0.,0.,5.60926846253952E-5));
#3087=CARTESIAN_POINT('Ctrl Pts',(-0.119777446385998,-0.140990649821594,
5.60926848263106E-5));
#3088=CARTESIAN_POINT('Ctrl Pts',(-0.101585428876647,-0.122798632312244,
0.0142700682212612));
#3089=CARTESIAN_POINT('Ctrl Pts',(-0.0878184967073486,-0.109031700142945,
0.0250000000000006));
#3090=CARTESIAN_POINT('',(-0.140990649821851,-0.119777446386255,5.6092684625391E-5));
#3091=CARTESIAN_POINT('Ctrl Pts',(-0.109031700142945,-0.0878184967073486,
0.0250000000000007));
#3092=CARTESIAN_POINT('Ctrl Pts',(-0.122798632312218,-0.101585428876622,
0.0142700682212807));
#3093=CARTESIAN_POINT('Ctrl Pts',(-0.140990649821594,-0.119777446385998,
5.60926848259655E-5));
#3094=CARTESIAN_POINT('',(-0.184390889145858,-0.0150000000000001,5.6092684625391E-5));
#3095=CARTESIAN_POINT('Origin',(0.,0.,5.60926846253952E-5));
#3096=CARTESIAN_POINT('Ctrl Pts',(-0.184390889145495,-0.0150000000000001,
5.60926848261316E-5));
#3097=CARTESIAN_POINT('Ctrl Pts',(-0.158663491256823,-0.0150000000000001,
0.0142700682212717));
#3098=CARTESIAN_POINT('Ctrl Pts',(-0.139194109070749,-0.0150000000000001,
0.0250000000000006));
#3099=CARTESIAN_POINT('Origin',(0.,0.,-0.8));
#3100=CARTESIAN_POINT('',(-0.0575,-7.04171909509728E-18,-0.053));
#3101=CARTESIAN_POINT('Origin',(0.,0.,-0.0529999999999999));
#3102=CARTESIAN_POINT('',(-0.0575,-7.04171909509728E-18,-0.025));
#3103=CARTESIAN_POINT('',(-0.0575,-7.04171909509728E-18,-0.8));
#3104=CARTESIAN_POINT('Origin',(0.,0.,-0.025));
#3105=CARTESIAN_POINT('Origin',(0.248663996924429,0.248663996924429,0.));
#3106=CARTESIAN_POINT('Origin',(0.,0.,-0.025));
#3107=CARTESIAN_POINT('',(0.015,0.184390889145858,-0.025));
#3108=CARTESIAN_POINT('',(0.015,0.184390889145858,-0.025));
#3109=CARTESIAN_POINT('',(0.119777446386255,0.140990649821851,-0.025));
#3110=CARTESIAN_POINT('Origin',(0.,0.,-0.025));
#3111=CARTESIAN_POINT('',(0.119777446386255,0.140990649821851,-0.025));
#3112=CARTESIAN_POINT('Origin',(0.119777446386255,0.140990649821851,-0.025));
#3113=CARTESIAN_POINT('',(0.0878184967073494,0.109031700142946,-0.025));
#3114=CARTESIAN_POINT('',(0.119777446386255,0.140990649821851,-0.025));
#3115=CARTESIAN_POINT('',(0.0878184967073494,0.109031700142946,-0.025));
#3116=CARTESIAN_POINT('Origin',(0.,0.,-0.025));
#3117=CARTESIAN_POINT('',(0.0149999999999999,0.139194109070751,-0.025));
#3118=CARTESIAN_POINT('Origin',(0.,0.,-0.025));
#3119=CARTESIAN_POINT('',(0.0149999999999999,0.139194109070751,-0.025));
#3120=CARTESIAN_POINT('Origin',(0.015,0.184390889145858,-0.025));
#3121=CARTESIAN_POINT('',(0.015,0.139194109070751,-0.025));
#3122=CARTESIAN_POINT('Origin',(0.,0.,-0.025));
#3123=CARTESIAN_POINT('Origin',(0.,0.,-0.025));
#3124=CARTESIAN_POINT('',(0.140990649821851,0.119777446386255,-0.025));
#3125=CARTESIAN_POINT('',(0.140990649821851,0.119777446386255,-0.025));
#3126=CARTESIAN_POINT('',(0.184390889145858,0.0150000000000001,-0.025));
#3127=CARTESIAN_POINT('Origin',(0.,0.,-0.025));
#3128=CARTESIAN_POINT('',(0.184390889145858,0.0150000000000001,-0.025));
#3129=CARTESIAN_POINT('Origin',(0.184390889145858,0.0150000000000001,-0.025));
#3130=CARTESIAN_POINT('',(0.139194109070751,0.0150000000000001,-0.025));
#3131=CARTESIAN_POINT('',(0.184390889145858,0.0150000000000001,-0.025));
#3132=CARTESIAN_POINT('',(0.139194109070751,0.0150000000000001,-0.025));
#3133=CARTESIAN_POINT('Origin',(0.,0.,-0.025));
#3134=CARTESIAN_POINT('',(0.109031700142946,0.0878184967073495,-0.025));
#3135=CARTESIAN_POINT('Origin',(0.,0.,-0.025));
#3136=CARTESIAN_POINT('',(0.109031700142946,0.0878184967073495,-0.025));
#3137=CARTESIAN_POINT('Origin',(0.140990649821851,0.119777446386255,-0.025));
#3138=CARTESIAN_POINT('',(0.109031700142946,0.0878184967073495,-0.025));
#3139=CARTESIAN_POINT('Origin',(0.,0.,-0.025));
#3140=CARTESIAN_POINT('Origin',(0.,0.,-0.025));
#3141=CARTESIAN_POINT('',(0.184390889145858,-0.0149999999999999,-0.025));
#3142=CARTESIAN_POINT('',(0.184390889145858,-0.0149999999999999,-0.025));
#3143=CARTESIAN_POINT('',(0.140990649821851,-0.119777446386255,-0.025));
#3144=CARTESIAN_POINT('Origin',(0.,0.,-0.025));
#3145=CARTESIAN_POINT('',(0.140990649821851,-0.119777446386255,-0.025));
#3146=CARTESIAN_POINT('Origin',(0.140990649821851,-0.119777446386255,-0.025));
#3147=CARTESIAN_POINT('',(0.109031700142946,-0.0878184967073494,-0.025));
#3148=CARTESIAN_POINT('',(0.140990649821851,-0.119777446386255,-0.025));
#3149=CARTESIAN_POINT('',(0.109031700142946,-0.0878184967073494,-0.025));
#3150=CARTESIAN_POINT('Origin',(0.,0.,-0.025));
#3151=CARTESIAN_POINT('',(0.139194109070751,-0.015,-0.025));
#3152=CARTESIAN_POINT('Origin',(0.,0.,-0.025));
#3153=CARTESIAN_POINT('',(0.139194109070751,-0.015,-0.025));
#3154=CARTESIAN_POINT('Origin',(0.184390889145858,-0.0149999999999999,-0.025));
#3155=CARTESIAN_POINT('',(0.139194109070751,-0.0149999999999999,-0.025));
#3156=CARTESIAN_POINT('Origin',(0.,0.,-0.025));
#3157=CARTESIAN_POINT('Origin',(0.,0.,-0.025));
#3158=CARTESIAN_POINT('',(0.119777446386255,-0.140990649821851,-0.025));
#3159=CARTESIAN_POINT('',(0.119777446386255,-0.140990649821851,-0.025));
#3160=CARTESIAN_POINT('',(0.0150000000000001,-0.184390889145858,-0.025));
#3161=CARTESIAN_POINT('Origin',(0.,0.,-0.025));
#3162=CARTESIAN_POINT('',(0.0150000000000001,-0.184390889145858,-0.025));
#3163=CARTESIAN_POINT('Origin',(0.0150000000000001,-0.184390889145858,-0.025));
#3164=CARTESIAN_POINT('',(0.0150000000000001,-0.139194109070751,-0.025));
#3165=CARTESIAN_POINT('',(0.0150000000000001,-0.184390889145858,-0.025));
#3166=CARTESIAN_POINT('',(0.0150000000000001,-0.139194109070751,-0.025));
#3167=CARTESIAN_POINT('Origin',(0.,0.,-0.025));
#3168=CARTESIAN_POINT('',(0.0878184967073495,-0.109031700142946,-0.025));
#3169=CARTESIAN_POINT('Origin',(0.,0.,-0.025));
#3170=CARTESIAN_POINT('',(0.0878184967073495,-0.109031700142946,-0.025));
#3171=CARTESIAN_POINT('Origin',(0.119777446386255,-0.140990649821851,-0.025));
#3172=CARTESIAN_POINT('',(0.0878184967073495,-0.109031700142946,-0.025));
#3173=CARTESIAN_POINT('Origin',(0.,0.,-0.025));
#3174=CARTESIAN_POINT('Origin',(0.,0.,-0.025));
#3175=CARTESIAN_POINT('',(-0.0149999999999999,-0.184390889145858,-0.025));
#3176=CARTESIAN_POINT('',(-0.0149999999999999,-0.184390889145858,-0.025));
#3177=CARTESIAN_POINT('',(-0.119777446386255,-0.140990649821851,-0.025));
#3178=CARTESIAN_POINT('Origin',(0.,0.,-0.025));
#3179=CARTESIAN_POINT('',(-0.119777446386255,-0.140990649821851,-0.025));
#3180=CARTESIAN_POINT('Origin',(-0.119777446386255,-0.140990649821851,-0.025));
#3181=CARTESIAN_POINT('',(-0.0878184967073494,-0.109031700142946,-0.025));
#3182=CARTESIAN_POINT('',(-0.119777446386255,-0.140990649821851,-0.025));
#3183=CARTESIAN_POINT('',(-0.0878184967073494,-0.109031700142946,-0.025));
#3184=CARTESIAN_POINT('Origin',(0.,0.,-0.025));
#3185=CARTESIAN_POINT('',(-0.015,-0.139194109070751,-0.025));
#3186=CARTESIAN_POINT('Origin',(0.,0.,-0.025));
#3187=CARTESIAN_POINT('',(-0.015,-0.139194109070751,-0.025));
#3188=CARTESIAN_POINT('Origin',(-0.0149999999999999,-0.184390889145858,
-0.025));
#3189=CARTESIAN_POINT('',(-0.0149999999999999,-0.139194109070751,-0.025));
#3190=CARTESIAN_POINT('Origin',(0.,0.,-0.025));
#3191=CARTESIAN_POINT('Origin',(0.,0.,-0.025));
#3192=CARTESIAN_POINT('',(-0.140990649821851,-0.119777446386255,-0.025));
#3193=CARTESIAN_POINT('',(-0.140990649821851,-0.119777446386255,-0.025));
#3194=CARTESIAN_POINT('',(-0.184390889145858,-0.0150000000000001,-0.025));
#3195=CARTESIAN_POINT('Origin',(0.,0.,-0.025));
#3196=CARTESIAN_POINT('',(-0.184390889145858,-0.0150000000000001,-0.025));
#3197=CARTESIAN_POINT('Origin',(-0.184390889145858,-0.0150000000000001,
-0.025));
#3198=CARTESIAN_POINT('',(-0.139194109070751,-0.0150000000000001,-0.025));
#3199=CARTESIAN_POINT('',(-0.184390889145858,-0.0150000000000001,-0.025));
#3200=CARTESIAN_POINT('',(-0.139194109070751,-0.0150000000000001,-0.025));
#3201=CARTESIAN_POINT('Origin',(0.,0.,-0.025));
#3202=CARTESIAN_POINT('',(-0.109031700142946,-0.0878184967073494,-0.025));
#3203=CARTESIAN_POINT('Origin',(0.,0.,-0.025));
#3204=CARTESIAN_POINT('',(-0.109031700142946,-0.0878184967073494,-0.025));
#3205=CARTESIAN_POINT('Origin',(-0.140990649821851,-0.119777446386255,-0.025));
#3206=CARTESIAN_POINT('',(-0.109031700142946,-0.0878184967073494,-0.025));
#3207=CARTESIAN_POINT('Origin',(0.,0.,-0.025));
#3208=CARTESIAN_POINT('Origin',(0.,0.,-0.025));
#3209=CARTESIAN_POINT('',(-0.184390889145858,0.0149999999999999,-0.025));
#3210=CARTESIAN_POINT('',(-0.184390889145858,0.0149999999999999,-0.025));
#3211=CARTESIAN_POINT('',(-0.140990649821851,0.119777446386255,-0.025));
#3212=CARTESIAN_POINT('Origin',(0.,0.,-0.025));
#3213=CARTESIAN_POINT('',(-0.140990649821851,0.119777446386255,-0.025));
#3214=CARTESIAN_POINT('Origin',(-0.140990649821851,0.119777446386255,-0.025));
#3215=CARTESIAN_POINT('',(-0.109031700142946,0.0878184967073494,-0.025));
#3216=CARTESIAN_POINT('',(-0.140990649821851,0.119777446386255,-0.025));
#3217=CARTESIAN_POINT('',(-0.109031700142946,0.0878184967073494,-0.025));
#3218=CARTESIAN_POINT('Origin',(0.,0.,-0.025));
#3219=CARTESIAN_POINT('',(-0.139194109070751,0.0149999999999998,-0.025));
#3220=CARTESIAN_POINT('Origin',(0.,0.,-0.025));
#3221=CARTESIAN_POINT('',(-0.139194109070751,0.0149999999999998,-0.025));
#3222=CARTESIAN_POINT('Origin',(-0.184390889145858,0.0149999999999999,-0.025));
#3223=CARTESIAN_POINT('',(-0.139194109070751,0.015,-0.025));
#3224=CARTESIAN_POINT('Origin',(0.,0.,-0.025));
#3225=CARTESIAN_POINT('Origin',(-0.119777446386255,0.140990649821851,-0.025));
#3226=CARTESIAN_POINT('',(-0.0878184967073495,0.109031700142946,-0.025));
#3227=CARTESIAN_POINT('',(-0.0878184967073495,0.109031700142946,-0.025));
#3228=CARTESIAN_POINT('',(-0.119777446386255,0.140990649821851,-0.025));
#3229=CARTESIAN_POINT('',(-0.0878184967073495,0.109031700142946,-0.025));
#3230=CARTESIAN_POINT('',(-0.119777446386255,0.140990649821851,-0.025));
#3231=CARTESIAN_POINT('Origin',(0.,0.,-0.025));
#3232=CARTESIAN_POINT('',(-0.015,0.184390889145858,-0.025));
#3233=CARTESIAN_POINT('Origin',(0.,0.,-0.025));
#3234=CARTESIAN_POINT('',(-0.015,0.184390889145858,-0.025));
#3235=CARTESIAN_POINT('Origin',(-0.015,0.184390889145858,-0.025));
#3236=CARTESIAN_POINT('',(-0.015,0.139194109070751,-0.025));
#3237=CARTESIAN_POINT('',(-0.015,0.184390889145858,-0.025));
#3238=CARTESIAN_POINT('',(-0.015,0.139194109070751,-0.025));
#3239=CARTESIAN_POINT('Origin',(0.,0.,-0.025));
#3240=CARTESIAN_POINT('Origin',(0.,0.,-0.025));
#3241=CARTESIAN_POINT('Origin',(0.,0.,-0.025));
#3242=CARTESIAN_POINT('Origin',(0.,0.,-0.025));
#3243=CARTESIAN_POINT('',(-0.1175,-1.43895998899814E-17,-0.025));
#3244=CARTESIAN_POINT('Origin',(0.,0.,-0.025));
#3245=CARTESIAN_POINT('',(-0.1175,-1.43895998899814E-17,-0.025));
#3246=CARTESIAN_POINT('Origin',(0.,0.,-0.025));
#3247=CARTESIAN_POINT('Origin',(0.,0.,-0.173000000000001));
#3248=CARTESIAN_POINT('',(-0.1595,-1.95331164464003E-17,-0.173000000000001));
#3249=CARTESIAN_POINT('Origin',(-0.228750000000002,-2.80137955304959E-17,
-0.173000000000001));
#3250=CARTESIAN_POINT('Origin',(0.,0.,-0.173000000000001));
#3251=CARTESIAN_POINT('Origin',(0.,0.,-0.21414));
#3252=CARTESIAN_POINT('',(-0.1595,-1.95331164464003E-17,-0.21414));
#3253=CARTESIAN_POINT('Origin',(0.,0.,-0.0529999999999999));
#3254=CARTESIAN_POINT('',(0.1175,0.,-0.0529999999999999));
#3255=CARTESIAN_POINT('Origin',(0.,0.,-0.0529999999999999));
#3256=CARTESIAN_POINT('',(0.1175,-1.43895998899814E-17,-0.0529999999999999));
#3257=CARTESIAN_POINT('Origin',(0.,0.,-0.0529999999999999));
#3258=UNCERTAINTY_MEASURE_WITH_UNIT(LENGTH_MEASURE(0.000393700787401575),
#3263,'DISTANCE_ACCURACY_VALUE',
'Maximum model space distance between geometric entities at asserted c
onnectivities');
#3259=UNCERTAINTY_MEASURE_WITH_UNIT(LENGTH_MEASURE(0.000393700787401575),
#3263,'DISTANCE_ACCURACY_VALUE',
'Maximum model space distance between geometric entities at asserted c
onnectivities');
#3260=(
GEOMETRIC_REPRESENTATION_CONTEXT(3)
GLOBAL_UNCERTAINTY_ASSIGNED_CONTEXT((#3258))
GLOBAL_UNIT_ASSIGNED_CONTEXT((#3263,#3267,#3268))
REPRESENTATION_CONTEXT('','3D')
);
#3261=(
GEOMETRIC_REPRESENTATION_CONTEXT(3)
GLOBAL_UNCERTAINTY_ASSIGNED_CONTEXT((#3259))
GLOBAL_UNIT_ASSIGNED_CONTEXT((#3263,#3267,#3268))
REPRESENTATION_CONTEXT('','3D')
);
#3262=DIMENSIONAL_EXPONENTS(1.,0.,0.,0.,0.,0.,0.);
#3263=(
CONVERSION_BASED_UNIT('inch',#3266)
LENGTH_UNIT()
NAMED_UNIT(#3262)
);
#3264=(
LENGTH_UNIT()
NAMED_UNIT(*)
SI_UNIT(.MILLI.,.METRE.)
);
#3265=(
LENGTH_UNIT()
NAMED_UNIT(*)
SI_UNIT($,.METRE.)
);
#3266=LENGTH_MEASURE_WITH_UNIT(LENGTH_MEASURE(25.4),#3264);
#3267=(
NAMED_UNIT(*)
PLANE_ANGLE_UNIT()
SI_UNIT($,.RADIAN.)
);
#3268=(
NAMED_UNIT(*)
SI_UNIT($,.STERADIAN.)
SOLID_ANGLE_UNIT()
);
#3269=SHAPE_DEFINITION_REPRESENTATION(#3270,#3271);
#3270=PRODUCT_DEFINITION_SHAPE('',$,#3273);
#3271=SHAPE_REPRESENTATION('',(#1901),#3260);
#3272=PRODUCT_DEFINITION_CONTEXT('part definition',#3277,'design');
#3273=PRODUCT_DEFINITION('MG996-Servo-Horn','MG996-Servo-Horn v1',#3274,
#3272);
#3274=PRODUCT_DEFINITION_FORMATION('',$,#3279);
#3275=PRODUCT_RELATED_PRODUCT_CATEGORY('MG996-Servo-Horn v1',
'MG996-Servo-Horn v1',(#3279));
#3276=APPLICATION_PROTOCOL_DEFINITION('international standard',
'automotive_design',2009,#3277);
#3277=APPLICATION_CONTEXT(
'Core Data for Automotive Mechanical Design Process');
#3278=PRODUCT_CONTEXT('part definition',#3277,'mechanical');
#3279=PRODUCT('MG996-Servo-Horn','MG996-Servo-Horn v1',$,(#3278));
#3280=PRESENTATION_STYLE_ASSIGNMENT((#3283));
#3281=PRESENTATION_STYLE_ASSIGNMENT((#3284));
#3282=PRESENTATION_STYLE_ASSIGNMENT((#3285));
#3283=SURFACE_STYLE_USAGE(.BOTH.,#3286);
#3284=SURFACE_STYLE_USAGE(.BOTH.,#3287);
#3285=SURFACE_STYLE_USAGE(.BOTH.,#3288);
#3286=SURFACE_SIDE_STYLE('',(#3289));
#3287=SURFACE_SIDE_STYLE('',(#3290));
#3288=SURFACE_SIDE_STYLE('',(#3291));
#3289=SURFACE_STYLE_FILL_AREA(#3292);
#3290=SURFACE_STYLE_FILL_AREA(#3293);
#3291=SURFACE_STYLE_FILL_AREA(#3294);
#3292=FILL_AREA_STYLE('Steel - Satin',(#3295));
#3293=FILL_AREA_STYLE('Opaque(255,255,0)',(#3296));
#3294=FILL_AREA_STYLE('Opaque(31,31,31)',(#3297));
#3295=FILL_AREA_STYLE_COLOUR('Steel - Satin',#3298);
#3296=FILL_AREA_STYLE_COLOUR('Opaque(255,255,0)',#3299);
#3297=FILL_AREA_STYLE_COLOUR('Opaque(31,31,31)',#3300);
#3298=COLOUR_RGB('Steel - Satin',0.627450980392157,0.627450980392157,0.627450980392157);
#3299=COLOUR_RGB('Opaque(255,255,0)',1.,1.,0.);
#3300=COLOUR_RGB('Opaque(31,31,31)',0.12156862745098,0.12156862745098,0.12156862745098);
ENDSEC;
END-ISO-10303-21;
