solid ASCII
  facet normal 0.000000e+00 -1.000000e+00 0.000000e+00
    outer loop
      vertex   4.473920e+01 -1.542911e+01 1.607789e+01
      vertex   4.473920e+01 -1.542911e+01 5.400106e+00
      vertex   4.664420e+01 -1.542911e+01 1.607789e+01
    endloop
  endfacet
  facet normal 0.000000e+00 -1.000000e+00 -0.000000e+00
    outer loop
      vertex   4.664420e+01 -1.542911e+01 1.607789e+01
      vertex   4.473920e+01 -1.542911e+01 5.400106e+00
      vertex   4.664420e+01 -1.542911e+01 5.400106e+00
    endloop
  endfacet
  facet normal 0.000000e+00 0.000000e+00 -1.000000e+00
    outer loop
      vertex   4.473920e+01 -1.848689e+01 1.607789e+01
      vertex   4.473920e+01 -1.542911e+01 1.607789e+01
      vertex   4.664420e+01 -1.848689e+01 1.607789e+01
    endloop
  endfacet
  facet normal 0.000000e+00 0.000000e+00 -1.000000e+00
    outer loop
      vertex   4.664420e+01 -1.848689e+01 1.607789e+01
      vertex   4.473920e+01 -1.542911e+01 1.607789e+01
      vertex   4.664420e+01 -1.542911e+01 1.607789e+01
    endloop
  endfacet
  facet normal 0.000000e+00 1.000000e+00 0.000000e+00
    outer loop
      vertex   4.473920e+01 -1.848689e+01 5.400106e+00
      vertex   4.473920e+01 -1.848689e+01 1.607789e+01
      vertex   4.664420e+01 -1.848689e+01 5.400106e+00
    endloop
  endfacet
  facet normal 0.000000e+00 1.000000e+00 -0.000000e+00
    outer loop
      vertex   4.664420e+01 -1.848689e+01 5.400106e+00
      vertex   4.473920e+01 -1.848689e+01 1.607789e+01
      vertex   4.664420e+01 -1.848689e+01 1.607789e+01
    endloop
  endfacet
  facet normal -0.000000e+00 2.904643e-16 1.000000e+00
    outer loop
      vertex   4.473920e+01 -1.542911e+01 5.400106e+00
      vertex   4.473920e+01 -1.848689e+01 5.400106e+00
      vertex   4.664420e+01 -1.542911e+01 5.400106e+00
    endloop
  endfacet
  facet normal 0.000000e+00 2.904643e-16 1.000000e+00
    outer loop
      vertex   4.664420e+01 -1.542911e+01 5.400106e+00
      vertex   4.473920e+01 -1.848689e+01 5.400106e+00
      vertex   4.664420e+01 -1.848689e+01 5.400106e+00
    endloop
  endfacet
  facet normal 0.000000e+00 -1.000000e+00 8.195544e-17
    outer loop
      vertex   4.473920e+01 -1.718000e+00 1.391400e+01
      vertex   4.473920e+01 -1.718000e+00 5.786000e+00
      vertex   4.664420e+01 -1.718000e+00 1.391400e+01
    endloop
  endfacet
  facet normal 0.000000e+00 -1.000000e+00 8.195544e-17
    outer loop
      vertex   4.664420e+01 -1.718000e+00 1.391400e+01
      vertex   4.473920e+01 -1.718000e+00 5.786000e+00
      vertex   4.664420e+01 -1.718000e+00 5.786000e+00
    endloop
  endfacet
  facet normal 0.000000e+00 0.000000e+00 -1.000000e+00
    outer loop
      vertex   4.473920e+01 -4.766000e+00 1.391400e+01
      vertex   4.473920e+01 -1.718000e+00 1.391400e+01
      vertex   4.664420e+01 -4.766000e+00 1.391400e+01
    endloop
  endfacet
  facet normal 0.000000e+00 0.000000e+00 -1.000000e+00
    outer loop
      vertex   4.664420e+01 -4.766000e+00 1.391400e+01
      vertex   4.473920e+01 -1.718000e+00 1.391400e+01
      vertex   4.664420e+01 -1.718000e+00 1.391400e+01
    endloop
  endfacet
  facet normal 0.000000e+00 1.000000e+00 -1.092739e-16
    outer loop
      vertex   4.473920e+01 -4.766000e+00 5.786000e+00
      vertex   4.473920e+01 -4.766000e+00 1.391400e+01
      vertex   4.664420e+01 -4.766000e+00 5.786000e+00
    endloop
  endfacet
  facet normal 0.000000e+00 1.000000e+00 -1.092739e-16
    outer loop
      vertex   4.664420e+01 -4.766000e+00 5.786000e+00
      vertex   4.473920e+01 -4.766000e+00 1.391400e+01
      vertex   4.664420e+01 -4.766000e+00 1.391400e+01
    endloop
  endfacet
  facet normal -0.000000e+00 0.000000e+00 1.000000e+00
    outer loop
      vertex   4.473920e+01 -1.718000e+00 5.786000e+00
      vertex   4.473920e+01 -4.766000e+00 5.786000e+00
      vertex   4.664420e+01 -1.718000e+00 5.786000e+00
    endloop
  endfacet
  facet normal 0.000000e+00 0.000000e+00 1.000000e+00
    outer loop
      vertex   4.664420e+01 -1.718000e+00 5.786000e+00
      vertex   4.473920e+01 -4.766000e+00 5.786000e+00
      vertex   4.664420e+01 -4.766000e+00 5.786000e+00
    endloop
  endfacet
  facet normal 0.000000e+00 -0.000000e+00 1.000000e+00
    outer loop
      vertex   4.550000e+00 2.020400e+01 2.224000e+01
      vertex   1.090000e+01 2.020400e+01 2.224000e+01
      vertex   4.550000e+00 2.800000e+01 2.224000e+01
    endloop
  endfacet
  facet normal -0.000000e+00 0.000000e+00 1.000000e+00
    outer loop
      vertex   4.550000e+00 2.800000e+01 2.224000e+01
      vertex   1.090000e+01 2.020400e+01 2.224000e+01
      vertex   1.090000e+01 2.800000e+01 2.224000e+01
    endloop
  endfacet
  facet normal -0.000000e+00 0.000000e+00 1.000000e+00
    outer loop
      vertex   4.156420e+01 -2.165700e+01 2.224000e+01
      vertex   4.156420e+01 -2.438750e+01 2.224000e+01
      vertex   4.473920e+01 -2.165700e+01 2.224000e+01
    endloop
  endfacet
  facet normal 0.000000e+00 0.000000e+00 1.000000e+00
    outer loop
      vertex   4.473920e+01 -2.165700e+01 2.224000e+01
      vertex   4.156420e+01 -2.438750e+01 2.224000e+01
      vertex   4.664420e+01 -2.438750e+01 2.224000e+01
    endloop
  endfacet
  facet normal -0.000000e+00 0.000000e+00 1.000000e+00
    outer loop
      vertex   4.473920e+01 -2.165700e+01 2.224000e+01
      vertex   4.664420e+01 -2.438750e+01 2.224000e+01
      vertex   4.473920e+01 1.457000e+00 2.224000e+01
    endloop
  endfacet
  facet normal -0.000000e+00 0.000000e+00 1.000000e+00
    outer loop
      vertex   4.473920e+01 1.457000e+00 2.224000e+01
      vertex   4.664420e+01 -2.438750e+01 2.224000e+01
      vertex   4.664420e+01 4.187500e+00 2.224000e+01
    endloop
  endfacet
  facet normal 0.000000e+00 -0.000000e+00 1.000000e+00
    outer loop
      vertex   4.473920e+01 1.457000e+00 2.224000e+01
      vertex   4.664420e+01 4.187500e+00 2.224000e+01
      vertex   4.156420e+01 4.187500e+00 2.224000e+01
    endloop
  endfacet
  facet normal 0.000000e+00 0.000000e+00 1.000000e+00
    outer loop
      vertex   4.156420e+01 4.187500e+00 2.224000e+01
      vertex   4.156420e+01 1.457000e+00 2.224000e+01
      vertex   4.473920e+01 1.457000e+00 2.224000e+01
    endloop
  endfacet
  facet normal 5.594825e-16 3.549938e-32 1.000000e+00
    outer loop
      vertex   1.090000e+01 -2.020400e+01 2.224000e+01
      vertex   4.550000e+00 -2.020400e+01 2.224000e+01
      vertex   1.090000e+01 -4.820000e+01 2.224000e+01
    endloop
  endfacet
  facet normal 0.000000e+00 -1.269008e-16 1.000000e+00
    outer loop
      vertex   1.090000e+01 -4.820000e+01 2.224000e+01
      vertex   4.550000e+00 -2.020400e+01 2.224000e+01
      vertex   4.550000e+00 -4.820000e+01 2.224000e+01
    endloop
  endfacet
  facet normal 0.000000e+00 1.000000e+00 -0.000000e+00
    outer loop
      vertex   4.473920e+01 -2.165700e+01 -1.712200e+00
      vertex   4.156420e+01 -2.165700e+01 -1.712200e+00
      vertex   4.473920e+01 -2.165700e+01 2.224000e+01
    endloop
  endfacet
  facet normal 0.000000e+00 1.000000e+00 0.000000e+00
    outer loop
      vertex   4.473920e+01 -2.165700e+01 2.224000e+01
      vertex   4.156420e+01 -2.165700e+01 -1.712200e+00
      vertex   4.156420e+01 -2.165700e+01 2.224000e+01
    endloop
  endfacet
  facet normal -1.000000e+00 -0.000000e+00 0.000000e+00
    outer loop
      vertex   4.473920e+01 -1.848689e+01 5.400106e+00
      vertex   4.473920e+01 -1.960282e+01 2.769750e+00
      vertex   4.473920e+01 -1.848689e+01 1.607789e+01
    endloop
  endfacet
  facet normal -1.000000e+00 -0.000000e+00 0.000000e+00
    outer loop
      vertex   4.473920e+01 -1.848689e+01 1.607789e+01
      vertex   4.473920e+01 -1.960282e+01 2.769750e+00
      vertex   4.473920e+01 -2.165700e+01 2.224000e+01
    endloop
  endfacet
  facet normal -1.000000e+00 0.000000e+00 0.000000e+00
    outer loop
      vertex   4.473920e+01 -1.848689e+01 1.607789e+01
      vertex   4.473920e+01 -2.165700e+01 2.224000e+01
      vertex   4.473920e+01 -1.542911e+01 1.607789e+01
    endloop
  endfacet
  facet normal -1.000000e+00 0.000000e+00 0.000000e+00
    outer loop
      vertex   4.473920e+01 -1.542911e+01 1.607789e+01
      vertex   4.473920e+01 -2.165700e+01 2.224000e+01
      vertex   4.473920e+01 -3.094532e+00 1.884653e+01
    endloop
  endfacet
  facet normal -1.000000e+00 0.000000e+00 0.000000e+00
    outer loop
      vertex   4.473920e+01 -1.542911e+01 1.607789e+01
      vertex   4.473920e+01 -3.094532e+00 1.884653e+01
      vertex   4.473920e+01 -3.346815e+00 1.851775e+01
    endloop
  endfacet
  facet normal -1.000000e+00 -0.000000e+00 0.000000e+00
    outer loop
      vertex   4.473920e+01 -1.542911e+01 5.400106e+00
      vertex   4.473920e+01 -1.743425e+01 3.350815e+00
      vertex   4.473920e+01 -1.848689e+01 5.400106e+00
    endloop
  endfacet
  facet normal -1.000000e+00 0.000000e+00 0.000000e+00
    outer loop
      vertex   4.473920e+01 -1.848689e+01 5.400106e+00
      vertex   4.473920e+01 -1.743425e+01 3.350815e+00
      vertex   4.473920e+01 -1.781712e+01 3.509407e+00
    endloop
  endfacet
  facet normal -1.000000e+00 0.000000e+00 0.000000e+00
    outer loop
      vertex   4.473920e+01 -1.848689e+01 5.400106e+00
      vertex   4.473920e+01 -1.781712e+01 3.509407e+00
      vertex   4.473920e+01 -1.822800e+01 3.563500e+00
    endloop
  endfacet
  facet normal -1.000000e+00 0.000000e+00 0.000000e+00
    outer loop
      vertex   4.473920e+01 -1.542911e+01 1.607789e+01
      vertex   4.473920e+01 -1.308450e+01 9.850000e+00
      vertex   4.473920e+01 -1.542911e+01 5.400106e+00
    endloop
  endfacet
  facet normal -1.000000e+00 0.000000e+00 0.000000e+00
    outer loop
      vertex   4.473920e+01 -1.542911e+01 5.400106e+00
      vertex   4.473920e+01 -1.308450e+01 9.850000e+00
      vertex   4.473920e+01 -1.300405e+01 9.161727e+00
    endloop
  endfacet
  facet normal -1.000000e+00 0.000000e+00 0.000000e+00
    outer loop
      vertex   4.473920e+01 -1.542911e+01 5.400106e+00
      vertex   4.473920e+01 -1.300405e+01 9.161727e+00
      vertex   4.473920e+01 -1.276705e+01 8.510559e+00
    endloop
  endfacet
  facet normal -1.000000e+00 0.000000e+00 0.000000e+00
    outer loop
      vertex   4.473920e+01 -4.766000e+00 5.786000e+00
      vertex   4.473920e+01 -7.135680e+00 9.503521e+00
      vertex   4.473920e+01 -4.766000e+00 1.391400e+01
    endloop
  endfacet
  facet normal -1.000000e+00 0.000000e+00 0.000000e+00
    outer loop
      vertex   4.473920e+01 -4.766000e+00 1.391400e+01
      vertex   4.473920e+01 -7.135680e+00 9.503521e+00
      vertex   4.473920e+01 -7.135680e+00 1.019648e+01
    endloop
  endfacet
  facet normal -1.000000e+00 0.000000e+00 0.000000e+00
    outer loop
      vertex   4.473920e+01 -4.766000e+00 1.391400e+01
      vertex   4.473920e+01 -7.135680e+00 1.019648e+01
      vertex   4.473920e+01 -7.295487e+00 1.087076e+01
    endloop
  endfacet
  facet normal -1.000000e+00 -0.000000e+00 0.000000e+00
    outer loop
      vertex   4.473920e+01 -1.718000e+00 5.786000e+00
      vertex   4.473920e+01 -2.765750e+00 3.350815e+00
      vertex   4.473920e+01 -4.766000e+00 5.786000e+00
    endloop
  endfacet
  facet normal -1.000000e+00 0.000000e+00 0.000000e+00
    outer loop
      vertex   4.473920e+01 -4.766000e+00 5.786000e+00
      vertex   4.473920e+01 -2.765750e+00 3.350815e+00
      vertex   4.473920e+01 -3.094532e+00 3.098532e+00
    endloop
  endfacet
  facet normal -1.000000e+00 0.000000e+00 0.000000e+00
    outer loop
      vertex   4.473920e+01 -4.766000e+00 5.786000e+00
      vertex   4.473920e+01 -3.094532e+00 3.098532e+00
      vertex   4.473920e+01 -3.346815e+00 2.769750e+00
    endloop
  endfacet
  facet normal -1.000000e+00 0.000000e+00 -0.000000e+00
    outer loop
      vertex   4.473920e+01 -1.718000e+00 1.391400e+01
      vertex   4.473920e+01 -5.971847e-01 1.693025e+01
      vertex   4.473920e+01 -1.718000e+00 5.786000e+00
    endloop
  endfacet
  facet normal -1.000000e+00 0.000000e+00 0.000000e+00
    outer loop
      vertex   4.473920e+01 -1.718000e+00 5.786000e+00
      vertex   4.473920e+01 -5.971847e-01 1.693025e+01
      vertex   4.473920e+01 -5.971847e-01 2.769750e+00
    endloop
  endfacet
  facet normal -1.000000e+00 0.000000e+00 0.000000e+00
    outer loop
      vertex   4.473920e+01 -1.718000e+00 5.786000e+00
      vertex   4.473920e+01 -5.971847e-01 2.769750e+00
      vertex   4.473920e+01 -8.494680e-01 3.098532e+00
    endloop
  endfacet
  facet normal -1.000000e+00 0.000000e+00 0.000000e+00
    outer loop
      vertex   4.473920e+01 -4.766000e+00 1.391400e+01
      vertex   4.473920e+01 -2.765750e+00 1.634918e+01
      vertex   4.473920e+01 -1.718000e+00 1.391400e+01
    endloop
  endfacet
  facet normal -1.000000e+00 0.000000e+00 0.000000e+00
    outer loop
      vertex   4.473920e+01 -1.718000e+00 1.391400e+01
      vertex   4.473920e+01 -2.765750e+00 1.634918e+01
      vertex   4.473920e+01 -2.382875e+00 1.619059e+01
    endloop
  endfacet
  facet normal -1.000000e+00 0.000000e+00 0.000000e+00
    outer loop
      vertex   4.473920e+01 -1.718000e+00 1.391400e+01
      vertex   4.473920e+01 -2.382875e+00 1.619059e+01
      vertex   4.473920e+01 -1.972000e+00 1.613650e+01
    endloop
  endfacet
  facet normal -1.000000e+00 -0.000000e+00 0.000000e+00
    outer loop
      vertex   4.473920e+01 -3.505407e+00 1.731312e+01
      vertex   4.473920e+01 -4.766000e+00 1.391400e+01
      vertex   4.473920e+01 -3.559500e+00 1.772400e+01
    endloop
  endfacet
  facet normal -1.000000e+00 0.000000e+00 0.000000e+00
    outer loop
      vertex   4.473920e+01 -3.559500e+00 1.772400e+01
      vertex   4.473920e+01 -4.766000e+00 1.391400e+01
      vertex   4.473920e+01 -9.244036e+00 1.270912e+01
    endloop
  endfacet
  facet normal -1.000000e+00 0.000000e+00 0.000000e+00
    outer loop
      vertex   4.473920e+01 -3.559500e+00 1.772400e+01
      vertex   4.473920e+01 -9.244036e+00 1.270912e+01
      vertex   4.473920e+01 -9.926467e+00 1.282945e+01
    endloop
  endfacet
  facet normal -1.000000e+00 0.000000e+00 -0.000000e+00
    outer loop
      vertex   4.473920e+01 -3.505407e+00 1.731312e+01
      vertex   4.473920e+01 -3.346815e+00 1.693025e+01
      vertex   4.473920e+01 -4.766000e+00 1.391400e+01
    endloop
  endfacet
  facet normal -1.000000e+00 0.000000e+00 0.000000e+00
    outer loop
      vertex   4.473920e+01 -4.766000e+00 1.391400e+01
      vertex   4.473920e+01 -3.346815e+00 1.693025e+01
      vertex   4.473920e+01 -3.094532e+00 1.660147e+01
    endloop
  endfacet
  facet normal -1.000000e+00 0.000000e+00 0.000000e+00
    outer loop
      vertex   4.473920e+01 -4.766000e+00 1.391400e+01
      vertex   4.473920e+01 -3.094532e+00 1.660147e+01
      vertex   4.473920e+01 -2.765750e+00 1.634918e+01
    endloop
  endfacet
  facet normal -1.000000e+00 0.000000e+00 0.000000e+00
    outer loop
      vertex   4.473920e+01 -1.972000e+00 1.613650e+01
      vertex   4.473920e+01 -1.561125e+00 1.619059e+01
      vertex   4.473920e+01 -1.718000e+00 1.391400e+01
    endloop
  endfacet
  facet normal -1.000000e+00 0.000000e+00 0.000000e+00
    outer loop
      vertex   4.473920e+01 -1.718000e+00 1.391400e+01
      vertex   4.473920e+01 -1.561125e+00 1.619059e+01
      vertex   4.473920e+01 -1.178250e+00 1.634918e+01
    endloop
  endfacet
  facet normal -1.000000e+00 0.000000e+00 0.000000e+00
    outer loop
      vertex   4.473920e+01 -1.718000e+00 1.391400e+01
      vertex   4.473920e+01 -1.178250e+00 1.634918e+01
      vertex   4.473920e+01 -8.494680e-01 1.660147e+01
    endloop
  endfacet
  facet normal -1.000000e+00 0.000000e+00 -0.000000e+00
    outer loop
      vertex   4.473920e+01 -8.494680e-01 1.660147e+01
      vertex   4.473920e+01 -5.971847e-01 1.693025e+01
      vertex   4.473920e+01 -1.718000e+00 1.391400e+01
    endloop
  endfacet
  facet normal -1.000000e+00 0.000000e+00 -0.000000e+00
    outer loop
      vertex   4.473920e+01 -5.971847e-01 1.693025e+01
      vertex   4.473920e+01 -4.385928e-01 1.731312e+01
      vertex   4.473920e+01 -5.971847e-01 2.769750e+00
    endloop
  endfacet
  facet normal -1.000000e+00 0.000000e+00 0.000000e+00
    outer loop
      vertex   4.473920e+01 -5.971847e-01 2.769750e+00
      vertex   4.473920e+01 -4.385928e-01 1.731312e+01
      vertex   4.473920e+01 -4.385928e-01 2.386875e+00
    endloop
  endfacet
  facet normal -1.000000e+00 0.000000e+00 0.000000e+00
    outer loop
      vertex   4.473920e+01 -4.385928e-01 2.386875e+00
      vertex   4.473920e+01 -4.385928e-01 1.731312e+01
      vertex   4.473920e+01 1.457000e+00 -1.712200e+00
    endloop
  endfacet
  facet normal -1.000000e+00 0.000000e+00 0.000000e+00
    outer loop
      vertex   4.473920e+01 -4.385928e-01 2.386875e+00
      vertex   4.473920e+01 1.457000e+00 -1.712200e+00
      vertex   4.473920e+01 -3.845000e-01 1.976000e+00
    endloop
  endfacet
  facet normal -1.000000e+00 0.000000e+00 -0.000000e+00
    outer loop
      vertex   4.473920e+01 -3.845000e-01 1.976000e+00
      vertex   4.473920e+01 1.457000e+00 -1.712200e+00
      vertex   4.473920e+01 -4.385928e-01 1.565125e+00
    endloop
  endfacet
  facet normal -1.000000e+00 0.000000e+00 -0.000000e+00
    outer loop
      vertex   4.473920e+01 -4.385928e-01 1.565125e+00
      vertex   4.473920e+01 1.457000e+00 -1.712200e+00
      vertex   4.473920e+01 -5.971847e-01 1.182250e+00
    endloop
  endfacet
  facet normal -1.000000e+00 0.000000e+00 -0.000000e+00
    outer loop
      vertex   4.473920e+01 -5.971847e-01 1.182250e+00
      vertex   4.473920e+01 1.457000e+00 -1.712200e+00
      vertex   4.473920e+01 -8.494680e-01 8.534680e-01
    endloop
  endfacet
  facet normal -1.000000e+00 0.000000e+00 -0.000000e+00
    outer loop
      vertex   4.473920e+01 -8.494680e-01 8.534680e-01
      vertex   4.473920e+01 1.457000e+00 -1.712200e+00
      vertex   4.473920e+01 -1.178250e+00 6.011847e-01
    endloop
  endfacet
  facet normal -1.000000e+00 0.000000e+00 -0.000000e+00
    outer loop
      vertex   4.473920e+01 -1.178250e+00 6.011847e-01
      vertex   4.473920e+01 1.457000e+00 -1.712200e+00
      vertex   4.473920e+01 -1.561125e+00 4.425928e-01
    endloop
  endfacet
  facet normal -1.000000e+00 0.000000e+00 -0.000000e+00
    outer loop
      vertex   4.473920e+01 -1.561125e+00 4.425928e-01
      vertex   4.473920e+01 1.457000e+00 -1.712200e+00
      vertex   4.473920e+01 -1.972000e+00 3.885000e-01
    endloop
  endfacet
  facet normal -1.000000e+00 -0.000000e+00 -0.000000e+00
    outer loop
      vertex   4.473920e+01 -1.972000e+00 3.885000e-01
      vertex   4.473920e+01 1.457000e+00 -1.712200e+00
      vertex   4.473920e+01 -2.382875e+00 4.425928e-01
    endloop
  endfacet
  facet normal -1.000000e+00 0.000000e+00 -0.000000e+00
    outer loop
      vertex   4.473920e+01 -2.382875e+00 4.425928e-01
      vertex   4.473920e+01 1.457000e+00 -1.712200e+00
      vertex   4.473920e+01 -2.165700e+01 -1.712200e+00
    endloop
  endfacet
  facet normal -1.000000e+00 -0.000000e+00 0.000000e+00
    outer loop
      vertex   4.473920e+01 -2.382875e+00 4.425928e-01
      vertex   4.473920e+01 -2.165700e+01 -1.712200e+00
      vertex   4.473920e+01 -1.781712e+01 4.425928e-01
    endloop
  endfacet
  facet normal -1.000000e+00 0.000000e+00 0.000000e+00
    outer loop
      vertex   4.473920e+01 -1.781712e+01 4.425928e-01
      vertex   4.473920e+01 -2.165700e+01 -1.712200e+00
      vertex   4.473920e+01 -1.822800e+01 3.885000e-01
    endloop
  endfacet
  facet normal -1.000000e+00 -0.000000e+00 0.000000e+00
    outer loop
      vertex   4.473920e+01 -1.822800e+01 3.885000e-01
      vertex   4.473920e+01 -2.165700e+01 -1.712200e+00
      vertex   4.473920e+01 -1.863888e+01 4.425928e-01
    endloop
  endfacet
  facet normal -1.000000e+00 -0.000000e+00 0.000000e+00
    outer loop
      vertex   4.473920e+01 -1.863888e+01 4.425928e-01
      vertex   4.473920e+01 -2.165700e+01 -1.712200e+00
      vertex   4.473920e+01 -1.902175e+01 6.011847e-01
    endloop
  endfacet
  facet normal -1.000000e+00 -0.000000e+00 0.000000e+00
    outer loop
      vertex   4.473920e+01 -1.902175e+01 6.011847e-01
      vertex   4.473920e+01 -2.165700e+01 -1.712200e+00
      vertex   4.473920e+01 -1.935053e+01 8.534680e-01
    endloop
  endfacet
  facet normal -1.000000e+00 -0.000000e+00 0.000000e+00
    outer loop
      vertex   4.473920e+01 -1.935053e+01 8.534680e-01
      vertex   4.473920e+01 -2.165700e+01 -1.712200e+00
      vertex   4.473920e+01 -1.960282e+01 1.182250e+00
    endloop
  endfacet
  facet normal -1.000000e+00 -0.000000e+00 0.000000e+00
    outer loop
      vertex   4.473920e+01 -1.960282e+01 1.182250e+00
      vertex   4.473920e+01 -2.165700e+01 -1.712200e+00
      vertex   4.473920e+01 -1.976141e+01 1.565125e+00
    endloop
  endfacet
  facet normal -1.000000e+00 -0.000000e+00 0.000000e+00
    outer loop
      vertex   4.473920e+01 -1.976141e+01 1.565125e+00
      vertex   4.473920e+01 -2.165700e+01 -1.712200e+00
      vertex   4.473920e+01 -1.981550e+01 1.976000e+00
    endloop
  endfacet
  facet normal -1.000000e+00 -0.000000e+00 0.000000e+00
    outer loop
      vertex   4.473920e+01 -1.981550e+01 1.976000e+00
      vertex   4.473920e+01 -2.165700e+01 -1.712200e+00
      vertex   4.473920e+01 -1.976141e+01 2.386875e+00
    endloop
  endfacet
  facet normal -1.000000e+00 -0.000000e+00 0.000000e+00
    outer loop
      vertex   4.473920e+01 -1.976141e+01 2.386875e+00
      vertex   4.473920e+01 -2.165700e+01 -1.712200e+00
      vertex   4.473920e+01 -2.165700e+01 2.224000e+01
    endloop
  endfacet
  facet normal -1.000000e+00 0.000000e+00 0.000000e+00
    outer loop
      vertex   4.473920e+01 -1.976141e+01 2.386875e+00
      vertex   4.473920e+01 -2.165700e+01 2.224000e+01
      vertex   4.473920e+01 -1.960282e+01 2.769750e+00
    endloop
  endfacet
  facet normal -1.000000e+00 0.000000e+00 0.000000e+00
    outer loop
      vertex   4.473920e+01 1.457000e+00 -1.712200e+00
      vertex   4.473920e+01 -4.385928e-01 1.731312e+01
      vertex   4.473920e+01 1.457000e+00 2.224000e+01
    endloop
  endfacet
  facet normal -1.000000e+00 0.000000e+00 0.000000e+00
    outer loop
      vertex   4.473920e+01 1.457000e+00 2.224000e+01
      vertex   4.473920e+01 -4.385928e-01 1.731312e+01
      vertex   4.473920e+01 -3.845000e-01 1.772400e+01
    endloop
  endfacet
  facet normal -1.000000e+00 0.000000e+00 0.000000e+00
    outer loop
      vertex   4.473920e+01 1.457000e+00 2.224000e+01
      vertex   4.473920e+01 -3.845000e-01 1.772400e+01
      vertex   4.473920e+01 -4.385928e-01 1.813488e+01
    endloop
  endfacet
  facet normal -1.000000e+00 0.000000e+00 0.000000e+00
    outer loop
      vertex   4.473920e+01 -4.385928e-01 1.813488e+01
      vertex   4.473920e+01 -5.971847e-01 1.851775e+01
      vertex   4.473920e+01 1.457000e+00 2.224000e+01
    endloop
  endfacet
  facet normal -1.000000e+00 0.000000e+00 0.000000e+00
    outer loop
      vertex   4.473920e+01 1.457000e+00 2.224000e+01
      vertex   4.473920e+01 -5.971847e-01 1.851775e+01
      vertex   4.473920e+01 -8.494680e-01 1.884653e+01
    endloop
  endfacet
  facet normal -1.000000e+00 0.000000e+00 0.000000e+00
    outer loop
      vertex   4.473920e+01 1.457000e+00 2.224000e+01
      vertex   4.473920e+01 -8.494680e-01 1.884653e+01
      vertex   4.473920e+01 -1.178250e+00 1.909882e+01
    endloop
  endfacet
  facet normal -1.000000e+00 0.000000e+00 0.000000e+00
    outer loop
      vertex   4.473920e+01 -1.178250e+00 1.909882e+01
      vertex   4.473920e+01 -1.561125e+00 1.925741e+01
      vertex   4.473920e+01 1.457000e+00 2.224000e+01
    endloop
  endfacet
  facet normal -1.000000e+00 0.000000e+00 0.000000e+00
    outer loop
      vertex   4.473920e+01 1.457000e+00 2.224000e+01
      vertex   4.473920e+01 -1.561125e+00 1.925741e+01
      vertex   4.473920e+01 -1.972000e+00 1.931150e+01
    endloop
  endfacet
  facet normal -1.000000e+00 0.000000e+00 0.000000e+00
    outer loop
      vertex   4.473920e+01 1.457000e+00 2.224000e+01
      vertex   4.473920e+01 -1.972000e+00 1.931150e+01
      vertex   4.473920e+01 -2.382875e+00 1.925741e+01
    endloop
  endfacet
  facet normal -1.000000e+00 -0.000000e+00 0.000000e+00
    outer loop
      vertex   4.473920e+01 -2.382875e+00 1.925741e+01
      vertex   4.473920e+01 -2.765750e+00 1.909882e+01
      vertex   4.473920e+01 1.457000e+00 2.224000e+01
    endloop
  endfacet
  facet normal -1.000000e+00 -0.000000e+00 0.000000e+00
    outer loop
      vertex   4.473920e+01 1.457000e+00 2.224000e+01
      vertex   4.473920e+01 -2.765750e+00 1.909882e+01
      vertex   4.473920e+01 -2.165700e+01 2.224000e+01
    endloop
  endfacet
  facet normal -1.000000e+00 0.000000e+00 0.000000e+00
    outer loop
      vertex   4.473920e+01 -2.165700e+01 2.224000e+01
      vertex   4.473920e+01 -2.765750e+00 1.909882e+01
      vertex   4.473920e+01 -3.094532e+00 1.884653e+01
    endloop
  endfacet
  facet normal -1.000000e+00 0.000000e+00 0.000000e+00
    outer loop
      vertex   4.473920e+01 -3.346815e+00 1.851775e+01
      vertex   4.473920e+01 -3.505407e+00 1.813488e+01
      vertex   4.473920e+01 -1.542911e+01 1.607789e+01
    endloop
  endfacet
  facet normal -1.000000e+00 0.000000e+00 0.000000e+00
    outer loop
      vertex   4.473920e+01 -1.542911e+01 1.607789e+01
      vertex   4.473920e+01 -3.505407e+00 1.813488e+01
      vertex   4.473920e+01 -9.926467e+00 1.282945e+01
    endloop
  endfacet
  facet normal -1.000000e+00 0.000000e+00 0.000000e+00
    outer loop
      vertex   4.473920e+01 -1.542911e+01 1.607789e+01
      vertex   4.473920e+01 -9.926467e+00 1.282945e+01
      vertex   4.473920e+01 -1.061825e+01 1.278916e+01
    endloop
  endfacet
  facet normal -1.000000e+00 0.000000e+00 0.000000e+00
    outer loop
      vertex   4.473920e+01 -3.505407e+00 1.813488e+01
      vertex   4.473920e+01 -3.559500e+00 1.772400e+01
      vertex   4.473920e+01 -9.926467e+00 1.282945e+01
    endloop
  endfacet
  facet normal -1.000000e+00 0.000000e+00 0.000000e+00
    outer loop
      vertex   4.473920e+01 -3.505407e+00 1.565125e+00
      vertex   4.473920e+01 -9.926467e+00 6.870549e+00
      vertex   4.473920e+01 -3.559500e+00 1.976000e+00
    endloop
  endfacet
  facet normal -1.000000e+00 0.000000e+00 0.000000e+00
    outer loop
      vertex   4.473920e+01 -3.559500e+00 1.976000e+00
      vertex   4.473920e+01 -9.926467e+00 6.870549e+00
      vertex   4.473920e+01 -9.244036e+00 6.990880e+00
    endloop
  endfacet
  facet normal -1.000000e+00 0.000000e+00 0.000000e+00
    outer loop
      vertex   4.473920e+01 -3.559500e+00 1.976000e+00
      vertex   4.473920e+01 -9.244036e+00 6.990880e+00
      vertex   4.473920e+01 -4.766000e+00 5.786000e+00
    endloop
  endfacet
  facet normal -1.000000e+00 0.000000e+00 0.000000e+00
    outer loop
      vertex   4.473920e+01 -4.766000e+00 5.786000e+00
      vertex   4.473920e+01 -9.244036e+00 6.990880e+00
      vertex   4.473920e+01 -8.607750e+00 7.265347e+00
    endloop
  endfacet
  facet normal -1.000000e+00 0.000000e+00 0.000000e+00
    outer loop
      vertex   4.473920e+01 -4.766000e+00 5.786000e+00
      vertex   4.473920e+01 -8.607750e+00 7.265347e+00
      vertex   4.473920e+01 -8.051912e+00 7.679153e+00
    endloop
  endfacet
  facet normal -1.000000e+00 0.000000e+00 0.000000e+00
    outer loop
      vertex   4.473920e+01 -3.346815e+00 1.182250e+00
      vertex   4.473920e+01 -1.685318e+01 1.182250e+00
      vertex   4.473920e+01 -3.505407e+00 1.565125e+00
    endloop
  endfacet
  facet normal -1.000000e+00 -0.000000e+00 0.000000e+00
    outer loop
      vertex   4.473920e+01 -3.505407e+00 1.565125e+00
      vertex   4.473920e+01 -1.685318e+01 1.182250e+00
      vertex   4.473920e+01 -1.669459e+01 1.565125e+00
    endloop
  endfacet
  facet normal -1.000000e+00 0.000000e+00 0.000000e+00
    outer loop
      vertex   4.473920e+01 -3.505407e+00 1.565125e+00
      vertex   4.473920e+01 -1.669459e+01 1.565125e+00
      vertex   4.473920e+01 -9.926467e+00 6.870549e+00
    endloop
  endfacet
  facet normal -1.000000e+00 -0.000000e+00 0.000000e+00
    outer loop
      vertex   4.473920e+01 -9.926467e+00 6.870549e+00
      vertex   4.473920e+01 -1.669459e+01 1.565125e+00
      vertex   4.473920e+01 -1.061825e+01 6.910841e+00
    endloop
  endfacet
  facet normal -1.000000e+00 0.000000e+00 0.000000e+00
    outer loop
      vertex   4.473920e+01 -1.061825e+01 6.910841e+00
      vertex   4.473920e+01 -1.669459e+01 1.565125e+00
      vertex   4.473920e+01 -1.664050e+01 1.976000e+00
    endloop
  endfacet
  facet normal -1.000000e+00 0.000000e+00 0.000000e+00
    outer loop
      vertex   4.473920e+01 -1.061825e+01 6.910841e+00
      vertex   4.473920e+01 -1.664050e+01 1.976000e+00
      vertex   4.473920e+01 -1.542911e+01 5.400106e+00
    endloop
  endfacet
  facet normal -1.000000e+00 0.000000e+00 0.000000e+00
    outer loop
      vertex   4.473920e+01 -1.542911e+01 5.400106e+00
      vertex   4.473920e+01 -1.664050e+01 1.976000e+00
      vertex   4.473920e+01 -1.669459e+01 2.386875e+00
    endloop
  endfacet
  facet normal -1.000000e+00 0.000000e+00 0.000000e+00
    outer loop
      vertex   4.473920e+01 -1.542911e+01 5.400106e+00
      vertex   4.473920e+01 -1.669459e+01 2.386875e+00
      vertex   4.473920e+01 -1.685318e+01 2.769750e+00
    endloop
  endfacet
  facet normal -1.000000e+00 0.000000e+00 -0.000000e+00
    outer loop
      vertex   4.473920e+01 -1.685318e+01 1.182250e+00
      vertex   4.473920e+01 -3.346815e+00 1.182250e+00
      vertex   4.473920e+01 -1.710547e+01 8.534680e-01
    endloop
  endfacet
  facet normal -1.000000e+00 0.000000e+00 0.000000e+00
    outer loop
      vertex   4.473920e+01 -1.710547e+01 8.534680e-01
      vertex   4.473920e+01 -3.346815e+00 1.182250e+00
      vertex   4.473920e+01 -3.094532e+00 8.534680e-01
    endloop
  endfacet
  facet normal -1.000000e+00 0.000000e+00 -0.000000e+00
    outer loop
      vertex   4.473920e+01 -1.710547e+01 8.534680e-01
      vertex   4.473920e+01 -3.094532e+00 8.534680e-01
      vertex   4.473920e+01 -1.743425e+01 6.011847e-01
    endloop
  endfacet
  facet normal -1.000000e+00 0.000000e+00 0.000000e+00
    outer loop
      vertex   4.473920e+01 -1.743425e+01 6.011847e-01
      vertex   4.473920e+01 -3.094532e+00 8.534680e-01
      vertex   4.473920e+01 -2.765750e+00 6.011847e-01
    endloop
  endfacet
  facet normal -1.000000e+00 0.000000e+00 -0.000000e+00
    outer loop
      vertex   4.473920e+01 -1.743425e+01 6.011847e-01
      vertex   4.473920e+01 -2.765750e+00 6.011847e-01
      vertex   4.473920e+01 -1.781712e+01 4.425928e-01
    endloop
  endfacet
  facet normal -1.000000e+00 0.000000e+00 0.000000e+00
    outer loop
      vertex   4.473920e+01 -1.781712e+01 4.425928e-01
      vertex   4.473920e+01 -2.765750e+00 6.011847e-01
      vertex   4.473920e+01 -2.382875e+00 4.425928e-01
    endloop
  endfacet
  facet normal -1.000000e+00 0.000000e+00 0.000000e+00
    outer loop
      vertex   4.473920e+01 -8.494680e-01 3.098532e+00
      vertex   4.473920e+01 -1.178250e+00 3.350815e+00
      vertex   4.473920e+01 -1.718000e+00 5.786000e+00
    endloop
  endfacet
  facet normal -1.000000e+00 0.000000e+00 0.000000e+00
    outer loop
      vertex   4.473920e+01 -1.718000e+00 5.786000e+00
      vertex   4.473920e+01 -1.178250e+00 3.350815e+00
      vertex   4.473920e+01 -1.561125e+00 3.509407e+00
    endloop
  endfacet
  facet normal -1.000000e+00 0.000000e+00 -0.000000e+00
    outer loop
      vertex   4.473920e+01 -1.718000e+00 5.786000e+00
      vertex   4.473920e+01 -1.561125e+00 3.509407e+00
      vertex   4.473920e+01 -1.972000e+00 3.563500e+00
    endloop
  endfacet
  facet normal -1.000000e+00 -0.000000e+00 0.000000e+00
    outer loop
      vertex   4.473920e+01 -1.972000e+00 3.563500e+00
      vertex   4.473920e+01 -2.382875e+00 3.509407e+00
      vertex   4.473920e+01 -1.718000e+00 5.786000e+00
    endloop
  endfacet
  facet normal -1.000000e+00 0.000000e+00 0.000000e+00
    outer loop
      vertex   4.473920e+01 -1.718000e+00 5.786000e+00
      vertex   4.473920e+01 -2.382875e+00 3.509407e+00
      vertex   4.473920e+01 -2.765750e+00 3.350815e+00
    endloop
  endfacet
  facet normal -1.000000e+00 -0.000000e+00 0.000000e+00
    outer loop
      vertex   4.473920e+01 -3.346815e+00 2.769750e+00
      vertex   4.473920e+01 -3.505407e+00 2.386875e+00
      vertex   4.473920e+01 -4.766000e+00 5.786000e+00
    endloop
  endfacet
  facet normal -1.000000e+00 0.000000e+00 0.000000e+00
    outer loop
      vertex   4.473920e+01 -4.766000e+00 5.786000e+00
      vertex   4.473920e+01 -3.505407e+00 2.386875e+00
      vertex   4.473920e+01 -3.559500e+00 1.976000e+00
    endloop
  endfacet
  facet normal -1.000000e+00 0.000000e+00 -0.000000e+00
    outer loop
      vertex   4.473920e+01 -1.276705e+01 8.510559e+00
      vertex   4.473920e+01 -1.238626e+01 7.931600e+00
      vertex   4.473920e+01 -1.542911e+01 5.400106e+00
    endloop
  endfacet
  facet normal -1.000000e+00 0.000000e+00 0.000000e+00
    outer loop
      vertex   4.473920e+01 -1.542911e+01 5.400106e+00
      vertex   4.473920e+01 -1.238626e+01 7.931600e+00
      vertex   4.473920e+01 -1.188222e+01 7.456063e+00
    endloop
  endfacet
  facet normal -1.000000e+00 0.000000e+00 0.000000e+00
    outer loop
      vertex   4.473920e+01 -1.542911e+01 5.400106e+00
      vertex   4.473920e+01 -1.188222e+01 7.456063e+00
      vertex   4.473920e+01 -1.128210e+01 7.109584e+00
    endloop
  endfacet
  facet normal -1.000000e+00 0.000000e+00 -0.000000e+00
    outer loop
      vertex   4.473920e+01 -1.128210e+01 7.109584e+00
      vertex   4.473920e+01 -1.061825e+01 6.910841e+00
      vertex   4.473920e+01 -1.542911e+01 5.400106e+00
    endloop
  endfacet
  facet normal -1.000000e+00 0.000000e+00 0.000000e+00
    outer loop
      vertex   4.473920e+01 -8.051912e+00 7.679153e+00
      vertex   4.473920e+01 -7.606487e+00 8.209990e+00
      vertex   4.473920e+01 -4.766000e+00 5.786000e+00
    endloop
  endfacet
  facet normal -1.000000e+00 0.000000e+00 0.000000e+00
    outer loop
      vertex   4.473920e+01 -4.766000e+00 5.786000e+00
      vertex   4.473920e+01 -7.606487e+00 8.209990e+00
      vertex   4.473920e+01 -7.295487e+00 8.829241e+00
    endloop
  endfacet
  facet normal -1.000000e+00 0.000000e+00 0.000000e+00
    outer loop
      vertex   4.473920e+01 -4.766000e+00 5.786000e+00
      vertex   4.473920e+01 -7.295487e+00 8.829241e+00
      vertex   4.473920e+01 -7.135680e+00 9.503521e+00
    endloop
  endfacet
  facet normal -1.000000e+00 0.000000e+00 0.000000e+00
    outer loop
      vertex   4.473920e+01 -7.295487e+00 1.087076e+01
      vertex   4.473920e+01 -7.606487e+00 1.149001e+01
      vertex   4.473920e+01 -4.766000e+00 1.391400e+01
    endloop
  endfacet
  facet normal -1.000000e+00 0.000000e+00 0.000000e+00
    outer loop
      vertex   4.473920e+01 -4.766000e+00 1.391400e+01
      vertex   4.473920e+01 -7.606487e+00 1.149001e+01
      vertex   4.473920e+01 -8.051912e+00 1.202085e+01
    endloop
  endfacet
  facet normal -1.000000e+00 0.000000e+00 0.000000e+00
    outer loop
      vertex   4.473920e+01 -4.766000e+00 1.391400e+01
      vertex   4.473920e+01 -8.051912e+00 1.202085e+01
      vertex   4.473920e+01 -8.607750e+00 1.243465e+01
    endloop
  endfacet
  facet normal -1.000000e+00 0.000000e+00 0.000000e+00
    outer loop
      vertex   4.473920e+01 -8.607750e+00 1.243465e+01
      vertex   4.473920e+01 -9.244036e+00 1.270912e+01
      vertex   4.473920e+01 -4.766000e+00 1.391400e+01
    endloop
  endfacet
  facet normal -1.000000e+00 -0.000000e+00 0.000000e+00
    outer loop
      vertex   4.473920e+01 -1.061825e+01 1.278916e+01
      vertex   4.473920e+01 -1.128210e+01 1.259042e+01
      vertex   4.473920e+01 -1.542911e+01 1.607789e+01
    endloop
  endfacet
  facet normal -1.000000e+00 0.000000e+00 0.000000e+00
    outer loop
      vertex   4.473920e+01 -1.542911e+01 1.607789e+01
      vertex   4.473920e+01 -1.128210e+01 1.259042e+01
      vertex   4.473920e+01 -1.188222e+01 1.224394e+01
    endloop
  endfacet
  facet normal -1.000000e+00 0.000000e+00 0.000000e+00
    outer loop
      vertex   4.473920e+01 -1.542911e+01 1.607789e+01
      vertex   4.473920e+01 -1.188222e+01 1.224394e+01
      vertex   4.473920e+01 -1.238626e+01 1.176840e+01
    endloop
  endfacet
  facet normal -1.000000e+00 -0.000000e+00 0.000000e+00
    outer loop
      vertex   4.473920e+01 -1.238626e+01 1.176840e+01
      vertex   4.473920e+01 -1.276705e+01 1.118944e+01
      vertex   4.473920e+01 -1.542911e+01 1.607789e+01
    endloop
  endfacet
  facet normal -1.000000e+00 0.000000e+00 0.000000e+00
    outer loop
      vertex   4.473920e+01 -1.542911e+01 1.607789e+01
      vertex   4.473920e+01 -1.276705e+01 1.118944e+01
      vertex   4.473920e+01 -1.300405e+01 1.053827e+01
    endloop
  endfacet
  facet normal -1.000000e+00 0.000000e+00 0.000000e+00
    outer loop
      vertex   4.473920e+01 -1.542911e+01 1.607789e+01
      vertex   4.473920e+01 -1.300405e+01 1.053827e+01
      vertex   4.473920e+01 -1.308450e+01 9.850000e+00
    endloop
  endfacet
  facet normal -1.000000e+00 0.000000e+00 0.000000e+00
    outer loop
      vertex   4.473920e+01 -1.685318e+01 2.769750e+00
      vertex   4.473920e+01 -1.710547e+01 3.098532e+00
      vertex   4.473920e+01 -1.542911e+01 5.400106e+00
    endloop
  endfacet
  facet normal -1.000000e+00 0.000000e+00 0.000000e+00
    outer loop
      vertex   4.473920e+01 -1.542911e+01 5.400106e+00
      vertex   4.473920e+01 -1.710547e+01 3.098532e+00
      vertex   4.473920e+01 -1.743425e+01 3.350815e+00
    endloop
  endfacet
  facet normal -1.000000e+00 -0.000000e+00 0.000000e+00
    outer loop
      vertex   4.473920e+01 -1.822800e+01 3.563500e+00
      vertex   4.473920e+01 -1.863888e+01 3.509407e+00
      vertex   4.473920e+01 -1.848689e+01 5.400106e+00
    endloop
  endfacet
  facet normal -1.000000e+00 0.000000e+00 0.000000e+00
    outer loop
      vertex   4.473920e+01 -1.848689e+01 5.400106e+00
      vertex   4.473920e+01 -1.863888e+01 3.509407e+00
      vertex   4.473920e+01 -1.902175e+01 3.350815e+00
    endloop
  endfacet
  facet normal -1.000000e+00 0.000000e+00 0.000000e+00
    outer loop
      vertex   4.473920e+01 -1.848689e+01 5.400106e+00
      vertex   4.473920e+01 -1.902175e+01 3.350815e+00
      vertex   4.473920e+01 -1.935053e+01 3.098532e+00
    endloop
  endfacet
  facet normal -1.000000e+00 -0.000000e+00 0.000000e+00
    outer loop
      vertex   4.473920e+01 -1.935053e+01 3.098532e+00
      vertex   4.473920e+01 -1.960282e+01 2.769750e+00
      vertex   4.473920e+01 -1.848689e+01 5.400106e+00
    endloop
  endfacet
  facet normal 0.000000e+00 -1.000000e+00 0.000000e+00
    outer loop
      vertex   4.156420e+01 1.457000e+00 -1.712200e+00
      vertex   4.473920e+01 1.457000e+00 -1.712200e+00
      vertex   4.156420e+01 1.457000e+00 2.224000e+01
    endloop
  endfacet
  facet normal 0.000000e+00 -1.000000e+00 0.000000e+00
    outer loop
      vertex   4.156420e+01 1.457000e+00 2.224000e+01
      vertex   4.473920e+01 1.457000e+00 -1.712200e+00
      vertex   4.473920e+01 1.457000e+00 2.224000e+01
    endloop
  endfacet
  facet normal 0.000000e+00 0.000000e+00 1.000000e+00
    outer loop
      vertex   4.156420e+01 -2.165700e+01 -1.712200e+00
      vertex   4.473920e+01 -2.165700e+01 -1.712200e+00
      vertex   4.156420e+01 1.457000e+00 -1.712200e+00
    endloop
  endfacet
  facet normal -0.000000e+00 0.000000e+00 1.000000e+00
    outer loop
      vertex   4.156420e+01 1.457000e+00 -1.712200e+00
      vertex   4.473920e+01 -2.165700e+01 -1.712200e+00
      vertex   4.473920e+01 1.457000e+00 -1.712200e+00
    endloop
  endfacet
  facet normal -1.000000e+00 -0.000000e+00 -0.000000e+00
    outer loop
      vertex   4.156420e+01 -2.165700e+01 2.224000e+01
      vertex   4.156420e+01 -2.165700e+01 -1.712200e+00
      vertex   4.156420e+01 -2.438750e+01 2.224000e+01
    endloop
  endfacet
  facet normal -1.000000e+00 0.000000e+00 0.000000e+00
    outer loop
      vertex   4.156420e+01 -2.438750e+01 2.224000e+01
      vertex   4.156420e+01 -2.165700e+01 -1.712200e+00
      vertex   4.156420e+01 -2.438750e+01 -1.522500e+01
    endloop
  endfacet
  facet normal -1.000000e+00 0.000000e+00 0.000000e+00
    outer loop
      vertex   4.156420e+01 -2.438750e+01 -1.522500e+01
      vertex   4.156420e+01 -2.165700e+01 -1.712200e+00
      vertex   4.156420e+01 1.457000e+00 -1.712200e+00
    endloop
  endfacet
  facet normal -1.000000e+00 0.000000e+00 0.000000e+00
    outer loop
      vertex   4.156420e+01 -2.438750e+01 -1.522500e+01
      vertex   4.156420e+01 1.457000e+00 -1.712200e+00
      vertex   4.156420e+01 4.187500e+00 -1.522500e+01
    endloop
  endfacet
  facet normal -1.000000e+00 0.000000e+00 0.000000e+00
    outer loop
      vertex   4.156420e+01 4.187500e+00 -1.522500e+01
      vertex   4.156420e+01 1.457000e+00 -1.712200e+00
      vertex   4.156420e+01 4.187500e+00 2.224000e+01
    endloop
  endfacet
  facet normal -1.000000e+00 -0.000000e+00 0.000000e+00
    outer loop
      vertex   4.156420e+01 4.187500e+00 2.224000e+01
      vertex   4.156420e+01 1.457000e+00 -1.712200e+00
      vertex   4.156420e+01 1.457000e+00 2.224000e+01
    endloop
  endfacet
  facet normal 0.000000e+00 9.914449e-01 -1.305262e-01
    outer loop
      vertex   4.473920e+01 -3.505407e+00 1.813488e+01
      vertex   4.664420e+01 -3.505407e+00 1.813488e+01
      vertex   4.473920e+01 -3.559500e+00 1.772400e+01
    endloop
  endfacet
  facet normal 0.000000e+00 9.914449e-01 -1.305262e-01
    outer loop
      vertex   4.473920e+01 -3.559500e+00 1.772400e+01
      vertex   4.664420e+01 -3.505407e+00 1.813488e+01
      vertex   4.664420e+01 -3.559500e+00 1.772400e+01
    endloop
  endfacet
  facet normal -0.000000e+00 9.914449e-01 1.305262e-01
    outer loop
      vertex   4.473920e+01 -3.559500e+00 1.772400e+01
      vertex   4.664420e+01 -3.559500e+00 1.772400e+01
      vertex   4.473920e+01 -3.505407e+00 1.731312e+01
    endloop
  endfacet
  facet normal -0.000000e+00 9.914449e-01 1.305262e-01
    outer loop
      vertex   4.473920e+01 -3.505407e+00 1.731312e+01
      vertex   4.664420e+01 -3.559500e+00 1.772400e+01
      vertex   4.664420e+01 -3.505407e+00 1.731312e+01
    endloop
  endfacet
  facet normal -0.000000e+00 9.238795e-01 3.826834e-01
    outer loop
      vertex   4.473920e+01 -3.505407e+00 1.731312e+01
      vertex   4.664420e+01 -3.505407e+00 1.731312e+01
      vertex   4.473920e+01 -3.346815e+00 1.693025e+01
    endloop
  endfacet
  facet normal -0.000000e+00 9.238795e-01 3.826834e-01
    outer loop
      vertex   4.473920e+01 -3.346815e+00 1.693025e+01
      vertex   4.664420e+01 -3.505407e+00 1.731312e+01
      vertex   4.664420e+01 -3.346815e+00 1.693025e+01
    endloop
  endfacet
  facet normal -0.000000e+00 7.933533e-01 6.087614e-01
    outer loop
      vertex   4.473920e+01 -3.346815e+00 1.693025e+01
      vertex   4.664420e+01 -3.346815e+00 1.693025e+01
      vertex   4.473920e+01 -3.094532e+00 1.660147e+01
    endloop
  endfacet
  facet normal -0.000000e+00 7.933533e-01 6.087614e-01
    outer loop
      vertex   4.473920e+01 -3.094532e+00 1.660147e+01
      vertex   4.664420e+01 -3.346815e+00 1.693025e+01
      vertex   4.664420e+01 -3.094532e+00 1.660147e+01
    endloop
  endfacet
  facet normal -0.000000e+00 6.087614e-01 7.933533e-01
    outer loop
      vertex   4.473920e+01 -3.094532e+00 1.660147e+01
      vertex   4.664420e+01 -3.094532e+00 1.660147e+01
      vertex   4.473920e+01 -2.765750e+00 1.634918e+01
    endloop
  endfacet
  facet normal -0.000000e+00 6.087614e-01 7.933533e-01
    outer loop
      vertex   4.473920e+01 -2.765750e+00 1.634918e+01
      vertex   4.664420e+01 -3.094532e+00 1.660147e+01
      vertex   4.664420e+01 -2.765750e+00 1.634918e+01
    endloop
  endfacet
  facet normal -0.000000e+00 3.826834e-01 9.238795e-01
    outer loop
      vertex   4.473920e+01 -2.765750e+00 1.634918e+01
      vertex   4.664420e+01 -2.765750e+00 1.634918e+01
      vertex   4.473920e+01 -2.382875e+00 1.619059e+01
    endloop
  endfacet
  facet normal -0.000000e+00 3.826834e-01 9.238795e-01
    outer loop
      vertex   4.473920e+01 -2.382875e+00 1.619059e+01
      vertex   4.664420e+01 -2.765750e+00 1.634918e+01
      vertex   4.664420e+01 -2.382875e+00 1.619059e+01
    endloop
  endfacet
  facet normal -0.000000e+00 1.305262e-01 9.914449e-01
    outer loop
      vertex   4.473920e+01 -2.382875e+00 1.619059e+01
      vertex   4.664420e+01 -2.382875e+00 1.619059e+01
      vertex   4.473920e+01 -1.972000e+00 1.613650e+01
    endloop
  endfacet
  facet normal -0.000000e+00 1.305262e-01 9.914449e-01
    outer loop
      vertex   4.473920e+01 -1.972000e+00 1.613650e+01
      vertex   4.664420e+01 -2.382875e+00 1.619059e+01
      vertex   4.664420e+01 -1.972000e+00 1.613650e+01
    endloop
  endfacet
  facet normal 0.000000e+00 -1.305262e-01 9.914449e-01
    outer loop
      vertex   4.473920e+01 -1.972000e+00 1.613650e+01
      vertex   4.664420e+01 -1.972000e+00 1.613650e+01
      vertex   4.473920e+01 -1.561125e+00 1.619059e+01
    endloop
  endfacet
  facet normal 0.000000e+00 -1.305262e-01 9.914449e-01
    outer loop
      vertex   4.473920e+01 -1.561125e+00 1.619059e+01
      vertex   4.664420e+01 -1.972000e+00 1.613650e+01
      vertex   4.664420e+01 -1.561125e+00 1.619059e+01
    endloop
  endfacet
  facet normal 0.000000e+00 -3.826834e-01 9.238795e-01
    outer loop
      vertex   4.473920e+01 -1.561125e+00 1.619059e+01
      vertex   4.664420e+01 -1.561125e+00 1.619059e+01
      vertex   4.473920e+01 -1.178250e+00 1.634918e+01
    endloop
  endfacet
  facet normal 0.000000e+00 -3.826834e-01 9.238795e-01
    outer loop
      vertex   4.473920e+01 -1.178250e+00 1.634918e+01
      vertex   4.664420e+01 -1.561125e+00 1.619059e+01
      vertex   4.664420e+01 -1.178250e+00 1.634918e+01
    endloop
  endfacet
  facet normal 0.000000e+00 -6.087614e-01 7.933533e-01
    outer loop
      vertex   4.473920e+01 -1.178250e+00 1.634918e+01
      vertex   4.664420e+01 -1.178250e+00 1.634918e+01
      vertex   4.473920e+01 -8.494680e-01 1.660147e+01
    endloop
  endfacet
  facet normal 0.000000e+00 -6.087614e-01 7.933533e-01
    outer loop
      vertex   4.473920e+01 -8.494680e-01 1.660147e+01
      vertex   4.664420e+01 -1.178250e+00 1.634918e+01
      vertex   4.664420e+01 -8.494680e-01 1.660147e+01
    endloop
  endfacet
  facet normal 0.000000e+00 -7.933533e-01 6.087614e-01
    outer loop
      vertex   4.473920e+01 -8.494680e-01 1.660147e+01
      vertex   4.664420e+01 -8.494680e-01 1.660147e+01
      vertex   4.473920e+01 -5.971847e-01 1.693025e+01
    endloop
  endfacet
  facet normal 0.000000e+00 -7.933533e-01 6.087614e-01
    outer loop
      vertex   4.473920e+01 -5.971847e-01 1.693025e+01
      vertex   4.664420e+01 -8.494680e-01 1.660147e+01
      vertex   4.664420e+01 -5.971847e-01 1.693025e+01
    endloop
  endfacet
  facet normal 0.000000e+00 -9.238795e-01 3.826834e-01
    outer loop
      vertex   4.473920e+01 -5.971847e-01 1.693025e+01
      vertex   4.664420e+01 -5.971847e-01 1.693025e+01
      vertex   4.473920e+01 -4.385928e-01 1.731312e+01
    endloop
  endfacet
  facet normal 0.000000e+00 -9.238795e-01 3.826834e-01
    outer loop
      vertex   4.473920e+01 -4.385928e-01 1.731312e+01
      vertex   4.664420e+01 -5.971847e-01 1.693025e+01
      vertex   4.664420e+01 -4.385928e-01 1.731312e+01
    endloop
  endfacet
  facet normal 0.000000e+00 -9.914449e-01 1.305262e-01
    outer loop
      vertex   4.473920e+01 -4.385928e-01 1.731312e+01
      vertex   4.664420e+01 -4.385928e-01 1.731312e+01
      vertex   4.473920e+01 -3.845000e-01 1.772400e+01
    endloop
  endfacet
  facet normal 0.000000e+00 -9.914449e-01 1.305262e-01
    outer loop
      vertex   4.473920e+01 -3.845000e-01 1.772400e+01
      vertex   4.664420e+01 -4.385928e-01 1.731312e+01
      vertex   4.664420e+01 -3.845000e-01 1.772400e+01
    endloop
  endfacet
  facet normal 0.000000e+00 -9.914449e-01 -1.305262e-01
    outer loop
      vertex   4.473920e+01 -3.845000e-01 1.772400e+01
      vertex   4.664420e+01 -3.845000e-01 1.772400e+01
      vertex   4.473920e+01 -4.385928e-01 1.813488e+01
    endloop
  endfacet
  facet normal 0.000000e+00 -9.914449e-01 -1.305262e-01
    outer loop
      vertex   4.473920e+01 -4.385928e-01 1.813488e+01
      vertex   4.664420e+01 -3.845000e-01 1.772400e+01
      vertex   4.664420e+01 -4.385928e-01 1.813488e+01
    endloop
  endfacet
  facet normal 0.000000e+00 -9.238795e-01 -3.826834e-01
    outer loop
      vertex   4.473920e+01 -4.385928e-01 1.813488e+01
      vertex   4.664420e+01 -4.385928e-01 1.813488e+01
      vertex   4.473920e+01 -5.971847e-01 1.851775e+01
    endloop
  endfacet
  facet normal 0.000000e+00 -9.238795e-01 -3.826834e-01
    outer loop
      vertex   4.473920e+01 -5.971847e-01 1.851775e+01
      vertex   4.664420e+01 -4.385928e-01 1.813488e+01
      vertex   4.664420e+01 -5.971847e-01 1.851775e+01
    endloop
  endfacet
  facet normal 0.000000e+00 -7.933533e-01 -6.087614e-01
    outer loop
      vertex   4.473920e+01 -5.971847e-01 1.851775e+01
      vertex   4.664420e+01 -5.971847e-01 1.851775e+01
      vertex   4.473920e+01 -8.494680e-01 1.884653e+01
    endloop
  endfacet
  facet normal 0.000000e+00 -7.933533e-01 -6.087614e-01
    outer loop
      vertex   4.473920e+01 -8.494680e-01 1.884653e+01
      vertex   4.664420e+01 -5.971847e-01 1.851775e+01
      vertex   4.664420e+01 -8.494680e-01 1.884653e+01
    endloop
  endfacet
  facet normal 0.000000e+00 -6.087614e-01 -7.933533e-01
    outer loop
      vertex   4.473920e+01 -8.494680e-01 1.884653e+01
      vertex   4.664420e+01 -8.494680e-01 1.884653e+01
      vertex   4.473920e+01 -1.178250e+00 1.909882e+01
    endloop
  endfacet
  facet normal 0.000000e+00 -6.087614e-01 -7.933533e-01
    outer loop
      vertex   4.473920e+01 -1.178250e+00 1.909882e+01
      vertex   4.664420e+01 -8.494680e-01 1.884653e+01
      vertex   4.664420e+01 -1.178250e+00 1.909882e+01
    endloop
  endfacet
  facet normal 0.000000e+00 -3.826834e-01 -9.238795e-01
    outer loop
      vertex   4.473920e+01 -1.178250e+00 1.909882e+01
      vertex   4.664420e+01 -1.178250e+00 1.909882e+01
      vertex   4.473920e+01 -1.561125e+00 1.925741e+01
    endloop
  endfacet
  facet normal 0.000000e+00 -3.826834e-01 -9.238795e-01
    outer loop
      vertex   4.473920e+01 -1.561125e+00 1.925741e+01
      vertex   4.664420e+01 -1.178250e+00 1.909882e+01
      vertex   4.664420e+01 -1.561125e+00 1.925741e+01
    endloop
  endfacet
  facet normal 0.000000e+00 -1.305262e-01 -9.914449e-01
    outer loop
      vertex   4.473920e+01 -1.561125e+00 1.925741e+01
      vertex   4.664420e+01 -1.561125e+00 1.925741e+01
      vertex   4.473920e+01 -1.972000e+00 1.931150e+01
    endloop
  endfacet
  facet normal 0.000000e+00 -1.305262e-01 -9.914449e-01
    outer loop
      vertex   4.473920e+01 -1.972000e+00 1.931150e+01
      vertex   4.664420e+01 -1.561125e+00 1.925741e+01
      vertex   4.664420e+01 -1.972000e+00 1.931150e+01
    endloop
  endfacet
  facet normal 0.000000e+00 1.305262e-01 -9.914449e-01
    outer loop
      vertex   4.473920e+01 -1.972000e+00 1.931150e+01
      vertex   4.664420e+01 -1.972000e+00 1.931150e+01
      vertex   4.473920e+01 -2.382875e+00 1.925741e+01
    endloop
  endfacet
  facet normal 0.000000e+00 1.305262e-01 -9.914449e-01
    outer loop
      vertex   4.473920e+01 -2.382875e+00 1.925741e+01
      vertex   4.664420e+01 -1.972000e+00 1.931150e+01
      vertex   4.664420e+01 -2.382875e+00 1.925741e+01
    endloop
  endfacet
  facet normal 0.000000e+00 3.826834e-01 -9.238795e-01
    outer loop
      vertex   4.473920e+01 -2.382875e+00 1.925741e+01
      vertex   4.664420e+01 -2.382875e+00 1.925741e+01
      vertex   4.473920e+01 -2.765750e+00 1.909882e+01
    endloop
  endfacet
  facet normal 0.000000e+00 3.826834e-01 -9.238795e-01
    outer loop
      vertex   4.473920e+01 -2.765750e+00 1.909882e+01
      vertex   4.664420e+01 -2.382875e+00 1.925741e+01
      vertex   4.664420e+01 -2.765750e+00 1.909882e+01
    endloop
  endfacet
  facet normal 0.000000e+00 6.087614e-01 -7.933533e-01
    outer loop
      vertex   4.473920e+01 -2.765750e+00 1.909882e+01
      vertex   4.664420e+01 -2.765750e+00 1.909882e+01
      vertex   4.473920e+01 -3.094532e+00 1.884653e+01
    endloop
  endfacet
  facet normal 0.000000e+00 6.087614e-01 -7.933533e-01
    outer loop
      vertex   4.473920e+01 -3.094532e+00 1.884653e+01
      vertex   4.664420e+01 -2.765750e+00 1.909882e+01
      vertex   4.664420e+01 -3.094532e+00 1.884653e+01
    endloop
  endfacet
  facet normal 0.000000e+00 7.933533e-01 -6.087614e-01
    outer loop
      vertex   4.473920e+01 -3.094532e+00 1.884653e+01
      vertex   4.664420e+01 -3.094532e+00 1.884653e+01
      vertex   4.473920e+01 -3.346815e+00 1.851775e+01
    endloop
  endfacet
  facet normal 0.000000e+00 7.933533e-01 -6.087614e-01
    outer loop
      vertex   4.473920e+01 -3.346815e+00 1.851775e+01
      vertex   4.664420e+01 -3.094532e+00 1.884653e+01
      vertex   4.664420e+01 -3.346815e+00 1.851775e+01
    endloop
  endfacet
  facet normal 0.000000e+00 9.238795e-01 -3.826834e-01
    outer loop
      vertex   4.473920e+01 -3.346815e+00 1.851775e+01
      vertex   4.664420e+01 -3.346815e+00 1.851775e+01
      vertex   4.473920e+01 -3.505407e+00 1.813488e+01
    endloop
  endfacet
  facet normal 0.000000e+00 9.238795e-01 -3.826834e-01
    outer loop
      vertex   4.473920e+01 -3.505407e+00 1.813488e+01
      vertex   4.664420e+01 -3.346815e+00 1.851775e+01
      vertex   4.664420e+01 -3.505407e+00 1.813488e+01
    endloop
  endfacet
  facet normal 0.000000e+00 9.914449e-01 -1.305262e-01
    outer loop
      vertex   4.473920e+01 -3.505407e+00 2.386875e+00
      vertex   4.664420e+01 -3.505407e+00 2.386875e+00
      vertex   4.473920e+01 -3.559500e+00 1.976000e+00
    endloop
  endfacet
  facet normal -3.042797e-17 9.914449e-01 -1.305262e-01
    outer loop
      vertex   4.473920e+01 -3.559500e+00 1.976000e+00
      vertex   4.664420e+01 -3.505407e+00 2.386875e+00
      vertex   4.664420e+01 -3.559500e+00 1.976000e+00
    endloop
  endfacet
  facet normal 3.042797e-17 9.914449e-01 1.305262e-01
    outer loop
      vertex   4.473920e+01 -3.559500e+00 1.976000e+00
      vertex   4.664420e+01 -3.559500e+00 1.976000e+00
      vertex   4.473920e+01 -3.505407e+00 1.565125e+00
    endloop
  endfacet
  facet normal -0.000000e+00 9.914449e-01 1.305262e-01
    outer loop
      vertex   4.473920e+01 -3.505407e+00 1.565125e+00
      vertex   4.664420e+01 -3.559500e+00 1.976000e+00
      vertex   4.664420e+01 -3.505407e+00 1.565125e+00
    endloop
  endfacet
  facet normal -0.000000e+00 9.238795e-01 3.826834e-01
    outer loop
      vertex   4.473920e+01 -3.505407e+00 1.565125e+00
      vertex   4.664420e+01 -3.505407e+00 1.565125e+00
      vertex   4.473920e+01 -3.346815e+00 1.182250e+00
    endloop
  endfacet
  facet normal -0.000000e+00 9.238795e-01 3.826834e-01
    outer loop
      vertex   4.473920e+01 -3.346815e+00 1.182250e+00
      vertex   4.664420e+01 -3.505407e+00 1.565125e+00
      vertex   4.664420e+01 -3.346815e+00 1.182250e+00
    endloop
  endfacet
  facet normal -0.000000e+00 7.933533e-01 6.087614e-01
    outer loop
      vertex   4.473920e+01 -3.346815e+00 1.182250e+00
      vertex   4.664420e+01 -3.346815e+00 1.182250e+00
      vertex   4.473920e+01 -3.094532e+00 8.534680e-01
    endloop
  endfacet
  facet normal -0.000000e+00 7.933533e-01 6.087614e-01
    outer loop
      vertex   4.473920e+01 -3.094532e+00 8.534680e-01
      vertex   4.664420e+01 -3.346815e+00 1.182250e+00
      vertex   4.664420e+01 -3.094532e+00 8.534680e-01
    endloop
  endfacet
  facet normal -0.000000e+00 6.087614e-01 7.933533e-01
    outer loop
      vertex   4.473920e+01 -3.094532e+00 8.534680e-01
      vertex   4.664420e+01 -3.094532e+00 8.534680e-01
      vertex   4.473920e+01 -2.765750e+00 6.011847e-01
    endloop
  endfacet
  facet normal -0.000000e+00 6.087614e-01 7.933533e-01
    outer loop
      vertex   4.473920e+01 -2.765750e+00 6.011847e-01
      vertex   4.664420e+01 -3.094532e+00 8.534680e-01
      vertex   4.664420e+01 -2.765750e+00 6.011847e-01
    endloop
  endfacet
  facet normal -0.000000e+00 3.826834e-01 9.238795e-01
    outer loop
      vertex   4.473920e+01 -2.765750e+00 6.011847e-01
      vertex   4.664420e+01 -2.765750e+00 6.011847e-01
      vertex   4.473920e+01 -2.382875e+00 4.425928e-01
    endloop
  endfacet
  facet normal -0.000000e+00 3.826834e-01 9.238795e-01
    outer loop
      vertex   4.473920e+01 -2.382875e+00 4.425928e-01
      vertex   4.664420e+01 -2.765750e+00 6.011847e-01
      vertex   4.664420e+01 -2.382875e+00 4.425928e-01
    endloop
  endfacet
  facet normal -0.000000e+00 1.305262e-01 9.914449e-01
    outer loop
      vertex   4.473920e+01 -2.382875e+00 4.425928e-01
      vertex   4.664420e+01 -2.382875e+00 4.425928e-01
      vertex   4.473920e+01 -1.972000e+00 3.885000e-01
    endloop
  endfacet
  facet normal -0.000000e+00 1.305262e-01 9.914449e-01
    outer loop
      vertex   4.473920e+01 -1.972000e+00 3.885000e-01
      vertex   4.664420e+01 -2.382875e+00 4.425928e-01
      vertex   4.664420e+01 -1.972000e+00 3.885000e-01
    endloop
  endfacet
  facet normal 0.000000e+00 -1.305262e-01 9.914449e-01
    outer loop
      vertex   4.473920e+01 -1.972000e+00 3.885000e-01
      vertex   4.664420e+01 -1.972000e+00 3.885000e-01
      vertex   4.473920e+01 -1.561125e+00 4.425928e-01
    endloop
  endfacet
  facet normal 0.000000e+00 -1.305262e-01 9.914449e-01
    outer loop
      vertex   4.473920e+01 -1.561125e+00 4.425928e-01
      vertex   4.664420e+01 -1.972000e+00 3.885000e-01
      vertex   4.664420e+01 -1.561125e+00 4.425928e-01
    endloop
  endfacet
  facet normal 0.000000e+00 -3.826834e-01 9.238795e-01
    outer loop
      vertex   4.473920e+01 -1.561125e+00 4.425928e-01
      vertex   4.664420e+01 -1.561125e+00 4.425928e-01
      vertex   4.473920e+01 -1.178250e+00 6.011847e-01
    endloop
  endfacet
  facet normal 0.000000e+00 -3.826834e-01 9.238795e-01
    outer loop
      vertex   4.473920e+01 -1.178250e+00 6.011847e-01
      vertex   4.664420e+01 -1.561125e+00 4.425928e-01
      vertex   4.664420e+01 -1.178250e+00 6.011847e-01
    endloop
  endfacet
  facet normal 0.000000e+00 -6.087614e-01 7.933533e-01
    outer loop
      vertex   4.473920e+01 -1.178250e+00 6.011847e-01
      vertex   4.664420e+01 -1.178250e+00 6.011847e-01
      vertex   4.473920e+01 -8.494680e-01 8.534680e-01
    endloop
  endfacet
  facet normal 0.000000e+00 -6.087614e-01 7.933533e-01
    outer loop
      vertex   4.473920e+01 -8.494680e-01 8.534680e-01
      vertex   4.664420e+01 -1.178250e+00 6.011847e-01
      vertex   4.664420e+01 -8.494680e-01 8.534680e-01
    endloop
  endfacet
  facet normal 0.000000e+00 -7.933533e-01 6.087614e-01
    outer loop
      vertex   4.473920e+01 -8.494680e-01 8.534680e-01
      vertex   4.664420e+01 -8.494680e-01 8.534680e-01
      vertex   4.473920e+01 -5.971847e-01 1.182250e+00
    endloop
  endfacet
  facet normal 0.000000e+00 -7.933533e-01 6.087614e-01
    outer loop
      vertex   4.473920e+01 -5.971847e-01 1.182250e+00
      vertex   4.664420e+01 -8.494680e-01 8.534680e-01
      vertex   4.664420e+01 -5.971847e-01 1.182250e+00
    endloop
  endfacet
  facet normal 0.000000e+00 -9.238795e-01 3.826834e-01
    outer loop
      vertex   4.473920e+01 -5.971847e-01 1.182250e+00
      vertex   4.664420e+01 -5.971847e-01 1.182250e+00
      vertex   4.473920e+01 -4.385928e-01 1.565125e+00
    endloop
  endfacet
  facet normal 0.000000e+00 -9.238795e-01 3.826834e-01
    outer loop
      vertex   4.473920e+01 -4.385928e-01 1.565125e+00
      vertex   4.664420e+01 -5.971847e-01 1.182250e+00
      vertex   4.664420e+01 -4.385928e-01 1.565125e+00
    endloop
  endfacet
  facet normal 0.000000e+00 -9.914449e-01 1.305262e-01
    outer loop
      vertex   4.473920e+01 -4.385928e-01 1.565125e+00
      vertex   4.664420e+01 -4.385928e-01 1.565125e+00
      vertex   4.473920e+01 -3.845000e-01 1.976000e+00
    endloop
  endfacet
  facet normal 0.000000e+00 -9.914449e-01 1.305262e-01
    outer loop
      vertex   4.473920e+01 -3.845000e-01 1.976000e+00
      vertex   4.664420e+01 -4.385928e-01 1.565125e+00
      vertex   4.664420e+01 -3.845000e-01 1.976000e+00
    endloop
  endfacet
  facet normal 0.000000e+00 -9.914449e-01 -1.305262e-01
    outer loop
      vertex   4.473920e+01 -3.845000e-01 1.976000e+00
      vertex   4.664420e+01 -3.845000e-01 1.976000e+00
      vertex   4.473920e+01 -4.385928e-01 2.386875e+00
    endloop
  endfacet
  facet normal 0.000000e+00 -9.914449e-01 -1.305262e-01
    outer loop
      vertex   4.473920e+01 -4.385928e-01 2.386875e+00
      vertex   4.664420e+01 -3.845000e-01 1.976000e+00
      vertex   4.664420e+01 -4.385928e-01 2.386875e+00
    endloop
  endfacet
  facet normal 0.000000e+00 -9.238795e-01 -3.826834e-01
    outer loop
      vertex   4.473920e+01 -4.385928e-01 2.386875e+00
      vertex   4.664420e+01 -4.385928e-01 2.386875e+00
      vertex   4.473920e+01 -5.971847e-01 2.769750e+00
    endloop
  endfacet
  facet normal 0.000000e+00 -9.238795e-01 -3.826834e-01
    outer loop
      vertex   4.473920e+01 -5.971847e-01 2.769750e+00
      vertex   4.664420e+01 -4.385928e-01 2.386875e+00
      vertex   4.664420e+01 -5.971847e-01 2.769750e+00
    endloop
  endfacet
  facet normal 0.000000e+00 -7.933533e-01 -6.087614e-01
    outer loop
      vertex   4.473920e+01 -5.971847e-01 2.769750e+00
      vertex   4.664420e+01 -5.971847e-01 2.769750e+00
      vertex   4.473920e+01 -8.494680e-01 3.098532e+00
    endloop
  endfacet
  facet normal 0.000000e+00 -7.933533e-01 -6.087614e-01
    outer loop
      vertex   4.473920e+01 -8.494680e-01 3.098532e+00
      vertex   4.664420e+01 -5.971847e-01 2.769750e+00
      vertex   4.664420e+01 -8.494680e-01 3.098532e+00
    endloop
  endfacet
  facet normal 0.000000e+00 -6.087614e-01 -7.933533e-01
    outer loop
      vertex   4.473920e+01 -8.494680e-01 3.098532e+00
      vertex   4.664420e+01 -8.494680e-01 3.098532e+00
      vertex   4.473920e+01 -1.178250e+00 3.350815e+00
    endloop
  endfacet
  facet normal 0.000000e+00 -6.087614e-01 -7.933533e-01
    outer loop
      vertex   4.473920e+01 -1.178250e+00 3.350815e+00
      vertex   4.664420e+01 -8.494680e-01 3.098532e+00
      vertex   4.664420e+01 -1.178250e+00 3.350815e+00
    endloop
  endfacet
  facet normal 0.000000e+00 -3.826834e-01 -9.238795e-01
    outer loop
      vertex   4.473920e+01 -1.178250e+00 3.350815e+00
      vertex   4.664420e+01 -1.178250e+00 3.350815e+00
      vertex   4.473920e+01 -1.561125e+00 3.509407e+00
    endloop
  endfacet
  facet normal 0.000000e+00 -3.826834e-01 -9.238795e-01
    outer loop
      vertex   4.473920e+01 -1.561125e+00 3.509407e+00
      vertex   4.664420e+01 -1.178250e+00 3.350815e+00
      vertex   4.664420e+01 -1.561125e+00 3.509407e+00
    endloop
  endfacet
  facet normal 0.000000e+00 -1.305262e-01 -9.914449e-01
    outer loop
      vertex   4.473920e+01 -1.561125e+00 3.509407e+00
      vertex   4.664420e+01 -1.561125e+00 3.509407e+00
      vertex   4.473920e+01 -1.972000e+00 3.563500e+00
    endloop
  endfacet
  facet normal 0.000000e+00 -1.305262e-01 -9.914449e-01
    outer loop
      vertex   4.473920e+01 -1.972000e+00 3.563500e+00
      vertex   4.664420e+01 -1.561125e+00 3.509407e+00
      vertex   4.664420e+01 -1.972000e+00 3.563500e+00
    endloop
  endfacet
  facet normal 0.000000e+00 1.305262e-01 -9.914449e-01
    outer loop
      vertex   4.473920e+01 -1.972000e+00 3.563500e+00
      vertex   4.664420e+01 -1.972000e+00 3.563500e+00
      vertex   4.473920e+01 -2.382875e+00 3.509407e+00
    endloop
  endfacet
  facet normal 0.000000e+00 1.305262e-01 -9.914449e-01
    outer loop
      vertex   4.473920e+01 -2.382875e+00 3.509407e+00
      vertex   4.664420e+01 -1.972000e+00 3.563500e+00
      vertex   4.664420e+01 -2.382875e+00 3.509407e+00
    endloop
  endfacet
  facet normal 0.000000e+00 3.826834e-01 -9.238795e-01
    outer loop
      vertex   4.473920e+01 -2.382875e+00 3.509407e+00
      vertex   4.664420e+01 -2.382875e+00 3.509407e+00
      vertex   4.473920e+01 -2.765750e+00 3.350815e+00
    endloop
  endfacet
  facet normal 0.000000e+00 3.826834e-01 -9.238795e-01
    outer loop
      vertex   4.473920e+01 -2.765750e+00 3.350815e+00
      vertex   4.664420e+01 -2.382875e+00 3.509407e+00
      vertex   4.664420e+01 -2.765750e+00 3.350815e+00
    endloop
  endfacet
  facet normal 0.000000e+00 6.087614e-01 -7.933533e-01
    outer loop
      vertex   4.473920e+01 -2.765750e+00 3.350815e+00
      vertex   4.664420e+01 -2.765750e+00 3.350815e+00
      vertex   4.473920e+01 -3.094532e+00 3.098532e+00
    endloop
  endfacet
  facet normal 0.000000e+00 6.087614e-01 -7.933533e-01
    outer loop
      vertex   4.473920e+01 -3.094532e+00 3.098532e+00
      vertex   4.664420e+01 -2.765750e+00 3.350815e+00
      vertex   4.664420e+01 -3.094532e+00 3.098532e+00
    endloop
  endfacet
  facet normal 0.000000e+00 7.933533e-01 -6.087614e-01
    outer loop
      vertex   4.473920e+01 -3.094532e+00 3.098532e+00
      vertex   4.664420e+01 -3.094532e+00 3.098532e+00
      vertex   4.473920e+01 -3.346815e+00 2.769750e+00
    endloop
  endfacet
  facet normal 0.000000e+00 7.933533e-01 -6.087614e-01
    outer loop
      vertex   4.473920e+01 -3.346815e+00 2.769750e+00
      vertex   4.664420e+01 -3.094532e+00 3.098532e+00
      vertex   4.664420e+01 -3.346815e+00 2.769750e+00
    endloop
  endfacet
  facet normal 0.000000e+00 9.238795e-01 -3.826834e-01
    outer loop
      vertex   4.473920e+01 -3.346815e+00 2.769750e+00
      vertex   4.664420e+01 -3.346815e+00 2.769750e+00
      vertex   4.473920e+01 -3.505407e+00 2.386875e+00
    endloop
  endfacet
  facet normal 0.000000e+00 9.238795e-01 -3.826834e-01
    outer loop
      vertex   4.473920e+01 -3.505407e+00 2.386875e+00
      vertex   4.664420e+01 -3.346815e+00 2.769750e+00
      vertex   4.664420e+01 -3.505407e+00 2.386875e+00
    endloop
  endfacet
  facet normal 0.000000e+00 9.932384e-01 -1.160929e-01
    outer loop
      vertex   4.473920e+01 -1.300405e+01 1.053827e+01
      vertex   4.664420e+01 -1.300405e+01 1.053827e+01
      vertex   4.473920e+01 -1.308450e+01 9.850000e+00
    endloop
  endfacet
  facet normal 0.000000e+00 9.932384e-01 -1.160929e-01
    outer loop
      vertex   4.473920e+01 -1.308450e+01 9.850000e+00
      vertex   4.664420e+01 -1.300405e+01 1.053827e+01
      vertex   4.664420e+01 -1.308450e+01 9.850000e+00
    endloop
  endfacet
  facet normal -0.000000e+00 9.932384e-01 1.160929e-01
    outer loop
      vertex   4.473920e+01 -1.308450e+01 9.850000e+00
      vertex   4.664420e+01 -1.308450e+01 9.850000e+00
      vertex   4.473920e+01 -1.300405e+01 9.161727e+00
    endloop
  endfacet
  facet normal -0.000000e+00 9.932384e-01 1.160929e-01
    outer loop
      vertex   4.473920e+01 -1.300405e+01 9.161727e+00
      vertex   4.664420e+01 -1.308450e+01 9.850000e+00
      vertex   4.664420e+01 -1.300405e+01 9.161727e+00
    endloop
  endfacet
  facet normal -0.000000e+00 9.396926e-01 3.420201e-01
    outer loop
      vertex   4.473920e+01 -1.300405e+01 9.161727e+00
      vertex   4.664420e+01 -1.300405e+01 9.161727e+00
      vertex   4.473920e+01 -1.276705e+01 8.510559e+00
    endloop
  endfacet
  facet normal -0.000000e+00 9.396926e-01 3.420201e-01
    outer loop
      vertex   4.473920e+01 -1.276705e+01 8.510559e+00
      vertex   4.664420e+01 -1.300405e+01 9.161727e+00
      vertex   4.664420e+01 -1.276705e+01 8.510559e+00
    endloop
  endfacet
  facet normal -0.000000e+00 8.354878e-01 5.495090e-01
    outer loop
      vertex   4.473920e+01 -1.276705e+01 8.510559e+00
      vertex   4.664420e+01 -1.276705e+01 8.510559e+00
      vertex   4.473920e+01 -1.238626e+01 7.931600e+00
    endloop
  endfacet
  facet normal -0.000000e+00 8.354878e-01 5.495090e-01
    outer loop
      vertex   4.473920e+01 -1.238626e+01 7.931600e+00
      vertex   4.664420e+01 -1.276705e+01 8.510559e+00
      vertex   4.664420e+01 -1.238626e+01 7.931600e+00
    endloop
  endfacet
  facet normal -0.000000e+00 6.862416e-01 7.273736e-01
    outer loop
      vertex   4.473920e+01 -1.238626e+01 7.931600e+00
      vertex   4.664420e+01 -1.238626e+01 7.931600e+00
      vertex   4.473920e+01 -1.188222e+01 7.456063e+00
    endloop
  endfacet
  facet normal -0.000000e+00 6.862416e-01 7.273736e-01
    outer loop
      vertex   4.473920e+01 -1.188222e+01 7.456063e+00
      vertex   4.664420e+01 -1.238626e+01 7.931600e+00
      vertex   4.664420e+01 -1.188222e+01 7.456063e+00
    endloop
  endfacet
  facet normal -0.000000e+00 5.000000e-01 8.660254e-01
    outer loop
      vertex   4.473920e+01 -1.188222e+01 7.456063e+00
      vertex   4.664420e+01 -1.188222e+01 7.456063e+00
      vertex   4.473920e+01 -1.128210e+01 7.109584e+00
    endloop
  endfacet
  facet normal -0.000000e+00 5.000000e-01 8.660254e-01
    outer loop
      vertex   4.473920e+01 -1.128210e+01 7.109584e+00
      vertex   4.664420e+01 -1.188222e+01 7.456063e+00
      vertex   4.664420e+01 -1.128210e+01 7.109584e+00
    endloop
  endfacet
  facet normal -0.000000e+00 2.868032e-01 9.579895e-01
    outer loop
      vertex   4.473920e+01 -1.128210e+01 7.109584e+00
      vertex   4.664420e+01 -1.128210e+01 7.109584e+00
      vertex   4.473920e+01 -1.061825e+01 6.910841e+00
    endloop
  endfacet
  facet normal -0.000000e+00 2.868032e-01 9.579895e-01
    outer loop
      vertex   4.473920e+01 -1.061825e+01 6.910841e+00
      vertex   4.664420e+01 -1.128210e+01 7.109584e+00
      vertex   4.664420e+01 -1.061825e+01 6.910841e+00
    endloop
  endfacet
  facet normal -0.000000e+00 5.814483e-02 9.983082e-01
    outer loop
      vertex   4.473920e+01 -1.061825e+01 6.910841e+00
      vertex   4.664420e+01 -1.061825e+01 6.910841e+00
      vertex   4.473920e+01 -9.926467e+00 6.870549e+00
    endloop
  endfacet
  facet normal -0.000000e+00 5.814483e-02 9.983082e-01
    outer loop
      vertex   4.473920e+01 -9.926467e+00 6.870549e+00
      vertex   4.664420e+01 -1.061825e+01 6.910841e+00
      vertex   4.664420e+01 -9.926467e+00 6.870549e+00
    endloop
  endfacet
  facet normal 0.000000e+00 -1.736482e-01 9.848078e-01
    outer loop
      vertex   4.473920e+01 -9.926467e+00 6.870549e+00
      vertex   4.664420e+01 -9.926467e+00 6.870549e+00
      vertex   4.473920e+01 -9.244036e+00 6.990880e+00
    endloop
  endfacet
  facet normal 0.000000e+00 -1.736482e-01 9.848078e-01
    outer loop
      vertex   4.473920e+01 -9.244036e+00 6.990880e+00
      vertex   4.664420e+01 -9.926467e+00 6.870549e+00
      vertex   4.664420e+01 -9.244036e+00 6.990880e+00
    endloop
  endfacet
  facet normal 0.000000e+00 -3.960798e-01 9.182161e-01
    outer loop
      vertex   4.473920e+01 -9.244036e+00 6.990880e+00
      vertex   4.664420e+01 -9.244036e+00 6.990880e+00
      vertex   4.473920e+01 -8.607750e+00 7.265347e+00
    endloop
  endfacet
  facet normal 0.000000e+00 -3.960798e-01 9.182161e-01
    outer loop
      vertex   4.473920e+01 -8.607750e+00 7.265347e+00
      vertex   4.664420e+01 -9.244036e+00 6.990880e+00
      vertex   4.664420e+01 -8.607750e+00 7.265347e+00
    endloop
  endfacet
  facet normal 0.000000e+00 -5.971586e-01 8.021232e-01
    outer loop
      vertex   4.473920e+01 -8.607750e+00 7.265347e+00
      vertex   4.664420e+01 -8.607750e+00 7.265347e+00
      vertex   4.473920e+01 -8.051912e+00 7.679153e+00
    endloop
  endfacet
  facet normal 0.000000e+00 -5.971586e-01 8.021232e-01
    outer loop
      vertex   4.473920e+01 -8.051912e+00 7.679153e+00
      vertex   4.664420e+01 -8.607750e+00 7.265347e+00
      vertex   4.664420e+01 -8.051912e+00 7.679153e+00
    endloop
  endfacet
  facet normal 0.000000e+00 -7.660444e-01 6.427876e-01
    outer loop
      vertex   4.473920e+01 -8.051912e+00 7.679153e+00
      vertex   4.664420e+01 -8.051912e+00 7.679153e+00
      vertex   4.473920e+01 -7.606487e+00 8.209990e+00
    endloop
  endfacet
  facet normal 0.000000e+00 -7.660444e-01 6.427876e-01
    outer loop
      vertex   4.473920e+01 -7.606487e+00 8.209990e+00
      vertex   4.664420e+01 -8.051912e+00 7.679153e+00
      vertex   4.664420e+01 -7.606487e+00 8.209990e+00
    endloop
  endfacet
  facet normal 0.000000e+00 -8.936326e-01 4.487992e-01
    outer loop
      vertex   4.473920e+01 -7.606487e+00 8.209990e+00
      vertex   4.664420e+01 -7.606487e+00 8.209990e+00
      vertex   4.473920e+01 -7.295487e+00 8.829241e+00
    endloop
  endfacet
  facet normal 0.000000e+00 -8.936326e-01 4.487992e-01
    outer loop
      vertex   4.473920e+01 -7.295487e+00 8.829241e+00
      vertex   4.664420e+01 -7.606487e+00 8.209990e+00
      vertex   4.664420e+01 -7.295487e+00 8.829241e+00
    endloop
  endfacet
  facet normal 0.000000e+00 -9.730449e-01 2.306159e-01
    outer loop
      vertex   4.473920e+01 -7.295487e+00 8.829241e+00
      vertex   4.664420e+01 -7.295487e+00 8.829241e+00
      vertex   4.473920e+01 -7.135680e+00 9.503521e+00
    endloop
  endfacet
  facet normal 0.000000e+00 -9.730449e-01 2.306159e-01
    outer loop
      vertex   4.473920e+01 -7.135680e+00 9.503521e+00
      vertex   4.664420e+01 -7.295487e+00 8.829241e+00
      vertex   4.664420e+01 -7.135680e+00 9.503521e+00
    endloop
  endfacet
  facet normal 0.000000e+00 -1.000000e+00 0.000000e+00
    outer loop
      vertex   4.473920e+01 -7.135680e+00 9.503521e+00
      vertex   4.664420e+01 -7.135680e+00 9.503521e+00
      vertex   4.473920e+01 -7.135680e+00 1.019648e+01
    endloop
  endfacet
  facet normal 0.000000e+00 -1.000000e+00 0.000000e+00
    outer loop
      vertex   4.473920e+01 -7.135680e+00 1.019648e+01
      vertex   4.664420e+01 -7.135680e+00 9.503521e+00
      vertex   4.664420e+01 -7.135680e+00 1.019648e+01
    endloop
  endfacet
  facet normal 0.000000e+00 -9.730449e-01 -2.306159e-01
    outer loop
      vertex   4.473920e+01 -7.135680e+00 1.019648e+01
      vertex   4.664420e+01 -7.135680e+00 1.019648e+01
      vertex   4.473920e+01 -7.295487e+00 1.087076e+01
    endloop
  endfacet
  facet normal 0.000000e+00 -9.730449e-01 -2.306159e-01
    outer loop
      vertex   4.473920e+01 -7.295487e+00 1.087076e+01
      vertex   4.664420e+01 -7.135680e+00 1.019648e+01
      vertex   4.664420e+01 -7.295487e+00 1.087076e+01
    endloop
  endfacet
  facet normal 0.000000e+00 -8.936326e-01 -4.487992e-01
    outer loop
      vertex   4.473920e+01 -7.295487e+00 1.087076e+01
      vertex   4.664420e+01 -7.295487e+00 1.087076e+01
      vertex   4.473920e+01 -7.606487e+00 1.149001e+01
    endloop
  endfacet
  facet normal 0.000000e+00 -8.936326e-01 -4.487992e-01
    outer loop
      vertex   4.473920e+01 -7.606487e+00 1.149001e+01
      vertex   4.664420e+01 -7.295487e+00 1.087076e+01
      vertex   4.664420e+01 -7.606487e+00 1.149001e+01
    endloop
  endfacet
  facet normal 0.000000e+00 -7.660444e-01 -6.427876e-01
    outer loop
      vertex   4.473920e+01 -7.606487e+00 1.149001e+01
      vertex   4.664420e+01 -7.606487e+00 1.149001e+01
      vertex   4.473920e+01 -8.051912e+00 1.202085e+01
    endloop
  endfacet
  facet normal 0.000000e+00 -7.660444e-01 -6.427876e-01
    outer loop
      vertex   4.473920e+01 -8.051912e+00 1.202085e+01
      vertex   4.664420e+01 -7.606487e+00 1.149001e+01
      vertex   4.664420e+01 -8.051912e+00 1.202085e+01
    endloop
  endfacet
  facet normal 0.000000e+00 -5.971586e-01 -8.021232e-01
    outer loop
      vertex   4.473920e+01 -8.051912e+00 1.202085e+01
      vertex   4.664420e+01 -8.051912e+00 1.202085e+01
      vertex   4.473920e+01 -8.607750e+00 1.243465e+01
    endloop
  endfacet
  facet normal 0.000000e+00 -5.971586e-01 -8.021232e-01
    outer loop
      vertex   4.473920e+01 -8.607750e+00 1.243465e+01
      vertex   4.664420e+01 -8.051912e+00 1.202085e+01
      vertex   4.664420e+01 -8.607750e+00 1.243465e+01
    endloop
  endfacet
  facet normal 0.000000e+00 -3.960798e-01 -9.182161e-01
    outer loop
      vertex   4.473920e+01 -8.607750e+00 1.243465e+01
      vertex   4.664420e+01 -8.607750e+00 1.243465e+01
      vertex   4.473920e+01 -9.244036e+00 1.270912e+01
    endloop
  endfacet
  facet normal 0.000000e+00 -3.960798e-01 -9.182161e-01
    outer loop
      vertex   4.473920e+01 -9.244036e+00 1.270912e+01
      vertex   4.664420e+01 -8.607750e+00 1.243465e+01
      vertex   4.664420e+01 -9.244036e+00 1.270912e+01
    endloop
  endfacet
  facet normal 0.000000e+00 -1.736482e-01 -9.848078e-01
    outer loop
      vertex   4.473920e+01 -9.244036e+00 1.270912e+01
      vertex   4.664420e+01 -9.244036e+00 1.270912e+01
      vertex   4.473920e+01 -9.926467e+00 1.282945e+01
    endloop
  endfacet
  facet normal 0.000000e+00 -1.736482e-01 -9.848078e-01
    outer loop
      vertex   4.473920e+01 -9.926467e+00 1.282945e+01
      vertex   4.664420e+01 -9.244036e+00 1.270912e+01
      vertex   4.664420e+01 -9.926467e+00 1.282945e+01
    endloop
  endfacet
  facet normal 0.000000e+00 5.814483e-02 -9.983082e-01
    outer loop
      vertex   4.473920e+01 -9.926467e+00 1.282945e+01
      vertex   4.664420e+01 -9.926467e+00 1.282945e+01
      vertex   4.473920e+01 -1.061825e+01 1.278916e+01
    endloop
  endfacet
  facet normal 0.000000e+00 5.814483e-02 -9.983082e-01
    outer loop
      vertex   4.473920e+01 -1.061825e+01 1.278916e+01
      vertex   4.664420e+01 -9.926467e+00 1.282945e+01
      vertex   4.664420e+01 -1.061825e+01 1.278916e+01
    endloop
  endfacet
  facet normal 0.000000e+00 2.868032e-01 -9.579895e-01
    outer loop
      vertex   4.473920e+01 -1.061825e+01 1.278916e+01
      vertex   4.664420e+01 -1.061825e+01 1.278916e+01
      vertex   4.473920e+01 -1.128210e+01 1.259042e+01
    endloop
  endfacet
  facet normal 0.000000e+00 2.868032e-01 -9.579895e-01
    outer loop
      vertex   4.473920e+01 -1.128210e+01 1.259042e+01
      vertex   4.664420e+01 -1.061825e+01 1.278916e+01
      vertex   4.664420e+01 -1.128210e+01 1.259042e+01
    endloop
  endfacet
  facet normal 0.000000e+00 5.000000e-01 -8.660254e-01
    outer loop
      vertex   4.473920e+01 -1.128210e+01 1.259042e+01
      vertex   4.664420e+01 -1.128210e+01 1.259042e+01
      vertex   4.473920e+01 -1.188222e+01 1.224394e+01
    endloop
  endfacet
  facet normal 0.000000e+00 5.000000e-01 -8.660254e-01
    outer loop
      vertex   4.473920e+01 -1.188222e+01 1.224394e+01
      vertex   4.664420e+01 -1.128210e+01 1.259042e+01
      vertex   4.664420e+01 -1.188222e+01 1.224394e+01
    endloop
  endfacet
  facet normal 0.000000e+00 6.862416e-01 -7.273736e-01
    outer loop
      vertex   4.473920e+01 -1.188222e+01 1.224394e+01
      vertex   4.664420e+01 -1.188222e+01 1.224394e+01
      vertex   4.473920e+01 -1.238626e+01 1.176840e+01
    endloop
  endfacet
  facet normal 0.000000e+00 6.862416e-01 -7.273736e-01
    outer loop
      vertex   4.473920e+01 -1.238626e+01 1.176840e+01
      vertex   4.664420e+01 -1.188222e+01 1.224394e+01
      vertex   4.664420e+01 -1.238626e+01 1.176840e+01
    endloop
  endfacet
  facet normal 0.000000e+00 8.354878e-01 -5.495090e-01
    outer loop
      vertex   4.473920e+01 -1.238626e+01 1.176840e+01
      vertex   4.664420e+01 -1.238626e+01 1.176840e+01
      vertex   4.473920e+01 -1.276705e+01 1.118944e+01
    endloop
  endfacet
  facet normal 0.000000e+00 8.354878e-01 -5.495090e-01
    outer loop
      vertex   4.473920e+01 -1.276705e+01 1.118944e+01
      vertex   4.664420e+01 -1.238626e+01 1.176840e+01
      vertex   4.664420e+01 -1.276705e+01 1.118944e+01
    endloop
  endfacet
  facet normal 0.000000e+00 9.396926e-01 -3.420201e-01
    outer loop
      vertex   4.473920e+01 -1.276705e+01 1.118944e+01
      vertex   4.664420e+01 -1.276705e+01 1.118944e+01
      vertex   4.473920e+01 -1.300405e+01 1.053827e+01
    endloop
  endfacet
  facet normal 0.000000e+00 9.396926e-01 -3.420201e-01
    outer loop
      vertex   4.473920e+01 -1.300405e+01 1.053827e+01
      vertex   4.664420e+01 -1.276705e+01 1.118944e+01
      vertex   4.664420e+01 -1.300405e+01 1.053827e+01
    endloop
  endfacet
  facet normal 0.000000e+00 9.914449e-01 -1.305262e-01
    outer loop
      vertex   4.473920e+01 -1.976141e+01 2.386875e+00
      vertex   4.664420e+01 -1.976141e+01 2.386875e+00
      vertex   4.473920e+01 -1.981550e+01 1.976000e+00
    endloop
  endfacet
  facet normal -3.042797e-17 9.914449e-01 -1.305262e-01
    outer loop
      vertex   4.473920e+01 -1.981550e+01 1.976000e+00
      vertex   4.664420e+01 -1.976141e+01 2.386875e+00
      vertex   4.664420e+01 -1.981550e+01 1.976000e+00
    endloop
  endfacet
  facet normal 3.042797e-17 9.914449e-01 1.305262e-01
    outer loop
      vertex   4.473920e+01 -1.981550e+01 1.976000e+00
      vertex   4.664420e+01 -1.981550e+01 1.976000e+00
      vertex   4.473920e+01 -1.976141e+01 1.565125e+00
    endloop
  endfacet
  facet normal -0.000000e+00 9.914449e-01 1.305262e-01
    outer loop
      vertex   4.473920e+01 -1.976141e+01 1.565125e+00
      vertex   4.664420e+01 -1.981550e+01 1.976000e+00
      vertex   4.664420e+01 -1.976141e+01 1.565125e+00
    endloop
  endfacet
  facet normal -0.000000e+00 9.238795e-01 3.826834e-01
    outer loop
      vertex   4.473920e+01 -1.976141e+01 1.565125e+00
      vertex   4.664420e+01 -1.976141e+01 1.565125e+00
      vertex   4.473920e+01 -1.960282e+01 1.182250e+00
    endloop
  endfacet
  facet normal -0.000000e+00 9.238795e-01 3.826834e-01
    outer loop
      vertex   4.473920e+01 -1.960282e+01 1.182250e+00
      vertex   4.664420e+01 -1.976141e+01 1.565125e+00
      vertex   4.664420e+01 -1.960282e+01 1.182250e+00
    endloop
  endfacet
  facet normal -0.000000e+00 7.933533e-01 6.087614e-01
    outer loop
      vertex   4.473920e+01 -1.960282e+01 1.182250e+00
      vertex   4.664420e+01 -1.960282e+01 1.182250e+00
      vertex   4.473920e+01 -1.935053e+01 8.534680e-01
    endloop
  endfacet
  facet normal -0.000000e+00 7.933533e-01 6.087614e-01
    outer loop
      vertex   4.473920e+01 -1.935053e+01 8.534680e-01
      vertex   4.664420e+01 -1.960282e+01 1.182250e+00
      vertex   4.664420e+01 -1.935053e+01 8.534680e-01
    endloop
  endfacet
  facet normal -0.000000e+00 6.087614e-01 7.933533e-01
    outer loop
      vertex   4.473920e+01 -1.935053e+01 8.534680e-01
      vertex   4.664420e+01 -1.935053e+01 8.534680e-01
      vertex   4.473920e+01 -1.902175e+01 6.011847e-01
    endloop
  endfacet
  facet normal -0.000000e+00 6.087614e-01 7.933533e-01
    outer loop
      vertex   4.473920e+01 -1.902175e+01 6.011847e-01
      vertex   4.664420e+01 -1.935053e+01 8.534680e-01
      vertex   4.664420e+01 -1.902175e+01 6.011847e-01
    endloop
  endfacet
  facet normal -0.000000e+00 3.826834e-01 9.238795e-01
    outer loop
      vertex   4.473920e+01 -1.902175e+01 6.011847e-01
      vertex   4.664420e+01 -1.902175e+01 6.011847e-01
      vertex   4.473920e+01 -1.863888e+01 4.425928e-01
    endloop
  endfacet
  facet normal -0.000000e+00 3.826834e-01 9.238795e-01
    outer loop
      vertex   4.473920e+01 -1.863888e+01 4.425928e-01
      vertex   4.664420e+01 -1.902175e+01 6.011847e-01
      vertex   4.664420e+01 -1.863888e+01 4.425928e-01
    endloop
  endfacet
  facet normal -0.000000e+00 1.305262e-01 9.914449e-01
    outer loop
      vertex   4.473920e+01 -1.863888e+01 4.425928e-01
      vertex   4.664420e+01 -1.863888e+01 4.425928e-01
      vertex   4.473920e+01 -1.822800e+01 3.885000e-01
    endloop
  endfacet
  facet normal -0.000000e+00 1.305262e-01 9.914449e-01
    outer loop
      vertex   4.473920e+01 -1.822800e+01 3.885000e-01
      vertex   4.664420e+01 -1.863888e+01 4.425928e-01
      vertex   4.664420e+01 -1.822800e+01 3.885000e-01
    endloop
  endfacet
  facet normal 0.000000e+00 -1.305262e-01 9.914449e-01
    outer loop
      vertex   4.473920e+01 -1.822800e+01 3.885000e-01
      vertex   4.664420e+01 -1.822800e+01 3.885000e-01
      vertex   4.473920e+01 -1.781712e+01 4.425928e-01
    endloop
  endfacet
  facet normal 0.000000e+00 -1.305262e-01 9.914449e-01
    outer loop
      vertex   4.473920e+01 -1.781712e+01 4.425928e-01
      vertex   4.664420e+01 -1.822800e+01 3.885000e-01
      vertex   4.664420e+01 -1.781712e+01 4.425928e-01
    endloop
  endfacet
  facet normal 0.000000e+00 -3.826834e-01 9.238795e-01
    outer loop
      vertex   4.473920e+01 -1.781712e+01 4.425928e-01
      vertex   4.664420e+01 -1.781712e+01 4.425928e-01
      vertex   4.473920e+01 -1.743425e+01 6.011847e-01
    endloop
  endfacet
  facet normal 0.000000e+00 -3.826834e-01 9.238795e-01
    outer loop
      vertex   4.473920e+01 -1.743425e+01 6.011847e-01
      vertex   4.664420e+01 -1.781712e+01 4.425928e-01
      vertex   4.664420e+01 -1.743425e+01 6.011847e-01
    endloop
  endfacet
  facet normal 0.000000e+00 -6.087614e-01 7.933533e-01
    outer loop
      vertex   4.473920e+01 -1.743425e+01 6.011847e-01
      vertex   4.664420e+01 -1.743425e+01 6.011847e-01
      vertex   4.473920e+01 -1.710547e+01 8.534680e-01
    endloop
  endfacet
  facet normal 0.000000e+00 -6.087614e-01 7.933533e-01
    outer loop
      vertex   4.473920e+01 -1.710547e+01 8.534680e-01
      vertex   4.664420e+01 -1.743425e+01 6.011847e-01
      vertex   4.664420e+01 -1.710547e+01 8.534680e-01
    endloop
  endfacet
  facet normal 0.000000e+00 -7.933533e-01 6.087614e-01
    outer loop
      vertex   4.473920e+01 -1.710547e+01 8.534680e-01
      vertex   4.664420e+01 -1.710547e+01 8.534680e-01
      vertex   4.473920e+01 -1.685318e+01 1.182250e+00
    endloop
  endfacet
  facet normal 0.000000e+00 -7.933533e-01 6.087614e-01
    outer loop
      vertex   4.473920e+01 -1.685318e+01 1.182250e+00
      vertex   4.664420e+01 -1.710547e+01 8.534680e-01
      vertex   4.664420e+01 -1.685318e+01 1.182250e+00
    endloop
  endfacet
  facet normal 0.000000e+00 -9.238795e-01 3.826834e-01
    outer loop
      vertex   4.473920e+01 -1.685318e+01 1.182250e+00
      vertex   4.664420e+01 -1.685318e+01 1.182250e+00
      vertex   4.473920e+01 -1.669459e+01 1.565125e+00
    endloop
  endfacet
  facet normal 0.000000e+00 -9.238795e-01 3.826834e-01
    outer loop
      vertex   4.473920e+01 -1.669459e+01 1.565125e+00
      vertex   4.664420e+01 -1.685318e+01 1.182250e+00
      vertex   4.664420e+01 -1.669459e+01 1.565125e+00
    endloop
  endfacet
  facet normal 0.000000e+00 -9.914449e-01 1.305262e-01
    outer loop
      vertex   4.473920e+01 -1.669459e+01 1.565125e+00
      vertex   4.664420e+01 -1.669459e+01 1.565125e+00
      vertex   4.473920e+01 -1.664050e+01 1.976000e+00
    endloop
  endfacet
  facet normal 0.000000e+00 -9.914449e-01 1.305262e-01
    outer loop
      vertex   4.473920e+01 -1.664050e+01 1.976000e+00
      vertex   4.664420e+01 -1.669459e+01 1.565125e+00
      vertex   4.664420e+01 -1.664050e+01 1.976000e+00
    endloop
  endfacet
  facet normal 0.000000e+00 -9.914449e-01 -1.305262e-01
    outer loop
      vertex   4.473920e+01 -1.664050e+01 1.976000e+00
      vertex   4.664420e+01 -1.664050e+01 1.976000e+00
      vertex   4.473920e+01 -1.669459e+01 2.386875e+00
    endloop
  endfacet
  facet normal 0.000000e+00 -9.914449e-01 -1.305262e-01
    outer loop
      vertex   4.473920e+01 -1.669459e+01 2.386875e+00
      vertex   4.664420e+01 -1.664050e+01 1.976000e+00
      vertex   4.664420e+01 -1.669459e+01 2.386875e+00
    endloop
  endfacet
  facet normal 0.000000e+00 -9.238795e-01 -3.826834e-01
    outer loop
      vertex   4.473920e+01 -1.669459e+01 2.386875e+00
      vertex   4.664420e+01 -1.669459e+01 2.386875e+00
      vertex   4.473920e+01 -1.685318e+01 2.769750e+00
    endloop
  endfacet
  facet normal 0.000000e+00 -9.238795e-01 -3.826834e-01
    outer loop
      vertex   4.473920e+01 -1.685318e+01 2.769750e+00
      vertex   4.664420e+01 -1.669459e+01 2.386875e+00
      vertex   4.664420e+01 -1.685318e+01 2.769750e+00
    endloop
  endfacet
  facet normal 0.000000e+00 -7.933533e-01 -6.087614e-01
    outer loop
      vertex   4.473920e+01 -1.685318e+01 2.769750e+00
      vertex   4.664420e+01 -1.685318e+01 2.769750e+00
      vertex   4.473920e+01 -1.710547e+01 3.098532e+00
    endloop
  endfacet
  facet normal 0.000000e+00 -7.933533e-01 -6.087614e-01
    outer loop
      vertex   4.473920e+01 -1.710547e+01 3.098532e+00
      vertex   4.664420e+01 -1.685318e+01 2.769750e+00
      vertex   4.664420e+01 -1.710547e+01 3.098532e+00
    endloop
  endfacet
  facet normal 0.000000e+00 -6.087614e-01 -7.933533e-01
    outer loop
      vertex   4.473920e+01 -1.710547e+01 3.098532e+00
      vertex   4.664420e+01 -1.710547e+01 3.098532e+00
      vertex   4.473920e+01 -1.743425e+01 3.350815e+00
    endloop
  endfacet
  facet normal 0.000000e+00 -6.087614e-01 -7.933533e-01
    outer loop
      vertex   4.473920e+01 -1.743425e+01 3.350815e+00
      vertex   4.664420e+01 -1.710547e+01 3.098532e+00
      vertex   4.664420e+01 -1.743425e+01 3.350815e+00
    endloop
  endfacet
  facet normal 0.000000e+00 -3.826834e-01 -9.238795e-01
    outer loop
      vertex   4.473920e+01 -1.743425e+01 3.350815e+00
      vertex   4.664420e+01 -1.743425e+01 3.350815e+00
      vertex   4.473920e+01 -1.781712e+01 3.509407e+00
    endloop
  endfacet
  facet normal 0.000000e+00 -3.826834e-01 -9.238795e-01
    outer loop
      vertex   4.473920e+01 -1.781712e+01 3.509407e+00
      vertex   4.664420e+01 -1.743425e+01 3.350815e+00
      vertex   4.664420e+01 -1.781712e+01 3.509407e+00
    endloop
  endfacet
  facet normal 0.000000e+00 -1.305262e-01 -9.914449e-01
    outer loop
      vertex   4.473920e+01 -1.781712e+01 3.509407e+00
      vertex   4.664420e+01 -1.781712e+01 3.509407e+00
      vertex   4.473920e+01 -1.822800e+01 3.563500e+00
    endloop
  endfacet
  facet normal 0.000000e+00 -1.305262e-01 -9.914449e-01
    outer loop
      vertex   4.473920e+01 -1.822800e+01 3.563500e+00
      vertex   4.664420e+01 -1.781712e+01 3.509407e+00
      vertex   4.664420e+01 -1.822800e+01 3.563500e+00
    endloop
  endfacet
  facet normal 0.000000e+00 1.305262e-01 -9.914449e-01
    outer loop
      vertex   4.473920e+01 -1.822800e+01 3.563500e+00
      vertex   4.664420e+01 -1.822800e+01 3.563500e+00
      vertex   4.473920e+01 -1.863888e+01 3.509407e+00
    endloop
  endfacet
  facet normal 0.000000e+00 1.305262e-01 -9.914449e-01
    outer loop
      vertex   4.473920e+01 -1.863888e+01 3.509407e+00
      vertex   4.664420e+01 -1.822800e+01 3.563500e+00
      vertex   4.664420e+01 -1.863888e+01 3.509407e+00
    endloop
  endfacet
  facet normal 0.000000e+00 3.826834e-01 -9.238795e-01
    outer loop
      vertex   4.473920e+01 -1.863888e+01 3.509407e+00
      vertex   4.664420e+01 -1.863888e+01 3.509407e+00
      vertex   4.473920e+01 -1.902175e+01 3.350815e+00
    endloop
  endfacet
  facet normal 0.000000e+00 3.826834e-01 -9.238795e-01
    outer loop
      vertex   4.473920e+01 -1.902175e+01 3.350815e+00
      vertex   4.664420e+01 -1.863888e+01 3.509407e+00
      vertex   4.664420e+01 -1.902175e+01 3.350815e+00
    endloop
  endfacet
  facet normal 0.000000e+00 6.087614e-01 -7.933533e-01
    outer loop
      vertex   4.473920e+01 -1.902175e+01 3.350815e+00
      vertex   4.664420e+01 -1.902175e+01 3.350815e+00
      vertex   4.473920e+01 -1.935053e+01 3.098532e+00
    endloop
  endfacet
  facet normal 0.000000e+00 6.087614e-01 -7.933533e-01
    outer loop
      vertex   4.473920e+01 -1.935053e+01 3.098532e+00
      vertex   4.664420e+01 -1.902175e+01 3.350815e+00
      vertex   4.664420e+01 -1.935053e+01 3.098532e+00
    endloop
  endfacet
  facet normal 0.000000e+00 7.933533e-01 -6.087614e-01
    outer loop
      vertex   4.473920e+01 -1.935053e+01 3.098532e+00
      vertex   4.664420e+01 -1.935053e+01 3.098532e+00
      vertex   4.473920e+01 -1.960282e+01 2.769750e+00
    endloop
  endfacet
  facet normal 0.000000e+00 7.933533e-01 -6.087614e-01
    outer loop
      vertex   4.473920e+01 -1.960282e+01 2.769750e+00
      vertex   4.664420e+01 -1.935053e+01 3.098532e+00
      vertex   4.664420e+01 -1.960282e+01 2.769750e+00
    endloop
  endfacet
  facet normal 0.000000e+00 9.238795e-01 -3.826834e-01
    outer loop
      vertex   4.473920e+01 -1.960282e+01 2.769750e+00
      vertex   4.664420e+01 -1.960282e+01 2.769750e+00
      vertex   4.473920e+01 -1.976141e+01 2.386875e+00
    endloop
  endfacet
  facet normal 0.000000e+00 9.238795e-01 -3.826834e-01
    outer loop
      vertex   4.473920e+01 -1.976141e+01 2.386875e+00
      vertex   4.664420e+01 -1.960282e+01 2.769750e+00
      vertex   4.664420e+01 -1.976141e+01 2.386875e+00
    endloop
  endfacet
  facet normal 0.000000e+00 1.000000e+00 4.741377e-17
    outer loop
      vertex   4.664420e+01 4.187500e+00 -1.522500e+01
      vertex   4.156420e+01 4.187500e+00 -1.522500e+01
      vertex   4.664420e+01 4.187500e+00 2.224000e+01
    endloop
  endfacet
  facet normal 0.000000e+00 1.000000e+00 4.741377e-17
    outer loop
      vertex   4.664420e+01 4.187500e+00 2.224000e+01
      vertex   4.156420e+01 4.187500e+00 -1.522500e+01
      vertex   4.156420e+01 4.187500e+00 2.224000e+01
    endloop
  endfacet
  facet normal 1.000000e+00 0.000000e+00 0.000000e+00
    outer loop
      vertex   4.664420e+01 -1.848689e+01 1.607789e+01
      vertex   4.664420e+01 -2.438750e+01 2.224000e+01
      vertex   4.664420e+01 -1.848689e+01 5.400106e+00
    endloop
  endfacet
  facet normal 1.000000e+00 0.000000e+00 0.000000e+00
    outer loop
      vertex   4.664420e+01 -1.848689e+01 5.400106e+00
      vertex   4.664420e+01 -2.438750e+01 2.224000e+01
      vertex   4.664420e+01 -1.960282e+01 2.769750e+00
    endloop
  endfacet
  facet normal 1.000000e+00 0.000000e+00 0.000000e+00
    outer loop
      vertex   4.664420e+01 -1.848689e+01 5.400106e+00
      vertex   4.664420e+01 -1.960282e+01 2.769750e+00
      vertex   4.664420e+01 -1.935053e+01 3.098532e+00
    endloop
  endfacet
  facet normal 1.000000e+00 0.000000e+00 -0.000000e+00
    outer loop
      vertex   4.664420e+01 -1.848689e+01 1.607789e+01
      vertex   4.664420e+01 -1.542911e+01 1.607789e+01
      vertex   4.664420e+01 -2.438750e+01 2.224000e+01
    endloop
  endfacet
  facet normal 1.000000e+00 0.000000e+00 0.000000e+00
    outer loop
      vertex   4.664420e+01 -2.438750e+01 2.224000e+01
      vertex   4.664420e+01 -1.542911e+01 1.607789e+01
      vertex   4.664420e+01 -3.094532e+00 1.884653e+01
    endloop
  endfacet
  facet normal 1.000000e+00 0.000000e+00 0.000000e+00
    outer loop
      vertex   4.664420e+01 -2.438750e+01 2.224000e+01
      vertex   4.664420e+01 -3.094532e+00 1.884653e+01
      vertex   4.664420e+01 -2.765750e+00 1.909882e+01
    endloop
  endfacet
  facet normal 1.000000e+00 0.000000e+00 0.000000e+00
    outer loop
      vertex   4.664420e+01 -1.542911e+01 5.400106e+00
      vertex   4.664420e+01 -1.308450e+01 9.850000e+00
      vertex   4.664420e+01 -1.542911e+01 1.607789e+01
    endloop
  endfacet
  facet normal 1.000000e+00 0.000000e+00 0.000000e+00
    outer loop
      vertex   4.664420e+01 -1.542911e+01 1.607789e+01
      vertex   4.664420e+01 -1.308450e+01 9.850000e+00
      vertex   4.664420e+01 -1.300405e+01 1.053827e+01
    endloop
  endfacet
  facet normal 1.000000e+00 0.000000e+00 0.000000e+00
    outer loop
      vertex   4.664420e+01 -1.542911e+01 1.607789e+01
      vertex   4.664420e+01 -1.300405e+01 1.053827e+01
      vertex   4.664420e+01 -1.276705e+01 1.118944e+01
    endloop
  endfacet
  facet normal 1.000000e+00 0.000000e+00 0.000000e+00
    outer loop
      vertex   4.664420e+01 -1.848689e+01 5.400106e+00
      vertex   4.664420e+01 -1.743425e+01 3.350815e+00
      vertex   4.664420e+01 -1.542911e+01 5.400106e+00
    endloop
  endfacet
  facet normal 1.000000e+00 0.000000e+00 0.000000e+00
    outer loop
      vertex   4.664420e+01 -1.542911e+01 5.400106e+00
      vertex   4.664420e+01 -1.743425e+01 3.350815e+00
      vertex   4.664420e+01 -1.710547e+01 3.098532e+00
    endloop
  endfacet
  facet normal 1.000000e+00 0.000000e+00 0.000000e+00
    outer loop
      vertex   4.664420e+01 -1.542911e+01 5.400106e+00
      vertex   4.664420e+01 -1.710547e+01 3.098532e+00
      vertex   4.664420e+01 -1.685318e+01 2.769750e+00
    endloop
  endfacet
  facet normal 1.000000e+00 0.000000e+00 0.000000e+00
    outer loop
      vertex   4.664420e+01 -4.766000e+00 1.391400e+01
      vertex   4.664420e+01 -7.135680e+00 1.019648e+01
      vertex   4.664420e+01 -4.766000e+00 5.786000e+00
    endloop
  endfacet
  facet normal 1.000000e+00 0.000000e+00 0.000000e+00
    outer loop
      vertex   4.664420e+01 -4.766000e+00 5.786000e+00
      vertex   4.664420e+01 -7.135680e+00 1.019648e+01
      vertex   4.664420e+01 -7.135680e+00 9.503521e+00
    endloop
  endfacet
  facet normal 1.000000e+00 0.000000e+00 0.000000e+00
    outer loop
      vertex   4.664420e+01 -4.766000e+00 5.786000e+00
      vertex   4.664420e+01 -7.135680e+00 9.503521e+00
      vertex   4.664420e+01 -7.295487e+00 8.829241e+00
    endloop
  endfacet
  facet normal 1.000000e+00 0.000000e+00 0.000000e+00
    outer loop
      vertex   4.664420e+01 -1.718000e+00 1.391400e+01
      vertex   4.664420e+01 -2.765750e+00 1.634918e+01
      vertex   4.664420e+01 -4.766000e+00 1.391400e+01
    endloop
  endfacet
  facet normal 1.000000e+00 0.000000e+00 0.000000e+00
    outer loop
      vertex   4.664420e+01 -4.766000e+00 1.391400e+01
      vertex   4.664420e+01 -2.765750e+00 1.634918e+01
      vertex   4.664420e+01 -3.094532e+00 1.660147e+01
    endloop
  endfacet
  facet normal 1.000000e+00 0.000000e+00 0.000000e+00
    outer loop
      vertex   4.664420e+01 -4.766000e+00 1.391400e+01
      vertex   4.664420e+01 -3.094532e+00 1.660147e+01
      vertex   4.664420e+01 -3.346815e+00 1.693025e+01
    endloop
  endfacet
  facet normal 1.000000e+00 -0.000000e+00 0.000000e+00
    outer loop
      vertex   4.664420e+01 -1.718000e+00 5.786000e+00
      vertex   4.664420e+01 -5.971847e-01 2.769750e+00
      vertex   4.664420e+01 -1.718000e+00 1.391400e+01
    endloop
  endfacet
  facet normal 1.000000e+00 -0.000000e+00 0.000000e+00
    outer loop
      vertex   4.664420e+01 -1.718000e+00 1.391400e+01
      vertex   4.664420e+01 -5.971847e-01 2.769750e+00
      vertex   4.664420e+01 -5.971847e-01 1.693025e+01
    endloop
  endfacet
  facet normal 1.000000e+00 0.000000e+00 0.000000e+00
    outer loop
      vertex   4.664420e+01 -1.718000e+00 1.391400e+01
      vertex   4.664420e+01 -5.971847e-01 1.693025e+01
      vertex   4.664420e+01 -8.494680e-01 1.660147e+01
    endloop
  endfacet
  facet normal 1.000000e+00 -0.000000e+00 0.000000e+00
    outer loop
      vertex   4.664420e+01 -4.766000e+00 5.786000e+00
      vertex   4.664420e+01 -2.765750e+00 3.350815e+00
      vertex   4.664420e+01 -1.718000e+00 5.786000e+00
    endloop
  endfacet
  facet normal 1.000000e+00 0.000000e+00 0.000000e+00
    outer loop
      vertex   4.664420e+01 -1.718000e+00 5.786000e+00
      vertex   4.664420e+01 -2.765750e+00 3.350815e+00
      vertex   4.664420e+01 -2.382875e+00 3.509407e+00
    endloop
  endfacet
  facet normal 1.000000e+00 0.000000e+00 0.000000e+00
    outer loop
      vertex   4.664420e+01 -1.718000e+00 5.786000e+00
      vertex   4.664420e+01 -2.382875e+00 3.509407e+00
      vertex   4.664420e+01 -1.972000e+00 3.563500e+00
    endloop
  endfacet
  facet normal 1.000000e+00 0.000000e+00 0.000000e+00
    outer loop
      vertex   4.664420e+01 -3.505407e+00 1.813488e+01
      vertex   4.664420e+01 -9.244036e+00 1.270912e+01
      vertex   4.664420e+01 -3.559500e+00 1.772400e+01
    endloop
  endfacet
  facet normal 1.000000e+00 0.000000e+00 0.000000e+00
    outer loop
      vertex   4.664420e+01 -3.559500e+00 1.772400e+01
      vertex   4.664420e+01 -9.244036e+00 1.270912e+01
      vertex   4.664420e+01 -4.766000e+00 1.391400e+01
    endloop
  endfacet
  facet normal 1.000000e+00 0.000000e+00 0.000000e+00
    outer loop
      vertex   4.664420e+01 -3.559500e+00 1.772400e+01
      vertex   4.664420e+01 -4.766000e+00 1.391400e+01
      vertex   4.664420e+01 -3.505407e+00 1.731312e+01
    endloop
  endfacet
  facet normal 1.000000e+00 0.000000e+00 0.000000e+00
    outer loop
      vertex   4.664420e+01 -3.505407e+00 1.731312e+01
      vertex   4.664420e+01 -4.766000e+00 1.391400e+01
      vertex   4.664420e+01 -3.346815e+00 1.693025e+01
    endloop
  endfacet
  facet normal 1.000000e+00 0.000000e+00 0.000000e+00
    outer loop
      vertex   4.664420e+01 -3.346815e+00 1.851775e+01
      vertex   4.664420e+01 -1.542911e+01 1.607789e+01
      vertex   4.664420e+01 -3.505407e+00 1.813488e+01
    endloop
  endfacet
  facet normal 1.000000e+00 0.000000e+00 0.000000e+00
    outer loop
      vertex   4.664420e+01 -3.505407e+00 1.813488e+01
      vertex   4.664420e+01 -1.542911e+01 1.607789e+01
      vertex   4.664420e+01 -9.926467e+00 1.282945e+01
    endloop
  endfacet
  facet normal 1.000000e+00 0.000000e+00 0.000000e+00
    outer loop
      vertex   4.664420e+01 -3.505407e+00 1.813488e+01
      vertex   4.664420e+01 -9.926467e+00 1.282945e+01
      vertex   4.664420e+01 -9.244036e+00 1.270912e+01
    endloop
  endfacet
  facet normal 1.000000e+00 0.000000e+00 -0.000000e+00
    outer loop
      vertex   4.664420e+01 -3.346815e+00 1.851775e+01
      vertex   4.664420e+01 -3.094532e+00 1.884653e+01
      vertex   4.664420e+01 -1.542911e+01 1.607789e+01
    endloop
  endfacet
  facet normal 1.000000e+00 0.000000e+00 -0.000000e+00
    outer loop
      vertex   4.664420e+01 -2.765750e+00 1.909882e+01
      vertex   4.664420e+01 -2.382875e+00 1.925741e+01
      vertex   4.664420e+01 -2.438750e+01 2.224000e+01
    endloop
  endfacet
  facet normal 1.000000e+00 -0.000000e+00 0.000000e+00
    outer loop
      vertex   4.664420e+01 -2.438750e+01 2.224000e+01
      vertex   4.664420e+01 -2.382875e+00 1.925741e+01
      vertex   4.664420e+01 4.187500e+00 2.224000e+01
    endloop
  endfacet
  facet normal 1.000000e+00 0.000000e+00 0.000000e+00
    outer loop
      vertex   4.664420e+01 4.187500e+00 2.224000e+01
      vertex   4.664420e+01 -2.382875e+00 1.925741e+01
      vertex   4.664420e+01 -1.972000e+00 1.931150e+01
    endloop
  endfacet
  facet normal 1.000000e+00 0.000000e+00 0.000000e+00
    outer loop
      vertex   4.664420e+01 4.187500e+00 2.224000e+01
      vertex   4.664420e+01 -1.972000e+00 1.931150e+01
      vertex   4.664420e+01 -1.561125e+00 1.925741e+01
    endloop
  endfacet
  facet normal 1.000000e+00 -0.000000e+00 0.000000e+00
    outer loop
      vertex   4.664420e+01 -1.561125e+00 1.925741e+01
      vertex   4.664420e+01 -1.178250e+00 1.909882e+01
      vertex   4.664420e+01 4.187500e+00 2.224000e+01
    endloop
  endfacet
  facet normal 1.000000e+00 0.000000e+00 0.000000e+00
    outer loop
      vertex   4.664420e+01 4.187500e+00 2.224000e+01
      vertex   4.664420e+01 -1.178250e+00 1.909882e+01
      vertex   4.664420e+01 -8.494680e-01 1.884653e+01
    endloop
  endfacet
  facet normal 1.000000e+00 0.000000e+00 0.000000e+00
    outer loop
      vertex   4.664420e+01 4.187500e+00 2.224000e+01
      vertex   4.664420e+01 -8.494680e-01 1.884653e+01
      vertex   4.664420e+01 -5.971847e-01 1.851775e+01
    endloop
  endfacet
  facet normal 1.000000e+00 -0.000000e+00 0.000000e+00
    outer loop
      vertex   4.664420e+01 -5.971847e-01 1.851775e+01
      vertex   4.664420e+01 -4.385928e-01 1.813488e+01
      vertex   4.664420e+01 4.187500e+00 2.224000e+01
    endloop
  endfacet
  facet normal 1.000000e+00 0.000000e+00 0.000000e+00
    outer loop
      vertex   4.664420e+01 4.187500e+00 2.224000e+01
      vertex   4.664420e+01 -4.385928e-01 1.813488e+01
      vertex   4.664420e+01 -3.845000e-01 1.772400e+01
    endloop
  endfacet
  facet normal 1.000000e+00 0.000000e+00 0.000000e+00
    outer loop
      vertex   4.664420e+01 4.187500e+00 2.224000e+01
      vertex   4.664420e+01 -3.845000e-01 1.772400e+01
      vertex   4.664420e+01 -4.385928e-01 1.731312e+01
    endloop
  endfacet
  facet normal 1.000000e+00 -0.000000e+00 0.000000e+00
    outer loop
      vertex   4.664420e+01 -4.385928e-01 1.731312e+01
      vertex   4.664420e+01 -5.971847e-01 1.693025e+01
      vertex   4.664420e+01 4.187500e+00 2.224000e+01
    endloop
  endfacet
  facet normal 1.000000e+00 0.000000e+00 0.000000e+00
    outer loop
      vertex   4.664420e+01 4.187500e+00 2.224000e+01
      vertex   4.664420e+01 -5.971847e-01 1.693025e+01
      vertex   4.664420e+01 -5.971847e-01 2.769750e+00
    endloop
  endfacet
  facet normal 1.000000e+00 0.000000e+00 0.000000e+00
    outer loop
      vertex   4.664420e+01 4.187500e+00 2.224000e+01
      vertex   4.664420e+01 -5.971847e-01 2.769750e+00
      vertex   4.664420e+01 -4.385928e-01 2.386875e+00
    endloop
  endfacet
  facet normal 1.000000e+00 0.000000e+00 0.000000e+00
    outer loop
      vertex   4.664420e+01 -8.494680e-01 1.660147e+01
      vertex   4.664420e+01 -1.178250e+00 1.634918e+01
      vertex   4.664420e+01 -1.718000e+00 1.391400e+01
    endloop
  endfacet
  facet normal 1.000000e+00 0.000000e+00 0.000000e+00
    outer loop
      vertex   4.664420e+01 -1.718000e+00 1.391400e+01
      vertex   4.664420e+01 -1.178250e+00 1.634918e+01
      vertex   4.664420e+01 -1.561125e+00 1.619059e+01
    endloop
  endfacet
  facet normal 1.000000e+00 0.000000e+00 -0.000000e+00
    outer loop
      vertex   4.664420e+01 -1.718000e+00 1.391400e+01
      vertex   4.664420e+01 -1.561125e+00 1.619059e+01
      vertex   4.664420e+01 -1.972000e+00 1.613650e+01
    endloop
  endfacet
  facet normal 1.000000e+00 0.000000e+00 0.000000e+00
    outer loop
      vertex   4.664420e+01 -1.972000e+00 1.613650e+01
      vertex   4.664420e+01 -2.382875e+00 1.619059e+01
      vertex   4.664420e+01 -1.718000e+00 1.391400e+01
    endloop
  endfacet
  facet normal 1.000000e+00 0.000000e+00 0.000000e+00
    outer loop
      vertex   4.664420e+01 -1.718000e+00 1.391400e+01
      vertex   4.664420e+01 -2.382875e+00 1.619059e+01
      vertex   4.664420e+01 -2.765750e+00 1.634918e+01
    endloop
  endfacet
  facet normal 1.000000e+00 0.000000e+00 0.000000e+00
    outer loop
      vertex   4.664420e+01 -3.505407e+00 2.386875e+00
      vertex   4.664420e+01 -4.766000e+00 5.786000e+00
      vertex   4.664420e+01 -3.559500e+00 1.976000e+00
    endloop
  endfacet
  facet normal 1.000000e+00 0.000000e+00 0.000000e+00
    outer loop
      vertex   4.664420e+01 -3.559500e+00 1.976000e+00
      vertex   4.664420e+01 -4.766000e+00 5.786000e+00
      vertex   4.664420e+01 -9.244036e+00 6.990880e+00
    endloop
  endfacet
  facet normal 1.000000e+00 0.000000e+00 0.000000e+00
    outer loop
      vertex   4.664420e+01 -3.559500e+00 1.976000e+00
      vertex   4.664420e+01 -9.244036e+00 6.990880e+00
      vertex   4.664420e+01 -3.505407e+00 1.565125e+00
    endloop
  endfacet
  facet normal 1.000000e+00 0.000000e+00 0.000000e+00
    outer loop
      vertex   4.664420e+01 -3.505407e+00 1.565125e+00
      vertex   4.664420e+01 -9.244036e+00 6.990880e+00
      vertex   4.664420e+01 -9.926467e+00 6.870549e+00
    endloop
  endfacet
  facet normal 1.000000e+00 0.000000e+00 0.000000e+00
    outer loop
      vertex   4.664420e+01 -3.505407e+00 1.565125e+00
      vertex   4.664420e+01 -9.926467e+00 6.870549e+00
      vertex   4.664420e+01 -1.669459e+01 1.565125e+00
    endloop
  endfacet
  facet normal 1.000000e+00 0.000000e+00 0.000000e+00
    outer loop
      vertex   4.664420e+01 -1.669459e+01 1.565125e+00
      vertex   4.664420e+01 -9.926467e+00 6.870549e+00
      vertex   4.664420e+01 -1.061825e+01 6.910841e+00
    endloop
  endfacet
  facet normal 1.000000e+00 0.000000e+00 0.000000e+00
    outer loop
      vertex   4.664420e+01 -1.669459e+01 1.565125e+00
      vertex   4.664420e+01 -1.061825e+01 6.910841e+00
      vertex   4.664420e+01 -1.664050e+01 1.976000e+00
    endloop
  endfacet
  facet normal 1.000000e+00 0.000000e+00 0.000000e+00
    outer loop
      vertex   4.664420e+01 -1.664050e+01 1.976000e+00
      vertex   4.664420e+01 -1.061825e+01 6.910841e+00
      vertex   4.664420e+01 -1.128210e+01 7.109584e+00
    endloop
  endfacet
  facet normal 1.000000e+00 0.000000e+00 0.000000e+00
    outer loop
      vertex   4.664420e+01 -1.664050e+01 1.976000e+00
      vertex   4.664420e+01 -1.128210e+01 7.109584e+00
      vertex   4.664420e+01 -1.542911e+01 5.400106e+00
    endloop
  endfacet
  facet normal 1.000000e+00 0.000000e+00 0.000000e+00
    outer loop
      vertex   4.664420e+01 -1.542911e+01 5.400106e+00
      vertex   4.664420e+01 -1.128210e+01 7.109584e+00
      vertex   4.664420e+01 -1.188222e+01 7.456063e+00
    endloop
  endfacet
  facet normal 1.000000e+00 0.000000e+00 0.000000e+00
    outer loop
      vertex   4.664420e+01 -1.542911e+01 5.400106e+00
      vertex   4.664420e+01 -1.188222e+01 7.456063e+00
      vertex   4.664420e+01 -1.238626e+01 7.931600e+00
    endloop
  endfacet
  facet normal 1.000000e+00 0.000000e+00 -0.000000e+00
    outer loop
      vertex   4.664420e+01 -3.505407e+00 2.386875e+00
      vertex   4.664420e+01 -3.346815e+00 2.769750e+00
      vertex   4.664420e+01 -4.766000e+00 5.786000e+00
    endloop
  endfacet
  facet normal 1.000000e+00 0.000000e+00 0.000000e+00
    outer loop
      vertex   4.664420e+01 -4.766000e+00 5.786000e+00
      vertex   4.664420e+01 -3.346815e+00 2.769750e+00
      vertex   4.664420e+01 -3.094532e+00 3.098532e+00
    endloop
  endfacet
  facet normal 1.000000e+00 0.000000e+00 0.000000e+00
    outer loop
      vertex   4.664420e+01 -4.766000e+00 5.786000e+00
      vertex   4.664420e+01 -3.094532e+00 3.098532e+00
      vertex   4.664420e+01 -2.765750e+00 3.350815e+00
    endloop
  endfacet
  facet normal 1.000000e+00 -0.000000e+00 0.000000e+00
    outer loop
      vertex   4.664420e+01 -1.972000e+00 3.563500e+00
      vertex   4.664420e+01 -1.561125e+00 3.509407e+00
      vertex   4.664420e+01 -1.718000e+00 5.786000e+00
    endloop
  endfacet
  facet normal 1.000000e+00 0.000000e+00 0.000000e+00
    outer loop
      vertex   4.664420e+01 -1.718000e+00 5.786000e+00
      vertex   4.664420e+01 -1.561125e+00 3.509407e+00
      vertex   4.664420e+01 -1.178250e+00 3.350815e+00
    endloop
  endfacet
  facet normal 1.000000e+00 0.000000e+00 0.000000e+00
    outer loop
      vertex   4.664420e+01 -1.718000e+00 5.786000e+00
      vertex   4.664420e+01 -1.178250e+00 3.350815e+00
      vertex   4.664420e+01 -8.494680e-01 3.098532e+00
    endloop
  endfacet
  facet normal 1.000000e+00 -0.000000e+00 -0.000000e+00
    outer loop
      vertex   4.664420e+01 -8.494680e-01 3.098532e+00
      vertex   4.664420e+01 -5.971847e-01 2.769750e+00
      vertex   4.664420e+01 -1.718000e+00 5.786000e+00
    endloop
  endfacet
  facet normal 1.000000e+00 -0.000000e+00 0.000000e+00
    outer loop
      vertex   4.664420e+01 -4.385928e-01 2.386875e+00
      vertex   4.664420e+01 -3.845000e-01 1.976000e+00
      vertex   4.664420e+01 4.187500e+00 2.224000e+01
    endloop
  endfacet
  facet normal 1.000000e+00 0.000000e+00 0.000000e+00
    outer loop
      vertex   4.664420e+01 4.187500e+00 2.224000e+01
      vertex   4.664420e+01 -3.845000e-01 1.976000e+00
      vertex   4.664420e+01 4.187500e+00 -1.522500e+01
    endloop
  endfacet
  facet normal 1.000000e+00 0.000000e+00 0.000000e+00
    outer loop
      vertex   4.664420e+01 4.187500e+00 -1.522500e+01
      vertex   4.664420e+01 -3.845000e-01 1.976000e+00
      vertex   4.664420e+01 -4.385928e-01 1.565125e+00
    endloop
  endfacet
  facet normal 1.000000e+00 0.000000e+00 0.000000e+00
    outer loop
      vertex   4.664420e+01 4.187500e+00 -1.522500e+01
      vertex   4.664420e+01 -4.385928e-01 1.565125e+00
      vertex   4.664420e+01 -5.971847e-01 1.182250e+00
    endloop
  endfacet
  facet normal 1.000000e+00 0.000000e+00 0.000000e+00
    outer loop
      vertex   4.664420e+01 -5.971847e-01 1.182250e+00
      vertex   4.664420e+01 -8.494680e-01 8.534680e-01
      vertex   4.664420e+01 4.187500e+00 -1.522500e+01
    endloop
  endfacet
  facet normal 1.000000e+00 0.000000e+00 0.000000e+00
    outer loop
      vertex   4.664420e+01 4.187500e+00 -1.522500e+01
      vertex   4.664420e+01 -8.494680e-01 8.534680e-01
      vertex   4.664420e+01 -1.178250e+00 6.011847e-01
    endloop
  endfacet
  facet normal 1.000000e+00 0.000000e+00 0.000000e+00
    outer loop
      vertex   4.664420e+01 4.187500e+00 -1.522500e+01
      vertex   4.664420e+01 -1.178250e+00 6.011847e-01
      vertex   4.664420e+01 -1.561125e+00 4.425928e-01
    endloop
  endfacet
  facet normal 1.000000e+00 0.000000e+00 0.000000e+00
    outer loop
      vertex   4.664420e+01 -1.561125e+00 4.425928e-01
      vertex   4.664420e+01 -1.972000e+00 3.885000e-01
      vertex   4.664420e+01 4.187500e+00 -1.522500e+01
    endloop
  endfacet
  facet normal 1.000000e+00 0.000000e+00 0.000000e+00
    outer loop
      vertex   4.664420e+01 4.187500e+00 -1.522500e+01
      vertex   4.664420e+01 -1.972000e+00 3.885000e-01
      vertex   4.664420e+01 -2.382875e+00 4.425928e-01
    endloop
  endfacet
  facet normal 1.000000e+00 0.000000e+00 0.000000e+00
    outer loop
      vertex   4.664420e+01 4.187500e+00 -1.522500e+01
      vertex   4.664420e+01 -2.382875e+00 4.425928e-01
      vertex   4.664420e+01 -2.765750e+00 6.011847e-01
    endloop
  endfacet
  facet normal 1.000000e+00 0.000000e+00 0.000000e+00
    outer loop
      vertex   4.664420e+01 -3.094532e+00 8.534680e-01
      vertex   4.664420e+01 -1.710547e+01 8.534680e-01
      vertex   4.664420e+01 -2.765750e+00 6.011847e-01
    endloop
  endfacet
  facet normal 1.000000e+00 0.000000e+00 0.000000e+00
    outer loop
      vertex   4.664420e+01 -2.765750e+00 6.011847e-01
      vertex   4.664420e+01 -1.710547e+01 8.534680e-01
      vertex   4.664420e+01 -1.743425e+01 6.011847e-01
    endloop
  endfacet
  facet normal 1.000000e+00 0.000000e+00 0.000000e+00
    outer loop
      vertex   4.664420e+01 -2.765750e+00 6.011847e-01
      vertex   4.664420e+01 -1.743425e+01 6.011847e-01
      vertex   4.664420e+01 4.187500e+00 -1.522500e+01
    endloop
  endfacet
  facet normal 1.000000e+00 0.000000e+00 0.000000e+00
    outer loop
      vertex   4.664420e+01 4.187500e+00 -1.522500e+01
      vertex   4.664420e+01 -1.743425e+01 6.011847e-01
      vertex   4.664420e+01 -2.438750e+01 -1.522500e+01
    endloop
  endfacet
  facet normal 1.000000e+00 0.000000e+00 0.000000e+00
    outer loop
      vertex   4.664420e+01 -2.438750e+01 -1.522500e+01
      vertex   4.664420e+01 -1.743425e+01 6.011847e-01
      vertex   4.664420e+01 -1.781712e+01 4.425928e-01
    endloop
  endfacet
  facet normal 1.000000e+00 0.000000e+00 0.000000e+00
    outer loop
      vertex   4.664420e+01 -2.438750e+01 -1.522500e+01
      vertex   4.664420e+01 -1.781712e+01 4.425928e-01
      vertex   4.664420e+01 -1.822800e+01 3.885000e-01
    endloop
  endfacet
  facet normal 1.000000e+00 -0.000000e+00 0.000000e+00
    outer loop
      vertex   4.664420e+01 -1.710547e+01 8.534680e-01
      vertex   4.664420e+01 -3.094532e+00 8.534680e-01
      vertex   4.664420e+01 -1.685318e+01 1.182250e+00
    endloop
  endfacet
  facet normal 1.000000e+00 0.000000e+00 0.000000e+00
    outer loop
      vertex   4.664420e+01 -1.685318e+01 1.182250e+00
      vertex   4.664420e+01 -3.094532e+00 8.534680e-01
      vertex   4.664420e+01 -3.346815e+00 1.182250e+00
    endloop
  endfacet
  facet normal 1.000000e+00 -0.000000e+00 0.000000e+00
    outer loop
      vertex   4.664420e+01 -1.685318e+01 1.182250e+00
      vertex   4.664420e+01 -3.346815e+00 1.182250e+00
      vertex   4.664420e+01 -1.669459e+01 1.565125e+00
    endloop
  endfacet
  facet normal 1.000000e+00 0.000000e+00 0.000000e+00
    outer loop
      vertex   4.664420e+01 -1.669459e+01 1.565125e+00
      vertex   4.664420e+01 -3.346815e+00 1.182250e+00
      vertex   4.664420e+01 -3.505407e+00 1.565125e+00
    endloop
  endfacet
  facet normal 1.000000e+00 0.000000e+00 -0.000000e+00
    outer loop
      vertex   4.664420e+01 -1.276705e+01 1.118944e+01
      vertex   4.664420e+01 -1.238626e+01 1.176840e+01
      vertex   4.664420e+01 -1.542911e+01 1.607789e+01
    endloop
  endfacet
  facet normal 1.000000e+00 0.000000e+00 0.000000e+00
    outer loop
      vertex   4.664420e+01 -1.542911e+01 1.607789e+01
      vertex   4.664420e+01 -1.238626e+01 1.176840e+01
      vertex   4.664420e+01 -1.188222e+01 1.224394e+01
    endloop
  endfacet
  facet normal 1.000000e+00 0.000000e+00 0.000000e+00
    outer loop
      vertex   4.664420e+01 -1.542911e+01 1.607789e+01
      vertex   4.664420e+01 -1.188222e+01 1.224394e+01
      vertex   4.664420e+01 -1.128210e+01 1.259042e+01
    endloop
  endfacet
  facet normal 1.000000e+00 0.000000e+00 -0.000000e+00
    outer loop
      vertex   4.664420e+01 -1.128210e+01 1.259042e+01
      vertex   4.664420e+01 -1.061825e+01 1.278916e+01
      vertex   4.664420e+01 -1.542911e+01 1.607789e+01
    endloop
  endfacet
  facet normal 1.000000e+00 0.000000e+00 0.000000e+00
    outer loop
      vertex   4.664420e+01 -1.542911e+01 1.607789e+01
      vertex   4.664420e+01 -1.061825e+01 1.278916e+01
      vertex   4.664420e+01 -9.926467e+00 1.282945e+01
    endloop
  endfacet
  facet normal 1.000000e+00 -0.000000e+00 0.000000e+00
    outer loop
      vertex   4.664420e+01 -9.244036e+00 1.270912e+01
      vertex   4.664420e+01 -8.607750e+00 1.243465e+01
      vertex   4.664420e+01 -4.766000e+00 1.391400e+01
    endloop
  endfacet
  facet normal 1.000000e+00 0.000000e+00 0.000000e+00
    outer loop
      vertex   4.664420e+01 -4.766000e+00 1.391400e+01
      vertex   4.664420e+01 -8.607750e+00 1.243465e+01
      vertex   4.664420e+01 -8.051912e+00 1.202085e+01
    endloop
  endfacet
  facet normal 1.000000e+00 0.000000e+00 0.000000e+00
    outer loop
      vertex   4.664420e+01 -4.766000e+00 1.391400e+01
      vertex   4.664420e+01 -8.051912e+00 1.202085e+01
      vertex   4.664420e+01 -7.606487e+00 1.149001e+01
    endloop
  endfacet
  facet normal 1.000000e+00 -0.000000e+00 0.000000e+00
    outer loop
      vertex   4.664420e+01 -7.606487e+00 1.149001e+01
      vertex   4.664420e+01 -7.295487e+00 1.087076e+01
      vertex   4.664420e+01 -4.766000e+00 1.391400e+01
    endloop
  endfacet
  facet normal 1.000000e+00 0.000000e+00 0.000000e+00
    outer loop
      vertex   4.664420e+01 -4.766000e+00 1.391400e+01
      vertex   4.664420e+01 -7.295487e+00 1.087076e+01
      vertex   4.664420e+01 -7.135680e+00 1.019648e+01
    endloop
  endfacet
  facet normal 1.000000e+00 0.000000e+00 0.000000e+00
    outer loop
      vertex   4.664420e+01 -7.295487e+00 8.829241e+00
      vertex   4.664420e+01 -7.606487e+00 8.209990e+00
      vertex   4.664420e+01 -4.766000e+00 5.786000e+00
    endloop
  endfacet
  facet normal 1.000000e+00 0.000000e+00 0.000000e+00
    outer loop
      vertex   4.664420e+01 -4.766000e+00 5.786000e+00
      vertex   4.664420e+01 -7.606487e+00 8.209990e+00
      vertex   4.664420e+01 -8.051912e+00 7.679153e+00
    endloop
  endfacet
  facet normal 1.000000e+00 0.000000e+00 0.000000e+00
    outer loop
      vertex   4.664420e+01 -4.766000e+00 5.786000e+00
      vertex   4.664420e+01 -8.051912e+00 7.679153e+00
      vertex   4.664420e+01 -8.607750e+00 7.265347e+00
    endloop
  endfacet
  facet normal 1.000000e+00 0.000000e+00 0.000000e+00
    outer loop
      vertex   4.664420e+01 -8.607750e+00 7.265347e+00
      vertex   4.664420e+01 -9.244036e+00 6.990880e+00
      vertex   4.664420e+01 -4.766000e+00 5.786000e+00
    endloop
  endfacet
  facet normal 1.000000e+00 0.000000e+00 0.000000e+00
    outer loop
      vertex   4.664420e+01 -1.238626e+01 7.931600e+00
      vertex   4.664420e+01 -1.276705e+01 8.510559e+00
      vertex   4.664420e+01 -1.542911e+01 5.400106e+00
    endloop
  endfacet
  facet normal 1.000000e+00 0.000000e+00 0.000000e+00
    outer loop
      vertex   4.664420e+01 -1.542911e+01 5.400106e+00
      vertex   4.664420e+01 -1.276705e+01 8.510559e+00
      vertex   4.664420e+01 -1.300405e+01 9.161727e+00
    endloop
  endfacet
  facet normal 1.000000e+00 0.000000e+00 0.000000e+00
    outer loop
      vertex   4.664420e+01 -1.542911e+01 5.400106e+00
      vertex   4.664420e+01 -1.300405e+01 9.161727e+00
      vertex   4.664420e+01 -1.308450e+01 9.850000e+00
    endloop
  endfacet
  facet normal 1.000000e+00 0.000000e+00 0.000000e+00
    outer loop
      vertex   4.664420e+01 -1.976141e+01 2.386875e+00
      vertex   4.664420e+01 -2.438750e+01 2.224000e+01
      vertex   4.664420e+01 -1.981550e+01 1.976000e+00
    endloop
  endfacet
  facet normal 1.000000e+00 0.000000e+00 0.000000e+00
    outer loop
      vertex   4.664420e+01 -1.981550e+01 1.976000e+00
      vertex   4.664420e+01 -2.438750e+01 2.224000e+01
      vertex   4.664420e+01 -2.438750e+01 -1.522500e+01
    endloop
  endfacet
  facet normal 1.000000e+00 0.000000e+00 0.000000e+00
    outer loop
      vertex   4.664420e+01 -1.981550e+01 1.976000e+00
      vertex   4.664420e+01 -2.438750e+01 -1.522500e+01
      vertex   4.664420e+01 -1.976141e+01 1.565125e+00
    endloop
  endfacet
  facet normal 1.000000e+00 0.000000e+00 0.000000e+00
    outer loop
      vertex   4.664420e+01 -1.976141e+01 1.565125e+00
      vertex   4.664420e+01 -2.438750e+01 -1.522500e+01
      vertex   4.664420e+01 -1.960282e+01 1.182250e+00
    endloop
  endfacet
  facet normal 1.000000e+00 0.000000e+00 0.000000e+00
    outer loop
      vertex   4.664420e+01 -1.960282e+01 1.182250e+00
      vertex   4.664420e+01 -2.438750e+01 -1.522500e+01
      vertex   4.664420e+01 -1.935053e+01 8.534680e-01
    endloop
  endfacet
  facet normal 1.000000e+00 0.000000e+00 0.000000e+00
    outer loop
      vertex   4.664420e+01 -1.935053e+01 8.534680e-01
      vertex   4.664420e+01 -2.438750e+01 -1.522500e+01
      vertex   4.664420e+01 -1.902175e+01 6.011847e-01
    endloop
  endfacet
  facet normal 1.000000e+00 0.000000e+00 0.000000e+00
    outer loop
      vertex   4.664420e+01 -1.902175e+01 6.011847e-01
      vertex   4.664420e+01 -2.438750e+01 -1.522500e+01
      vertex   4.664420e+01 -1.863888e+01 4.425928e-01
    endloop
  endfacet
  facet normal 1.000000e+00 0.000000e+00 0.000000e+00
    outer loop
      vertex   4.664420e+01 -1.863888e+01 4.425928e-01
      vertex   4.664420e+01 -2.438750e+01 -1.522500e+01
      vertex   4.664420e+01 -1.822800e+01 3.885000e-01
    endloop
  endfacet
  facet normal 1.000000e+00 0.000000e+00 -0.000000e+00
    outer loop
      vertex   4.664420e+01 -1.976141e+01 2.386875e+00
      vertex   4.664420e+01 -1.960282e+01 2.769750e+00
      vertex   4.664420e+01 -2.438750e+01 2.224000e+01
    endloop
  endfacet
  facet normal 1.000000e+00 0.000000e+00 0.000000e+00
    outer loop
      vertex   4.664420e+01 -1.935053e+01 3.098532e+00
      vertex   4.664420e+01 -1.902175e+01 3.350815e+00
      vertex   4.664420e+01 -1.848689e+01 5.400106e+00
    endloop
  endfacet
  facet normal 1.000000e+00 0.000000e+00 0.000000e+00
    outer loop
      vertex   4.664420e+01 -1.848689e+01 5.400106e+00
      vertex   4.664420e+01 -1.902175e+01 3.350815e+00
      vertex   4.664420e+01 -1.863888e+01 3.509407e+00
    endloop
  endfacet
  facet normal 1.000000e+00 0.000000e+00 0.000000e+00
    outer loop
      vertex   4.664420e+01 -1.848689e+01 5.400106e+00
      vertex   4.664420e+01 -1.863888e+01 3.509407e+00
      vertex   4.664420e+01 -1.822800e+01 3.563500e+00
    endloop
  endfacet
  facet normal 1.000000e+00 -0.000000e+00 -0.000000e+00
    outer loop
      vertex   4.664420e+01 -1.822800e+01 3.563500e+00
      vertex   4.664420e+01 -1.781712e+01 3.509407e+00
      vertex   4.664420e+01 -1.848689e+01 5.400106e+00
    endloop
  endfacet
  facet normal 1.000000e+00 0.000000e+00 0.000000e+00
    outer loop
      vertex   4.664420e+01 -1.848689e+01 5.400106e+00
      vertex   4.664420e+01 -1.781712e+01 3.509407e+00
      vertex   4.664420e+01 -1.743425e+01 3.350815e+00
    endloop
  endfacet
  facet normal 1.000000e+00 -0.000000e+00 0.000000e+00
    outer loop
      vertex   4.664420e+01 -1.685318e+01 2.769750e+00
      vertex   4.664420e+01 -1.669459e+01 2.386875e+00
      vertex   4.664420e+01 -1.542911e+01 5.400106e+00
    endloop
  endfacet
  facet normal 1.000000e+00 0.000000e+00 0.000000e+00
    outer loop
      vertex   4.664420e+01 -1.542911e+01 5.400106e+00
      vertex   4.664420e+01 -1.669459e+01 2.386875e+00
      vertex   4.664420e+01 -1.664050e+01 1.976000e+00
    endloop
  endfacet
  facet normal -6.993531e-16 -1.000000e+00 0.000000e+00
    outer loop
      vertex   4.156420e+01 -2.438750e+01 -1.522500e+01
      vertex   4.664420e+01 -2.438750e+01 -1.522500e+01
      vertex   4.156420e+01 -2.438750e+01 2.224000e+01
    endloop
  endfacet
  facet normal -6.993531e-16 -1.000000e+00 0.000000e+00
    outer loop
      vertex   4.156420e+01 -2.438750e+01 2.224000e+01
      vertex   4.664420e+01 -2.438750e+01 -1.522500e+01
      vertex   4.664420e+01 -2.438750e+01 2.224000e+01
    endloop
  endfacet
  facet normal 0.000000e+00 0.000000e+00 1.000000e+00
    outer loop
      vertex   4.550000e+00 -4.820000e+01 -1.522500e+01
      vertex   4.550000e+00 2.800000e+01 -1.522500e+01
      vertex   -3.736000e+01 -4.820000e+01 -1.522500e+01
    endloop
  endfacet
  facet normal 0.000000e+00 0.000000e+00 1.000000e+00
    outer loop
      vertex   -3.736000e+01 -4.820000e+01 -1.522500e+01
      vertex   4.550000e+00 2.800000e+01 -1.522500e+01
      vertex   -3.736000e+01 2.800000e+01 -1.522500e+01
    endloop
  endfacet
  facet normal 0.000000e+00 0.000000e+00 1.000000e+00
    outer loop
      vertex   4.156420e+01 4.187500e+00 -1.522500e+01
      vertex   1.090000e+01 -4.820000e+01 -1.522500e+01
      vertex   4.156420e+01 -2.438750e+01 -1.522500e+01
    endloop
  endfacet
  facet normal 0.000000e+00 0.000000e+00 1.000000e+00
    outer loop
      vertex   4.156420e+01 -2.438750e+01 -1.522500e+01
      vertex   1.090000e+01 -4.820000e+01 -1.522500e+01
      vertex   6.170000e+01 -4.820000e+01 -1.522500e+01
    endloop
  endfacet
  facet normal 0.000000e+00 0.000000e+00 1.000000e+00
    outer loop
      vertex   4.156420e+01 -2.438750e+01 -1.522500e+01
      vertex   6.170000e+01 -4.820000e+01 -1.522500e+01
      vertex   4.664420e+01 -2.438750e+01 -1.522500e+01
    endloop
  endfacet
  facet normal -0.000000e+00 0.000000e+00 1.000000e+00
    outer loop
      vertex   4.664420e+01 -2.438750e+01 -1.522500e+01
      vertex   6.170000e+01 -4.820000e+01 -1.522500e+01
      vertex   6.170000e+01 2.800000e+01 -1.522500e+01
    endloop
  endfacet
  facet normal 0.000000e+00 0.000000e+00 1.000000e+00
    outer loop
      vertex   4.664420e+01 -2.438750e+01 -1.522500e+01
      vertex   6.170000e+01 2.800000e+01 -1.522500e+01
      vertex   4.664420e+01 4.187500e+00 -1.522500e+01
    endloop
  endfacet
  facet normal 0.000000e+00 -0.000000e+00 1.000000e+00
    outer loop
      vertex   4.664420e+01 4.187500e+00 -1.522500e+01
      vertex   6.170000e+01 2.800000e+01 -1.522500e+01
      vertex   4.156420e+01 4.187500e+00 -1.522500e+01
    endloop
  endfacet
  facet normal 0.000000e+00 -0.000000e+00 1.000000e+00
    outer loop
      vertex   4.156420e+01 4.187500e+00 -1.522500e+01
      vertex   6.170000e+01 2.800000e+01 -1.522500e+01
      vertex   1.090000e+01 2.800000e+01 -1.522500e+01
    endloop
  endfacet
  facet normal 0.000000e+00 0.000000e+00 1.000000e+00
    outer loop
      vertex   4.156420e+01 4.187500e+00 -1.522500e+01
      vertex   1.090000e+01 2.800000e+01 -1.522500e+01
      vertex   1.090000e+01 -4.820000e+01 -1.522500e+01
    endloop
  endfacet
  facet normal 1.000000e+00 -0.000000e+00 0.000000e+00
    outer loop
      vertex   6.170000e+01 -4.820000e+01 -1.522500e+01
      vertex   6.170000e+01 -4.820000e+01 -1.840000e+01
      vertex   6.170000e+01 2.800000e+01 -1.522500e+01
    endloop
  endfacet
  facet normal 1.000000e+00 0.000000e+00 0.000000e+00
    outer loop
      vertex   6.170000e+01 2.800000e+01 -1.522500e+01
      vertex   6.170000e+01 -4.820000e+01 -1.840000e+01
      vertex   6.170000e+01 2.800000e+01 -1.840000e+01
    endloop
  endfacet
  facet normal -1.000000e+00 0.000000e+00 0.000000e+00
    outer loop
      vertex   -3.736000e+01 -4.820000e+01 -1.840000e+01
      vertex   -3.736000e+01 -4.820000e+01 -1.522500e+01
      vertex   -3.736000e+01 2.800000e+01 -1.840000e+01
    endloop
  endfacet
  facet normal -1.000000e+00 0.000000e+00 0.000000e+00
    outer loop
      vertex   -3.736000e+01 2.800000e+01 -1.840000e+01
      vertex   -3.736000e+01 -4.820000e+01 -1.522500e+01
      vertex   -3.736000e+01 2.800000e+01 -1.522500e+01
    endloop
  endfacet
  facet normal 0.000000e+00 1.000000e+00 0.000000e+00
    outer loop
      vertex   4.550000e+00 2.800000e+01 2.224000e+01
      vertex   1.090000e+01 2.800000e+01 -1.522500e+01
      vertex   4.550000e+00 2.800000e+01 -1.522500e+01
    endloop
  endfacet
  facet normal -0.000000e+00 1.000000e+00 0.000000e+00
    outer loop
      vertex   4.550000e+00 2.800000e+01 -1.522500e+01
      vertex   1.090000e+01 2.800000e+01 -1.522500e+01
      vertex   -3.736000e+01 2.800000e+01 -1.840000e+01
    endloop
  endfacet
  facet normal 0.000000e+00 1.000000e+00 0.000000e+00
    outer loop
      vertex   4.550000e+00 2.800000e+01 -1.522500e+01
      vertex   -3.736000e+01 2.800000e+01 -1.840000e+01
      vertex   -3.736000e+01 2.800000e+01 -1.522500e+01
    endloop
  endfacet
  facet normal -0.000000e+00 1.000000e+00 0.000000e+00
    outer loop
      vertex   4.550000e+00 2.800000e+01 2.224000e+01
      vertex   1.090000e+01 2.800000e+01 2.224000e+01
      vertex   1.090000e+01 2.800000e+01 -1.522500e+01
    endloop
  endfacet
  facet normal 0.000000e+00 1.000000e+00 0.000000e+00
    outer loop
      vertex   6.170000e+01 2.800000e+01 -1.522500e+01
      vertex   6.170000e+01 2.800000e+01 -1.840000e+01
      vertex   1.090000e+01 2.800000e+01 -1.522500e+01
    endloop
  endfacet
  facet normal 0.000000e+00 1.000000e+00 0.000000e+00
    outer loop
      vertex   1.090000e+01 2.800000e+01 -1.522500e+01
      vertex   6.170000e+01 2.800000e+01 -1.840000e+01
      vertex   -3.736000e+01 2.800000e+01 -1.840000e+01
    endloop
  endfacet
  facet normal 0.000000e+00 6.632501e-17 1.000000e+00
    outer loop
      vertex   1.090000e+01 -1.925000e+01 -2.540000e-01
      vertex   1.090000e+01 1.925000e+01 -2.540000e-01
      vertex   4.550000e+00 -1.925000e+01 -2.540000e-01
    endloop
  endfacet
  facet normal 0.000000e+00 6.632501e-17 1.000000e+00
    outer loop
      vertex   4.550000e+00 -1.925000e+01 -2.540000e-01
      vertex   1.090000e+01 1.925000e+01 -2.540000e-01
      vertex   4.550000e+00 1.925000e+01 -2.540000e-01
    endloop
  endfacet
  facet normal -0.000000e+00 9.914449e-01 1.305262e-01
    outer loop
      vertex   4.550000e+00 -2.020400e+01 7.000000e-01
      vertex   1.090000e+01 -2.020400e+01 7.000000e-01
      vertex   7.725000e+00 -2.017149e+01 4.530866e-01
    endloop
  endfacet
  facet normal -9.128390e-18 9.914449e-01 1.305262e-01
    outer loop
      vertex   7.725000e+00 -2.017149e+01 4.530866e-01
      vertex   1.090000e+01 -2.020400e+01 7.000000e-01
      vertex   1.090000e+01 -2.017149e+01 4.530866e-01
    endloop
  endfacet
  facet normal -2.676308e-17 9.238795e-01 3.826834e-01
    outer loop
      vertex   7.725000e+00 -2.017149e+01 4.530866e-01
      vertex   1.090000e+01 -2.017149e+01 4.530866e-01
      vertex   7.725000e+00 -2.007619e+01 2.230000e-01
    endloop
  endfacet
  facet normal 6.690771e-18 9.238795e-01 3.826834e-01
    outer loop
      vertex   7.725000e+00 -2.007619e+01 2.230000e-01
      vertex   1.090000e+01 -2.017149e+01 4.530866e-01
      vertex   1.090000e+01 -2.007619e+01 2.230000e-01
    endloop
  endfacet
  facet normal 1.064348e-17 7.933533e-01 6.087614e-01
    outer loop
      vertex   7.725000e+00 -2.007619e+01 2.230000e-01
      vertex   1.090000e+01 -2.007619e+01 2.230000e-01
      vertex   7.725000e+00 -1.992458e+01 2.542013e-02
    endloop
  endfacet
  facet normal -2.660870e-17 7.933533e-01 6.087614e-01
    outer loop
      vertex   7.725000e+00 -1.992458e+01 2.542013e-02
      vertex   1.090000e+01 -2.007619e+01 2.230000e-01
      vertex   1.090000e+01 -1.992458e+01 2.542013e-02
    endloop
  endfacet
  facet normal -3.467713e-17 6.087614e-01 7.933533e-01
    outer loop
      vertex   7.725000e+00 -1.992458e+01 2.542013e-02
      vertex   1.090000e+01 -1.992458e+01 2.542013e-02
      vertex   7.725000e+00 -1.972700e+01 -1.261882e-01
    endloop
  endfacet
  facet normal -1.040314e-16 6.087614e-01 7.933533e-01
    outer loop
      vertex   7.725000e+00 -1.972700e+01 -1.261882e-01
      vertex   1.090000e+01 -1.992458e+01 2.542013e-02
      vertex   1.090000e+01 -1.972700e+01 -1.261882e-01
    endloop
  endfacet
  facet normal -1.211471e-16 3.826834e-01 9.238795e-01
    outer loop
      vertex   7.725000e+00 -1.972700e+01 -1.261882e-01
      vertex   1.090000e+01 -1.972700e+01 -1.261882e-01
      vertex   7.725000e+00 -1.949691e+01 -2.214932e-01
    endloop
  endfacet
  facet normal -8.076475e-17 3.826834e-01 9.238795e-01
    outer loop
      vertex   7.725000e+00 -1.949691e+01 -2.214932e-01
      vertex   1.090000e+01 -1.972700e+01 -1.261882e-01
      vertex   1.090000e+01 -1.949691e+01 -2.214932e-01
    endloop
  endfacet
  facet normal -8.667125e-17 1.305262e-01 9.914449e-01
    outer loop
      vertex   7.725000e+00 -1.949691e+01 -2.214932e-01
      vertex   1.090000e+01 -1.949691e+01 -2.214932e-01
      vertex   1.090000e+01 -1.925000e+01 -2.540000e-01
    endloop
  endfacet
  facet normal 0.000000e+00 1.305262e-01 9.914449e-01
    outer loop
      vertex   1.090000e+01 -1.925000e+01 -2.540000e-01
      vertex   4.550000e+00 -1.925000e+01 -2.540000e-01
      vertex   7.725000e+00 -1.949691e+01 -2.214932e-01
    endloop
  endfacet
  facet normal 8.667125e-17 1.305262e-01 9.914449e-01
    outer loop
      vertex   7.725000e+00 -1.949691e+01 -2.214932e-01
      vertex   4.550000e+00 -1.925000e+01 -2.540000e-01
      vertex   4.550000e+00 -1.949691e+01 -2.214932e-01
    endloop
  endfacet
  facet normal 8.076475e-17 3.826834e-01 9.238795e-01
    outer loop
      vertex   7.725000e+00 -1.949691e+01 -2.214932e-01
      vertex   4.550000e+00 -1.949691e+01 -2.214932e-01
      vertex   7.725000e+00 -1.972700e+01 -1.261882e-01
    endloop
  endfacet
  facet normal 1.211471e-16 3.826834e-01 9.238795e-01
    outer loop
      vertex   7.725000e+00 -1.972700e+01 -1.261882e-01
      vertex   4.550000e+00 -1.949691e+01 -2.214932e-01
      vertex   4.550000e+00 -1.972700e+01 -1.261882e-01
    endloop
  endfacet
  facet normal 1.040314e-16 6.087614e-01 7.933533e-01
    outer loop
      vertex   7.725000e+00 -1.972700e+01 -1.261882e-01
      vertex   4.550000e+00 -1.972700e+01 -1.261882e-01
      vertex   7.725000e+00 -1.992458e+01 2.542013e-02
    endloop
  endfacet
  facet normal 3.467713e-17 6.087614e-01 7.933533e-01
    outer loop
      vertex   7.725000e+00 -1.992458e+01 2.542013e-02
      vertex   4.550000e+00 -1.972700e+01 -1.261882e-01
      vertex   4.550000e+00 -1.992458e+01 2.542013e-02
    endloop
  endfacet
  facet normal 2.660870e-17 7.933533e-01 6.087614e-01
    outer loop
      vertex   7.725000e+00 -1.992458e+01 2.542013e-02
      vertex   4.550000e+00 -1.992458e+01 2.542013e-02
      vertex   7.725000e+00 -2.007619e+01 2.230000e-01
    endloop
  endfacet
  facet normal -5.321740e-17 7.933533e-01 6.087614e-01
    outer loop
      vertex   7.725000e+00 -2.007619e+01 2.230000e-01
      vertex   4.550000e+00 -1.992458e+01 2.542013e-02
      vertex   4.550000e+00 -2.007619e+01 2.230000e-01
    endloop
  endfacet
  facet normal -3.345385e-17 9.238795e-01 3.826834e-01
    outer loop
      vertex   7.725000e+00 -2.007619e+01 2.230000e-01
      vertex   4.550000e+00 -2.007619e+01 2.230000e-01
      vertex   7.725000e+00 -2.017149e+01 4.530866e-01
    endloop
  endfacet
  facet normal 1.338154e-17 9.238795e-01 3.826834e-01
    outer loop
      vertex   7.725000e+00 -2.017149e+01 4.530866e-01
      vertex   4.550000e+00 -2.007619e+01 2.230000e-01
      vertex   4.550000e+00 -2.017149e+01 4.530866e-01
    endloop
  endfacet
  facet normal 4.564195e-18 9.914449e-01 1.305262e-01
    outer loop
      vertex   7.725000e+00 -2.017149e+01 4.530866e-01
      vertex   4.550000e+00 -2.017149e+01 4.530866e-01
      vertex   4.550000e+00 -2.020400e+01 7.000000e-01
    endloop
  endfacet
  facet normal 5.594825e-16 1.000000e+00 1.649356e-16
    outer loop
      vertex   1.090000e+01 -2.020400e+01 2.224000e+01
      vertex   1.090000e+01 -2.020400e+01 7.000000e-01
      vertex   4.550000e+00 -2.020400e+01 2.224000e+01
    endloop
  endfacet
  facet normal 0.000000e+00 1.000000e+00 0.000000e+00
    outer loop
      vertex   4.550000e+00 -2.020400e+01 2.224000e+01
      vertex   1.090000e+01 -2.020400e+01 7.000000e-01
      vertex   4.550000e+00 -2.020400e+01 7.000000e-01
    endloop
  endfacet
  facet normal 0.000000e+00 -1.000000e+00 0.000000e+00
    outer loop
      vertex   1.090000e+01 2.020400e+01 7.000000e-01
      vertex   1.090000e+01 2.020400e+01 2.224000e+01
      vertex   4.550000e+00 2.020400e+01 7.000000e-01
    endloop
  endfacet
  facet normal 0.000000e+00 -1.000000e+00 0.000000e+00
    outer loop
      vertex   4.550000e+00 2.020400e+01 7.000000e-01
      vertex   1.090000e+01 2.020400e+01 2.224000e+01
      vertex   4.550000e+00 2.020400e+01 2.224000e+01
    endloop
  endfacet
  facet normal 0.000000e+00 -1.305262e-01 9.914449e-01
    outer loop
      vertex   4.550000e+00 1.925000e+01 -2.540000e-01
      vertex   1.090000e+01 1.925000e+01 -2.540000e-01
      vertex   7.725000e+00 1.949691e+01 -2.214932e-01
    endloop
  endfacet
  facet normal 0.000000e+00 -1.305262e-01 9.914449e-01
    outer loop
      vertex   7.725000e+00 1.949691e+01 -2.214932e-01
      vertex   1.090000e+01 1.925000e+01 -2.540000e-01
      vertex   1.090000e+01 1.949691e+01 -2.214932e-01
    endloop
  endfacet
  facet normal 0.000000e+00 -3.826834e-01 9.238795e-01
    outer loop
      vertex   7.725000e+00 1.949691e+01 -2.214932e-01
      vertex   1.090000e+01 1.949691e+01 -2.214932e-01
      vertex   7.725000e+00 1.972700e+01 -1.261882e-01
    endloop
  endfacet
  facet normal 1.615295e-16 -3.826834e-01 9.238795e-01
    outer loop
      vertex   7.725000e+00 1.972700e+01 -1.261882e-01
      vertex   1.090000e+01 1.949691e+01 -2.214932e-01
      vertex   1.090000e+01 1.972700e+01 -1.261882e-01
    endloop
  endfacet
  facet normal 1.387085e-16 -6.087614e-01 7.933533e-01
    outer loop
      vertex   7.725000e+00 1.972700e+01 -1.261882e-01
      vertex   1.090000e+01 1.972700e+01 -1.261882e-01
      vertex   7.725000e+00 1.992458e+01 2.542013e-02
    endloop
  endfacet
  facet normal -1.387085e-16 -6.087614e-01 7.933533e-01
    outer loop
      vertex   7.725000e+00 1.992458e+01 2.542013e-02
      vertex   1.090000e+01 1.972700e+01 -1.261882e-01
      vertex   1.090000e+01 1.992458e+01 2.542013e-02
    endloop
  endfacet
  facet normal -1.064348e-16 -7.933533e-01 6.087614e-01
    outer loop
      vertex   7.725000e+00 1.992458e+01 2.542013e-02
      vertex   1.090000e+01 1.992458e+01 2.542013e-02
      vertex   7.725000e+00 2.007619e+01 2.230000e-01
    endloop
  endfacet
  facet normal 1.436870e-16 -7.933533e-01 6.087614e-01
    outer loop
      vertex   7.725000e+00 2.007619e+01 2.230000e-01
      vertex   1.090000e+01 1.992458e+01 2.542013e-02
      vertex   1.090000e+01 2.007619e+01 2.230000e-01
    endloop
  endfacet
  facet normal 9.032541e-17 -9.238795e-01 3.826834e-01
    outer loop
      vertex   7.725000e+00 2.007619e+01 2.230000e-01
      vertex   1.090000e+01 2.007619e+01 2.230000e-01
      vertex   7.725000e+00 2.017149e+01 4.530866e-01
    endloop
  endfacet
  facet normal 1.338154e-17 -9.238795e-01 3.826834e-01
    outer loop
      vertex   7.725000e+00 2.017149e+01 4.530866e-01
      vertex   1.090000e+01 2.007619e+01 2.230000e-01
      vertex   1.090000e+01 2.017149e+01 4.530866e-01
    endloop
  endfacet
  facet normal 4.564195e-18 -9.914449e-01 1.305262e-01
    outer loop
      vertex   7.725000e+00 2.017149e+01 4.530866e-01
      vertex   1.090000e+01 2.017149e+01 4.530866e-01
      vertex   1.090000e+01 2.020400e+01 7.000000e-01
    endloop
  endfacet
  facet normal 0.000000e+00 -9.914449e-01 1.305262e-01
    outer loop
      vertex   1.090000e+01 2.020400e+01 7.000000e-01
      vertex   4.550000e+00 2.020400e+01 7.000000e-01
      vertex   7.725000e+00 2.017149e+01 4.530866e-01
    endloop
  endfacet
  facet normal 0.000000e+00 -9.914449e-01 1.305262e-01
    outer loop
      vertex   7.725000e+00 2.017149e+01 4.530866e-01
      vertex   4.550000e+00 2.020400e+01 7.000000e-01
      vertex   4.550000e+00 2.017149e+01 4.530866e-01
    endloop
  endfacet
  facet normal 0.000000e+00 -9.238795e-01 3.826834e-01
    outer loop
      vertex   7.725000e+00 2.017149e+01 4.530866e-01
      vertex   4.550000e+00 2.017149e+01 4.530866e-01
      vertex   7.725000e+00 2.007619e+01 2.230000e-01
    endloop
  endfacet
  facet normal -7.694387e-17 -9.238795e-01 3.826834e-01
    outer loop
      vertex   7.725000e+00 2.007619e+01 2.230000e-01
      vertex   4.550000e+00 2.017149e+01 4.530866e-01
      vertex   4.550000e+00 2.007619e+01 2.230000e-01
    endloop
  endfacet
  facet normal -1.224000e-16 -7.933533e-01 6.087614e-01
    outer loop
      vertex   7.725000e+00 2.007619e+01 2.230000e-01
      vertex   4.550000e+00 2.007619e+01 2.230000e-01
      vertex   7.725000e+00 1.992458e+01 2.542013e-02
    endloop
  endfacet
  facet normal 1.064348e-16 -7.933533e-01 6.087614e-01
    outer loop
      vertex   7.725000e+00 1.992458e+01 2.542013e-02
      vertex   4.550000e+00 2.007619e+01 2.230000e-01
      vertex   4.550000e+00 1.992458e+01 2.542013e-02
    endloop
  endfacet
  facet normal 1.387085e-16 -6.087614e-01 7.933533e-01
    outer loop
      vertex   7.725000e+00 1.992458e+01 2.542013e-02
      vertex   4.550000e+00 1.992458e+01 2.542013e-02
      vertex   7.725000e+00 1.972700e+01 -1.261882e-01
    endloop
  endfacet
  facet normal -1.040314e-16 -6.087614e-01 7.933533e-01
    outer loop
      vertex   7.725000e+00 1.972700e+01 -1.261882e-01
      vertex   4.550000e+00 1.992458e+01 2.542013e-02
      vertex   4.550000e+00 1.972700e+01 -1.261882e-01
    endloop
  endfacet
  facet normal -1.211471e-16 -3.826834e-01 9.238795e-01
    outer loop
      vertex   7.725000e+00 1.972700e+01 -1.261882e-01
      vertex   4.550000e+00 1.972700e+01 -1.261882e-01
      vertex   7.725000e+00 1.949691e+01 -2.214932e-01
    endloop
  endfacet
  facet normal 0.000000e+00 -3.826834e-01 9.238795e-01
    outer loop
      vertex   7.725000e+00 1.949691e+01 -2.214932e-01
      vertex   4.550000e+00 1.972700e+01 -1.261882e-01
      vertex   4.550000e+00 1.949691e+01 -2.214932e-01
    endloop
  endfacet
  facet normal 0.000000e+00 -1.305262e-01 9.914449e-01
    outer loop
      vertex   7.725000e+00 1.949691e+01 -2.214932e-01
      vertex   4.550000e+00 1.949691e+01 -2.214932e-01
      vertex   4.550000e+00 1.925000e+01 -2.540000e-01
    endloop
  endfacet
  facet normal -1.000000e+00 -6.993531e-17 3.725430e-16
    outer loop
      vertex   4.550000e+00 -4.820000e+01 -1.522500e+01
      vertex   4.550000e+00 -1.925000e+01 -2.540000e-01
      vertex   4.550000e+00 2.800000e+01 -1.522500e+01
    endloop
  endfacet
  facet normal -1.000000e+00 4.379645e-32 5.932659e-16
    outer loop
      vertex   4.550000e+00 2.800000e+01 -1.522500e+01
      vertex   4.550000e+00 -1.925000e+01 -2.540000e-01
      vertex   4.550000e+00 1.925000e+01 -2.540000e-01
    endloop
  endfacet
  facet normal -1.000000e+00 -2.345334e-14 -1.311435e-14
    outer loop
      vertex   4.550000e+00 2.800000e+01 -1.522500e+01
      vertex   4.550000e+00 1.925000e+01 -2.540000e-01
      vertex   4.550000e+00 1.949691e+01 -2.214932e-01
    endloop
  endfacet
  facet normal -1.000000e+00 0.000000e+00 0.000000e+00
    outer loop
      vertex   4.550000e+00 -4.820000e+01 2.224000e+01
      vertex   4.550000e+00 -2.679081e+01 4.633467e+00
      vertex   4.550000e+00 -4.820000e+01 -1.522500e+01
    endloop
  endfacet
  facet normal -1.000000e+00 0.000000e+00 0.000000e+00
    outer loop
      vertex   4.550000e+00 -4.820000e+01 -1.522500e+01
      vertex   4.550000e+00 -2.679081e+01 4.633467e+00
      vertex   4.550000e+00 -2.664449e+01 4.105144e+00
    endloop
  endfacet
  facet normal -1.000000e+00 0.000000e+00 0.000000e+00
    outer loop
      vertex   4.550000e+00 -4.820000e+01 -1.522500e+01
      vertex   4.550000e+00 -2.664449e+01 4.105144e+00
      vertex   4.550000e+00 -2.636642e+01 3.632692e+00
    endloop
  endfacet
  facet normal -1.000000e+00 1.269008e-16 5.200460e-16
    outer loop
      vertex   4.550000e+00 -2.020400e+01 2.224000e+01
      vertex   4.550000e+00 -2.553100e+01 1.670835e+01
      vertex   4.550000e+00 -4.820000e+01 2.224000e+01
    endloop
  endfacet
  facet normal -1.000000e+00 0.000000e+00 0.000000e+00
    outer loop
      vertex   4.550000e+00 -4.820000e+01 2.224000e+01
      vertex   4.550000e+00 -2.553100e+01 1.670835e+01
      vertex   4.550000e+00 -2.600345e+01 1.643028e+01
    endloop
  endfacet
  facet normal -1.000000e+00 0.000000e+00 0.000000e+00
    outer loop
      vertex   4.550000e+00 -4.820000e+01 2.224000e+01
      vertex   4.550000e+00 -2.600345e+01 1.643028e+01
      vertex   4.550000e+00 -2.638784e+01 1.603940e+01
    endloop
  endfacet
  facet normal -1.000000e+00 1.466313e-15 0.000000e+00
    outer loop
      vertex   4.550000e+00 -2.020400e+01 7.000000e-01
      vertex   4.550000e+00 -2.262689e+01 1.451834e+01
      vertex   4.550000e+00 -2.020400e+01 2.224000e+01
    endloop
  endfacet
  facet normal -1.000000e+00 1.428191e-15 1.196189e-17
    outer loop
      vertex   4.550000e+00 -2.020400e+01 2.224000e+01
      vertex   4.550000e+00 -2.262689e+01 1.451834e+01
      vertex   4.550000e+00 -2.263148e+01 1.506653e+01
    endloop
  endfacet
  facet normal -1.000000e+00 8.048475e-16 2.228995e-16
    outer loop
      vertex   4.550000e+00 -2.020400e+01 2.224000e+01
      vertex   4.550000e+00 -2.263148e+01 1.506653e+01
      vertex   4.550000e+00 -2.277780e+01 1.559486e+01
    endloop
  endfacet
  facet normal -1.000000e+00 1.281945e-14 2.686759e-14
    outer loop
      vertex   4.550000e+00 -2.017149e+01 4.530866e-01
      vertex   4.550000e+00 -2.496780e+01 2.840743e+00
      vertex   4.550000e+00 -2.020400e+01 7.000000e-01
    endloop
  endfacet
  facet normal -1.000000e+00 1.364549e-17 -1.629205e-15
    outer loop
      vertex   4.550000e+00 -2.020400e+01 7.000000e-01
      vertex   4.550000e+00 -2.496780e+01 2.840743e+00
      vertex   4.550000e+00 -2.441961e+01 2.845335e+00
    endloop
  endfacet
  facet normal -1.000000e+00 2.969998e-16 -1.072410e-15
    outer loop
      vertex   4.550000e+00 -2.020400e+01 7.000000e-01
      vertex   4.550000e+00 -2.441961e+01 2.845335e+00
      vertex   4.550000e+00 -2.389129e+01 2.991652e+00
    endloop
  endfacet
  facet normal -1.000000e+00 -6.998471e-16 -2.898862e-16
    outer loop
      vertex   4.550000e+00 -2.017149e+01 4.530866e-01
      vertex   4.550000e+00 -2.007619e+01 2.230000e-01
      vertex   4.550000e+00 -2.496780e+01 2.840743e+00
    endloop
  endfacet
  facet normal -1.000000e+00 -9.242391e-16 -7.091936e-16
    outer loop
      vertex   4.550000e+00 -2.496780e+01 2.840743e+00
      vertex   4.550000e+00 -2.007619e+01 2.230000e-01
      vertex   4.550000e+00 -1.992458e+01 2.542013e-02
    endloop
  endfacet
  facet normal -1.000000e+00 4.572686e-16 1.765568e-15
    outer loop
      vertex   4.550000e+00 -2.496780e+01 2.840743e+00
      vertex   4.550000e+00 -1.992458e+01 2.542013e-02
      vertex   4.550000e+00 -2.549850e+01 2.978190e+00
    endloop
  endfacet
  facet normal -1.000000e+00 -2.878596e-16 3.589944e-16
    outer loop
      vertex   4.550000e+00 -2.549850e+01 2.978190e+00
      vertex   4.550000e+00 -1.992458e+01 2.542013e-02
      vertex   4.550000e+00 -4.820000e+01 -1.522500e+01
    endloop
  endfacet
  facet normal -1.000000e+00 -0.000000e+00 0.000000e+00
    outer loop
      vertex   4.550000e+00 -2.549850e+01 2.978190e+00
      vertex   4.550000e+00 -4.820000e+01 -1.522500e+01
      vertex   4.550000e+00 -2.597555e+01 3.248309e+00
    endloop
  endfacet
  facet normal -1.000000e+00 -0.000000e+00 0.000000e+00
    outer loop
      vertex   4.550000e+00 -2.597555e+01 3.248309e+00
      vertex   4.550000e+00 -4.820000e+01 -1.522500e+01
      vertex   4.550000e+00 -2.636642e+01 3.632692e+00
    endloop
  endfacet
  facet normal -1.000000e+00 -5.533804e-17 -7.211794e-17
    outer loop
      vertex   4.550000e+00 -1.992458e+01 2.542013e-02
      vertex   4.550000e+00 -1.972700e+01 -1.261882e-01
      vertex   4.550000e+00 -4.820000e+01 -1.522500e+01
    endloop
  endfacet
  facet normal -1.000000e+00 -4.104036e-17 -9.908019e-17
    outer loop
      vertex   4.550000e+00 -4.820000e+01 -1.522500e+01
      vertex   4.550000e+00 -1.972700e+01 -1.261882e-01
      vertex   4.550000e+00 -1.949691e+01 -2.214932e-01
    endloop
  endfacet
  facet normal -1.000000e+00 2.009524e-14 -3.862164e-14
    outer loop
      vertex   4.550000e+00 -4.820000e+01 -1.522500e+01
      vertex   4.550000e+00 -1.949691e+01 -2.214932e-01
      vertex   4.550000e+00 -1.925000e+01 -2.540000e-01
    endloop
  endfacet
  facet normal -1.000000e+00 -5.957629e-17 1.438299e-16
    outer loop
      vertex   4.550000e+00 1.949691e+01 -2.214932e-01
      vertex   4.550000e+00 1.972700e+01 -1.261882e-01
      vertex   4.550000e+00 2.800000e+01 -1.522500e+01
    endloop
  endfacet
  facet normal -1.000000e+00 -9.533168e-17 1.242387e-16
    outer loop
      vertex   4.550000e+00 2.800000e+01 -1.522500e+01
      vertex   4.550000e+00 1.972700e+01 -1.261882e-01
      vertex   4.550000e+00 1.992458e+01 2.542013e-02
    endloop
  endfacet
  facet normal -1.000000e+00 -4.455971e-16 -6.123431e-17
    outer loop
      vertex   4.550000e+00 2.800000e+01 -1.522500e+01
      vertex   4.550000e+00 1.992458e+01 2.542013e-02
      vertex   4.550000e+00 2.549850e+01 2.978190e+00
    endloop
  endfacet
  facet normal -1.000000e+00 4.572686e-16 -1.765568e-15
    outer loop
      vertex   4.550000e+00 2.549850e+01 2.978190e+00
      vertex   4.550000e+00 1.992458e+01 2.542013e-02
      vertex   4.550000e+00 2.496780e+01 2.840743e+00
    endloop
  endfacet
  facet normal -1.000000e+00 -9.242391e-16 7.091936e-16
    outer loop
      vertex   4.550000e+00 2.496780e+01 2.840743e+00
      vertex   4.550000e+00 1.992458e+01 2.542013e-02
      vertex   4.550000e+00 2.007619e+01 2.230000e-01
    endloop
  endfacet
  facet normal -1.000000e+00 -6.998471e-16 2.898862e-16
    outer loop
      vertex   4.550000e+00 2.496780e+01 2.840743e+00
      vertex   4.550000e+00 2.007619e+01 2.230000e-01
      vertex   4.550000e+00 2.017149e+01 4.530866e-01
    endloop
  endfacet
  facet normal -1.000000e+00 -1.400845e-14 2.702413e-14
    outer loop
      vertex   4.550000e+00 2.017149e+01 4.530866e-01
      vertex   4.550000e+00 2.020400e+01 7.000000e-01
      vertex   4.550000e+00 2.496780e+01 2.840743e+00
    endloop
  endfacet
  facet normal -1.000000e+00 -3.411372e-17 -4.073012e-15
    outer loop
      vertex   4.550000e+00 2.496780e+01 2.840743e+00
      vertex   4.550000e+00 2.020400e+01 7.000000e-01
      vertex   4.550000e+00 2.441961e+01 2.845335e+00
    endloop
  endfacet
  facet normal -1.000000e+00 -7.424996e-16 -2.681024e-15
    outer loop
      vertex   4.550000e+00 2.441961e+01 2.845335e+00
      vertex   4.550000e+00 2.020400e+01 7.000000e-01
      vertex   4.550000e+00 2.389129e+01 2.991652e+00
    endloop
  endfacet
  facet normal -1.000000e+00 -1.171605e-15 -1.990589e-15
    outer loop
      vertex   4.550000e+00 2.389129e+01 2.991652e+00
      vertex   4.550000e+00 2.020400e+01 7.000000e-01
      vertex   4.550000e+00 2.341884e+01 3.269723e+00
    endloop
  endfacet
  facet normal -1.000000e+00 -1.546844e-15 -1.521148e-15
    outer loop
      vertex   4.550000e+00 2.341884e+01 3.269723e+00
      vertex   4.550000e+00 2.020400e+01 7.000000e-01
      vertex   4.550000e+00 2.303446e+01 3.660599e+00
    endloop
  endfacet
  facet normal -1.000000e+00 -1.970728e-15 -1.115898e-15
    outer loop
      vertex   4.550000e+00 2.303446e+01 3.660599e+00
      vertex   4.550000e+00 2.020400e+01 7.000000e-01
      vertex   4.550000e+00 2.276434e+01 4.137642e+00
    endloop
  endfacet
  facet normal -1.000000e+00 -2.573938e-15 -6.666305e-16
    outer loop
      vertex   4.550000e+00 2.276434e+01 4.137642e+00
      vertex   4.550000e+00 2.020400e+01 7.000000e-01
      vertex   4.550000e+00 2.262689e+01 4.668342e+00
    endloop
  endfacet
  facet normal -1.000000e+00 -3.716769e-15 3.112999e-17
    outer loop
      vertex   4.550000e+00 2.262689e+01 4.668342e+00
      vertex   4.550000e+00 2.020400e+01 7.000000e-01
      vertex   4.550000e+00 2.263148e+01 5.216533e+00
    endloop
  endfacet
  facet normal -1.000000e+00 -7.548409e-15 2.090504e-15
    outer loop
      vertex   4.550000e+00 2.263148e+01 5.216533e+00
      vertex   4.550000e+00 2.020400e+01 7.000000e-01
      vertex   4.550000e+00 2.277780e+01 5.744856e+00
    endloop
  endfacet
  facet normal -1.000000e+00 -3.439837e-15 -5.617602e-18
    outer loop
      vertex   4.550000e+00 2.277780e+01 5.744856e+00
      vertex   4.550000e+00 2.020400e+01 7.000000e-01
      vertex   4.550000e+00 2.276434e+01 1.398764e+01
    endloop
  endfacet
  facet normal -1.000000e+00 0.000000e+00 0.000000e+00
    outer loop
      vertex   4.550000e+00 2.277780e+01 5.744856e+00
      vertex   4.550000e+00 2.276434e+01 1.398764e+01
      vertex   4.550000e+00 2.303446e+01 1.351060e+01
    endloop
  endfacet
  facet normal -1.000000e+00 -1.479870e-15 -3.832750e-16
    outer loop
      vertex   4.550000e+00 2.276434e+01 1.398764e+01
      vertex   4.550000e+00 2.020400e+01 7.000000e-01
      vertex   4.550000e+00 2.262689e+01 1.451834e+01
    endloop
  endfacet
  facet normal -1.000000e+00 -3.665783e-15 0.000000e+00
    outer loop
      vertex   4.550000e+00 2.262689e+01 1.451834e+01
      vertex   4.550000e+00 2.020400e+01 7.000000e-01
      vertex   4.550000e+00 2.020400e+01 2.224000e+01
    endloop
  endfacet
  facet normal -1.000000e+00 -3.570478e-15 2.990471e-17
    outer loop
      vertex   4.550000e+00 2.262689e+01 1.451834e+01
      vertex   4.550000e+00 2.020400e+01 2.224000e+01
      vertex   4.550000e+00 2.263148e+01 1.506653e+01
    endloop
  endfacet
  facet normal -1.000000e+00 -2.012119e-15 5.572488e-16
    outer loop
      vertex   4.550000e+00 2.263148e+01 1.506653e+01
      vertex   4.550000e+00 2.020400e+01 2.224000e+01
      vertex   4.550000e+00 2.277780e+01 1.559486e+01
    endloop
  endfacet
  facet normal -1.000000e+00 -1.369601e-15 8.061088e-16
    outer loop
      vertex   4.550000e+00 2.277780e+01 1.559486e+01
      vertex   4.550000e+00 2.020400e+01 2.224000e+01
      vertex   4.550000e+00 2.305587e+01 1.606731e+01
    endloop
  endfacet
  facet normal -1.000000e+00 -9.729374e-16 9.893728e-16
    outer loop
      vertex   4.550000e+00 2.305587e+01 1.606731e+01
      vertex   4.550000e+00 2.020400e+01 2.224000e+01
      vertex   4.550000e+00 2.344674e+01 1.645169e+01
    endloop
  endfacet
  facet normal -1.000000e+00 -6.596119e-16 1.164905e-15
    outer loop
      vertex   4.550000e+00 2.344674e+01 1.645169e+01
      vertex   4.550000e+00 2.020400e+01 2.224000e+01
      vertex   4.550000e+00 2.392379e+01 1.672181e+01
    endloop
  endfacet
  facet normal -1.000000e+00 -3.548999e-16 1.370310e-15
    outer loop
      vertex   4.550000e+00 2.392379e+01 1.672181e+01
      vertex   4.550000e+00 2.020400e+01 2.224000e+01
      vertex   4.550000e+00 2.445449e+01 1.685926e+01
    endloop
  endfacet
  facet normal -1.000000e+00 -1.139275e-15 7.506977e-16
    outer loop
      vertex   4.550000e+00 2.445449e+01 1.685926e+01
      vertex   4.550000e+00 2.020400e+01 2.224000e+01
      vertex   4.550000e+00 2.800000e+01 2.224000e+01
    endloop
  endfacet
  facet normal -1.000000e+00 0.000000e+00 0.000000e+00
    outer loop
      vertex   4.550000e+00 2.445449e+01 1.685926e+01
      vertex   4.550000e+00 2.800000e+01 2.224000e+01
      vertex   4.550000e+00 2.500268e+01 1.685467e+01
    endloop
  endfacet
  facet normal -1.000000e+00 0.000000e+00 0.000000e+00
    outer loop
      vertex   4.550000e+00 2.500268e+01 1.685467e+01
      vertex   4.550000e+00 2.800000e+01 2.224000e+01
      vertex   4.550000e+00 2.553100e+01 1.670835e+01
    endloop
  endfacet
  facet normal -1.000000e+00 0.000000e+00 0.000000e+00
    outer loop
      vertex   4.550000e+00 2.553100e+01 1.670835e+01
      vertex   4.550000e+00 2.800000e+01 2.224000e+01
      vertex   4.550000e+00 2.600345e+01 1.643028e+01
    endloop
  endfacet
  facet normal -1.000000e+00 0.000000e+00 0.000000e+00
    outer loop
      vertex   4.550000e+00 2.600345e+01 1.643028e+01
      vertex   4.550000e+00 2.800000e+01 2.224000e+01
      vertex   4.550000e+00 2.638784e+01 1.603940e+01
    endloop
  endfacet
  facet normal -1.000000e+00 0.000000e+00 0.000000e+00
    outer loop
      vertex   4.550000e+00 2.638784e+01 1.603940e+01
      vertex   4.550000e+00 2.800000e+01 2.224000e+01
      vertex   4.550000e+00 2.665796e+01 1.556236e+01
    endloop
  endfacet
  facet normal -1.000000e+00 0.000000e+00 0.000000e+00
    outer loop
      vertex   4.550000e+00 2.665796e+01 1.556236e+01
      vertex   4.550000e+00 2.800000e+01 2.224000e+01
      vertex   4.550000e+00 2.679540e+01 1.503166e+01
    endloop
  endfacet
  facet normal -1.000000e+00 0.000000e+00 -0.000000e+00
    outer loop
      vertex   4.550000e+00 2.679540e+01 1.503166e+01
      vertex   4.550000e+00 2.800000e+01 2.224000e+01
      vertex   4.550000e+00 2.679081e+01 1.448347e+01
    endloop
  endfacet
  facet normal -1.000000e+00 0.000000e+00 0.000000e+00
    outer loop
      vertex   4.550000e+00 2.679081e+01 1.448347e+01
      vertex   4.550000e+00 2.800000e+01 2.224000e+01
      vertex   4.550000e+00 2.679540e+01 5.181658e+00
    endloop
  endfacet
  facet normal -1.000000e+00 0.000000e+00 -0.000000e+00
    outer loop
      vertex   4.550000e+00 2.679081e+01 1.448347e+01
      vertex   4.550000e+00 2.679540e+01 5.181658e+00
      vertex   4.550000e+00 2.665796e+01 5.712358e+00
    endloop
  endfacet
  facet normal -1.000000e+00 0.000000e+00 -0.000000e+00
    outer loop
      vertex   4.550000e+00 2.679540e+01 5.181658e+00
      vertex   4.550000e+00 2.800000e+01 2.224000e+01
      vertex   4.550000e+00 2.679081e+01 4.633467e+00
    endloop
  endfacet
  facet normal -1.000000e+00 0.000000e+00 0.000000e+00
    outer loop
      vertex   4.550000e+00 2.679081e+01 4.633467e+00
      vertex   4.550000e+00 2.800000e+01 2.224000e+01
      vertex   4.550000e+00 2.800000e+01 -1.522500e+01
    endloop
  endfacet
  facet normal -1.000000e+00 0.000000e+00 -0.000000e+00
    outer loop
      vertex   4.550000e+00 2.679081e+01 4.633467e+00
      vertex   4.550000e+00 2.800000e+01 -1.522500e+01
      vertex   4.550000e+00 2.664449e+01 4.105144e+00
    endloop
  endfacet
  facet normal -1.000000e+00 0.000000e+00 -0.000000e+00
    outer loop
      vertex   4.550000e+00 2.664449e+01 4.105144e+00
      vertex   4.550000e+00 2.800000e+01 -1.522500e+01
      vertex   4.550000e+00 2.636642e+01 3.632692e+00
    endloop
  endfacet
  facet normal -1.000000e+00 0.000000e+00 -0.000000e+00
    outer loop
      vertex   4.550000e+00 2.636642e+01 3.632692e+00
      vertex   4.550000e+00 2.800000e+01 -1.522500e+01
      vertex   4.550000e+00 2.597555e+01 3.248309e+00
    endloop
  endfacet
  facet normal -1.000000e+00 0.000000e+00 -0.000000e+00
    outer loop
      vertex   4.550000e+00 2.597555e+01 3.248309e+00
      vertex   4.550000e+00 2.800000e+01 -1.522500e+01
      vertex   4.550000e+00 2.549850e+01 2.978190e+00
    endloop
  endfacet
  facet normal -1.000000e+00 0.000000e+00 0.000000e+00
    outer loop
      vertex   4.550000e+00 2.664449e+01 1.395514e+01
      vertex   4.550000e+00 2.638784e+01 6.189401e+00
      vertex   4.550000e+00 2.636642e+01 1.348269e+01
    endloop
  endfacet
  facet normal -1.000000e+00 0.000000e+00 -0.000000e+00
    outer loop
      vertex   4.550000e+00 2.636642e+01 1.348269e+01
      vertex   4.550000e+00 2.638784e+01 6.189401e+00
      vertex   4.550000e+00 2.600345e+01 6.580277e+00
    endloop
  endfacet
  facet normal -1.000000e+00 0.000000e+00 0.000000e+00
    outer loop
      vertex   4.550000e+00 2.636642e+01 1.348269e+01
      vertex   4.550000e+00 2.600345e+01 6.580277e+00
      vertex   4.550000e+00 2.597555e+01 1.309831e+01
    endloop
  endfacet
  facet normal -1.000000e+00 0.000000e+00 -0.000000e+00
    outer loop
      vertex   4.550000e+00 2.597555e+01 1.309831e+01
      vertex   4.550000e+00 2.600345e+01 6.580277e+00
      vertex   4.550000e+00 2.553100e+01 6.858348e+00
    endloop
  endfacet
  facet normal -1.000000e+00 0.000000e+00 0.000000e+00
    outer loop
      vertex   4.550000e+00 2.597555e+01 1.309831e+01
      vertex   4.550000e+00 2.553100e+01 6.858348e+00
      vertex   4.550000e+00 2.549850e+01 1.282819e+01
    endloop
  endfacet
  facet normal -1.000000e+00 0.000000e+00 -0.000000e+00
    outer loop
      vertex   4.550000e+00 2.549850e+01 1.282819e+01
      vertex   4.550000e+00 2.553100e+01 6.858348e+00
      vertex   4.550000e+00 2.500268e+01 7.004665e+00
    endloop
  endfacet
  facet normal -1.000000e+00 0.000000e+00 0.000000e+00
    outer loop
      vertex   4.550000e+00 2.549850e+01 1.282819e+01
      vertex   4.550000e+00 2.500268e+01 7.004665e+00
      vertex   4.550000e+00 2.496780e+01 1.269074e+01
    endloop
  endfacet
  facet normal -1.000000e+00 0.000000e+00 -0.000000e+00
    outer loop
      vertex   4.550000e+00 2.496780e+01 1.269074e+01
      vertex   4.550000e+00 2.500268e+01 7.004665e+00
      vertex   4.550000e+00 2.445449e+01 7.009257e+00
    endloop
  endfacet
  facet normal -1.000000e+00 -0.000000e+00 0.000000e+00
    outer loop
      vertex   4.550000e+00 2.496780e+01 1.269074e+01
      vertex   4.550000e+00 2.445449e+01 7.009257e+00
      vertex   4.550000e+00 2.441961e+01 1.269533e+01
    endloop
  endfacet
  facet normal -1.000000e+00 0.000000e+00 -0.000000e+00
    outer loop
      vertex   4.550000e+00 2.441961e+01 1.269533e+01
      vertex   4.550000e+00 2.445449e+01 7.009257e+00
      vertex   4.550000e+00 2.392379e+01 6.871810e+00
    endloop
  endfacet
  facet normal -1.000000e+00 -0.000000e+00 0.000000e+00
    outer loop
      vertex   4.550000e+00 2.441961e+01 1.269533e+01
      vertex   4.550000e+00 2.392379e+01 6.871810e+00
      vertex   4.550000e+00 2.389129e+01 1.284165e+01
    endloop
  endfacet
  facet normal -1.000000e+00 0.000000e+00 -0.000000e+00
    outer loop
      vertex   4.550000e+00 2.389129e+01 1.284165e+01
      vertex   4.550000e+00 2.392379e+01 6.871810e+00
      vertex   4.550000e+00 2.344674e+01 6.601691e+00
    endloop
  endfacet
  facet normal -1.000000e+00 -0.000000e+00 0.000000e+00
    outer loop
      vertex   4.550000e+00 2.389129e+01 1.284165e+01
      vertex   4.550000e+00 2.344674e+01 6.601691e+00
      vertex   4.550000e+00 2.341884e+01 1.311972e+01
    endloop
  endfacet
  facet normal -1.000000e+00 0.000000e+00 -0.000000e+00
    outer loop
      vertex   4.550000e+00 2.341884e+01 1.311972e+01
      vertex   4.550000e+00 2.344674e+01 6.601691e+00
      vertex   4.550000e+00 2.305587e+01 6.217308e+00
    endloop
  endfacet
  facet normal -1.000000e+00 -0.000000e+00 0.000000e+00
    outer loop
      vertex   4.550000e+00 2.341884e+01 1.311972e+01
      vertex   4.550000e+00 2.305587e+01 6.217308e+00
      vertex   4.550000e+00 2.303446e+01 1.351060e+01
    endloop
  endfacet
  facet normal -1.000000e+00 0.000000e+00 -0.000000e+00
    outer loop
      vertex   4.550000e+00 2.303446e+01 1.351060e+01
      vertex   4.550000e+00 2.305587e+01 6.217308e+00
      vertex   4.550000e+00 2.277780e+01 5.744856e+00
    endloop
  endfacet
  facet normal -1.000000e+00 0.000000e+00 0.000000e+00
    outer loop
      vertex   4.550000e+00 2.638784e+01 6.189401e+00
      vertex   4.550000e+00 2.664449e+01 1.395514e+01
      vertex   4.550000e+00 2.665796e+01 5.712358e+00
    endloop
  endfacet
  facet normal -1.000000e+00 0.000000e+00 0.000000e+00
    outer loop
      vertex   4.550000e+00 2.665796e+01 5.712358e+00
      vertex   4.550000e+00 2.664449e+01 1.395514e+01
      vertex   4.550000e+00 2.679081e+01 1.448347e+01
    endloop
  endfacet
  facet normal -1.000000e+00 -0.000000e+00 0.000000e+00
    outer loop
      vertex   4.550000e+00 -2.597555e+01 1.309831e+01
      vertex   4.550000e+00 -2.600345e+01 6.580277e+00
      vertex   4.550000e+00 -2.636642e+01 1.348269e+01
    endloop
  endfacet
  facet normal -1.000000e+00 0.000000e+00 -0.000000e+00
    outer loop
      vertex   4.550000e+00 -2.636642e+01 1.348269e+01
      vertex   4.550000e+00 -2.600345e+01 6.580277e+00
      vertex   4.550000e+00 -2.638784e+01 6.189401e+00
    endloop
  endfacet
  facet normal -1.000000e+00 -0.000000e+00 0.000000e+00
    outer loop
      vertex   4.550000e+00 -2.636642e+01 1.348269e+01
      vertex   4.550000e+00 -2.638784e+01 6.189401e+00
      vertex   4.550000e+00 -4.820000e+01 2.224000e+01
    endloop
  endfacet
  facet normal -1.000000e+00 0.000000e+00 0.000000e+00
    outer loop
      vertex   4.550000e+00 -4.820000e+01 2.224000e+01
      vertex   4.550000e+00 -2.638784e+01 6.189401e+00
      vertex   4.550000e+00 -2.665796e+01 5.712358e+00
    endloop
  endfacet
  facet normal -1.000000e+00 0.000000e+00 0.000000e+00
    outer loop
      vertex   4.550000e+00 -4.820000e+01 2.224000e+01
      vertex   4.550000e+00 -2.665796e+01 5.712358e+00
      vertex   4.550000e+00 -2.679540e+01 5.181658e+00
    endloop
  endfacet
  facet normal -1.000000e+00 0.000000e+00 0.000000e+00
    outer loop
      vertex   4.550000e+00 -2.600345e+01 6.580277e+00
      vertex   4.550000e+00 -2.597555e+01 1.309831e+01
      vertex   4.550000e+00 -2.553100e+01 6.858348e+00
    endloop
  endfacet
  facet normal -1.000000e+00 0.000000e+00 0.000000e+00
    outer loop
      vertex   4.550000e+00 -2.553100e+01 6.858348e+00
      vertex   4.550000e+00 -2.597555e+01 1.309831e+01
      vertex   4.550000e+00 -2.549850e+01 1.282819e+01
    endloop
  endfacet
  facet normal -1.000000e+00 0.000000e+00 0.000000e+00
    outer loop
      vertex   4.550000e+00 -2.553100e+01 6.858348e+00
      vertex   4.550000e+00 -2.549850e+01 1.282819e+01
      vertex   4.550000e+00 -2.500268e+01 7.004665e+00
    endloop
  endfacet
  facet normal -1.000000e+00 0.000000e+00 0.000000e+00
    outer loop
      vertex   4.550000e+00 -2.500268e+01 7.004665e+00
      vertex   4.550000e+00 -2.549850e+01 1.282819e+01
      vertex   4.550000e+00 -2.496780e+01 1.269074e+01
    endloop
  endfacet
  facet normal -1.000000e+00 0.000000e+00 0.000000e+00
    outer loop
      vertex   4.550000e+00 -2.500268e+01 7.004665e+00
      vertex   4.550000e+00 -2.496780e+01 1.269074e+01
      vertex   4.550000e+00 -2.445449e+01 7.009257e+00
    endloop
  endfacet
  facet normal -1.000000e+00 0.000000e+00 0.000000e+00
    outer loop
      vertex   4.550000e+00 -2.445449e+01 7.009257e+00
      vertex   4.550000e+00 -2.496780e+01 1.269074e+01
      vertex   4.550000e+00 -2.441961e+01 1.269533e+01
    endloop
  endfacet
  facet normal -1.000000e+00 0.000000e+00 0.000000e+00
    outer loop
      vertex   4.550000e+00 -2.445449e+01 7.009257e+00
      vertex   4.550000e+00 -2.441961e+01 1.269533e+01
      vertex   4.550000e+00 -2.392379e+01 6.871810e+00
    endloop
  endfacet
  facet normal -1.000000e+00 0.000000e+00 0.000000e+00
    outer loop
      vertex   4.550000e+00 -2.392379e+01 6.871810e+00
      vertex   4.550000e+00 -2.441961e+01 1.269533e+01
      vertex   4.550000e+00 -2.389129e+01 1.284165e+01
    endloop
  endfacet
  facet normal -1.000000e+00 0.000000e+00 0.000000e+00
    outer loop
      vertex   4.550000e+00 -2.392379e+01 6.871810e+00
      vertex   4.550000e+00 -2.389129e+01 1.284165e+01
      vertex   4.550000e+00 -2.344674e+01 6.601691e+00
    endloop
  endfacet
  facet normal -1.000000e+00 0.000000e+00 0.000000e+00
    outer loop
      vertex   4.550000e+00 -2.344674e+01 6.601691e+00
      vertex   4.550000e+00 -2.389129e+01 1.284165e+01
      vertex   4.550000e+00 -2.341884e+01 1.311972e+01
    endloop
  endfacet
  facet normal -1.000000e+00 0.000000e+00 0.000000e+00
    outer loop
      vertex   4.550000e+00 -2.344674e+01 6.601691e+00
      vertex   4.550000e+00 -2.341884e+01 1.311972e+01
      vertex   4.550000e+00 -2.305587e+01 6.217308e+00
    endloop
  endfacet
  facet normal -1.000000e+00 0.000000e+00 0.000000e+00
    outer loop
      vertex   4.550000e+00 -2.305587e+01 6.217308e+00
      vertex   4.550000e+00 -2.341884e+01 1.311972e+01
      vertex   4.550000e+00 -2.303446e+01 1.351060e+01
    endloop
  endfacet
  facet normal -1.000000e+00 0.000000e+00 0.000000e+00
    outer loop
      vertex   4.550000e+00 -2.305587e+01 6.217308e+00
      vertex   4.550000e+00 -2.303446e+01 1.351060e+01
      vertex   4.550000e+00 -2.277780e+01 5.744856e+00
    endloop
  endfacet
  facet normal -1.000000e+00 0.000000e+00 0.000000e+00
    outer loop
      vertex   4.550000e+00 -2.277780e+01 5.744856e+00
      vertex   4.550000e+00 -2.303446e+01 1.351060e+01
      vertex   4.550000e+00 -2.276434e+01 1.398764e+01
    endloop
  endfacet
  facet normal -1.000000e+00 1.375935e-15 -2.247041e-18
    outer loop
      vertex   4.550000e+00 -2.277780e+01 5.744856e+00
      vertex   4.550000e+00 -2.276434e+01 1.398764e+01
      vertex   4.550000e+00 -2.020400e+01 7.000000e-01
    endloop
  endfacet
  facet normal -1.000000e+00 5.919478e-16 -1.533100e-16
    outer loop
      vertex   4.550000e+00 -2.020400e+01 7.000000e-01
      vertex   4.550000e+00 -2.276434e+01 1.398764e+01
      vertex   4.550000e+00 -2.262689e+01 1.451834e+01
    endloop
  endfacet
  facet normal -1.000000e+00 5.478404e-16 3.224435e-16
    outer loop
      vertex   4.550000e+00 -2.277780e+01 1.559486e+01
      vertex   4.550000e+00 -2.305587e+01 1.606731e+01
      vertex   4.550000e+00 -2.020400e+01 2.224000e+01
    endloop
  endfacet
  facet normal -1.000000e+00 3.891750e-16 3.957491e-16
    outer loop
      vertex   4.550000e+00 -2.020400e+01 2.224000e+01
      vertex   4.550000e+00 -2.305587e+01 1.606731e+01
      vertex   4.550000e+00 -2.344674e+01 1.645169e+01
    endloop
  endfacet
  facet normal -1.000000e+00 2.638448e-16 4.659620e-16
    outer loop
      vertex   4.550000e+00 -2.020400e+01 2.224000e+01
      vertex   4.550000e+00 -2.344674e+01 1.645169e+01
      vertex   4.550000e+00 -2.392379e+01 1.672181e+01
    endloop
  endfacet
  facet normal -1.000000e+00 1.419600e-16 5.481240e-16
    outer loop
      vertex   4.550000e+00 -2.392379e+01 1.672181e+01
      vertex   4.550000e+00 -2.445449e+01 1.685926e+01
      vertex   4.550000e+00 -2.020400e+01 2.224000e+01
    endloop
  endfacet
  facet normal -1.000000e+00 -5.566910e-18 6.646621e-16
    outer loop
      vertex   4.550000e+00 -2.020400e+01 2.224000e+01
      vertex   4.550000e+00 -2.445449e+01 1.685926e+01
      vertex   4.550000e+00 -2.500268e+01 1.685467e+01
    endloop
  endfacet
  facet normal -1.000000e+00 -2.425601e-16 8.758382e-16
    outer loop
      vertex   4.550000e+00 -2.020400e+01 2.224000e+01
      vertex   4.550000e+00 -2.500268e+01 1.685467e+01
      vertex   4.550000e+00 -2.553100e+01 1.670835e+01
    endloop
  endfacet
  facet normal -1.000000e+00 -0.000000e+00 0.000000e+00
    outer loop
      vertex   4.550000e+00 -2.638784e+01 1.603940e+01
      vertex   4.550000e+00 -2.665796e+01 1.556236e+01
      vertex   4.550000e+00 -4.820000e+01 2.224000e+01
    endloop
  endfacet
  facet normal -1.000000e+00 0.000000e+00 0.000000e+00
    outer loop
      vertex   4.550000e+00 -4.820000e+01 2.224000e+01
      vertex   4.550000e+00 -2.665796e+01 1.556236e+01
      vertex   4.550000e+00 -2.679540e+01 1.503166e+01
    endloop
  endfacet
  facet normal -1.000000e+00 0.000000e+00 0.000000e+00
    outer loop
      vertex   4.550000e+00 -4.820000e+01 2.224000e+01
      vertex   4.550000e+00 -2.679540e+01 1.503166e+01
      vertex   4.550000e+00 -2.679081e+01 1.448347e+01
    endloop
  endfacet
  facet normal -1.000000e+00 -0.000000e+00 -0.000000e+00
    outer loop
      vertex   4.550000e+00 -2.679081e+01 1.448347e+01
      vertex   4.550000e+00 -2.664449e+01 1.395514e+01
      vertex   4.550000e+00 -4.820000e+01 2.224000e+01
    endloop
  endfacet
  facet normal -1.000000e+00 0.000000e+00 0.000000e+00
    outer loop
      vertex   4.550000e+00 -4.820000e+01 2.224000e+01
      vertex   4.550000e+00 -2.664449e+01 1.395514e+01
      vertex   4.550000e+00 -2.636642e+01 1.348269e+01
    endloop
  endfacet
  facet normal -1.000000e+00 4.686420e-16 -7.962357e-16
    outer loop
      vertex   4.550000e+00 -2.389129e+01 2.991652e+00
      vertex   4.550000e+00 -2.341884e+01 3.269723e+00
      vertex   4.550000e+00 -2.020400e+01 7.000000e-01
    endloop
  endfacet
  facet normal -1.000000e+00 6.187378e-16 -6.084593e-16
    outer loop
      vertex   4.550000e+00 -2.020400e+01 7.000000e-01
      vertex   4.550000e+00 -2.341884e+01 3.269723e+00
      vertex   4.550000e+00 -2.303446e+01 3.660599e+00
    endloop
  endfacet
  facet normal -1.000000e+00 7.882911e-16 -4.463593e-16
    outer loop
      vertex   4.550000e+00 -2.020400e+01 7.000000e-01
      vertex   4.550000e+00 -2.303446e+01 3.660599e+00
      vertex   4.550000e+00 -2.276434e+01 4.137642e+00
    endloop
  endfacet
  facet normal -1.000000e+00 1.029575e-15 -2.666522e-16
    outer loop
      vertex   4.550000e+00 -2.276434e+01 4.137642e+00
      vertex   4.550000e+00 -2.262689e+01 4.668342e+00
      vertex   4.550000e+00 -2.020400e+01 7.000000e-01
    endloop
  endfacet
  facet normal -1.000000e+00 1.486708e-15 1.245200e-17
    outer loop
      vertex   4.550000e+00 -2.020400e+01 7.000000e-01
      vertex   4.550000e+00 -2.262689e+01 4.668342e+00
      vertex   4.550000e+00 -2.263148e+01 5.216533e+00
    endloop
  endfacet
  facet normal -1.000000e+00 3.019364e-15 8.362015e-16
    outer loop
      vertex   4.550000e+00 -2.020400e+01 7.000000e-01
      vertex   4.550000e+00 -2.263148e+01 5.216533e+00
      vertex   4.550000e+00 -2.277780e+01 5.744856e+00
    endloop
  endfacet
  facet normal -1.000000e+00 -0.000000e+00 -0.000000e+00
    outer loop
      vertex   4.550000e+00 -2.679540e+01 5.181658e+00
      vertex   4.550000e+00 -2.679081e+01 4.633467e+00
      vertex   4.550000e+00 -4.820000e+01 2.224000e+01
    endloop
  endfacet
  facet normal 7.813680e-16 -7.011598e-01 7.130042e-01
    outer loop
      vertex   4.550000e+00 2.597555e+01 1.309831e+01
      vertex   1.090000e+01 2.636642e+01 1.348269e+01
      vertex   4.550000e+00 2.636642e+01 1.348269e+01
    endloop
  endfacet
  facet normal 9.643323e-16 -8.618074e-01 5.072356e-01
    outer loop
      vertex   4.550000e+00 2.636642e+01 1.348269e+01
      vertex   1.090000e+01 2.636642e+01 1.348269e+01
      vertex   1.090000e+01 2.664449e+01 1.395514e+01
    endloop
  endfacet
  facet normal 0.000000e+00 -8.618074e-01 5.072356e-01
    outer loop
      vertex   4.550000e+00 2.636642e+01 1.348269e+01
      vertex   1.090000e+01 2.664449e+01 1.395514e+01
      vertex   4.550000e+00 2.664449e+01 1.395514e+01
    endloop
  endfacet
  facet normal 0.000000e+00 -9.637243e-01 2.668998e-01
    outer loop
      vertex   4.550000e+00 2.664449e+01 1.395514e+01
      vertex   1.090000e+01 2.664449e+01 1.395514e+01
      vertex   1.090000e+01 2.679081e+01 1.448347e+01
    endloop
  endfacet
  facet normal 0.000000e+00 -9.637243e-01 2.668998e-01
    outer loop
      vertex   4.550000e+00 2.664449e+01 1.395514e+01
      vertex   1.090000e+01 2.679081e+01 1.448347e+01
      vertex   4.550000e+00 2.679081e+01 1.448347e+01
    endloop
  endfacet
  facet normal 0.000000e+00 -9.999649e-01 8.375256e-03
    outer loop
      vertex   4.550000e+00 2.679081e+01 1.448347e+01
      vertex   1.090000e+01 2.679081e+01 1.448347e+01
      vertex   1.090000e+01 2.679540e+01 1.503166e+01
    endloop
  endfacet
  facet normal 0.000000e+00 -9.999649e-01 8.375256e-03
    outer loop
      vertex   4.550000e+00 2.679081e+01 1.448347e+01
      vertex   1.090000e+01 2.679540e+01 1.503166e+01
      vertex   4.550000e+00 2.679540e+01 1.503166e+01
    endloop
  endfacet
  facet normal 0.000000e+00 -9.680596e-01 -2.507201e-01
    outer loop
      vertex   4.550000e+00 2.679540e+01 1.503166e+01
      vertex   1.090000e+01 2.679540e+01 1.503166e+01
      vertex   1.090000e+01 2.665796e+01 1.556236e+01
    endloop
  endfacet
  facet normal 0.000000e+00 -9.680596e-01 -2.507201e-01
    outer loop
      vertex   4.550000e+00 2.679540e+01 1.503166e+01
      vertex   1.090000e+01 2.665796e+01 1.556236e+01
      vertex   4.550000e+00 2.665796e+01 1.556236e+01
    endloop
  endfacet
  facet normal 0.000000e+00 -8.701827e-01 -4.927293e-01
    outer loop
      vertex   4.550000e+00 2.665796e+01 1.556236e+01
      vertex   1.090000e+01 2.665796e+01 1.556236e+01
      vertex   1.090000e+01 2.638784e+01 1.603940e+01
    endloop
  endfacet
  facet normal 0.000000e+00 -8.701827e-01 -4.927293e-01
    outer loop
      vertex   4.550000e+00 2.665796e+01 1.556236e+01
      vertex   1.090000e+01 2.638784e+01 1.603940e+01
      vertex   4.550000e+00 2.638784e+01 1.603940e+01
    endloop
  endfacet
  facet normal 0.000000e+00 -7.130042e-01 -7.011598e-01
    outer loop
      vertex   4.550000e+00 2.638784e+01 1.603940e+01
      vertex   1.090000e+01 2.638784e+01 1.603940e+01
      vertex   1.090000e+01 2.600345e+01 1.643028e+01
    endloop
  endfacet
  facet normal 0.000000e+00 -7.130042e-01 -7.011598e-01
    outer loop
      vertex   4.550000e+00 2.638784e+01 1.603940e+01
      vertex   1.090000e+01 2.600345e+01 1.643028e+01
      vertex   4.550000e+00 2.600345e+01 1.643028e+01
    endloop
  endfacet
  facet normal 0.000000e+00 -5.072356e-01 -8.618074e-01
    outer loop
      vertex   4.550000e+00 2.600345e+01 1.643028e+01
      vertex   1.090000e+01 2.600345e+01 1.643028e+01
      vertex   1.090000e+01 2.553100e+01 1.670835e+01
    endloop
  endfacet
  facet normal 0.000000e+00 -5.072356e-01 -8.618074e-01
    outer loop
      vertex   4.550000e+00 2.600345e+01 1.643028e+01
      vertex   1.090000e+01 2.553100e+01 1.670835e+01
      vertex   4.550000e+00 2.553100e+01 1.670835e+01
    endloop
  endfacet
  facet normal 0.000000e+00 -2.668998e-01 -9.637243e-01
    outer loop
      vertex   4.550000e+00 2.553100e+01 1.670835e+01
      vertex   1.090000e+01 2.553100e+01 1.670835e+01
      vertex   1.090000e+01 2.500268e+01 1.685467e+01
    endloop
  endfacet
  facet normal 0.000000e+00 -2.668998e-01 -9.637243e-01
    outer loop
      vertex   4.550000e+00 2.553100e+01 1.670835e+01
      vertex   1.090000e+01 2.500268e+01 1.685467e+01
      vertex   4.550000e+00 2.500268e+01 1.685467e+01
    endloop
  endfacet
  facet normal 0.000000e+00 -8.375256e-03 -9.999649e-01
    outer loop
      vertex   4.550000e+00 2.500268e+01 1.685467e+01
      vertex   1.090000e+01 2.500268e+01 1.685467e+01
      vertex   1.090000e+01 2.445449e+01 1.685926e+01
    endloop
  endfacet
  facet normal 0.000000e+00 -8.375256e-03 -9.999649e-01
    outer loop
      vertex   4.550000e+00 2.500268e+01 1.685467e+01
      vertex   1.090000e+01 2.445449e+01 1.685926e+01
      vertex   4.550000e+00 2.445449e+01 1.685926e+01
    endloop
  endfacet
  facet normal 0.000000e+00 2.507201e-01 -9.680596e-01
    outer loop
      vertex   4.550000e+00 2.445449e+01 1.685926e+01
      vertex   1.090000e+01 2.445449e+01 1.685926e+01
      vertex   1.090000e+01 2.392379e+01 1.672181e+01
    endloop
  endfacet
  facet normal 0.000000e+00 2.507201e-01 -9.680596e-01
    outer loop
      vertex   4.550000e+00 2.445449e+01 1.685926e+01
      vertex   1.090000e+01 2.392379e+01 1.672181e+01
      vertex   4.550000e+00 2.392379e+01 1.672181e+01
    endloop
  endfacet
  facet normal 0.000000e+00 4.927293e-01 -8.701827e-01
    outer loop
      vertex   4.550000e+00 2.392379e+01 1.672181e+01
      vertex   1.090000e+01 2.392379e+01 1.672181e+01
      vertex   1.090000e+01 2.344674e+01 1.645169e+01
    endloop
  endfacet
  facet normal 0.000000e+00 4.927293e-01 -8.701827e-01
    outer loop
      vertex   4.550000e+00 2.392379e+01 1.672181e+01
      vertex   1.090000e+01 2.344674e+01 1.645169e+01
      vertex   4.550000e+00 2.344674e+01 1.645169e+01
    endloop
  endfacet
  facet normal 0.000000e+00 7.011598e-01 -7.130042e-01
    outer loop
      vertex   4.550000e+00 2.344674e+01 1.645169e+01
      vertex   1.090000e+01 2.344674e+01 1.645169e+01
      vertex   1.090000e+01 2.305587e+01 1.606731e+01
    endloop
  endfacet
  facet normal 0.000000e+00 7.011598e-01 -7.130042e-01
    outer loop
      vertex   4.550000e+00 2.344674e+01 1.645169e+01
      vertex   1.090000e+01 2.305587e+01 1.606731e+01
      vertex   4.550000e+00 2.305587e+01 1.606731e+01
    endloop
  endfacet
  facet normal 0.000000e+00 8.618074e-01 -5.072356e-01
    outer loop
      vertex   4.550000e+00 2.305587e+01 1.606731e+01
      vertex   1.090000e+01 2.305587e+01 1.606731e+01
      vertex   1.090000e+01 2.277780e+01 1.559486e+01
    endloop
  endfacet
  facet normal 0.000000e+00 8.618074e-01 -5.072356e-01
    outer loop
      vertex   4.550000e+00 2.305587e+01 1.606731e+01
      vertex   1.090000e+01 2.277780e+01 1.559486e+01
      vertex   4.550000e+00 2.277780e+01 1.559486e+01
    endloop
  endfacet
  facet normal 0.000000e+00 9.637243e-01 -2.668998e-01
    outer loop
      vertex   4.550000e+00 2.277780e+01 1.559486e+01
      vertex   1.090000e+01 2.277780e+01 1.559486e+01
      vertex   1.090000e+01 2.263148e+01 1.506653e+01
    endloop
  endfacet
  facet normal 0.000000e+00 9.637243e-01 -2.668998e-01
    outer loop
      vertex   4.550000e+00 2.277780e+01 1.559486e+01
      vertex   1.090000e+01 2.263148e+01 1.506653e+01
      vertex   4.550000e+00 2.263148e+01 1.506653e+01
    endloop
  endfacet
  facet normal 0.000000e+00 9.999649e-01 -8.375256e-03
    outer loop
      vertex   4.550000e+00 2.263148e+01 1.506653e+01
      vertex   1.090000e+01 2.263148e+01 1.506653e+01
      vertex   1.090000e+01 2.262689e+01 1.451834e+01
    endloop
  endfacet
  facet normal 0.000000e+00 9.999649e-01 -8.375256e-03
    outer loop
      vertex   4.550000e+00 2.263148e+01 1.506653e+01
      vertex   1.090000e+01 2.262689e+01 1.451834e+01
      vertex   4.550000e+00 2.262689e+01 1.451834e+01
    endloop
  endfacet
  facet normal -0.000000e+00 9.680596e-01 2.507201e-01
    outer loop
      vertex   4.550000e+00 2.262689e+01 1.451834e+01
      vertex   1.090000e+01 2.262689e+01 1.451834e+01
      vertex   1.090000e+01 2.276434e+01 1.398764e+01
    endloop
  endfacet
  facet normal 0.000000e+00 9.680596e-01 2.507201e-01
    outer loop
      vertex   4.550000e+00 2.262689e+01 1.451834e+01
      vertex   1.090000e+01 2.276434e+01 1.398764e+01
      vertex   4.550000e+00 2.276434e+01 1.398764e+01
    endloop
  endfacet
  facet normal -0.000000e+00 8.701827e-01 4.927293e-01
    outer loop
      vertex   4.550000e+00 2.276434e+01 1.398764e+01
      vertex   1.090000e+01 2.276434e+01 1.398764e+01
      vertex   1.090000e+01 2.303446e+01 1.351060e+01
    endloop
  endfacet
  facet normal 0.000000e+00 8.701827e-01 4.927293e-01
    outer loop
      vertex   4.550000e+00 2.276434e+01 1.398764e+01
      vertex   1.090000e+01 2.303446e+01 1.351060e+01
      vertex   4.550000e+00 2.303446e+01 1.351060e+01
    endloop
  endfacet
  facet normal -0.000000e+00 7.130042e-01 7.011598e-01
    outer loop
      vertex   4.550000e+00 2.303446e+01 1.351060e+01
      vertex   1.090000e+01 2.303446e+01 1.351060e+01
      vertex   1.090000e+01 2.341884e+01 1.311972e+01
    endloop
  endfacet
  facet normal 0.000000e+00 7.130042e-01 7.011598e-01
    outer loop
      vertex   4.550000e+00 2.303446e+01 1.351060e+01
      vertex   1.090000e+01 2.341884e+01 1.311972e+01
      vertex   4.550000e+00 2.341884e+01 1.311972e+01
    endloop
  endfacet
  facet normal -0.000000e+00 5.072356e-01 8.618074e-01
    outer loop
      vertex   4.550000e+00 2.341884e+01 1.311972e+01
      vertex   1.090000e+01 2.341884e+01 1.311972e+01
      vertex   1.090000e+01 2.389129e+01 1.284165e+01
    endloop
  endfacet
  facet normal 0.000000e+00 5.072356e-01 8.618074e-01
    outer loop
      vertex   4.550000e+00 2.341884e+01 1.311972e+01
      vertex   1.090000e+01 2.389129e+01 1.284165e+01
      vertex   4.550000e+00 2.389129e+01 1.284165e+01
    endloop
  endfacet
  facet normal -0.000000e+00 2.668998e-01 9.637243e-01
    outer loop
      vertex   4.550000e+00 2.389129e+01 1.284165e+01
      vertex   1.090000e+01 2.389129e+01 1.284165e+01
      vertex   1.090000e+01 2.441961e+01 1.269533e+01
    endloop
  endfacet
  facet normal 0.000000e+00 2.668998e-01 9.637243e-01
    outer loop
      vertex   4.550000e+00 2.389129e+01 1.284165e+01
      vertex   1.090000e+01 2.441961e+01 1.269533e+01
      vertex   4.550000e+00 2.441961e+01 1.269533e+01
    endloop
  endfacet
  facet normal -0.000000e+00 8.375256e-03 9.999649e-01
    outer loop
      vertex   4.550000e+00 2.441961e+01 1.269533e+01
      vertex   1.090000e+01 2.441961e+01 1.269533e+01
      vertex   1.090000e+01 2.496780e+01 1.269074e+01
    endloop
  endfacet
  facet normal 0.000000e+00 8.375256e-03 9.999649e-01
    outer loop
      vertex   4.550000e+00 2.441961e+01 1.269533e+01
      vertex   1.090000e+01 2.496780e+01 1.269074e+01
      vertex   4.550000e+00 2.496780e+01 1.269074e+01
    endloop
  endfacet
  facet normal 0.000000e+00 -2.507201e-01 9.680596e-01
    outer loop
      vertex   4.550000e+00 2.496780e+01 1.269074e+01
      vertex   1.090000e+01 2.496780e+01 1.269074e+01
      vertex   1.090000e+01 2.549850e+01 1.282819e+01
    endloop
  endfacet
  facet normal 0.000000e+00 -2.507201e-01 9.680596e-01
    outer loop
      vertex   4.550000e+00 2.496780e+01 1.269074e+01
      vertex   1.090000e+01 2.549850e+01 1.282819e+01
      vertex   4.550000e+00 2.549850e+01 1.282819e+01
    endloop
  endfacet
  facet normal 0.000000e+00 -4.927293e-01 8.701827e-01
    outer loop
      vertex   4.550000e+00 2.549850e+01 1.282819e+01
      vertex   1.090000e+01 2.549850e+01 1.282819e+01
      vertex   1.090000e+01 2.597555e+01 1.309831e+01
    endloop
  endfacet
  facet normal 0.000000e+00 -4.927293e-01 8.701827e-01
    outer loop
      vertex   4.550000e+00 2.549850e+01 1.282819e+01
      vertex   1.090000e+01 2.597555e+01 1.309831e+01
      vertex   4.550000e+00 2.597555e+01 1.309831e+01
    endloop
  endfacet
  facet normal 0.000000e+00 -7.011598e-01 7.130042e-01
    outer loop
      vertex   4.550000e+00 2.597555e+01 1.309831e+01
      vertex   1.090000e+01 2.597555e+01 1.309831e+01
      vertex   1.090000e+01 2.636642e+01 1.348269e+01
    endloop
  endfacet
  facet normal 0.000000e+00 -7.011598e-01 7.130042e-01
    outer loop
      vertex   4.550000e+00 2.597555e+01 3.248309e+00
      vertex   1.090000e+01 2.636642e+01 3.632692e+00
      vertex   4.550000e+00 2.636642e+01 3.632692e+00
    endloop
  endfacet
  facet normal 0.000000e+00 -8.618074e-01 5.072356e-01
    outer loop
      vertex   4.550000e+00 2.636642e+01 3.632692e+00
      vertex   1.090000e+01 2.636642e+01 3.632692e+00
      vertex   1.090000e+01 2.664449e+01 4.105144e+00
    endloop
  endfacet
  facet normal 0.000000e+00 -8.618074e-01 5.072356e-01
    outer loop
      vertex   4.550000e+00 2.636642e+01 3.632692e+00
      vertex   1.090000e+01 2.664449e+01 4.105144e+00
      vertex   4.550000e+00 2.664449e+01 4.105144e+00
    endloop
  endfacet
  facet normal 0.000000e+00 -9.637243e-01 2.668998e-01
    outer loop
      vertex   4.550000e+00 2.664449e+01 4.105144e+00
      vertex   1.090000e+01 2.664449e+01 4.105144e+00
      vertex   1.090000e+01 2.679081e+01 4.633467e+00
    endloop
  endfacet
  facet normal 0.000000e+00 -9.637243e-01 2.668998e-01
    outer loop
      vertex   4.550000e+00 2.664449e+01 4.105144e+00
      vertex   1.090000e+01 2.679081e+01 4.633467e+00
      vertex   4.550000e+00 2.679081e+01 4.633467e+00
    endloop
  endfacet
  facet normal 0.000000e+00 -9.999649e-01 8.375256e-03
    outer loop
      vertex   4.550000e+00 2.679081e+01 4.633467e+00
      vertex   1.090000e+01 2.679081e+01 4.633467e+00
      vertex   1.090000e+01 2.679540e+01 5.181658e+00
    endloop
  endfacet
  facet normal 0.000000e+00 -9.999649e-01 8.375256e-03
    outer loop
      vertex   4.550000e+00 2.679081e+01 4.633467e+00
      vertex   1.090000e+01 2.679540e+01 5.181658e+00
      vertex   4.550000e+00 2.679540e+01 5.181658e+00
    endloop
  endfacet
  facet normal 0.000000e+00 -9.680596e-01 -2.507201e-01
    outer loop
      vertex   4.550000e+00 2.679540e+01 5.181658e+00
      vertex   1.090000e+01 2.679540e+01 5.181658e+00
      vertex   1.090000e+01 2.665796e+01 5.712358e+00
    endloop
  endfacet
  facet normal 0.000000e+00 -9.680596e-01 -2.507201e-01
    outer loop
      vertex   4.550000e+00 2.679540e+01 5.181658e+00
      vertex   1.090000e+01 2.665796e+01 5.712358e+00
      vertex   4.550000e+00 2.665796e+01 5.712358e+00
    endloop
  endfacet
  facet normal 0.000000e+00 -8.701827e-01 -4.927293e-01
    outer loop
      vertex   4.550000e+00 2.665796e+01 5.712358e+00
      vertex   1.090000e+01 2.665796e+01 5.712358e+00
      vertex   1.090000e+01 2.638784e+01 6.189401e+00
    endloop
  endfacet
  facet normal 0.000000e+00 -8.701827e-01 -4.927293e-01
    outer loop
      vertex   4.550000e+00 2.665796e+01 5.712358e+00
      vertex   1.090000e+01 2.638784e+01 6.189401e+00
      vertex   4.550000e+00 2.638784e+01 6.189401e+00
    endloop
  endfacet
  facet normal 0.000000e+00 -7.130042e-01 -7.011598e-01
    outer loop
      vertex   4.550000e+00 2.638784e+01 6.189401e+00
      vertex   1.090000e+01 2.638784e+01 6.189401e+00
      vertex   1.090000e+01 2.600345e+01 6.580277e+00
    endloop
  endfacet
  facet normal 0.000000e+00 -7.130042e-01 -7.011598e-01
    outer loop
      vertex   4.550000e+00 2.638784e+01 6.189401e+00
      vertex   1.090000e+01 2.600345e+01 6.580277e+00
      vertex   4.550000e+00 2.600345e+01 6.580277e+00
    endloop
  endfacet
  facet normal 0.000000e+00 -5.072356e-01 -8.618074e-01
    outer loop
      vertex   4.550000e+00 2.600345e+01 6.580277e+00
      vertex   1.090000e+01 2.600345e+01 6.580277e+00
      vertex   1.090000e+01 2.553100e+01 6.858348e+00
    endloop
  endfacet
  facet normal 0.000000e+00 -5.072356e-01 -8.618074e-01
    outer loop
      vertex   4.550000e+00 2.600345e+01 6.580277e+00
      vertex   1.090000e+01 2.553100e+01 6.858348e+00
      vertex   4.550000e+00 2.553100e+01 6.858348e+00
    endloop
  endfacet
  facet normal 0.000000e+00 -2.668998e-01 -9.637243e-01
    outer loop
      vertex   4.550000e+00 2.553100e+01 6.858348e+00
      vertex   1.090000e+01 2.553100e+01 6.858348e+00
      vertex   1.090000e+01 2.500268e+01 7.004665e+00
    endloop
  endfacet
  facet normal 0.000000e+00 -2.668998e-01 -9.637243e-01
    outer loop
      vertex   4.550000e+00 2.553100e+01 6.858348e+00
      vertex   1.090000e+01 2.500268e+01 7.004665e+00
      vertex   4.550000e+00 2.500268e+01 7.004665e+00
    endloop
  endfacet
  facet normal 0.000000e+00 -8.375256e-03 -9.999649e-01
    outer loop
      vertex   4.550000e+00 2.500268e+01 7.004665e+00
      vertex   1.090000e+01 2.500268e+01 7.004665e+00
      vertex   1.090000e+01 2.445449e+01 7.009257e+00
    endloop
  endfacet
  facet normal 0.000000e+00 -8.375256e-03 -9.999649e-01
    outer loop
      vertex   4.550000e+00 2.500268e+01 7.004665e+00
      vertex   1.090000e+01 2.445449e+01 7.009257e+00
      vertex   4.550000e+00 2.445449e+01 7.009257e+00
    endloop
  endfacet
  facet normal 0.000000e+00 2.507201e-01 -9.680596e-01
    outer loop
      vertex   4.550000e+00 2.445449e+01 7.009257e+00
      vertex   1.090000e+01 2.445449e+01 7.009257e+00
      vertex   1.090000e+01 2.392379e+01 6.871810e+00
    endloop
  endfacet
  facet normal 0.000000e+00 2.507201e-01 -9.680596e-01
    outer loop
      vertex   4.550000e+00 2.445449e+01 7.009257e+00
      vertex   1.090000e+01 2.392379e+01 6.871810e+00
      vertex   4.550000e+00 2.392379e+01 6.871810e+00
    endloop
  endfacet
  facet normal 0.000000e+00 4.927293e-01 -8.701827e-01
    outer loop
      vertex   4.550000e+00 2.392379e+01 6.871810e+00
      vertex   1.090000e+01 2.392379e+01 6.871810e+00
      vertex   1.090000e+01 2.344674e+01 6.601691e+00
    endloop
  endfacet
  facet normal 0.000000e+00 4.927293e-01 -8.701827e-01
    outer loop
      vertex   4.550000e+00 2.392379e+01 6.871810e+00
      vertex   1.090000e+01 2.344674e+01 6.601691e+00
      vertex   4.550000e+00 2.344674e+01 6.601691e+00
    endloop
  endfacet
  facet normal 0.000000e+00 7.011598e-01 -7.130042e-01
    outer loop
      vertex   4.550000e+00 2.344674e+01 6.601691e+00
      vertex   1.090000e+01 2.344674e+01 6.601691e+00
      vertex   1.090000e+01 2.305587e+01 6.217308e+00
    endloop
  endfacet
  facet normal 0.000000e+00 7.011598e-01 -7.130042e-01
    outer loop
      vertex   4.550000e+00 2.344674e+01 6.601691e+00
      vertex   1.090000e+01 2.305587e+01 6.217308e+00
      vertex   4.550000e+00 2.305587e+01 6.217308e+00
    endloop
  endfacet
  facet normal 0.000000e+00 8.618074e-01 -5.072356e-01
    outer loop
      vertex   4.550000e+00 2.305587e+01 6.217308e+00
      vertex   1.090000e+01 2.305587e+01 6.217308e+00
      vertex   1.090000e+01 2.277780e+01 5.744856e+00
    endloop
  endfacet
  facet normal 0.000000e+00 8.618074e-01 -5.072356e-01
    outer loop
      vertex   4.550000e+00 2.305587e+01 6.217308e+00
      vertex   1.090000e+01 2.277780e+01 5.744856e+00
      vertex   4.550000e+00 2.277780e+01 5.744856e+00
    endloop
  endfacet
  facet normal 0.000000e+00 9.637243e-01 -2.668998e-01
    outer loop
      vertex   4.550000e+00 2.277780e+01 5.744856e+00
      vertex   1.090000e+01 2.277780e+01 5.744856e+00
      vertex   1.090000e+01 2.263148e+01 5.216533e+00
    endloop
  endfacet
  facet normal 0.000000e+00 9.637243e-01 -2.668998e-01
    outer loop
      vertex   4.550000e+00 2.277780e+01 5.744856e+00
      vertex   1.090000e+01 2.263148e+01 5.216533e+00
      vertex   4.550000e+00 2.263148e+01 5.216533e+00
    endloop
  endfacet
  facet normal 0.000000e+00 9.999649e-01 -8.375256e-03
    outer loop
      vertex   4.550000e+00 2.263148e+01 5.216533e+00
      vertex   1.090000e+01 2.263148e+01 5.216533e+00
      vertex   1.090000e+01 2.262689e+01 4.668342e+00
    endloop
  endfacet
  facet normal 0.000000e+00 9.999649e-01 -8.375256e-03
    outer loop
      vertex   4.550000e+00 2.263148e+01 5.216533e+00
      vertex   1.090000e+01 2.262689e+01 4.668342e+00
      vertex   4.550000e+00 2.262689e+01 4.668342e+00
    endloop
  endfacet
  facet normal -0.000000e+00 9.680596e-01 2.507201e-01
    outer loop
      vertex   4.550000e+00 2.262689e+01 4.668342e+00
      vertex   1.090000e+01 2.262689e+01 4.668342e+00
      vertex   1.090000e+01 2.276434e+01 4.137642e+00
    endloop
  endfacet
  facet normal 0.000000e+00 9.680596e-01 2.507201e-01
    outer loop
      vertex   4.550000e+00 2.262689e+01 4.668342e+00
      vertex   1.090000e+01 2.276434e+01 4.137642e+00
      vertex   4.550000e+00 2.276434e+01 4.137642e+00
    endloop
  endfacet
  facet normal -0.000000e+00 8.701827e-01 4.927293e-01
    outer loop
      vertex   4.550000e+00 2.276434e+01 4.137642e+00
      vertex   1.090000e+01 2.276434e+01 4.137642e+00
      vertex   1.090000e+01 2.303446e+01 3.660599e+00
    endloop
  endfacet
  facet normal 0.000000e+00 8.701827e-01 4.927293e-01
    outer loop
      vertex   4.550000e+00 2.276434e+01 4.137642e+00
      vertex   1.090000e+01 2.303446e+01 3.660599e+00
      vertex   4.550000e+00 2.303446e+01 3.660599e+00
    endloop
  endfacet
  facet normal -0.000000e+00 7.130042e-01 7.011598e-01
    outer loop
      vertex   4.550000e+00 2.303446e+01 3.660599e+00
      vertex   1.090000e+01 2.303446e+01 3.660599e+00
      vertex   1.090000e+01 2.341884e+01 3.269723e+00
    endloop
  endfacet
  facet normal 0.000000e+00 7.130042e-01 7.011598e-01
    outer loop
      vertex   4.550000e+00 2.303446e+01 3.660599e+00
      vertex   1.090000e+01 2.341884e+01 3.269723e+00
      vertex   4.550000e+00 2.341884e+01 3.269723e+00
    endloop
  endfacet
  facet normal -0.000000e+00 5.072356e-01 8.618074e-01
    outer loop
      vertex   4.550000e+00 2.341884e+01 3.269723e+00
      vertex   1.090000e+01 2.341884e+01 3.269723e+00
      vertex   1.090000e+01 2.389129e+01 2.991652e+00
    endloop
  endfacet
  facet normal 0.000000e+00 5.072356e-01 8.618074e-01
    outer loop
      vertex   4.550000e+00 2.341884e+01 3.269723e+00
      vertex   1.090000e+01 2.389129e+01 2.991652e+00
      vertex   4.550000e+00 2.389129e+01 2.991652e+00
    endloop
  endfacet
  facet normal -0.000000e+00 2.668998e-01 9.637243e-01
    outer loop
      vertex   4.550000e+00 2.389129e+01 2.991652e+00
      vertex   1.090000e+01 2.389129e+01 2.991652e+00
      vertex   1.090000e+01 2.441961e+01 2.845335e+00
    endloop
  endfacet
  facet normal 0.000000e+00 2.668998e-01 9.637243e-01
    outer loop
      vertex   4.550000e+00 2.389129e+01 2.991652e+00
      vertex   1.090000e+01 2.441961e+01 2.845335e+00
      vertex   4.550000e+00 2.441961e+01 2.845335e+00
    endloop
  endfacet
  facet normal -0.000000e+00 8.375256e-03 9.999649e-01
    outer loop
      vertex   4.550000e+00 2.441961e+01 2.845335e+00
      vertex   1.090000e+01 2.441961e+01 2.845335e+00
      vertex   1.090000e+01 2.496780e+01 2.840743e+00
    endloop
  endfacet
  facet normal 0.000000e+00 8.375256e-03 9.999649e-01
    outer loop
      vertex   4.550000e+00 2.441961e+01 2.845335e+00
      vertex   1.090000e+01 2.496780e+01 2.840743e+00
      vertex   4.550000e+00 2.496780e+01 2.840743e+00
    endloop
  endfacet
  facet normal 0.000000e+00 -2.507201e-01 9.680596e-01
    outer loop
      vertex   4.550000e+00 2.496780e+01 2.840743e+00
      vertex   1.090000e+01 2.496780e+01 2.840743e+00
      vertex   1.090000e+01 2.549850e+01 2.978190e+00
    endloop
  endfacet
  facet normal 0.000000e+00 -2.507201e-01 9.680596e-01
    outer loop
      vertex   4.550000e+00 2.496780e+01 2.840743e+00
      vertex   1.090000e+01 2.549850e+01 2.978190e+00
      vertex   4.550000e+00 2.549850e+01 2.978190e+00
    endloop
  endfacet
  facet normal 0.000000e+00 -4.927293e-01 8.701827e-01
    outer loop
      vertex   4.550000e+00 2.549850e+01 2.978190e+00
      vertex   1.090000e+01 2.549850e+01 2.978190e+00
      vertex   1.090000e+01 2.597555e+01 3.248309e+00
    endloop
  endfacet
  facet normal 0.000000e+00 -4.927293e-01 8.701827e-01
    outer loop
      vertex   4.550000e+00 2.549850e+01 2.978190e+00
      vertex   1.090000e+01 2.597555e+01 3.248309e+00
      vertex   4.550000e+00 2.597555e+01 3.248309e+00
    endloop
  endfacet
  facet normal 0.000000e+00 -7.011598e-01 7.130042e-01
    outer loop
      vertex   4.550000e+00 2.597555e+01 3.248309e+00
      vertex   1.090000e+01 2.597555e+01 3.248309e+00
      vertex   1.090000e+01 2.636642e+01 3.632692e+00
    endloop
  endfacet
  facet normal 0.000000e+00 8.618074e-01 5.072356e-01
    outer loop
      vertex   4.550000e+00 -2.664449e+01 1.395514e+01
      vertex   1.090000e+01 -2.636642e+01 1.348269e+01
      vertex   4.550000e+00 -2.636642e+01 1.348269e+01
    endloop
  endfacet
  facet normal -0.000000e+00 7.011598e-01 7.130042e-01
    outer loop
      vertex   4.550000e+00 -2.636642e+01 1.348269e+01
      vertex   1.090000e+01 -2.636642e+01 1.348269e+01
      vertex   1.090000e+01 -2.597555e+01 1.309831e+01
    endloop
  endfacet
  facet normal 0.000000e+00 7.011598e-01 7.130042e-01
    outer loop
      vertex   4.550000e+00 -2.636642e+01 1.348269e+01
      vertex   1.090000e+01 -2.597555e+01 1.309831e+01
      vertex   4.550000e+00 -2.597555e+01 1.309831e+01
    endloop
  endfacet
  facet normal -0.000000e+00 4.927293e-01 8.701827e-01
    outer loop
      vertex   4.550000e+00 -2.597555e+01 1.309831e+01
      vertex   1.090000e+01 -2.597555e+01 1.309831e+01
      vertex   1.090000e+01 -2.549850e+01 1.282819e+01
    endloop
  endfacet
  facet normal 0.000000e+00 4.927293e-01 8.701827e-01
    outer loop
      vertex   4.550000e+00 -2.597555e+01 1.309831e+01
      vertex   1.090000e+01 -2.549850e+01 1.282819e+01
      vertex   4.550000e+00 -2.549850e+01 1.282819e+01
    endloop
  endfacet
  facet normal -0.000000e+00 2.507201e-01 9.680596e-01
    outer loop
      vertex   4.550000e+00 -2.549850e+01 1.282819e+01
      vertex   1.090000e+01 -2.549850e+01 1.282819e+01
      vertex   1.090000e+01 -2.496780e+01 1.269074e+01
    endloop
  endfacet
  facet normal 0.000000e+00 2.507201e-01 9.680596e-01
    outer loop
      vertex   4.550000e+00 -2.549850e+01 1.282819e+01
      vertex   1.090000e+01 -2.496780e+01 1.269074e+01
      vertex   4.550000e+00 -2.496780e+01 1.269074e+01
    endloop
  endfacet
  facet normal 0.000000e+00 -8.375256e-03 9.999649e-01
    outer loop
      vertex   4.550000e+00 -2.496780e+01 1.269074e+01
      vertex   1.090000e+01 -2.496780e+01 1.269074e+01
      vertex   1.090000e+01 -2.441961e+01 1.269533e+01
    endloop
  endfacet
  facet normal 0.000000e+00 -8.375256e-03 9.999649e-01
    outer loop
      vertex   4.550000e+00 -2.496780e+01 1.269074e+01
      vertex   1.090000e+01 -2.441961e+01 1.269533e+01
      vertex   4.550000e+00 -2.441961e+01 1.269533e+01
    endloop
  endfacet
  facet normal 0.000000e+00 -2.668998e-01 9.637243e-01
    outer loop
      vertex   4.550000e+00 -2.441961e+01 1.269533e+01
      vertex   1.090000e+01 -2.441961e+01 1.269533e+01
      vertex   1.090000e+01 -2.389129e+01 1.284165e+01
    endloop
  endfacet
  facet normal 0.000000e+00 -2.668998e-01 9.637243e-01
    outer loop
      vertex   4.550000e+00 -2.441961e+01 1.269533e+01
      vertex   1.090000e+01 -2.389129e+01 1.284165e+01
      vertex   4.550000e+00 -2.389129e+01 1.284165e+01
    endloop
  endfacet
  facet normal 0.000000e+00 -5.072356e-01 8.618074e-01
    outer loop
      vertex   4.550000e+00 -2.389129e+01 1.284165e+01
      vertex   1.090000e+01 -2.389129e+01 1.284165e+01
      vertex   1.090000e+01 -2.341884e+01 1.311972e+01
    endloop
  endfacet
  facet normal 0.000000e+00 -5.072356e-01 8.618074e-01
    outer loop
      vertex   4.550000e+00 -2.389129e+01 1.284165e+01
      vertex   1.090000e+01 -2.341884e+01 1.311972e+01
      vertex   4.550000e+00 -2.341884e+01 1.311972e+01
    endloop
  endfacet
  facet normal 0.000000e+00 -7.130042e-01 7.011598e-01
    outer loop
      vertex   4.550000e+00 -2.341884e+01 1.311972e+01
      vertex   1.090000e+01 -2.341884e+01 1.311972e+01
      vertex   1.090000e+01 -2.303446e+01 1.351060e+01
    endloop
  endfacet
  facet normal 0.000000e+00 -7.130042e-01 7.011598e-01
    outer loop
      vertex   4.550000e+00 -2.341884e+01 1.311972e+01
      vertex   1.090000e+01 -2.303446e+01 1.351060e+01
      vertex   4.550000e+00 -2.303446e+01 1.351060e+01
    endloop
  endfacet
  facet normal 0.000000e+00 -8.701827e-01 4.927293e-01
    outer loop
      vertex   4.550000e+00 -2.303446e+01 1.351060e+01
      vertex   1.090000e+01 -2.303446e+01 1.351060e+01
      vertex   1.090000e+01 -2.276434e+01 1.398764e+01
    endloop
  endfacet
  facet normal 0.000000e+00 -8.701827e-01 4.927293e-01
    outer loop
      vertex   4.550000e+00 -2.303446e+01 1.351060e+01
      vertex   1.090000e+01 -2.276434e+01 1.398764e+01
      vertex   4.550000e+00 -2.276434e+01 1.398764e+01
    endloop
  endfacet
  facet normal 0.000000e+00 -9.680596e-01 2.507201e-01
    outer loop
      vertex   4.550000e+00 -2.276434e+01 1.398764e+01
      vertex   1.090000e+01 -2.276434e+01 1.398764e+01
      vertex   1.090000e+01 -2.262689e+01 1.451834e+01
    endloop
  endfacet
  facet normal 0.000000e+00 -9.680596e-01 2.507201e-01
    outer loop
      vertex   4.550000e+00 -2.276434e+01 1.398764e+01
      vertex   1.090000e+01 -2.262689e+01 1.451834e+01
      vertex   4.550000e+00 -2.262689e+01 1.451834e+01
    endloop
  endfacet
  facet normal 0.000000e+00 -9.999649e-01 -8.375256e-03
    outer loop
      vertex   4.550000e+00 -2.262689e+01 1.451834e+01
      vertex   1.090000e+01 -2.262689e+01 1.451834e+01
      vertex   1.090000e+01 -2.263148e+01 1.506653e+01
    endloop
  endfacet
  facet normal 0.000000e+00 -9.999649e-01 -8.375256e-03
    outer loop
      vertex   4.550000e+00 -2.262689e+01 1.451834e+01
      vertex   1.090000e+01 -2.263148e+01 1.506653e+01
      vertex   4.550000e+00 -2.263148e+01 1.506653e+01
    endloop
  endfacet
  facet normal 0.000000e+00 -9.637243e-01 -2.668998e-01
    outer loop
      vertex   4.550000e+00 -2.263148e+01 1.506653e+01
      vertex   1.090000e+01 -2.263148e+01 1.506653e+01
      vertex   1.090000e+01 -2.277780e+01 1.559486e+01
    endloop
  endfacet
  facet normal 0.000000e+00 -9.637243e-01 -2.668998e-01
    outer loop
      vertex   4.550000e+00 -2.263148e+01 1.506653e+01
      vertex   1.090000e+01 -2.277780e+01 1.559486e+01
      vertex   4.550000e+00 -2.277780e+01 1.559486e+01
    endloop
  endfacet
  facet normal 0.000000e+00 -8.618074e-01 -5.072356e-01
    outer loop
      vertex   4.550000e+00 -2.277780e+01 1.559486e+01
      vertex   1.090000e+01 -2.277780e+01 1.559486e+01
      vertex   1.090000e+01 -2.305587e+01 1.606731e+01
    endloop
  endfacet
  facet normal 0.000000e+00 -8.618074e-01 -5.072356e-01
    outer loop
      vertex   4.550000e+00 -2.277780e+01 1.559486e+01
      vertex   1.090000e+01 -2.305587e+01 1.606731e+01
      vertex   4.550000e+00 -2.305587e+01 1.606731e+01
    endloop
  endfacet
  facet normal 0.000000e+00 -7.011598e-01 -7.130042e-01
    outer loop
      vertex   4.550000e+00 -2.305587e+01 1.606731e+01
      vertex   1.090000e+01 -2.305587e+01 1.606731e+01
      vertex   1.090000e+01 -2.344674e+01 1.645169e+01
    endloop
  endfacet
  facet normal 0.000000e+00 -7.011598e-01 -7.130042e-01
    outer loop
      vertex   4.550000e+00 -2.305587e+01 1.606731e+01
      vertex   1.090000e+01 -2.344674e+01 1.645169e+01
      vertex   4.550000e+00 -2.344674e+01 1.645169e+01
    endloop
  endfacet
  facet normal 0.000000e+00 -4.927293e-01 -8.701827e-01
    outer loop
      vertex   4.550000e+00 -2.344674e+01 1.645169e+01
      vertex   1.090000e+01 -2.344674e+01 1.645169e+01
      vertex   1.090000e+01 -2.392379e+01 1.672181e+01
    endloop
  endfacet
  facet normal 0.000000e+00 -4.927293e-01 -8.701827e-01
    outer loop
      vertex   4.550000e+00 -2.344674e+01 1.645169e+01
      vertex   1.090000e+01 -2.392379e+01 1.672181e+01
      vertex   4.550000e+00 -2.392379e+01 1.672181e+01
    endloop
  endfacet
  facet normal 0.000000e+00 -2.507201e-01 -9.680596e-01
    outer loop
      vertex   4.550000e+00 -2.392379e+01 1.672181e+01
      vertex   1.090000e+01 -2.392379e+01 1.672181e+01
      vertex   1.090000e+01 -2.445449e+01 1.685926e+01
    endloop
  endfacet
  facet normal 0.000000e+00 -2.507201e-01 -9.680596e-01
    outer loop
      vertex   4.550000e+00 -2.392379e+01 1.672181e+01
      vertex   1.090000e+01 -2.445449e+01 1.685926e+01
      vertex   4.550000e+00 -2.445449e+01 1.685926e+01
    endloop
  endfacet
  facet normal 0.000000e+00 8.375256e-03 -9.999649e-01
    outer loop
      vertex   4.550000e+00 -2.445449e+01 1.685926e+01
      vertex   1.090000e+01 -2.445449e+01 1.685926e+01
      vertex   1.090000e+01 -2.500268e+01 1.685467e+01
    endloop
  endfacet
  facet normal 0.000000e+00 8.375256e-03 -9.999649e-01
    outer loop
      vertex   4.550000e+00 -2.445449e+01 1.685926e+01
      vertex   1.090000e+01 -2.500268e+01 1.685467e+01
      vertex   4.550000e+00 -2.500268e+01 1.685467e+01
    endloop
  endfacet
  facet normal 0.000000e+00 2.668998e-01 -9.637243e-01
    outer loop
      vertex   4.550000e+00 -2.500268e+01 1.685467e+01
      vertex   1.090000e+01 -2.500268e+01 1.685467e+01
      vertex   1.090000e+01 -2.553100e+01 1.670835e+01
    endloop
  endfacet
  facet normal 0.000000e+00 2.668998e-01 -9.637243e-01
    outer loop
      vertex   4.550000e+00 -2.500268e+01 1.685467e+01
      vertex   1.090000e+01 -2.553100e+01 1.670835e+01
      vertex   4.550000e+00 -2.553100e+01 1.670835e+01
    endloop
  endfacet
  facet normal 0.000000e+00 5.072356e-01 -8.618074e-01
    outer loop
      vertex   4.550000e+00 -2.553100e+01 1.670835e+01
      vertex   1.090000e+01 -2.553100e+01 1.670835e+01
      vertex   1.090000e+01 -2.600345e+01 1.643028e+01
    endloop
  endfacet
  facet normal 0.000000e+00 5.072356e-01 -8.618074e-01
    outer loop
      vertex   4.550000e+00 -2.553100e+01 1.670835e+01
      vertex   1.090000e+01 -2.600345e+01 1.643028e+01
      vertex   4.550000e+00 -2.600345e+01 1.643028e+01
    endloop
  endfacet
  facet normal 0.000000e+00 7.130042e-01 -7.011598e-01
    outer loop
      vertex   4.550000e+00 -2.600345e+01 1.643028e+01
      vertex   1.090000e+01 -2.600345e+01 1.643028e+01
      vertex   1.090000e+01 -2.638784e+01 1.603940e+01
    endloop
  endfacet
  facet normal 0.000000e+00 7.130042e-01 -7.011598e-01
    outer loop
      vertex   4.550000e+00 -2.600345e+01 1.643028e+01
      vertex   1.090000e+01 -2.638784e+01 1.603940e+01
      vertex   4.550000e+00 -2.638784e+01 1.603940e+01
    endloop
  endfacet
  facet normal 0.000000e+00 8.701827e-01 -4.927293e-01
    outer loop
      vertex   4.550000e+00 -2.638784e+01 1.603940e+01
      vertex   1.090000e+01 -2.638784e+01 1.603940e+01
      vertex   1.090000e+01 -2.665796e+01 1.556236e+01
    endloop
  endfacet
  facet normal 0.000000e+00 8.701827e-01 -4.927293e-01
    outer loop
      vertex   4.550000e+00 -2.638784e+01 1.603940e+01
      vertex   1.090000e+01 -2.665796e+01 1.556236e+01
      vertex   4.550000e+00 -2.665796e+01 1.556236e+01
    endloop
  endfacet
  facet normal 0.000000e+00 9.680596e-01 -2.507201e-01
    outer loop
      vertex   4.550000e+00 -2.665796e+01 1.556236e+01
      vertex   1.090000e+01 -2.665796e+01 1.556236e+01
      vertex   1.090000e+01 -2.679540e+01 1.503166e+01
    endloop
  endfacet
  facet normal 0.000000e+00 9.680596e-01 -2.507201e-01
    outer loop
      vertex   4.550000e+00 -2.665796e+01 1.556236e+01
      vertex   1.090000e+01 -2.679540e+01 1.503166e+01
      vertex   4.550000e+00 -2.679540e+01 1.503166e+01
    endloop
  endfacet
  facet normal -0.000000e+00 9.999649e-01 8.375256e-03
    outer loop
      vertex   4.550000e+00 -2.679540e+01 1.503166e+01
      vertex   1.090000e+01 -2.679540e+01 1.503166e+01
      vertex   1.090000e+01 -2.679081e+01 1.448347e+01
    endloop
  endfacet
  facet normal 0.000000e+00 9.999649e-01 8.375256e-03
    outer loop
      vertex   4.550000e+00 -2.679540e+01 1.503166e+01
      vertex   1.090000e+01 -2.679081e+01 1.448347e+01
      vertex   4.550000e+00 -2.679081e+01 1.448347e+01
    endloop
  endfacet
  facet normal -0.000000e+00 9.637243e-01 2.668998e-01
    outer loop
      vertex   4.550000e+00 -2.679081e+01 1.448347e+01
      vertex   1.090000e+01 -2.679081e+01 1.448347e+01
      vertex   1.090000e+01 -2.664449e+01 1.395514e+01
    endloop
  endfacet
  facet normal 0.000000e+00 9.637243e-01 2.668998e-01
    outer loop
      vertex   4.550000e+00 -2.679081e+01 1.448347e+01
      vertex   1.090000e+01 -2.664449e+01 1.395514e+01
      vertex   4.550000e+00 -2.664449e+01 1.395514e+01
    endloop
  endfacet
  facet normal -0.000000e+00 8.618074e-01 5.072356e-01
    outer loop
      vertex   4.550000e+00 -2.664449e+01 1.395514e+01
      vertex   1.090000e+01 -2.664449e+01 1.395514e+01
      vertex   1.090000e+01 -2.636642e+01 1.348269e+01
    endloop
  endfacet
  facet normal 0.000000e+00 8.618074e-01 5.072356e-01
    outer loop
      vertex   4.550000e+00 -2.664449e+01 4.105144e+00
      vertex   1.090000e+01 -2.636642e+01 3.632692e+00
      vertex   4.550000e+00 -2.636642e+01 3.632692e+00
    endloop
  endfacet
  facet normal -0.000000e+00 7.011598e-01 7.130042e-01
    outer loop
      vertex   4.550000e+00 -2.636642e+01 3.632692e+00
      vertex   1.090000e+01 -2.636642e+01 3.632692e+00
      vertex   1.090000e+01 -2.597555e+01 3.248309e+00
    endloop
  endfacet
  facet normal 0.000000e+00 7.011598e-01 7.130042e-01
    outer loop
      vertex   4.550000e+00 -2.636642e+01 3.632692e+00
      vertex   1.090000e+01 -2.597555e+01 3.248309e+00
      vertex   4.550000e+00 -2.597555e+01 3.248309e+00
    endloop
  endfacet
  facet normal -0.000000e+00 4.927293e-01 8.701827e-01
    outer loop
      vertex   4.550000e+00 -2.597555e+01 3.248309e+00
      vertex   1.090000e+01 -2.597555e+01 3.248309e+00
      vertex   1.090000e+01 -2.549850e+01 2.978190e+00
    endloop
  endfacet
  facet normal 0.000000e+00 4.927293e-01 8.701827e-01
    outer loop
      vertex   4.550000e+00 -2.597555e+01 3.248309e+00
      vertex   1.090000e+01 -2.549850e+01 2.978190e+00
      vertex   4.550000e+00 -2.549850e+01 2.978190e+00
    endloop
  endfacet
  facet normal -0.000000e+00 2.507201e-01 9.680596e-01
    outer loop
      vertex   4.550000e+00 -2.549850e+01 2.978190e+00
      vertex   1.090000e+01 -2.549850e+01 2.978190e+00
      vertex   1.090000e+01 -2.496780e+01 2.840743e+00
    endloop
  endfacet
  facet normal 0.000000e+00 2.507201e-01 9.680596e-01
    outer loop
      vertex   4.550000e+00 -2.549850e+01 2.978190e+00
      vertex   1.090000e+01 -2.496780e+01 2.840743e+00
      vertex   4.550000e+00 -2.496780e+01 2.840743e+00
    endloop
  endfacet
  facet normal 0.000000e+00 -8.375256e-03 9.999649e-01
    outer loop
      vertex   4.550000e+00 -2.496780e+01 2.840743e+00
      vertex   1.090000e+01 -2.496780e+01 2.840743e+00
      vertex   1.090000e+01 -2.441961e+01 2.845335e+00
    endloop
  endfacet
  facet normal 0.000000e+00 -8.375256e-03 9.999649e-01
    outer loop
      vertex   4.550000e+00 -2.496780e+01 2.840743e+00
      vertex   1.090000e+01 -2.441961e+01 2.845335e+00
      vertex   4.550000e+00 -2.441961e+01 2.845335e+00
    endloop
  endfacet
  facet normal 0.000000e+00 -2.668998e-01 9.637243e-01
    outer loop
      vertex   4.550000e+00 -2.441961e+01 2.845335e+00
      vertex   1.090000e+01 -2.441961e+01 2.845335e+00
      vertex   1.090000e+01 -2.389129e+01 2.991652e+00
    endloop
  endfacet
  facet normal 0.000000e+00 -2.668998e-01 9.637243e-01
    outer loop
      vertex   4.550000e+00 -2.441961e+01 2.845335e+00
      vertex   1.090000e+01 -2.389129e+01 2.991652e+00
      vertex   4.550000e+00 -2.389129e+01 2.991652e+00
    endloop
  endfacet
  facet normal 0.000000e+00 -5.072356e-01 8.618074e-01
    outer loop
      vertex   4.550000e+00 -2.389129e+01 2.991652e+00
      vertex   1.090000e+01 -2.389129e+01 2.991652e+00
      vertex   1.090000e+01 -2.341884e+01 3.269723e+00
    endloop
  endfacet
  facet normal 0.000000e+00 -5.072356e-01 8.618074e-01
    outer loop
      vertex   4.550000e+00 -2.389129e+01 2.991652e+00
      vertex   1.090000e+01 -2.341884e+01 3.269723e+00
      vertex   4.550000e+00 -2.341884e+01 3.269723e+00
    endloop
  endfacet
  facet normal 0.000000e+00 -7.130042e-01 7.011598e-01
    outer loop
      vertex   4.550000e+00 -2.341884e+01 3.269723e+00
      vertex   1.090000e+01 -2.341884e+01 3.269723e+00
      vertex   1.090000e+01 -2.303446e+01 3.660599e+00
    endloop
  endfacet
  facet normal 0.000000e+00 -7.130042e-01 7.011598e-01
    outer loop
      vertex   4.550000e+00 -2.341884e+01 3.269723e+00
      vertex   1.090000e+01 -2.303446e+01 3.660599e+00
      vertex   4.550000e+00 -2.303446e+01 3.660599e+00
    endloop
  endfacet
  facet normal 0.000000e+00 -8.701827e-01 4.927293e-01
    outer loop
      vertex   4.550000e+00 -2.303446e+01 3.660599e+00
      vertex   1.090000e+01 -2.303446e+01 3.660599e+00
      vertex   1.090000e+01 -2.276434e+01 4.137642e+00
    endloop
  endfacet
  facet normal 0.000000e+00 -8.701827e-01 4.927293e-01
    outer loop
      vertex   4.550000e+00 -2.303446e+01 3.660599e+00
      vertex   1.090000e+01 -2.276434e+01 4.137642e+00
      vertex   4.550000e+00 -2.276434e+01 4.137642e+00
    endloop
  endfacet
  facet normal 0.000000e+00 -9.680596e-01 2.507201e-01
    outer loop
      vertex   4.550000e+00 -2.276434e+01 4.137642e+00
      vertex   1.090000e+01 -2.276434e+01 4.137642e+00
      vertex   1.090000e+01 -2.262689e+01 4.668342e+00
    endloop
  endfacet
  facet normal 0.000000e+00 -9.680596e-01 2.507201e-01
    outer loop
      vertex   4.550000e+00 -2.276434e+01 4.137642e+00
      vertex   1.090000e+01 -2.262689e+01 4.668342e+00
      vertex   4.550000e+00 -2.262689e+01 4.668342e+00
    endloop
  endfacet
  facet normal 0.000000e+00 -9.999649e-01 -8.375256e-03
    outer loop
      vertex   4.550000e+00 -2.262689e+01 4.668342e+00
      vertex   1.090000e+01 -2.262689e+01 4.668342e+00
      vertex   1.090000e+01 -2.263148e+01 5.216533e+00
    endloop
  endfacet
  facet normal 0.000000e+00 -9.999649e-01 -8.375256e-03
    outer loop
      vertex   4.550000e+00 -2.262689e+01 4.668342e+00
      vertex   1.090000e+01 -2.263148e+01 5.216533e+00
      vertex   4.550000e+00 -2.263148e+01 5.216533e+00
    endloop
  endfacet
  facet normal 0.000000e+00 -9.637243e-01 -2.668998e-01
    outer loop
      vertex   4.550000e+00 -2.263148e+01 5.216533e+00
      vertex   1.090000e+01 -2.263148e+01 5.216533e+00
      vertex   1.090000e+01 -2.277780e+01 5.744856e+00
    endloop
  endfacet
  facet normal 0.000000e+00 -9.637243e-01 -2.668998e-01
    outer loop
      vertex   4.550000e+00 -2.263148e+01 5.216533e+00
      vertex   1.090000e+01 -2.277780e+01 5.744856e+00
      vertex   4.550000e+00 -2.277780e+01 5.744856e+00
    endloop
  endfacet
  facet normal 0.000000e+00 -8.618074e-01 -5.072356e-01
    outer loop
      vertex   4.550000e+00 -2.277780e+01 5.744856e+00
      vertex   1.090000e+01 -2.277780e+01 5.744856e+00
      vertex   1.090000e+01 -2.305587e+01 6.217308e+00
    endloop
  endfacet
  facet normal 0.000000e+00 -8.618074e-01 -5.072356e-01
    outer loop
      vertex   4.550000e+00 -2.277780e+01 5.744856e+00
      vertex   1.090000e+01 -2.305587e+01 6.217308e+00
      vertex   4.550000e+00 -2.305587e+01 6.217308e+00
    endloop
  endfacet
  facet normal 0.000000e+00 -7.011598e-01 -7.130042e-01
    outer loop
      vertex   4.550000e+00 -2.305587e+01 6.217308e+00
      vertex   1.090000e+01 -2.305587e+01 6.217308e+00
      vertex   1.090000e+01 -2.344674e+01 6.601691e+00
    endloop
  endfacet
  facet normal 0.000000e+00 -7.011598e-01 -7.130042e-01
    outer loop
      vertex   4.550000e+00 -2.305587e+01 6.217308e+00
      vertex   1.090000e+01 -2.344674e+01 6.601691e+00
      vertex   4.550000e+00 -2.344674e+01 6.601691e+00
    endloop
  endfacet
  facet normal 0.000000e+00 -4.927293e-01 -8.701827e-01
    outer loop
      vertex   4.550000e+00 -2.344674e+01 6.601691e+00
      vertex   1.090000e+01 -2.344674e+01 6.601691e+00
      vertex   1.090000e+01 -2.392379e+01 6.871810e+00
    endloop
  endfacet
  facet normal 0.000000e+00 -4.927293e-01 -8.701827e-01
    outer loop
      vertex   4.550000e+00 -2.344674e+01 6.601691e+00
      vertex   1.090000e+01 -2.392379e+01 6.871810e+00
      vertex   4.550000e+00 -2.392379e+01 6.871810e+00
    endloop
  endfacet
  facet normal 0.000000e+00 -2.507201e-01 -9.680596e-01
    outer loop
      vertex   4.550000e+00 -2.392379e+01 6.871810e+00
      vertex   1.090000e+01 -2.392379e+01 6.871810e+00
      vertex   1.090000e+01 -2.445449e+01 7.009257e+00
    endloop
  endfacet
  facet normal 0.000000e+00 -2.507201e-01 -9.680596e-01
    outer loop
      vertex   4.550000e+00 -2.392379e+01 6.871810e+00
      vertex   1.090000e+01 -2.445449e+01 7.009257e+00
      vertex   4.550000e+00 -2.445449e+01 7.009257e+00
    endloop
  endfacet
  facet normal 0.000000e+00 8.375256e-03 -9.999649e-01
    outer loop
      vertex   4.550000e+00 -2.445449e+01 7.009257e+00
      vertex   1.090000e+01 -2.445449e+01 7.009257e+00
      vertex   1.090000e+01 -2.500268e+01 7.004665e+00
    endloop
  endfacet
  facet normal 0.000000e+00 8.375256e-03 -9.999649e-01
    outer loop
      vertex   4.550000e+00 -2.445449e+01 7.009257e+00
      vertex   1.090000e+01 -2.500268e+01 7.004665e+00
      vertex   4.550000e+00 -2.500268e+01 7.004665e+00
    endloop
  endfacet
  facet normal 0.000000e+00 2.668998e-01 -9.637243e-01
    outer loop
      vertex   4.550000e+00 -2.500268e+01 7.004665e+00
      vertex   1.090000e+01 -2.500268e+01 7.004665e+00
      vertex   1.090000e+01 -2.553100e+01 6.858348e+00
    endloop
  endfacet
  facet normal 0.000000e+00 2.668998e-01 -9.637243e-01
    outer loop
      vertex   4.550000e+00 -2.500268e+01 7.004665e+00
      vertex   1.090000e+01 -2.553100e+01 6.858348e+00
      vertex   4.550000e+00 -2.553100e+01 6.858348e+00
    endloop
  endfacet
  facet normal 0.000000e+00 5.072356e-01 -8.618074e-01
    outer loop
      vertex   4.550000e+00 -2.553100e+01 6.858348e+00
      vertex   1.090000e+01 -2.553100e+01 6.858348e+00
      vertex   1.090000e+01 -2.600345e+01 6.580277e+00
    endloop
  endfacet
  facet normal 0.000000e+00 5.072356e-01 -8.618074e-01
    outer loop
      vertex   4.550000e+00 -2.553100e+01 6.858348e+00
      vertex   1.090000e+01 -2.600345e+01 6.580277e+00
      vertex   4.550000e+00 -2.600345e+01 6.580277e+00
    endloop
  endfacet
  facet normal 0.000000e+00 7.130042e-01 -7.011598e-01
    outer loop
      vertex   4.550000e+00 -2.600345e+01 6.580277e+00
      vertex   1.090000e+01 -2.600345e+01 6.580277e+00
      vertex   1.090000e+01 -2.638784e+01 6.189401e+00
    endloop
  endfacet
  facet normal 0.000000e+00 7.130042e-01 -7.011598e-01
    outer loop
      vertex   4.550000e+00 -2.600345e+01 6.580277e+00
      vertex   1.090000e+01 -2.638784e+01 6.189401e+00
      vertex   4.550000e+00 -2.638784e+01 6.189401e+00
    endloop
  endfacet
  facet normal 0.000000e+00 8.701827e-01 -4.927293e-01
    outer loop
      vertex   4.550000e+00 -2.638784e+01 6.189401e+00
      vertex   1.090000e+01 -2.638784e+01 6.189401e+00
      vertex   1.090000e+01 -2.665796e+01 5.712358e+00
    endloop
  endfacet
  facet normal 0.000000e+00 8.701827e-01 -4.927293e-01
    outer loop
      vertex   4.550000e+00 -2.638784e+01 6.189401e+00
      vertex   1.090000e+01 -2.665796e+01 5.712358e+00
      vertex   4.550000e+00 -2.665796e+01 5.712358e+00
    endloop
  endfacet
  facet normal 0.000000e+00 9.680596e-01 -2.507201e-01
    outer loop
      vertex   4.550000e+00 -2.665796e+01 5.712358e+00
      vertex   1.090000e+01 -2.665796e+01 5.712358e+00
      vertex   1.090000e+01 -2.679540e+01 5.181658e+00
    endloop
  endfacet
  facet normal 0.000000e+00 9.680596e-01 -2.507201e-01
    outer loop
      vertex   4.550000e+00 -2.665796e+01 5.712358e+00
      vertex   1.090000e+01 -2.679540e+01 5.181658e+00
      vertex   4.550000e+00 -2.679540e+01 5.181658e+00
    endloop
  endfacet
  facet normal -0.000000e+00 9.999649e-01 8.375256e-03
    outer loop
      vertex   4.550000e+00 -2.679540e+01 5.181658e+00
      vertex   1.090000e+01 -2.679540e+01 5.181658e+00
      vertex   1.090000e+01 -2.679081e+01 4.633467e+00
    endloop
  endfacet
  facet normal 0.000000e+00 9.999649e-01 8.375256e-03
    outer loop
      vertex   4.550000e+00 -2.679540e+01 5.181658e+00
      vertex   1.090000e+01 -2.679081e+01 4.633467e+00
      vertex   4.550000e+00 -2.679081e+01 4.633467e+00
    endloop
  endfacet
  facet normal -0.000000e+00 9.637243e-01 2.668998e-01
    outer loop
      vertex   4.550000e+00 -2.679081e+01 4.633467e+00
      vertex   1.090000e+01 -2.679081e+01 4.633467e+00
      vertex   1.090000e+01 -2.664449e+01 4.105144e+00
    endloop
  endfacet
  facet normal 0.000000e+00 9.637243e-01 2.668998e-01
    outer loop
      vertex   4.550000e+00 -2.679081e+01 4.633467e+00
      vertex   1.090000e+01 -2.664449e+01 4.105144e+00
      vertex   4.550000e+00 -2.664449e+01 4.105144e+00
    endloop
  endfacet
  facet normal -0.000000e+00 8.618074e-01 5.072356e-01
    outer loop
      vertex   4.550000e+00 -2.664449e+01 4.105144e+00
      vertex   1.090000e+01 -2.664449e+01 4.105144e+00
      vertex   1.090000e+01 -2.636642e+01 3.632692e+00
    endloop
  endfacet
  facet normal 0.000000e+00 -1.000000e+00 -0.000000e+00
    outer loop
      vertex   1.090000e+01 -4.820000e+01 2.224000e+01
      vertex   4.550000e+00 -4.820000e+01 -1.522500e+01
      vertex   1.090000e+01 -4.820000e+01 -1.522500e+01
    endloop
  endfacet
  facet normal -0.000000e+00 -1.000000e+00 0.000000e+00
    outer loop
      vertex   1.090000e+01 -4.820000e+01 -1.522500e+01
      vertex   4.550000e+00 -4.820000e+01 -1.522500e+01
      vertex   -3.736000e+01 -4.820000e+01 -1.840000e+01
    endloop
  endfacet
  facet normal 0.000000e+00 -1.000000e+00 -0.000000e+00
    outer loop
      vertex   1.090000e+01 -4.820000e+01 -1.522500e+01
      vertex   -3.736000e+01 -4.820000e+01 -1.840000e+01
      vertex   6.170000e+01 -4.820000e+01 -1.840000e+01
    endloop
  endfacet
  facet normal -0.000000e+00 -1.000000e+00 0.000000e+00
    outer loop
      vertex   1.090000e+01 -4.820000e+01 2.224000e+01
      vertex   4.550000e+00 -4.820000e+01 2.224000e+01
      vertex   4.550000e+00 -4.820000e+01 -1.522500e+01
    endloop
  endfacet
  facet normal -0.000000e+00 -1.000000e+00 0.000000e+00
    outer loop
      vertex   4.550000e+00 -4.820000e+01 -1.522500e+01
      vertex   -3.736000e+01 -4.820000e+01 -1.522500e+01
      vertex   -3.736000e+01 -4.820000e+01 -1.840000e+01
    endloop
  endfacet
  facet normal 0.000000e+00 -1.000000e+00 0.000000e+00
    outer loop
      vertex   6.170000e+01 -4.820000e+01 -1.840000e+01
      vertex   6.170000e+01 -4.820000e+01 -1.522500e+01
      vertex   1.090000e+01 -4.820000e+01 -1.522500e+01
    endloop
  endfacet
  facet normal 0.000000e+00 0.000000e+00 -1.000000e+00
    outer loop
      vertex   -3.736000e+01 -4.820000e+01 -1.840000e+01
      vertex   -3.736000e+01 2.800000e+01 -1.840000e+01
      vertex   6.170000e+01 -4.820000e+01 -1.840000e+01
    endloop
  endfacet
  facet normal 0.000000e+00 0.000000e+00 -1.000000e+00
    outer loop
      vertex   6.170000e+01 -4.820000e+01 -1.840000e+01
      vertex   -3.736000e+01 2.800000e+01 -1.840000e+01
      vertex   6.170000e+01 2.800000e+01 -1.840000e+01
    endloop
  endfacet
  facet normal 1.000000e+00 4.662354e-17 2.849545e-17
    outer loop
      vertex   1.090000e+01 2.800000e+01 -1.522500e+01
      vertex   1.090000e+01 -1.925000e+01 -2.540000e-01
      vertex   1.090000e+01 -4.820000e+01 -1.522500e+01
    endloop
  endfacet
  facet normal 1.000000e+00 1.245115e-17 9.457591e-17
    outer loop
      vertex   1.090000e+01 -4.820000e+01 -1.522500e+01
      vertex   1.090000e+01 -1.925000e+01 -2.540000e-01
      vertex   1.090000e+01 -1.949691e+01 -2.214932e-01
    endloop
  endfacet
  facet normal 1.000000e+00 2.736024e-17 6.605346e-17
    outer loop
      vertex   1.090000e+01 -4.820000e+01 -1.522500e+01
      vertex   1.090000e+01 -1.949691e+01 -2.214932e-01
      vertex   1.090000e+01 -1.972700e+01 -1.261882e-01
    endloop
  endfacet
  facet normal 1.000000e+00 0.000000e+00 0.000000e+00
    outer loop
      vertex   1.090000e+01 2.800000e+01 2.224000e+01
      vertex   1.090000e+01 2.679081e+01 4.633467e+00
      vertex   1.090000e+01 2.800000e+01 -1.522500e+01
    endloop
  endfacet
  facet normal 1.000000e+00 0.000000e+00 0.000000e+00
    outer loop
      vertex   1.090000e+01 2.800000e+01 -1.522500e+01
      vertex   1.090000e+01 2.679081e+01 4.633467e+00
      vertex   1.090000e+01 2.664449e+01 4.105144e+00
    endloop
  endfacet
  facet normal 1.000000e+00 0.000000e+00 0.000000e+00
    outer loop
      vertex   1.090000e+01 2.800000e+01 -1.522500e+01
      vertex   1.090000e+01 2.664449e+01 4.105144e+00
      vertex   1.090000e+01 2.636642e+01 3.632692e+00
    endloop
  endfacet
  facet normal 1.000000e+00 -0.000000e+00 0.000000e+00
    outer loop
      vertex   1.090000e+01 2.020400e+01 2.224000e+01
      vertex   1.090000e+01 2.445449e+01 1.685926e+01
      vertex   1.090000e+01 2.800000e+01 2.224000e+01
    endloop
  endfacet
  facet normal 1.000000e+00 0.000000e+00 0.000000e+00
    outer loop
      vertex   1.090000e+01 2.800000e+01 2.224000e+01
      vertex   1.090000e+01 2.445449e+01 1.685926e+01
      vertex   1.090000e+01 2.500268e+01 1.685467e+01
    endloop
  endfacet
  facet normal 1.000000e+00 0.000000e+00 0.000000e+00
    outer loop
      vertex   1.090000e+01 2.800000e+01 2.224000e+01
      vertex   1.090000e+01 2.500268e+01 1.685467e+01
      vertex   1.090000e+01 2.553100e+01 1.670835e+01
    endloop
  endfacet
  facet normal 1.000000e+00 0.000000e+00 0.000000e+00
    outer loop
      vertex   1.090000e+01 2.020400e+01 7.000000e-01
      vertex   1.090000e+01 2.262689e+01 1.451834e+01
      vertex   1.090000e+01 2.020400e+01 2.224000e+01
    endloop
  endfacet
  facet normal 1.000000e+00 0.000000e+00 0.000000e+00
    outer loop
      vertex   1.090000e+01 2.020400e+01 2.224000e+01
      vertex   1.090000e+01 2.262689e+01 1.451834e+01
      vertex   1.090000e+01 2.263148e+01 1.506653e+01
    endloop
  endfacet
  facet normal 1.000000e+00 0.000000e+00 0.000000e+00
    outer loop
      vertex   1.090000e+01 2.020400e+01 2.224000e+01
      vertex   1.090000e+01 2.263148e+01 1.506653e+01
      vertex   1.090000e+01 2.277780e+01 1.559486e+01
    endloop
  endfacet
  facet normal 1.000000e+00 -3.436223e-15 7.646639e-15
    outer loop
      vertex   1.090000e+01 2.017149e+01 4.530866e-01
      vertex   1.090000e+01 2.496780e+01 2.840743e+00
      vertex   1.090000e+01 2.020400e+01 7.000000e-01
    endloop
  endfacet
  facet normal 1.000000e+00 0.000000e+00 0.000000e+00
    outer loop
      vertex   1.090000e+01 2.020400e+01 7.000000e-01
      vertex   1.090000e+01 2.496780e+01 2.840743e+00
      vertex   1.090000e+01 2.441961e+01 2.845335e+00
    endloop
  endfacet
  facet normal 1.000000e+00 0.000000e+00 0.000000e+00
    outer loop
      vertex   1.090000e+01 2.020400e+01 7.000000e-01
      vertex   1.090000e+01 2.441961e+01 2.845335e+00
      vertex   1.090000e+01 2.389129e+01 2.991652e+00
    endloop
  endfacet
  facet normal 1.000000e+00 4.665647e-16 -1.932574e-16
    outer loop
      vertex   1.090000e+01 2.017149e+01 4.530866e-01
      vertex   1.090000e+01 2.007619e+01 2.230000e-01
      vertex   1.090000e+01 2.496780e+01 2.840743e+00
    endloop
  endfacet
  facet normal 1.000000e+00 6.161594e-16 -4.727957e-16
    outer loop
      vertex   1.090000e+01 2.496780e+01 2.840743e+00
      vertex   1.090000e+01 2.007619e+01 2.230000e-01
      vertex   1.090000e+01 1.992458e+01 2.542013e-02
    endloop
  endfacet
  facet normal 1.000000e+00 -3.048457e-16 1.177045e-15
    outer loop
      vertex   1.090000e+01 2.496780e+01 2.840743e+00
      vertex   1.090000e+01 1.992458e+01 2.542013e-02
      vertex   1.090000e+01 2.549850e+01 2.978190e+00
    endloop
  endfacet
  facet normal 1.000000e+00 2.970648e-16 4.082287e-17
    outer loop
      vertex   1.090000e+01 2.549850e+01 2.978190e+00
      vertex   1.090000e+01 1.992458e+01 2.542013e-02
      vertex   1.090000e+01 2.800000e+01 -1.522500e+01
    endloop
  endfacet
  facet normal 1.000000e+00 -0.000000e+00 0.000000e+00
    outer loop
      vertex   1.090000e+01 2.549850e+01 2.978190e+00
      vertex   1.090000e+01 2.800000e+01 -1.522500e+01
      vertex   1.090000e+01 2.597555e+01 3.248309e+00
    endloop
  endfacet
  facet normal 1.000000e+00 -0.000000e+00 0.000000e+00
    outer loop
      vertex   1.090000e+01 2.597555e+01 3.248309e+00
      vertex   1.090000e+01 2.800000e+01 -1.522500e+01
      vertex   1.090000e+01 2.636642e+01 3.632692e+00
    endloop
  endfacet
  facet normal 1.000000e+00 6.355445e-17 -8.282578e-17
    outer loop
      vertex   1.090000e+01 1.992458e+01 2.542013e-02
      vertex   1.090000e+01 1.972700e+01 -1.261882e-01
      vertex   1.090000e+01 2.800000e+01 -1.522500e+01
    endloop
  endfacet
  facet normal 1.000000e+00 3.971753e-17 -9.588660e-17
    outer loop
      vertex   1.090000e+01 2.800000e+01 -1.522500e+01
      vertex   1.090000e+01 1.972700e+01 -1.261882e-01
      vertex   1.090000e+01 1.949691e+01 -2.214932e-01
    endloop
  endfacet
  facet normal 1.000000e+00 -6.680234e-15 -3.904351e-15
    outer loop
      vertex   1.090000e+01 2.800000e+01 -1.522500e+01
      vertex   1.090000e+01 1.949691e+01 -2.214932e-01
      vertex   1.090000e+01 1.925000e+01 -2.540000e-01
    endloop
  endfacet
  facet normal 1.000000e+00 4.613914e-17 2.696663e-17
    outer loop
      vertex   1.090000e+01 1.925000e+01 -2.540000e-01
      vertex   1.090000e+01 -1.925000e+01 -2.540000e-01
      vertex   1.090000e+01 2.800000e+01 -1.522500e+01
    endloop
  endfacet
  facet normal 1.000000e+00 3.689203e-17 4.807863e-17
    outer loop
      vertex   1.090000e+01 -1.972700e+01 -1.261882e-01
      vertex   1.090000e+01 -1.992458e+01 2.542013e-02
      vertex   1.090000e+01 -4.820000e+01 -1.522500e+01
    endloop
  endfacet
  facet normal 1.000000e+00 1.919064e-16 -2.393296e-16
    outer loop
      vertex   1.090000e+01 -4.820000e+01 -1.522500e+01
      vertex   1.090000e+01 -1.992458e+01 2.542013e-02
      vertex   1.090000e+01 -2.549850e+01 2.978190e+00
    endloop
  endfacet
  facet normal 1.000000e+00 0.000000e+00 0.000000e+00
    outer loop
      vertex   1.090000e+01 -4.820000e+01 -1.522500e+01
      vertex   1.090000e+01 -2.549850e+01 2.978190e+00
      vertex   1.090000e+01 -2.597555e+01 3.248309e+00
    endloop
  endfacet
  facet normal 1.000000e+00 -3.048457e-16 -1.177045e-15
    outer loop
      vertex   1.090000e+01 -2.549850e+01 2.978190e+00
      vertex   1.090000e+01 -1.992458e+01 2.542013e-02
      vertex   1.090000e+01 -2.496780e+01 2.840743e+00
    endloop
  endfacet
  facet normal 1.000000e+00 6.161594e-16 4.727957e-16
    outer loop
      vertex   1.090000e+01 -2.496780e+01 2.840743e+00
      vertex   1.090000e+01 -1.992458e+01 2.542013e-02
      vertex   1.090000e+01 -2.007619e+01 2.230000e-01
    endloop
  endfacet
  facet normal 1.000000e+00 4.665647e-16 1.932574e-16
    outer loop
      vertex   1.090000e+01 -2.496780e+01 2.840743e+00
      vertex   1.090000e+01 -2.007619e+01 2.230000e-01
      vertex   1.090000e+01 -2.017149e+01 4.530866e-01
    endloop
  endfacet
  facet normal 1.000000e+00 3.963340e-16 5.217836e-17
    outer loop
      vertex   1.090000e+01 -2.017149e+01 4.530866e-01
      vertex   1.090000e+01 -2.020400e+01 7.000000e-01
      vertex   1.090000e+01 -2.496780e+01 2.840743e+00
    endloop
  endfacet
  facet normal 1.000000e+00 6.822744e-18 -8.146025e-16
    outer loop
      vertex   1.090000e+01 -2.496780e+01 2.840743e+00
      vertex   1.090000e+01 -2.020400e+01 7.000000e-01
      vertex   1.090000e+01 -2.441961e+01 2.845335e+00
    endloop
  endfacet
  facet normal 1.000000e+00 1.484999e-16 -5.362048e-16
    outer loop
      vertex   1.090000e+01 -2.441961e+01 2.845335e+00
      vertex   1.090000e+01 -2.020400e+01 7.000000e-01
      vertex   1.090000e+01 -2.389129e+01 2.991652e+00
    endloop
  endfacet
  facet normal 1.000000e+00 2.343210e-16 -3.981179e-16
    outer loop
      vertex   1.090000e+01 -2.389129e+01 2.991652e+00
      vertex   1.090000e+01 -2.020400e+01 7.000000e-01
      vertex   1.090000e+01 -2.341884e+01 3.269723e+00
    endloop
  endfacet
  facet normal 1.000000e+00 3.093689e-16 -3.042297e-16
    outer loop
      vertex   1.090000e+01 -2.341884e+01 3.269723e+00
      vertex   1.090000e+01 -2.020400e+01 7.000000e-01
      vertex   1.090000e+01 -2.303446e+01 3.660599e+00
    endloop
  endfacet
  facet normal 1.000000e+00 3.941456e-16 -2.231796e-16
    outer loop
      vertex   1.090000e+01 -2.303446e+01 3.660599e+00
      vertex   1.090000e+01 -2.020400e+01 7.000000e-01
      vertex   1.090000e+01 -2.276434e+01 4.137642e+00
    endloop
  endfacet
  facet normal 1.000000e+00 5.147877e-16 -1.333261e-16
    outer loop
      vertex   1.090000e+01 -2.276434e+01 4.137642e+00
      vertex   1.090000e+01 -2.020400e+01 7.000000e-01
      vertex   1.090000e+01 -2.262689e+01 4.668342e+00
    endloop
  endfacet
  facet normal 1.000000e+00 7.433539e-16 6.225998e-18
    outer loop
      vertex   1.090000e+01 -2.262689e+01 4.668342e+00
      vertex   1.090000e+01 -2.020400e+01 7.000000e-01
      vertex   1.090000e+01 -2.263148e+01 5.216533e+00
    endloop
  endfacet
  facet normal 1.000000e+00 1.509682e-15 4.181008e-16
    outer loop
      vertex   1.090000e+01 -2.263148e+01 5.216533e+00
      vertex   1.090000e+01 -2.020400e+01 7.000000e-01
      vertex   1.090000e+01 -2.277780e+01 5.744856e+00
    endloop
  endfacet
  facet normal 1.000000e+00 6.879675e-16 -1.123520e-18
    outer loop
      vertex   1.090000e+01 -2.277780e+01 5.744856e+00
      vertex   1.090000e+01 -2.020400e+01 7.000000e-01
      vertex   1.090000e+01 -2.276434e+01 1.398764e+01
    endloop
  endfacet
  facet normal 1.000000e+00 0.000000e+00 -0.000000e+00
    outer loop
      vertex   1.090000e+01 -2.277780e+01 5.744856e+00
      vertex   1.090000e+01 -2.276434e+01 1.398764e+01
      vertex   1.090000e+01 -2.303446e+01 1.351060e+01
    endloop
  endfacet
  facet normal 1.000000e+00 2.959739e-16 -7.665500e-17
    outer loop
      vertex   1.090000e+01 -2.276434e+01 1.398764e+01
      vertex   1.090000e+01 -2.020400e+01 7.000000e-01
      vertex   1.090000e+01 -2.262689e+01 1.451834e+01
    endloop
  endfacet
  facet normal 1.000000e+00 7.331566e-16 1.209237e-31
    outer loop
      vertex   1.090000e+01 -2.262689e+01 1.451834e+01
      vertex   1.090000e+01 -2.020400e+01 7.000000e-01
      vertex   1.090000e+01 -2.020400e+01 2.224000e+01
    endloop
  endfacet
  facet normal 1.000000e+00 7.140955e-16 5.980943e-18
    outer loop
      vertex   1.090000e+01 -2.262689e+01 1.451834e+01
      vertex   1.090000e+01 -2.020400e+01 2.224000e+01
      vertex   1.090000e+01 -2.263148e+01 1.506653e+01
    endloop
  endfacet
  facet normal 1.000000e+00 4.024238e-16 1.114498e-16
    outer loop
      vertex   1.090000e+01 -2.263148e+01 1.506653e+01
      vertex   1.090000e+01 -2.020400e+01 2.224000e+01
      vertex   1.090000e+01 -2.277780e+01 1.559486e+01
    endloop
  endfacet
  facet normal 1.000000e+00 2.739202e-16 1.612218e-16
    outer loop
      vertex   1.090000e+01 -2.277780e+01 1.559486e+01
      vertex   1.090000e+01 -2.020400e+01 2.224000e+01
      vertex   1.090000e+01 -2.305587e+01 1.606731e+01
    endloop
  endfacet
  facet normal 1.000000e+00 1.945875e-16 1.978746e-16
    outer loop
      vertex   1.090000e+01 -2.305587e+01 1.606731e+01
      vertex   1.090000e+01 -2.020400e+01 2.224000e+01
      vertex   1.090000e+01 -2.344674e+01 1.645169e+01
    endloop
  endfacet
  facet normal 1.000000e+00 1.319224e-16 2.329810e-16
    outer loop
      vertex   1.090000e+01 -2.344674e+01 1.645169e+01
      vertex   1.090000e+01 -2.020400e+01 2.224000e+01
      vertex   1.090000e+01 -2.392379e+01 1.672181e+01
    endloop
  endfacet
  facet normal 1.000000e+00 7.097998e-17 2.740620e-16
    outer loop
      vertex   1.090000e+01 -2.392379e+01 1.672181e+01
      vertex   1.090000e+01 -2.020400e+01 2.224000e+01
      vertex   1.090000e+01 -2.445449e+01 1.685926e+01
    endloop
  endfacet
  facet normal 1.000000e+00 -2.783455e-18 3.323310e-16
    outer loop
      vertex   1.090000e+01 -2.445449e+01 1.685926e+01
      vertex   1.090000e+01 -2.020400e+01 2.224000e+01
      vertex   1.090000e+01 -2.500268e+01 1.685467e+01
    endloop
  endfacet
  facet normal 1.000000e+00 -1.212801e-16 4.379191e-16
    outer loop
      vertex   1.090000e+01 -2.500268e+01 1.685467e+01
      vertex   1.090000e+01 -2.020400e+01 2.224000e+01
      vertex   1.090000e+01 -2.553100e+01 1.670835e+01
    endloop
  endfacet
  facet normal 1.000000e+00 6.345038e-17 2.600230e-16
    outer loop
      vertex   1.090000e+01 -2.553100e+01 1.670835e+01
      vertex   1.090000e+01 -2.020400e+01 2.224000e+01
      vertex   1.090000e+01 -4.820000e+01 2.224000e+01
    endloop
  endfacet
  facet normal 1.000000e+00 0.000000e+00 0.000000e+00
    outer loop
      vertex   1.090000e+01 -2.553100e+01 1.670835e+01
      vertex   1.090000e+01 -4.820000e+01 2.224000e+01
      vertex   1.090000e+01 -2.600345e+01 1.643028e+01
    endloop
  endfacet
  facet normal 1.000000e+00 0.000000e+00 0.000000e+00
    outer loop
      vertex   1.090000e+01 -2.600345e+01 1.643028e+01
      vertex   1.090000e+01 -4.820000e+01 2.224000e+01
      vertex   1.090000e+01 -2.638784e+01 1.603940e+01
    endloop
  endfacet
  facet normal 1.000000e+00 0.000000e+00 0.000000e+00
    outer loop
      vertex   1.090000e+01 -2.638784e+01 1.603940e+01
      vertex   1.090000e+01 -4.820000e+01 2.224000e+01
      vertex   1.090000e+01 -2.665796e+01 1.556236e+01
    endloop
  endfacet
  facet normal 1.000000e+00 0.000000e+00 0.000000e+00
    outer loop
      vertex   1.090000e+01 -2.665796e+01 1.556236e+01
      vertex   1.090000e+01 -4.820000e+01 2.224000e+01
      vertex   1.090000e+01 -2.679540e+01 1.503166e+01
    endloop
  endfacet
  facet normal 1.000000e+00 0.000000e+00 0.000000e+00
    outer loop
      vertex   1.090000e+01 -2.679540e+01 1.503166e+01
      vertex   1.090000e+01 -4.820000e+01 2.224000e+01
      vertex   1.090000e+01 -2.679081e+01 1.448347e+01
    endloop
  endfacet
  facet normal 1.000000e+00 0.000000e+00 0.000000e+00
    outer loop
      vertex   1.090000e+01 -2.679081e+01 1.448347e+01
      vertex   1.090000e+01 -4.820000e+01 2.224000e+01
      vertex   1.090000e+01 -2.664449e+01 1.395514e+01
    endloop
  endfacet
  facet normal 1.000000e+00 0.000000e+00 0.000000e+00
    outer loop
      vertex   1.090000e+01 -2.664449e+01 1.395514e+01
      vertex   1.090000e+01 -4.820000e+01 2.224000e+01
      vertex   1.090000e+01 -2.636642e+01 1.348269e+01
    endloop
  endfacet
  facet normal 1.000000e+00 0.000000e+00 0.000000e+00
    outer loop
      vertex   1.090000e+01 -2.636642e+01 1.348269e+01
      vertex   1.090000e+01 -4.820000e+01 2.224000e+01
      vertex   1.090000e+01 -2.638784e+01 6.189401e+00
    endloop
  endfacet
  facet normal 1.000000e+00 0.000000e+00 0.000000e+00
    outer loop
      vertex   1.090000e+01 -2.636642e+01 1.348269e+01
      vertex   1.090000e+01 -2.638784e+01 6.189401e+00
      vertex   1.090000e+01 -2.600345e+01 6.580277e+00
    endloop
  endfacet
  facet normal 1.000000e+00 0.000000e+00 0.000000e+00
    outer loop
      vertex   1.090000e+01 -4.820000e+01 -1.522500e+01
      vertex   1.090000e+01 -2.679081e+01 4.633467e+00
      vertex   1.090000e+01 -4.820000e+01 2.224000e+01
    endloop
  endfacet
  facet normal 1.000000e+00 0.000000e+00 0.000000e+00
    outer loop
      vertex   1.090000e+01 -4.820000e+01 2.224000e+01
      vertex   1.090000e+01 -2.679081e+01 4.633467e+00
      vertex   1.090000e+01 -2.679540e+01 5.181658e+00
    endloop
  endfacet
  facet normal 1.000000e+00 0.000000e+00 0.000000e+00
    outer loop
      vertex   1.090000e+01 -4.820000e+01 2.224000e+01
      vertex   1.090000e+01 -2.679540e+01 5.181658e+00
      vertex   1.090000e+01 -2.665796e+01 5.712358e+00
    endloop
  endfacet
  facet normal 1.000000e+00 0.000000e+00 0.000000e+00
    outer loop
      vertex   1.090000e+01 -2.597555e+01 3.248309e+00
      vertex   1.090000e+01 -2.636642e+01 3.632692e+00
      vertex   1.090000e+01 -4.820000e+01 -1.522500e+01
    endloop
  endfacet
  facet normal 1.000000e+00 0.000000e+00 0.000000e+00
    outer loop
      vertex   1.090000e+01 -4.820000e+01 -1.522500e+01
      vertex   1.090000e+01 -2.636642e+01 3.632692e+00
      vertex   1.090000e+01 -2.664449e+01 4.105144e+00
    endloop
  endfacet
  facet normal 1.000000e+00 0.000000e+00 0.000000e+00
    outer loop
      vertex   1.090000e+01 -4.820000e+01 -1.522500e+01
      vertex   1.090000e+01 -2.664449e+01 4.105144e+00
      vertex   1.090000e+01 -2.679081e+01 4.633467e+00
    endloop
  endfacet
  facet normal 1.000000e+00 0.000000e+00 -0.000000e+00
    outer loop
      vertex   1.090000e+01 -2.665796e+01 5.712358e+00
      vertex   1.090000e+01 -2.638784e+01 6.189401e+00
      vertex   1.090000e+01 -4.820000e+01 2.224000e+01
    endloop
  endfacet
  facet normal 1.000000e+00 0.000000e+00 0.000000e+00
    outer loop
      vertex   1.090000e+01 -2.636642e+01 1.348269e+01
      vertex   1.090000e+01 -2.600345e+01 6.580277e+00
      vertex   1.090000e+01 -2.597555e+01 1.309831e+01
    endloop
  endfacet
  facet normal 1.000000e+00 0.000000e+00 0.000000e+00
    outer loop
      vertex   1.090000e+01 -2.597555e+01 1.309831e+01
      vertex   1.090000e+01 -2.600345e+01 6.580277e+00
      vertex   1.090000e+01 -2.553100e+01 6.858348e+00
    endloop
  endfacet
  facet normal 1.000000e+00 0.000000e+00 0.000000e+00
    outer loop
      vertex   1.090000e+01 -2.597555e+01 1.309831e+01
      vertex   1.090000e+01 -2.553100e+01 6.858348e+00
      vertex   1.090000e+01 -2.549850e+01 1.282819e+01
    endloop
  endfacet
  facet normal 1.000000e+00 0.000000e+00 0.000000e+00
    outer loop
      vertex   1.090000e+01 -2.549850e+01 1.282819e+01
      vertex   1.090000e+01 -2.553100e+01 6.858348e+00
      vertex   1.090000e+01 -2.500268e+01 7.004665e+00
    endloop
  endfacet
  facet normal 1.000000e+00 0.000000e+00 0.000000e+00
    outer loop
      vertex   1.090000e+01 -2.549850e+01 1.282819e+01
      vertex   1.090000e+01 -2.500268e+01 7.004665e+00
      vertex   1.090000e+01 -2.496780e+01 1.269074e+01
    endloop
  endfacet
  facet normal 1.000000e+00 0.000000e+00 0.000000e+00
    outer loop
      vertex   1.090000e+01 -2.496780e+01 1.269074e+01
      vertex   1.090000e+01 -2.500268e+01 7.004665e+00
      vertex   1.090000e+01 -2.445449e+01 7.009257e+00
    endloop
  endfacet
  facet normal 1.000000e+00 -0.000000e+00 0.000000e+00
    outer loop
      vertex   1.090000e+01 -2.496780e+01 1.269074e+01
      vertex   1.090000e+01 -2.445449e+01 7.009257e+00
      vertex   1.090000e+01 -2.441961e+01 1.269533e+01
    endloop
  endfacet
  facet normal 1.000000e+00 0.000000e+00 0.000000e+00
    outer loop
      vertex   1.090000e+01 -2.441961e+01 1.269533e+01
      vertex   1.090000e+01 -2.445449e+01 7.009257e+00
      vertex   1.090000e+01 -2.392379e+01 6.871810e+00
    endloop
  endfacet
  facet normal 1.000000e+00 -0.000000e+00 0.000000e+00
    outer loop
      vertex   1.090000e+01 -2.441961e+01 1.269533e+01
      vertex   1.090000e+01 -2.392379e+01 6.871810e+00
      vertex   1.090000e+01 -2.389129e+01 1.284165e+01
    endloop
  endfacet
  facet normal 1.000000e+00 0.000000e+00 0.000000e+00
    outer loop
      vertex   1.090000e+01 -2.389129e+01 1.284165e+01
      vertex   1.090000e+01 -2.392379e+01 6.871810e+00
      vertex   1.090000e+01 -2.344674e+01 6.601691e+00
    endloop
  endfacet
  facet normal 1.000000e+00 -0.000000e+00 0.000000e+00
    outer loop
      vertex   1.090000e+01 -2.389129e+01 1.284165e+01
      vertex   1.090000e+01 -2.344674e+01 6.601691e+00
      vertex   1.090000e+01 -2.341884e+01 1.311972e+01
    endloop
  endfacet
  facet normal 1.000000e+00 0.000000e+00 0.000000e+00
    outer loop
      vertex   1.090000e+01 -2.341884e+01 1.311972e+01
      vertex   1.090000e+01 -2.344674e+01 6.601691e+00
      vertex   1.090000e+01 -2.305587e+01 6.217308e+00
    endloop
  endfacet
  facet normal 1.000000e+00 -0.000000e+00 0.000000e+00
    outer loop
      vertex   1.090000e+01 -2.341884e+01 1.311972e+01
      vertex   1.090000e+01 -2.305587e+01 6.217308e+00
      vertex   1.090000e+01 -2.303446e+01 1.351060e+01
    endloop
  endfacet
  facet normal 1.000000e+00 0.000000e+00 0.000000e+00
    outer loop
      vertex   1.090000e+01 -2.303446e+01 1.351060e+01
      vertex   1.090000e+01 -2.305587e+01 6.217308e+00
      vertex   1.090000e+01 -2.277780e+01 5.744856e+00
    endloop
  endfacet
  facet normal 1.000000e+00 0.000000e+00 0.000000e+00
    outer loop
      vertex   1.090000e+01 2.389129e+01 2.991652e+00
      vertex   1.090000e+01 2.341884e+01 3.269723e+00
      vertex   1.090000e+01 2.020400e+01 7.000000e-01
    endloop
  endfacet
  facet normal 1.000000e+00 0.000000e+00 0.000000e+00
    outer loop
      vertex   1.090000e+01 2.020400e+01 7.000000e-01
      vertex   1.090000e+01 2.341884e+01 3.269723e+00
      vertex   1.090000e+01 2.303446e+01 3.660599e+00
    endloop
  endfacet
  facet normal 1.000000e+00 0.000000e+00 0.000000e+00
    outer loop
      vertex   1.090000e+01 2.020400e+01 7.000000e-01
      vertex   1.090000e+01 2.303446e+01 3.660599e+00
      vertex   1.090000e+01 2.276434e+01 4.137642e+00
    endloop
  endfacet
  facet normal 1.000000e+00 0.000000e+00 0.000000e+00
    outer loop
      vertex   1.090000e+01 2.276434e+01 4.137642e+00
      vertex   1.090000e+01 2.262689e+01 4.668342e+00
      vertex   1.090000e+01 2.020400e+01 7.000000e-01
    endloop
  endfacet
  facet normal 1.000000e+00 0.000000e+00 0.000000e+00
    outer loop
      vertex   1.090000e+01 2.020400e+01 7.000000e-01
      vertex   1.090000e+01 2.262689e+01 4.668342e+00
      vertex   1.090000e+01 2.263148e+01 5.216533e+00
    endloop
  endfacet
  facet normal 1.000000e+00 0.000000e+00 0.000000e+00
    outer loop
      vertex   1.090000e+01 2.020400e+01 7.000000e-01
      vertex   1.090000e+01 2.263148e+01 5.216533e+00
      vertex   1.090000e+01 2.277780e+01 5.744856e+00
    endloop
  endfacet
  facet normal 1.000000e+00 0.000000e+00 0.000000e+00
    outer loop
      vertex   1.090000e+01 2.305587e+01 6.217308e+00
      vertex   1.090000e+01 2.303446e+01 1.351060e+01
      vertex   1.090000e+01 2.277780e+01 5.744856e+00
    endloop
  endfacet
  facet normal 1.000000e+00 0.000000e+00 -0.000000e+00
    outer loop
      vertex   1.090000e+01 2.277780e+01 5.744856e+00
      vertex   1.090000e+01 2.303446e+01 1.351060e+01
      vertex   1.090000e+01 2.276434e+01 1.398764e+01
    endloop
  endfacet
  facet normal 1.000000e+00 0.000000e+00 0.000000e+00
    outer loop
      vertex   1.090000e+01 2.277780e+01 5.744856e+00
      vertex   1.090000e+01 2.276434e+01 1.398764e+01
      vertex   1.090000e+01 2.020400e+01 7.000000e-01
    endloop
  endfacet
  facet normal 1.000000e+00 0.000000e+00 0.000000e+00
    outer loop
      vertex   1.090000e+01 2.020400e+01 7.000000e-01
      vertex   1.090000e+01 2.276434e+01 1.398764e+01
      vertex   1.090000e+01 2.262689e+01 1.451834e+01
    endloop
  endfacet
  facet normal 1.000000e+00 0.000000e+00 0.000000e+00
    outer loop
      vertex   1.090000e+01 2.303446e+01 1.351060e+01
      vertex   1.090000e+01 2.305587e+01 6.217308e+00
      vertex   1.090000e+01 2.341884e+01 1.311972e+01
    endloop
  endfacet
  facet normal 1.000000e+00 0.000000e+00 0.000000e+00
    outer loop
      vertex   1.090000e+01 2.341884e+01 1.311972e+01
      vertex   1.090000e+01 2.305587e+01 6.217308e+00
      vertex   1.090000e+01 2.344674e+01 6.601691e+00
    endloop
  endfacet
  facet normal 1.000000e+00 0.000000e+00 0.000000e+00
    outer loop
      vertex   1.090000e+01 2.341884e+01 1.311972e+01
      vertex   1.090000e+01 2.344674e+01 6.601691e+00
      vertex   1.090000e+01 2.389129e+01 1.284165e+01
    endloop
  endfacet
  facet normal 1.000000e+00 0.000000e+00 0.000000e+00
    outer loop
      vertex   1.090000e+01 2.389129e+01 1.284165e+01
      vertex   1.090000e+01 2.344674e+01 6.601691e+00
      vertex   1.090000e+01 2.392379e+01 6.871810e+00
    endloop
  endfacet
  facet normal 1.000000e+00 0.000000e+00 0.000000e+00
    outer loop
      vertex   1.090000e+01 2.389129e+01 1.284165e+01
      vertex   1.090000e+01 2.392379e+01 6.871810e+00
      vertex   1.090000e+01 2.441961e+01 1.269533e+01
    endloop
  endfacet
  facet normal 1.000000e+00 0.000000e+00 0.000000e+00
    outer loop
      vertex   1.090000e+01 2.441961e+01 1.269533e+01
      vertex   1.090000e+01 2.392379e+01 6.871810e+00
      vertex   1.090000e+01 2.445449e+01 7.009257e+00
    endloop
  endfacet
  facet normal 1.000000e+00 0.000000e+00 0.000000e+00
    outer loop
      vertex   1.090000e+01 2.441961e+01 1.269533e+01
      vertex   1.090000e+01 2.445449e+01 7.009257e+00
      vertex   1.090000e+01 2.496780e+01 1.269074e+01
    endloop
  endfacet
  facet normal 1.000000e+00 0.000000e+00 0.000000e+00
    outer loop
      vertex   1.090000e+01 2.496780e+01 1.269074e+01
      vertex   1.090000e+01 2.445449e+01 7.009257e+00
      vertex   1.090000e+01 2.500268e+01 7.004665e+00
    endloop
  endfacet
  facet normal 1.000000e+00 -0.000000e+00 0.000000e+00
    outer loop
      vertex   1.090000e+01 2.496780e+01 1.269074e+01
      vertex   1.090000e+01 2.500268e+01 7.004665e+00
      vertex   1.090000e+01 2.549850e+01 1.282819e+01
    endloop
  endfacet
  facet normal 1.000000e+00 0.000000e+00 0.000000e+00
    outer loop
      vertex   1.090000e+01 2.549850e+01 1.282819e+01
      vertex   1.090000e+01 2.500268e+01 7.004665e+00
      vertex   1.090000e+01 2.553100e+01 6.858348e+00
    endloop
  endfacet
  facet normal 1.000000e+00 -0.000000e+00 0.000000e+00
    outer loop
      vertex   1.090000e+01 2.549850e+01 1.282819e+01
      vertex   1.090000e+01 2.553100e+01 6.858348e+00
      vertex   1.090000e+01 2.597555e+01 1.309831e+01
    endloop
  endfacet
  facet normal 1.000000e+00 0.000000e+00 0.000000e+00
    outer loop
      vertex   1.090000e+01 2.597555e+01 1.309831e+01
      vertex   1.090000e+01 2.553100e+01 6.858348e+00
      vertex   1.090000e+01 2.600345e+01 6.580277e+00
    endloop
  endfacet
  facet normal 1.000000e+00 -0.000000e+00 0.000000e+00
    outer loop
      vertex   1.090000e+01 2.597555e+01 1.309831e+01
      vertex   1.090000e+01 2.600345e+01 6.580277e+00
      vertex   1.090000e+01 2.636642e+01 1.348269e+01
    endloop
  endfacet
  facet normal 1.000000e+00 0.000000e+00 0.000000e+00
    outer loop
      vertex   1.090000e+01 2.636642e+01 1.348269e+01
      vertex   1.090000e+01 2.600345e+01 6.580277e+00
      vertex   1.090000e+01 2.638784e+01 6.189401e+00
    endloop
  endfacet
  facet normal 1.000000e+00 -0.000000e+00 0.000000e+00
    outer loop
      vertex   1.090000e+01 2.636642e+01 1.348269e+01
      vertex   1.090000e+01 2.638784e+01 6.189401e+00
      vertex   1.090000e+01 2.664449e+01 1.395514e+01
    endloop
  endfacet
  facet normal 1.000000e+00 0.000000e+00 0.000000e+00
    outer loop
      vertex   1.090000e+01 2.664449e+01 1.395514e+01
      vertex   1.090000e+01 2.638784e+01 6.189401e+00
      vertex   1.090000e+01 2.665796e+01 5.712358e+00
    endloop
  endfacet
  facet normal 1.000000e+00 -0.000000e+00 0.000000e+00
    outer loop
      vertex   1.090000e+01 2.664449e+01 1.395514e+01
      vertex   1.090000e+01 2.665796e+01 5.712358e+00
      vertex   1.090000e+01 2.679081e+01 1.448347e+01
    endloop
  endfacet
  facet normal 1.000000e+00 0.000000e+00 0.000000e+00
    outer loop
      vertex   1.090000e+01 2.679081e+01 1.448347e+01
      vertex   1.090000e+01 2.665796e+01 5.712358e+00
      vertex   1.090000e+01 2.679540e+01 5.181658e+00
    endloop
  endfacet
  facet normal 1.000000e+00 -0.000000e+00 0.000000e+00
    outer loop
      vertex   1.090000e+01 2.679081e+01 1.448347e+01
      vertex   1.090000e+01 2.679540e+01 5.181658e+00
      vertex   1.090000e+01 2.800000e+01 2.224000e+01
    endloop
  endfacet
  facet normal 1.000000e+00 0.000000e+00 0.000000e+00
    outer loop
      vertex   1.090000e+01 2.800000e+01 2.224000e+01
      vertex   1.090000e+01 2.679540e+01 5.181658e+00
      vertex   1.090000e+01 2.679081e+01 4.633467e+00
    endloop
  endfacet
  facet normal 1.000000e+00 0.000000e+00 -0.000000e+00
    outer loop
      vertex   1.090000e+01 2.277780e+01 1.559486e+01
      vertex   1.090000e+01 2.305587e+01 1.606731e+01
      vertex   1.090000e+01 2.020400e+01 2.224000e+01
    endloop
  endfacet
  facet normal 1.000000e+00 0.000000e+00 0.000000e+00
    outer loop
      vertex   1.090000e+01 2.020400e+01 2.224000e+01
      vertex   1.090000e+01 2.305587e+01 1.606731e+01
      vertex   1.090000e+01 2.344674e+01 1.645169e+01
    endloop
  endfacet
  facet normal 1.000000e+00 0.000000e+00 0.000000e+00
    outer loop
      vertex   1.090000e+01 2.020400e+01 2.224000e+01
      vertex   1.090000e+01 2.344674e+01 1.645169e+01
      vertex   1.090000e+01 2.392379e+01 1.672181e+01
    endloop
  endfacet
  facet normal 1.000000e+00 0.000000e+00 -0.000000e+00
    outer loop
      vertex   1.090000e+01 2.392379e+01 1.672181e+01
      vertex   1.090000e+01 2.445449e+01 1.685926e+01
      vertex   1.090000e+01 2.020400e+01 2.224000e+01
    endloop
  endfacet
  facet normal 1.000000e+00 -0.000000e+00 0.000000e+00
    outer loop
      vertex   1.090000e+01 2.553100e+01 1.670835e+01
      vertex   1.090000e+01 2.600345e+01 1.643028e+01
      vertex   1.090000e+01 2.800000e+01 2.224000e+01
    endloop
  endfacet
  facet normal 1.000000e+00 0.000000e+00 0.000000e+00
    outer loop
      vertex   1.090000e+01 2.800000e+01 2.224000e+01
      vertex   1.090000e+01 2.600345e+01 1.643028e+01
      vertex   1.090000e+01 2.638784e+01 1.603940e+01
    endloop
  endfacet
  facet normal 1.000000e+00 0.000000e+00 0.000000e+00
    outer loop
      vertex   1.090000e+01 2.800000e+01 2.224000e+01
      vertex   1.090000e+01 2.638784e+01 1.603940e+01
      vertex   1.090000e+01 2.665796e+01 1.556236e+01
    endloop
  endfacet
  facet normal 1.000000e+00 -0.000000e+00 0.000000e+00
    outer loop
      vertex   1.090000e+01 2.665796e+01 1.556236e+01
      vertex   1.090000e+01 2.679540e+01 1.503166e+01
      vertex   1.090000e+01 2.800000e+01 2.224000e+01
    endloop
  endfacet
  facet normal 1.000000e+00 0.000000e+00 0.000000e+00
    outer loop
      vertex   1.090000e+01 2.800000e+01 2.224000e+01
      vertex   1.090000e+01 2.679540e+01 1.503166e+01
      vertex   1.090000e+01 2.679081e+01 1.448347e+01
    endloop
  endfacet
endsolid
