ISO-10303-21;
HEADER;
/* Generated by software containing ST-Developer
 * from STEP Tools, Inc. (www.steptools.com) 
 */
/* OPTION: using custom renumber hook */

FILE_DESCRIPTION(
/* description */ ('STEP AP242 Edition 2',
'CAx-IF Rec.Pracs.---Representation and Presentation of Product Manufa
cturing Information (PMI)---4.0---2014-10-13',
'CAx-IF Rec.Pracs.---3D Tessellated Geometry---0.4---2014-09-14','2;1',
'CAx-IF Rec.Pracs.---User Defined Attributes---1.5---2016-08-15'),
/* implementation_level */ '2;1');

FILE_NAME(
/* name */ 'thimble-v1 - thimble',
/* time_stamp */ '2026-05-28T02:24:59Z',
/* author */ (''),
/* organization */ (''),
/* preprocessor_version */ 'ST-DEVELOPER v20',
/* originating_system */ 'ONSHAPE BY PTC INC, 1.215',
/* authorisation */ '  ');

FILE_SCHEMA (('AP242_MANAGED_MODEL_BASED_3D_ENGINEERING_MIM_LF { 1 0 10303 442 3 1 4 }'));
ENDSEC;

DATA;
#10=SHAPE_REPRESENTATION_RELATIONSHIP('','',#1219,#11);
#11=ADVANCED_BREP_SHAPE_REPRESENTATION('',(#1217),#2303);
#12=SPHERICAL_SURFACE('',#1294,0.00127);
#13=SPHERICAL_SURFACE('',#1298,0.00127);
#14=SPHERICAL_SURFACE('',#1310,0.00127);
#15=SPHERICAL_SURFACE('',#1314,0.00127);
#16=SPHERICAL_SURFACE('',#1327,0.00127);
#17=SPHERICAL_SURFACE('',#1331,0.00127);
#18=SPHERICAL_SURFACE('',#1343,0.00127);
#19=SPHERICAL_SURFACE('',#1347,0.00127);
#20=DEGENERATE_TOROIDAL_SURFACE('',#1287,0.0015875,0.003175,.T.);
#21=(
BOUNDED_SURFACE()
B_SPLINE_SURFACE(3,2,((#2023,#2024,#2025),(#2026,#2027,#2028),(#2029,#2030,
#2031),(#2032,#2033,#2034),(#2035,#2036,#2037),(#2038,#2039,#2040),(#2041,
#2042,#2043)),.UNSPECIFIED.,.F.,.F.,.F.)
B_SPLINE_SURFACE_WITH_KNOTS((4,1,1,1,4),(3,3),(0.,0.00253522652717641,0.00507045305435281,
0.00760567958152922,0.0101409061087056),(0.,1.),.UNSPECIFIED.)
GEOMETRIC_REPRESENTATION_ITEM()
RATIONAL_B_SPLINE_SURFACE(((1.,0.707106781186547,1.),(1.,0.727776188423004,
1.),(1.,0.78483116898042,1.),(1.,0.825300994210717,1.),(1.,0.785028506222743,
1.),(1.,0.727766575292219,1.),(1.,0.707106781186547,1.)))
REPRESENTATION_ITEM('')
SURFACE()
);
#22=(
BOUNDED_SURFACE()
B_SPLINE_SURFACE(3,2,((#2066,#2067,#2068),(#2069,#2070,#2071),(#2072,#2073,
#2074),(#2075,#2076,#2077),(#2078,#2079,#2080),(#2081,#2082,#2083),(#2084,
#2085,#2086)),.UNSPECIFIED.,.F.,.F.,.F.)
B_SPLINE_SURFACE_WITH_KNOTS((4,1,1,1,4),(3,3),(-4.98732999343332E-18,0.0025352265271764,
0.0050704530543528,0.0076056795815292,0.0101409061087056),(0.,1.),
 .UNSPECIFIED.)
GEOMETRIC_REPRESENTATION_ITEM()
RATIONAL_B_SPLINE_SURFACE(((1.,0.707106781186547,1.),(1.,0.727776188423147,
1.),(1.,0.784831168980359,1.),(1.,0.825300994210717,1.),(1.,0.785028506222805,
1.),(1.,0.727766575292076,1.),(1.,0.707106781186547,1.)))
REPRESENTATION_ITEM('')
SURFACE()
);
#23=(
BOUNDED_SURFACE()
B_SPLINE_SURFACE(3,2,((#2103,#2104,#2105),(#2106,#2107,#2108),(#2109,#2110,
#2111),(#2112,#2113,#2114),(#2115,#2116,#2117)),.UNSPECIFIED.,.F.,.F.,.F.)
B_SPLINE_SURFACE_WITH_KNOTS((4,1,4),(3,3),(6.50521303491303E-19,0.0014932531878185,
0.002986506375637),(0.,1.),.UNSPECIFIED.)
GEOMETRIC_REPRESENTATION_ITEM()
RATIONAL_B_SPLINE_SURFACE(((1.,0.853801649724509,1.),(1.,0.896583645279975,
1.),(1.,0.970668542010325,1.),(1.,0.999999999999668,1.),(1.,1.,1.)))
REPRESENTATION_ITEM('')
SURFACE()
);
#24=(
BOUNDED_SURFACE()
B_SPLINE_SURFACE(3,2,((#2119,#2120,#2121),(#2122,#2123,#2124),(#2125,#2126,
#2127),(#2128,#2129,#2130)),.UNSPECIFIED.,.F.,.F.,.F.)
B_SPLINE_SURFACE_WITH_KNOTS((4,4),(3,3),(-1.73472347597681E-18,0.00137239590035927),
(0.,1.),.PIECEWISE_BEZIER_KNOTS.)
GEOMETRIC_REPRESENTATION_ITEM()
RATIONAL_B_SPLINE_SURFACE(((1.,0.853801649724509,1.),(1.,0.806068592125815,
1.),(1.,0.755038165557184,1.),(1.,0.707106781186562,1.)))
REPRESENTATION_ITEM('')
SURFACE()
);
#25=(
BOUNDED_SURFACE()
B_SPLINE_SURFACE(3,2,((#2162,#2163,#2164),(#2165,#2166,#2167),(#2168,#2169,
#2170),(#2171,#2172,#2173)),.UNSPECIFIED.,.F.,.F.,.F.)
B_SPLINE_SURFACE_WITH_KNOTS((4,4),(3,3),(-1.07095322193773E-14,0.00137239590036876),
(0.,1.),.PIECEWISE_BEZIER_KNOTS.)
GEOMETRIC_REPRESENTATION_ITEM()
RATIONAL_B_SPLINE_SURFACE(((1.,0.707106781185573,1.),(1.,0.755038164774596,
1.),(1.,0.806068592124852,1.),(1.,0.853801649724509,1.)))
REPRESENTATION_ITEM('')
SURFACE()
);
#26=(
BOUNDED_SURFACE()
B_SPLINE_SURFACE(3,2,((#2175,#2176,#2177),(#2178,#2179,#2180),(#2181,#2182,
#2183),(#2184,#2185,#2186),(#2187,#2188,#2189)),.UNSPECIFIED.,.F.,.F.,.F.)
B_SPLINE_SURFACE_WITH_KNOTS((4,1,4),(3,3),(-2.16840434497101E-19,0.0014932531878185,
0.002986506375637),(0.,1.),.UNSPECIFIED.)
GEOMETRIC_REPRESENTATION_ITEM()
RATIONAL_B_SPLINE_SURFACE(((1.,0.853801649724509,1.),(1.,0.896583645279779,
1.),(1.,0.970668542010422,1.),(1.,0.999999999999668,1.),(1.,1.,1.)))
REPRESENTATION_ITEM('')
SURFACE()
);
#27=(
BOUNDED_SURFACE()
B_SPLINE_SURFACE(3,2,((#2190,#2191,#2192),(#2193,#2194,#2195),(#2196,#2197,
#2198),(#2199,#2200,#2201),(#2202,#2203,#2204)),.UNSPECIFIED.,.F.,.F.,.F.)
B_SPLINE_SURFACE_WITH_KNOTS((4,1,4),(3,3),(4.87890977618477E-19,0.00149325318781853,
0.00298650637563706),(0.,1.),.UNSPECIFIED.)
GEOMETRIC_REPRESENTATION_ITEM()
RATIONAL_B_SPLINE_SURFACE(((1.,0.853801649724509,1.),(1.,0.89658364527989,
1.),(1.,0.970668542010368,1.),(1.,0.999999999999668,1.),(1.,1.,1.)))
REPRESENTATION_ITEM('')
SURFACE()
);
#28=(
BOUNDED_SURFACE()
B_SPLINE_SURFACE(3,2,((#2206,#2207,#2208),(#2209,#2210,#2211),(#2212,#2213,
#2214),(#2215,#2216,#2217)),.UNSPECIFIED.,.F.,.F.,.F.)
B_SPLINE_SURFACE_WITH_KNOTS((4,4),(3,3),(-2.49366499671666E-18,0.00137239590035945),
(0.,1.),.PIECEWISE_BEZIER_KNOTS.)
GEOMETRIC_REPRESENTATION_ITEM()
RATIONAL_B_SPLINE_SURFACE(((1.,0.707106781186548,1.),(1.,0.75503816555358,
1.),(1.,0.806068592124997,1.),(1.,0.853801649724509,1.)))
REPRESENTATION_ITEM('')
SURFACE()
);
#29=(
BOUNDED_SURFACE()
B_SPLINE_SURFACE(3,2,((#2249,#2250,#2251),(#2252,#2253,#2254),(#2255,#2256,
#2257),(#2258,#2259,#2260)),.UNSPECIFIED.,.F.,.F.,.F.)
B_SPLINE_SURFACE_WITH_KNOTS((4,4),(3,3),(-1.73472347597681E-18,0.00137239590035927),
(0.,1.),.PIECEWISE_BEZIER_KNOTS.)
GEOMETRIC_REPRESENTATION_ITEM()
RATIONAL_B_SPLINE_SURFACE(((1.,0.853801649724509,1.),(1.,0.806068592125713,
1.),(1.,0.755038165558415,1.),(1.,0.70710678118656,1.)))
REPRESENTATION_ITEM('')
SURFACE()
);
#30=(
BOUNDED_SURFACE()
B_SPLINE_SURFACE(3,2,((#2262,#2263,#2264),(#2265,#2266,#2267),(#2268,#2269,
#2270),(#2271,#2272,#2273),(#2274,#2275,#2276)),.UNSPECIFIED.,.F.,.F.,.F.)
B_SPLINE_SURFACE_WITH_KNOTS((4,1,4),(3,3),(-2.11419423634673E-18,0.00149325318781853,
0.00298650637563706),(0.,1.),.UNSPECIFIED.)
GEOMETRIC_REPRESENTATION_ITEM()
RATIONAL_B_SPLINE_SURFACE(((1.,0.853801649724509,1.),(1.,0.896583645279974,
1.),(1.,0.970668542010326,1.),(1.,0.999999999999668,1.),(1.,1.,1.)))
REPRESENTATION_ITEM('')
SURFACE()
);
#31=TOROIDAL_SURFACE('',#1279,0.0053975,0.000635);
#32=TOROIDAL_SURFACE('',#1282,0.0053975,0.000635);
#33=TOROIDAL_SURFACE('',#1284,0.0053975,0.000635);
#34=TOROIDAL_SURFACE('',#1286,0.0053975,0.000635);
#35=TOROIDAL_SURFACE('',#1290,0.00508,0.00127);
#36=TOROIDAL_SURFACE('',#1302,0.001905,0.00127);
#37=TOROIDAL_SURFACE('',#1306,0.001905,0.00127);
#38=TOROIDAL_SURFACE('',#1318,0.00508,0.00127);
#39=TOROIDAL_SURFACE('',#1323,0.00508,0.00127);
#40=TOROIDAL_SURFACE('',#1335,0.001905,0.00127);
#41=TOROIDAL_SURFACE('',#1339,0.001905,0.00127);
#42=TOROIDAL_SURFACE('',#1351,0.00508,0.00127);
#43=CYLINDRICAL_SURFACE('',#1230,0.0047625);
#44=CYLINDRICAL_SURFACE('',#1253,0.0022225);
#45=CYLINDRICAL_SURFACE('',#1254,0.0022225);
#46=CYLINDRICAL_SURFACE('',#1255,0.00635);
#47=CYLINDRICAL_SURFACE('',#1258,0.00635);
#48=CYLINDRICAL_SURFACE('',#1261,0.000635);
#49=CYLINDRICAL_SURFACE('',#1264,0.000635);
#50=CYLINDRICAL_SURFACE('',#1267,0.00127);
#51=CYLINDRICAL_SURFACE('',#1270,0.00127);
#52=CYLINDRICAL_SURFACE('',#1273,0.00127);
#53=CYLINDRICAL_SURFACE('',#1276,0.00127);
#54=CYLINDRICAL_SURFACE('',#1292,0.00127);
#55=CYLINDRICAL_SURFACE('',#1296,0.00127);
#56=CYLINDRICAL_SURFACE('',#1300,0.00127);
#57=CYLINDRICAL_SURFACE('',#1304,0.00127);
#58=CYLINDRICAL_SURFACE('',#1308,0.00127);
#59=CYLINDRICAL_SURFACE('',#1312,0.00127);
#60=CYLINDRICAL_SURFACE('',#1316,0.00127);
#61=CYLINDRICAL_SURFACE('',#1325,0.00127);
#62=CYLINDRICAL_SURFACE('',#1329,0.00127);
#63=CYLINDRICAL_SURFACE('',#1333,0.00127);
#64=CYLINDRICAL_SURFACE('',#1337,0.00127);
#65=CYLINDRICAL_SURFACE('',#1341,0.00127);
#66=CYLINDRICAL_SURFACE('',#1345,0.00127);
#67=CYLINDRICAL_SURFACE('',#1349,0.00127);
#68=CIRCLE('',#1226,0.00508);
#69=CIRCLE('',#1227,0.001905);
#70=CIRCLE('',#1228,0.001905);
#71=CIRCLE('',#1229,0.00508);
#72=CIRCLE('',#1231,0.0047625);
#73=CIRCLE('',#1232,0.0047625);
#74=CIRCLE('',#1233,0.0047625);
#75=CIRCLE('',#1234,0.0047625);
#76=CIRCLE('',#1235,0.0047625);
#77=CIRCLE('',#1237,0.0015875);
#78=CIRCLE('',#1239,0.0022225);
#79=CIRCLE('',#1241,0.00508);
#80=CIRCLE('',#1242,0.001905);
#81=CIRCLE('',#1243,0.001905);
#82=CIRCLE('',#1244,0.00508);
#83=CIRCLE('',#1246,0.0022225);
#84=CIRCLE('',#1249,0.0022225);
#85=CIRCLE('',#1251,0.0022225);
#86=CIRCLE('',#1256,0.00635);
#87=CIRCLE('',#1257,0.00635);
#88=CIRCLE('',#1259,0.00635);
#89=CIRCLE('',#1260,0.00635);
#90=CIRCLE('',#1262,0.000635);
#91=CIRCLE('',#1263,0.000635);
#92=CIRCLE('',#1265,0.000635);
#93=CIRCLE('',#1266,0.000635);
#94=CIRCLE('',#1268,0.00127);
#95=CIRCLE('',#1269,0.00127);
#96=CIRCLE('',#1271,0.00127);
#97=CIRCLE('',#1272,0.00127);
#98=CIRCLE('',#1274,0.00127);
#99=CIRCLE('',#1275,0.00127);
#100=CIRCLE('',#1277,0.00127);
#101=CIRCLE('',#1278,0.00127);
#102=CIRCLE('',#1280,0.000635);
#103=CIRCLE('',#1281,0.000635);
#104=CIRCLE('',#1283,0.000635);
#105=CIRCLE('',#1285,0.000635);
#106=CIRCLE('',#1288,0.00127);
#107=CIRCLE('',#1289,0.00127);
#108=CIRCLE('',#1291,0.00127);
#109=CIRCLE('',#1293,0.00127);
#110=CIRCLE('',#1295,0.00127);
#111=CIRCLE('',#1297,0.00127);
#112=CIRCLE('',#1299,0.00127);
#113=CIRCLE('',#1301,0.00127);
#114=CIRCLE('',#1303,0.00127);
#115=CIRCLE('',#1305,0.00127);
#116=CIRCLE('',#1307,0.00127);
#117=CIRCLE('',#1309,0.00127);
#118=CIRCLE('',#1311,0.00127);
#119=CIRCLE('',#1313,0.00127);
#120=CIRCLE('',#1315,0.00127);
#121=CIRCLE('',#1317,0.00127);
#122=CIRCLE('',#1319,0.00127);
#123=CIRCLE('',#1320,0.00127);
#124=CIRCLE('',#1321,0.00127);
#125=CIRCLE('',#1322,0.00127);
#126=CIRCLE('',#1324,0.00127);
#127=CIRCLE('',#1326,0.00127);
#128=CIRCLE('',#1328,0.00127);
#129=CIRCLE('',#1330,0.00127);
#130=CIRCLE('',#1332,0.00127);
#131=CIRCLE('',#1334,0.00127);
#132=CIRCLE('',#1336,0.00127);
#133=CIRCLE('',#1338,0.00127);
#134=CIRCLE('',#1340,0.00127);
#135=CIRCLE('',#1342,0.00127);
#136=CIRCLE('',#1344,0.00127);
#137=CIRCLE('',#1346,0.00127);
#138=CIRCLE('',#1348,0.00127);
#139=CIRCLE('',#1350,0.00127);
#140=CIRCLE('',#1352,0.00127);
#141=CIRCLE('',#1353,0.00127);
#142=B_SPLINE_CURVE_WITH_KNOTS('',3,(#1763,#1764,#1765,#1766),
 .UNSPECIFIED.,.F.,.F.,(4,4),(0.,0.00137239590037947),.UNSPECIFIED.);
#143=B_SPLINE_CURVE_WITH_KNOTS('',3,(#1769,#1770,#1771,#1772),
 .UNSPECIFIED.,.F.,.F.,(4,4),(1.0228342838563E-18,0.00298650637563699),
 .UNSPECIFIED.);
#144=B_SPLINE_CURVE_WITH_KNOTS('',3,(#1774,#1775,#1776,#1777),
 .UNSPECIFIED.,.F.,.F.,(4,4),(5.42101086242752E-19,0.002986506375637),
 .UNSPECIFIED.);
#145=B_SPLINE_CURVE_WITH_KNOTS('',3,(#1779,#1780,#1781,#1782),
 .UNSPECIFIED.,.F.,.F.,(4,4),(0.,0.00137239590035888),.UNSPECIFIED.);
#146=B_SPLINE_CURVE_WITH_KNOTS('',3,(#1813,#1814,#1815,#1816,#1817,#1818,
#1819),.UNSPECIFIED.,.F.,.F.,(4,1,1,1,4),(0.,0.00223853749837185,0.00447707499674371,
0.00671561249511556,0.00895414999348742),.UNSPECIFIED.);
#147=B_SPLINE_CURVE_WITH_KNOTS('',3,(#1824,#1825,#1826,#1827,#1828,#1829,
#1830),.UNSPECIFIED.,.F.,.F.,(4,1,1,1,4),(0.,0.00223853749837185,0.00447707499674371,
0.00671561249511556,0.00895414999348742),.UNSPECIFIED.);
#148=B_SPLINE_CURVE_WITH_KNOTS('',3,(#1848,#1849,#1850,#1851),
 .UNSPECIFIED.,.F.,.F.,(4,4),(0.,0.00298650637563706),.UNSPECIFIED.);
#149=B_SPLINE_CURVE_WITH_KNOTS('',3,(#1853,#1854,#1855,#1856),
 .UNSPECIFIED.,.F.,.F.,(4,4),(4.84869951806108E-19,0.00298650637563706),
 .UNSPECIFIED.);
#150=B_SPLINE_CURVE_WITH_KNOTS('',3,(#1858,#1859,#1860,#1861),
 .UNSPECIFIED.,.F.,.F.,(4,4),(0.,0.00137239590035923),.UNSPECIFIED.);
#151=B_SPLINE_CURVE_WITH_KNOTS('',3,(#1885,#1886,#1887,#1888),
 .UNSPECIFIED.,.F.,.F.,(4,4),(0.,0.00137239590035945),.UNSPECIFIED.);
#152=B_SPLINE_CURVE_WITH_KNOTS('',3,(#1957,#1958,#1959,#1960,#1961),
 .UNSPECIFIED.,.F.,.F.,(4,1,4),(0.,0.00119993473616687,0.00239986947233374),
 .UNSPECIFIED.);
#153=B_SPLINE_CURVE_WITH_KNOTS('',3,(#1962,#1963,#1964,#1965,#1966),
 .UNSPECIFIED.,.F.,.F.,(4,1,4),(0.,0.00119993473616687,0.00239986947233374),
 .UNSPECIFIED.);
#154=B_SPLINE_CURVE_WITH_KNOTS('',3,(#1968,#1969,#1970,#1971,#1972),
 .UNSPECIFIED.,.F.,.F.,(4,1,4),(0.,0.00119993473616687,0.00239986947233374),
 .UNSPECIFIED.);
#155=B_SPLINE_CURVE_WITH_KNOTS('',3,(#1973,#1974,#1975,#1976,#1977),
 .UNSPECIFIED.,.F.,.F.,(4,1,4),(0.,0.00119993473616687,0.00239986947233374),
 .UNSPECIFIED.);
#156=B_SPLINE_CURVE_WITH_KNOTS('',3,(#1979,#1980,#1981,#1982,#1983),
 .UNSPECIFIED.,.F.,.F.,(4,1,4),(0.00122274321125452,0.00498713210271796,
0.0087515209941814),.UNSPECIFIED.);
#157=B_SPLINE_CURVE_WITH_KNOTS('',3,(#1991,#1992,#1993,#1994,#1995),
 .UNSPECIFIED.,.F.,.F.,(4,1,4),(0.00122274321125452,0.0049871321027264,
0.00875152099419827),.UNSPECIFIED.);
#158=B_SPLINE_CURVE_WITH_KNOTS('',3,(#2017,#2018,#2019,#2020),
 .UNSPECIFIED.,.F.,.F.,(4,4),(0.,0.00310649748427334),.UNSPECIFIED.);
#159=B_SPLINE_CURVE_WITH_KNOTS('',3,(#2044,#2045,#2046,#2047),
 .UNSPECIFIED.,.F.,.F.,(4,4),(1.35525271560688E-20,0.00122637685184937),
 .UNSPECIFIED.);
#160=B_SPLINE_CURVE_WITH_KNOTS('',3,(#2048,#2049,#2050,#2051),
 .UNSPECIFIED.,.F.,.F.,(4,4),(4.13168189549729E-18,0.00122637685183353),
 .UNSPECIFIED.);
#161=B_SPLINE_CURVE_WITH_KNOTS('',3,(#2057,#2058,#2059,#2060),
 .UNSPECIFIED.,.F.,.F.,(4,4),(0.,0.00310649748427334),.UNSPECIFIED.);
#162=B_SPLINE_CURVE_WITH_KNOTS('',3,(#2062,#2063,#2064,#2065),
 .UNSPECIFIED.,.F.,.F.,(4,4),(2.71050543121376E-20,0.00310649748427334),
 .UNSPECIFIED.);
#163=B_SPLINE_CURVE_WITH_KNOTS('',3,(#2087,#2088,#2089,#2090),
 .UNSPECIFIED.,.F.,.F.,(4,4),(2.71050543121376E-20,0.00122637685183354),
 .UNSPECIFIED.);
#164=B_SPLINE_CURVE_WITH_KNOTS('',3,(#2093,#2094,#2095,#2096),
 .UNSPECIFIED.,.F.,.F.,(4,4),(0.,0.00122637685183397),.UNSPECIFIED.);
#165=B_SPLINE_CURVE_WITH_KNOTS('',3,(#2098,#2099,#2100,#2101),
 .UNSPECIFIED.,.F.,.F.,(4,4),(0.,0.00310649748427334),.UNSPECIFIED.);
#166=ORIENTED_EDGE('',*,*,#514,.F.);
#167=ORIENTED_EDGE('',*,*,#515,.T.);
#168=ORIENTED_EDGE('',*,*,#516,.T.);
#169=ORIENTED_EDGE('',*,*,#517,.T.);
#170=ORIENTED_EDGE('',*,*,#518,.T.);
#171=ORIENTED_EDGE('',*,*,#519,.T.);
#172=ORIENTED_EDGE('',*,*,#520,.F.);
#173=ORIENTED_EDGE('',*,*,#521,.T.);
#174=ORIENTED_EDGE('',*,*,#522,.F.);
#175=ORIENTED_EDGE('',*,*,#523,.F.);
#176=ORIENTED_EDGE('',*,*,#524,.F.);
#177=ORIENTED_EDGE('',*,*,#525,.T.);
#178=ORIENTED_EDGE('',*,*,#526,.T.);
#179=ORIENTED_EDGE('',*,*,#527,.T.);
#180=ORIENTED_EDGE('',*,*,#528,.T.);
#181=ORIENTED_EDGE('',*,*,#529,.T.);
#182=ORIENTED_EDGE('',*,*,#530,.T.);
#183=ORIENTED_EDGE('',*,*,#531,.T.);
#184=ORIENTED_EDGE('',*,*,#532,.T.);
#185=ORIENTED_EDGE('',*,*,#533,.T.);
#186=ORIENTED_EDGE('',*,*,#534,.T.);
#187=ORIENTED_EDGE('',*,*,#535,.T.);
#188=ORIENTED_EDGE('',*,*,#536,.T.);
#189=ORIENTED_EDGE('',*,*,#537,.T.);
#190=ORIENTED_EDGE('',*,*,#538,.T.);
#191=ORIENTED_EDGE('',*,*,#539,.T.);
#192=ORIENTED_EDGE('',*,*,#540,.T.);
#193=ORIENTED_EDGE('',*,*,#541,.T.);
#194=ORIENTED_EDGE('',*,*,#542,.T.);
#195=ORIENTED_EDGE('',*,*,#543,.T.);
#196=ORIENTED_EDGE('',*,*,#544,.T.);
#197=ORIENTED_EDGE('',*,*,#545,.T.);
#198=ORIENTED_EDGE('',*,*,#546,.T.);
#199=ORIENTED_EDGE('',*,*,#547,.T.);
#200=ORIENTED_EDGE('',*,*,#548,.T.);
#201=ORIENTED_EDGE('',*,*,#549,.T.);
#202=ORIENTED_EDGE('',*,*,#550,.T.);
#203=ORIENTED_EDGE('',*,*,#551,.T.);
#204=ORIENTED_EDGE('',*,*,#552,.T.);
#205=ORIENTED_EDGE('',*,*,#553,.T.);
#206=ORIENTED_EDGE('',*,*,#554,.T.);
#207=ORIENTED_EDGE('',*,*,#555,.T.);
#208=ORIENTED_EDGE('',*,*,#556,.T.);
#209=ORIENTED_EDGE('',*,*,#557,.T.);
#210=ORIENTED_EDGE('',*,*,#558,.F.);
#211=ORIENTED_EDGE('',*,*,#559,.T.);
#212=ORIENTED_EDGE('',*,*,#560,.T.);
#213=ORIENTED_EDGE('',*,*,#561,.T.);
#214=ORIENTED_EDGE('',*,*,#562,.T.);
#215=ORIENTED_EDGE('',*,*,#563,.T.);
#216=ORIENTED_EDGE('',*,*,#564,.T.);
#217=ORIENTED_EDGE('',*,*,#565,.T.);
#218=ORIENTED_EDGE('',*,*,#566,.T.);
#219=ORIENTED_EDGE('',*,*,#567,.T.);
#220=ORIENTED_EDGE('',*,*,#568,.T.);
#221=ORIENTED_EDGE('',*,*,#569,.T.);
#222=ORIENTED_EDGE('',*,*,#570,.T.);
#223=ORIENTED_EDGE('',*,*,#571,.T.);
#224=ORIENTED_EDGE('',*,*,#572,.T.);
#225=ORIENTED_EDGE('',*,*,#573,.T.);
#226=ORIENTED_EDGE('',*,*,#574,.T.);
#227=ORIENTED_EDGE('',*,*,#575,.T.);
#228=ORIENTED_EDGE('',*,*,#576,.T.);
#229=ORIENTED_EDGE('',*,*,#577,.T.);
#230=ORIENTED_EDGE('',*,*,#578,.T.);
#231=ORIENTED_EDGE('',*,*,#579,.T.);
#232=ORIENTED_EDGE('',*,*,#580,.T.);
#233=ORIENTED_EDGE('',*,*,#581,.T.);
#234=ORIENTED_EDGE('',*,*,#582,.T.);
#235=ORIENTED_EDGE('',*,*,#583,.T.);
#236=ORIENTED_EDGE('',*,*,#584,.F.);
#237=ORIENTED_EDGE('',*,*,#585,.T.);
#238=ORIENTED_EDGE('',*,*,#586,.T.);
#239=ORIENTED_EDGE('',*,*,#587,.F.);
#240=ORIENTED_EDGE('',*,*,#588,.T.);
#241=ORIENTED_EDGE('',*,*,#589,.T.);
#242=ORIENTED_EDGE('',*,*,#590,.T.);
#243=ORIENTED_EDGE('',*,*,#591,.T.);
#244=ORIENTED_EDGE('',*,*,#592,.T.);
#245=ORIENTED_EDGE('',*,*,#593,.F.);
#246=ORIENTED_EDGE('',*,*,#594,.F.);
#247=ORIENTED_EDGE('',*,*,#525,.F.);
#248=ORIENTED_EDGE('',*,*,#595,.F.);
#249=ORIENTED_EDGE('',*,*,#520,.T.);
#250=ORIENTED_EDGE('',*,*,#596,.T.);
#251=ORIENTED_EDGE('',*,*,#597,.T.);
#252=ORIENTED_EDGE('',*,*,#598,.T.);
#253=ORIENTED_EDGE('',*,*,#599,.T.);
#254=ORIENTED_EDGE('',*,*,#600,.T.);
#255=ORIENTED_EDGE('',*,*,#601,.T.);
#256=ORIENTED_EDGE('',*,*,#602,.T.);
#257=ORIENTED_EDGE('',*,*,#603,.T.);
#258=ORIENTED_EDGE('',*,*,#604,.T.);
#259=ORIENTED_EDGE('',*,*,#605,.T.);
#260=ORIENTED_EDGE('',*,*,#558,.T.);
#261=ORIENTED_EDGE('',*,*,#606,.T.);
#262=ORIENTED_EDGE('',*,*,#598,.F.);
#263=ORIENTED_EDGE('',*,*,#607,.T.);
#264=ORIENTED_EDGE('',*,*,#593,.T.);
#265=ORIENTED_EDGE('',*,*,#608,.T.);
#266=ORIENTED_EDGE('',*,*,#577,.F.);
#267=ORIENTED_EDGE('',*,*,#609,.T.);
#268=ORIENTED_EDGE('',*,*,#610,.T.);
#269=ORIENTED_EDGE('',*,*,#611,.T.);
#270=ORIENTED_EDGE('',*,*,#574,.F.);
#271=ORIENTED_EDGE('',*,*,#612,.T.);
#272=ORIENTED_EDGE('',*,*,#555,.F.);
#273=ORIENTED_EDGE('',*,*,#613,.T.);
#274=ORIENTED_EDGE('',*,*,#614,.T.);
#275=ORIENTED_EDGE('',*,*,#615,.T.);
#276=ORIENTED_EDGE('',*,*,#590,.F.);
#277=ORIENTED_EDGE('',*,*,#616,.T.);
#278=ORIENTED_EDGE('',*,*,#602,.F.);
#279=ORIENTED_EDGE('',*,*,#617,.T.);
#280=ORIENTED_EDGE('',*,*,#604,.F.);
#281=ORIENTED_EDGE('',*,*,#618,.T.);
#282=ORIENTED_EDGE('',*,*,#601,.F.);
#283=ORIENTED_EDGE('',*,*,#619,.T.);
#284=ORIENTED_EDGE('',*,*,#576,.F.);
#285=ORIENTED_EDGE('',*,*,#620,.T.);
#286=ORIENTED_EDGE('',*,*,#526,.F.);
#287=ORIENTED_EDGE('',*,*,#621,.T.);
#288=ORIENTED_EDGE('',*,*,#578,.F.);
#289=ORIENTED_EDGE('',*,*,#609,.F.);
#290=ORIENTED_EDGE('',*,*,#528,.F.);
#291=ORIENTED_EDGE('',*,*,#622,.T.);
#292=ORIENTED_EDGE('',*,*,#588,.F.);
#293=ORIENTED_EDGE('',*,*,#608,.F.);
#294=ORIENTED_EDGE('',*,*,#592,.F.);
#295=ORIENTED_EDGE('',*,*,#623,.T.);
#296=ORIENTED_EDGE('',*,*,#582,.F.);
#297=ORIENTED_EDGE('',*,*,#624,.T.);
#298=ORIENTED_EDGE('',*,*,#553,.F.);
#299=ORIENTED_EDGE('',*,*,#606,.F.);
#300=ORIENTED_EDGE('',*,*,#557,.F.);
#301=ORIENTED_EDGE('',*,*,#625,.T.);
#302=ORIENTED_EDGE('',*,*,#597,.F.);
#303=ORIENTED_EDGE('',*,*,#626,.T.);
#304=ORIENTED_EDGE('',*,*,#580,.F.);
#305=ORIENTED_EDGE('',*,*,#627,.T.);
#306=ORIENTED_EDGE('',*,*,#599,.F.);
#307=ORIENTED_EDGE('',*,*,#607,.F.);
#308=ORIENTED_EDGE('',*,*,#550,.F.);
#309=ORIENTED_EDGE('',*,*,#628,.T.);
#310=ORIENTED_EDGE('',*,*,#629,.F.);
#311=ORIENTED_EDGE('',*,*,#629,.T.);
#312=ORIENTED_EDGE('',*,*,#630,.T.);
#313=ORIENTED_EDGE('',*,*,#610,.F.);
#314=ORIENTED_EDGE('',*,*,#631,.T.);
#315=ORIENTED_EDGE('',*,*,#632,.F.);
#316=ORIENTED_EDGE('',*,*,#551,.F.);
#317=ORIENTED_EDGE('',*,*,#633,.F.);
#318=ORIENTED_EDGE('',*,*,#634,.T.);
#319=ORIENTED_EDGE('',*,*,#549,.F.);
#320=ORIENTED_EDGE('',*,*,#632,.T.);
#321=ORIENTED_EDGE('',*,*,#635,.T.);
#322=ORIENTED_EDGE('',*,*,#546,.F.);
#323=ORIENTED_EDGE('',*,*,#614,.F.);
#324=ORIENTED_EDGE('',*,*,#636,.T.);
#325=ORIENTED_EDGE('',*,*,#633,.T.);
#326=ORIENTED_EDGE('',*,*,#548,.F.);
#327=ORIENTED_EDGE('',*,*,#637,.F.);
#328=ORIENTED_EDGE('',*,*,#638,.T.);
#329=ORIENTED_EDGE('',*,*,#547,.F.);
#330=ORIENTED_EDGE('',*,*,#639,.T.);
#331=ORIENTED_EDGE('',*,*,#637,.T.);
#332=ORIENTED_EDGE('',*,*,#545,.F.);
#333=ORIENTED_EDGE('',*,*,#552,.F.);
#334=ORIENTED_EDGE('',*,*,#532,.F.);
#335=ORIENTED_EDGE('',*,*,#634,.F.);
#336=ORIENTED_EDGE('',*,*,#640,.F.);
#337=ORIENTED_EDGE('',*,*,#640,.T.);
#338=ORIENTED_EDGE('',*,*,#636,.F.);
#339=ORIENTED_EDGE('',*,*,#641,.F.);
#340=ORIENTED_EDGE('',*,*,#533,.F.);
#341=ORIENTED_EDGE('',*,*,#641,.T.);
#342=ORIENTED_EDGE('',*,*,#613,.F.);
#343=ORIENTED_EDGE('',*,*,#642,.F.);
#344=ORIENTED_EDGE('',*,*,#534,.F.);
#345=ORIENTED_EDGE('',*,*,#642,.T.);
#346=ORIENTED_EDGE('',*,*,#554,.F.);
#347=ORIENTED_EDGE('',*,*,#643,.F.);
#348=ORIENTED_EDGE('',*,*,#535,.F.);
#349=ORIENTED_EDGE('',*,*,#643,.T.);
#350=ORIENTED_EDGE('',*,*,#624,.F.);
#351=ORIENTED_EDGE('',*,*,#644,.F.);
#352=ORIENTED_EDGE('',*,*,#644,.T.);
#353=ORIENTED_EDGE('',*,*,#581,.F.);
#354=ORIENTED_EDGE('',*,*,#645,.F.);
#355=ORIENTED_EDGE('',*,*,#536,.F.);
#356=ORIENTED_EDGE('',*,*,#645,.T.);
#357=ORIENTED_EDGE('',*,*,#626,.F.);
#358=ORIENTED_EDGE('',*,*,#646,.F.);
#359=ORIENTED_EDGE('',*,*,#646,.T.);
#360=ORIENTED_EDGE('',*,*,#596,.F.);
#361=ORIENTED_EDGE('',*,*,#647,.F.);
#362=ORIENTED_EDGE('',*,*,#537,.F.);
#363=ORIENTED_EDGE('',*,*,#647,.T.);
#364=ORIENTED_EDGE('',*,*,#618,.F.);
#365=ORIENTED_EDGE('',*,*,#648,.F.);
#366=ORIENTED_EDGE('',*,*,#538,.F.);
#367=ORIENTED_EDGE('',*,*,#648,.T.);
#368=ORIENTED_EDGE('',*,*,#603,.F.);
#369=ORIENTED_EDGE('',*,*,#649,.F.);
#370=ORIENTED_EDGE('',*,*,#539,.F.);
#371=ORIENTED_EDGE('',*,*,#649,.T.);
#372=ORIENTED_EDGE('',*,*,#616,.F.);
#373=ORIENTED_EDGE('',*,*,#650,.F.);
#374=ORIENTED_EDGE('',*,*,#540,.F.);
#375=ORIENTED_EDGE('',*,*,#650,.T.);
#376=ORIENTED_EDGE('',*,*,#589,.F.);
#377=ORIENTED_EDGE('',*,*,#651,.F.);
#378=ORIENTED_EDGE('',*,*,#541,.F.);
#379=ORIENTED_EDGE('',*,*,#651,.T.);
#380=ORIENTED_EDGE('',*,*,#622,.F.);
#381=ORIENTED_EDGE('',*,*,#652,.F.);
#382=ORIENTED_EDGE('',*,*,#652,.T.);
#383=ORIENTED_EDGE('',*,*,#527,.F.);
#384=ORIENTED_EDGE('',*,*,#653,.F.);
#385=ORIENTED_EDGE('',*,*,#542,.F.);
#386=ORIENTED_EDGE('',*,*,#653,.T.);
#387=ORIENTED_EDGE('',*,*,#620,.F.);
#388=ORIENTED_EDGE('',*,*,#654,.F.);
#389=ORIENTED_EDGE('',*,*,#654,.T.);
#390=ORIENTED_EDGE('',*,*,#575,.F.);
#391=ORIENTED_EDGE('',*,*,#655,.F.);
#392=ORIENTED_EDGE('',*,*,#543,.F.);
#393=ORIENTED_EDGE('',*,*,#655,.T.);
#394=ORIENTED_EDGE('',*,*,#611,.F.);
#395=ORIENTED_EDGE('',*,*,#656,.F.);
#396=ORIENTED_EDGE('',*,*,#544,.F.);
#397=ORIENTED_EDGE('',*,*,#656,.T.);
#398=ORIENTED_EDGE('',*,*,#630,.F.);
#399=ORIENTED_EDGE('',*,*,#657,.F.);
#400=ORIENTED_EDGE('',*,*,#530,.F.);
#401=ORIENTED_EDGE('',*,*,#657,.T.);
#402=ORIENTED_EDGE('',*,*,#628,.F.);
#403=ORIENTED_EDGE('',*,*,#531,.F.);
#404=ORIENTED_EDGE('',*,*,#639,.F.);
#405=ORIENTED_EDGE('',*,*,#559,.F.);
#406=ORIENTED_EDGE('',*,*,#658,.F.);
#407=ORIENTED_EDGE('',*,*,#658,.T.);
#408=ORIENTED_EDGE('',*,*,#573,.F.);
#409=ORIENTED_EDGE('',*,*,#659,.F.);
#410=ORIENTED_EDGE('',*,*,#638,.F.);
#411=ORIENTED_EDGE('',*,*,#659,.T.);
#412=ORIENTED_EDGE('',*,*,#572,.F.);
#413=ORIENTED_EDGE('',*,*,#660,.F.);
#414=ORIENTED_EDGE('',*,*,#615,.F.);
#415=ORIENTED_EDGE('',*,*,#661,.F.);
#416=ORIENTED_EDGE('',*,*,#556,.F.);
#417=ORIENTED_EDGE('',*,*,#660,.T.);
#418=ORIENTED_EDGE('',*,*,#571,.F.);
#419=ORIENTED_EDGE('',*,*,#625,.F.);
#420=ORIENTED_EDGE('',*,*,#661,.T.);
#421=ORIENTED_EDGE('',*,*,#662,.F.);
#422=ORIENTED_EDGE('',*,*,#663,.F.);
#423=ORIENTED_EDGE('',*,*,#583,.F.);
#424=ORIENTED_EDGE('',*,*,#662,.T.);
#425=ORIENTED_EDGE('',*,*,#570,.F.);
#426=ORIENTED_EDGE('',*,*,#627,.F.);
#427=ORIENTED_EDGE('',*,*,#663,.T.);
#428=ORIENTED_EDGE('',*,*,#664,.F.);
#429=ORIENTED_EDGE('',*,*,#664,.T.);
#430=ORIENTED_EDGE('',*,*,#569,.F.);
#431=ORIENTED_EDGE('',*,*,#665,.F.);
#432=ORIENTED_EDGE('',*,*,#600,.F.);
#433=ORIENTED_EDGE('',*,*,#665,.T.);
#434=ORIENTED_EDGE('',*,*,#568,.F.);
#435=ORIENTED_EDGE('',*,*,#666,.F.);
#436=ORIENTED_EDGE('',*,*,#619,.F.);
#437=ORIENTED_EDGE('',*,*,#666,.T.);
#438=ORIENTED_EDGE('',*,*,#567,.F.);
#439=ORIENTED_EDGE('',*,*,#667,.F.);
#440=ORIENTED_EDGE('',*,*,#605,.F.);
#441=ORIENTED_EDGE('',*,*,#667,.T.);
#442=ORIENTED_EDGE('',*,*,#566,.F.);
#443=ORIENTED_EDGE('',*,*,#668,.F.);
#444=ORIENTED_EDGE('',*,*,#617,.F.);
#445=ORIENTED_EDGE('',*,*,#669,.F.);
#446=ORIENTED_EDGE('',*,*,#591,.F.);
#447=ORIENTED_EDGE('',*,*,#668,.T.);
#448=ORIENTED_EDGE('',*,*,#565,.F.);
#449=ORIENTED_EDGE('',*,*,#623,.F.);
#450=ORIENTED_EDGE('',*,*,#669,.T.);
#451=ORIENTED_EDGE('',*,*,#670,.F.);
#452=ORIENTED_EDGE('',*,*,#671,.F.);
#453=ORIENTED_EDGE('',*,*,#529,.F.);
#454=ORIENTED_EDGE('',*,*,#670,.T.);
#455=ORIENTED_EDGE('',*,*,#564,.F.);
#456=ORIENTED_EDGE('',*,*,#621,.F.);
#457=ORIENTED_EDGE('',*,*,#671,.T.);
#458=ORIENTED_EDGE('',*,*,#672,.F.);
#459=ORIENTED_EDGE('',*,*,#672,.T.);
#460=ORIENTED_EDGE('',*,*,#563,.F.);
#461=ORIENTED_EDGE('',*,*,#673,.F.);
#462=ORIENTED_EDGE('',*,*,#579,.F.);
#463=ORIENTED_EDGE('',*,*,#673,.T.);
#464=ORIENTED_EDGE('',*,*,#562,.F.);
#465=ORIENTED_EDGE('',*,*,#674,.F.);
#466=ORIENTED_EDGE('',*,*,#612,.F.);
#467=ORIENTED_EDGE('',*,*,#674,.T.);
#468=ORIENTED_EDGE('',*,*,#561,.F.);
#469=ORIENTED_EDGE('',*,*,#675,.F.);
#470=ORIENTED_EDGE('',*,*,#631,.F.);
#471=ORIENTED_EDGE('',*,*,#560,.F.);
#472=ORIENTED_EDGE('',*,*,#635,.F.);
#473=ORIENTED_EDGE('',*,*,#675,.T.);
#474=ORIENTED_EDGE('',*,*,#524,.T.);
#475=ORIENTED_EDGE('',*,*,#676,.F.);
#476=ORIENTED_EDGE('',*,*,#521,.F.);
#477=ORIENTED_EDGE('',*,*,#595,.T.);
#478=ORIENTED_EDGE('',*,*,#523,.T.);
#479=ORIENTED_EDGE('',*,*,#677,.T.);
#480=ORIENTED_EDGE('',*,*,#518,.F.);
#481=ORIENTED_EDGE('',*,*,#676,.T.);
#482=ORIENTED_EDGE('',*,*,#678,.F.);
#483=ORIENTED_EDGE('',*,*,#585,.F.);
#484=ORIENTED_EDGE('',*,*,#679,.T.);
#485=ORIENTED_EDGE('',*,*,#680,.F.);
#486=ORIENTED_EDGE('',*,*,#681,.T.);
#487=ORIENTED_EDGE('',*,*,#517,.F.);
#488=ORIENTED_EDGE('',*,*,#682,.F.);
#489=ORIENTED_EDGE('',*,*,#587,.T.);
#490=ORIENTED_EDGE('',*,*,#679,.F.);
#491=ORIENTED_EDGE('',*,*,#584,.T.);
#492=ORIENTED_EDGE('',*,*,#682,.T.);
#493=ORIENTED_EDGE('',*,*,#516,.F.);
#494=ORIENTED_EDGE('',*,*,#683,.T.);
#495=ORIENTED_EDGE('',*,*,#684,.T.);
#496=ORIENTED_EDGE('',*,*,#678,.T.);
#497=ORIENTED_EDGE('',*,*,#685,.F.);
#498=ORIENTED_EDGE('',*,*,#686,.F.);
#499=ORIENTED_EDGE('',*,*,#514,.T.);
#500=ORIENTED_EDGE('',*,*,#681,.F.);
#501=ORIENTED_EDGE('',*,*,#586,.F.);
#502=ORIENTED_EDGE('',*,*,#522,.T.);
#503=ORIENTED_EDGE('',*,*,#594,.T.);
#504=ORIENTED_EDGE('',*,*,#519,.F.);
#505=ORIENTED_EDGE('',*,*,#677,.F.);
#506=ORIENTED_EDGE('',*,*,#683,.F.);
#507=ORIENTED_EDGE('',*,*,#515,.F.);
#508=ORIENTED_EDGE('',*,*,#686,.T.);
#509=ORIENTED_EDGE('',*,*,#687,.T.);
#510=ORIENTED_EDGE('',*,*,#684,.F.);
#511=ORIENTED_EDGE('',*,*,#687,.F.);
#512=ORIENTED_EDGE('',*,*,#685,.T.);
#513=ORIENTED_EDGE('',*,*,#680,.T.);
#514=EDGE_CURVE('',#688,#689,#788,.T.);
#515=EDGE_CURVE('',#688,#690,#789,.T.);
#516=EDGE_CURVE('',#690,#691,#790,.T.);
#517=EDGE_CURVE('',#691,#689,#791,.T.);
#518=EDGE_CURVE('',#692,#693,#792,.T.);
#519=EDGE_CURVE('',#693,#694,#793,.T.);
#520=EDGE_CURVE('',#695,#694,#794,.T.);
#521=EDGE_CURVE('',#695,#692,#795,.T.);
#522=EDGE_CURVE('',#696,#697,#796,.T.);
#523=EDGE_CURVE('',#698,#696,#797,.T.);
#524=EDGE_CURVE('',#699,#698,#798,.T.);
#525=EDGE_CURVE('',#699,#697,#799,.T.);
#526=EDGE_CURVE('',#700,#701,#800,.T.);
#527=EDGE_CURVE('',#701,#702,#801,.F.);
#528=EDGE_CURVE('',#702,#703,#802,.T.);
#529=EDGE_CURVE('',#703,#700,#803,.T.);
#530=EDGE_CURVE('',#704,#705,#142,.T.);
#531=EDGE_CURVE('',#705,#706,#143,.T.);
#532=EDGE_CURVE('',#706,#707,#144,.F.);
#533=EDGE_CURVE('',#707,#708,#145,.T.);
#534=EDGE_CURVE('',#708,#709,#68,.T.);
#535=EDGE_CURVE('',#709,#710,#804,.F.);
#536=EDGE_CURVE('',#710,#711,#805,.T.);
#537=EDGE_CURVE('',#711,#712,#806,.F.);
#538=EDGE_CURVE('',#712,#713,#69,.F.);
#539=EDGE_CURVE('',#713,#714,#807,.T.);
#540=EDGE_CURVE('',#714,#715,#70,.F.);
#541=EDGE_CURVE('',#715,#716,#808,.T.);
#542=EDGE_CURVE('',#716,#717,#809,.T.);
#543=EDGE_CURVE('',#717,#718,#810,.T.);
#544=EDGE_CURVE('',#718,#704,#71,.T.);
#545=EDGE_CURVE('',#719,#719,#72,.F.);
#546=EDGE_CURVE('',#720,#721,#73,.F.);
#547=EDGE_CURVE('',#721,#722,#74,.F.);
#548=EDGE_CURVE('',#722,#723,#146,.T.);
#549=EDGE_CURVE('',#723,#706,#75,.F.);
#550=EDGE_CURVE('',#706,#724,#76,.F.);
#551=EDGE_CURVE('',#724,#720,#147,.T.);
#552=EDGE_CURVE('',#725,#725,#77,.T.);
#553=EDGE_CURVE('',#726,#727,#811,.T.);
#554=EDGE_CURVE('',#727,#728,#812,.T.);
#555=EDGE_CURVE('',#728,#729,#813,.F.);
#556=EDGE_CURVE('',#729,#730,#814,.F.);
#557=EDGE_CURVE('',#730,#731,#815,.T.);
#558=EDGE_CURVE('',#726,#731,#78,.T.);
#559=EDGE_CURVE('',#732,#721,#148,.T.);
#560=EDGE_CURVE('',#721,#733,#149,.F.);
#561=EDGE_CURVE('',#733,#734,#150,.T.);
#562=EDGE_CURVE('',#734,#735,#79,.F.);
#563=EDGE_CURVE('',#735,#736,#816,.F.);
#564=EDGE_CURVE('',#736,#737,#817,.F.);
#565=EDGE_CURVE('',#737,#738,#818,.T.);
#566=EDGE_CURVE('',#738,#739,#80,.T.);
#567=EDGE_CURVE('',#739,#740,#819,.T.);
#568=EDGE_CURVE('',#740,#741,#81,.T.);
#569=EDGE_CURVE('',#741,#742,#820,.F.);
#570=EDGE_CURVE('',#742,#743,#821,.F.);
#571=EDGE_CURVE('',#743,#744,#822,.T.);
#572=EDGE_CURVE('',#744,#745,#82,.F.);
#573=EDGE_CURVE('',#745,#732,#151,.T.);
#574=EDGE_CURVE('',#746,#747,#823,.T.);
#575=EDGE_CURVE('',#747,#748,#824,.F.);
#576=EDGE_CURVE('',#748,#749,#825,.F.);
#577=EDGE_CURVE('',#749,#750,#83,.T.);
#578=EDGE_CURVE('',#750,#751,#826,.F.);
#579=EDGE_CURVE('',#751,#746,#827,.T.);
#580=EDGE_CURVE('',#752,#753,#828,.F.);
#581=EDGE_CURVE('',#753,#754,#829,.F.);
#582=EDGE_CURVE('',#754,#755,#830,.F.);
#583=EDGE_CURVE('',#755,#752,#831,.T.);
#584=EDGE_CURVE('',#756,#757,#832,.T.);
#585=EDGE_CURVE('',#756,#758,#833,.T.);
#586=EDGE_CURVE('',#758,#759,#834,.T.);
#587=EDGE_CURVE('',#757,#759,#835,.T.);
#588=EDGE_CURVE('',#760,#761,#836,.F.);
#589=EDGE_CURVE('',#761,#762,#837,.F.);
#590=EDGE_CURVE('',#762,#763,#838,.T.);
#591=EDGE_CURVE('',#763,#764,#839,.F.);
#592=EDGE_CURVE('',#764,#765,#840,.F.);
#593=EDGE_CURVE('',#760,#765,#84,.T.);
#594=EDGE_CURVE('',#697,#694,#841,.T.);
#595=EDGE_CURVE('',#695,#699,#842,.T.);
#596=EDGE_CURVE('',#766,#767,#843,.T.);
#597=EDGE_CURVE('',#767,#768,#844,.T.);
#598=EDGE_CURVE('',#768,#769,#85,.T.);
#599=EDGE_CURVE('',#769,#770,#845,.T.);
#600=EDGE_CURVE('',#770,#771,#846,.T.);
#601=EDGE_CURVE('',#771,#766,#847,.F.);
#602=EDGE_CURVE('',#772,#773,#848,.F.);
#603=EDGE_CURVE('',#773,#774,#849,.F.);
#604=EDGE_CURVE('',#774,#775,#850,.T.);
#605=EDGE_CURVE('',#775,#772,#851,.F.);
#606=EDGE_CURVE('',#731,#726,#152,.T.);
#607=EDGE_CURVE('',#768,#769,#153,.T.);
#608=EDGE_CURVE('',#765,#760,#154,.T.);
#609=EDGE_CURVE('',#749,#750,#155,.T.);
#610=EDGE_CURVE('',#776,#777,#156,.T.);
#611=EDGE_CURVE('',#777,#747,#86,.F.);
#612=EDGE_CURVE('',#746,#776,#87,.T.);
#613=EDGE_CURVE('',#728,#778,#88,.F.);
#614=EDGE_CURVE('',#778,#779,#157,.T.);
#615=EDGE_CURVE('',#779,#729,#89,.T.);
#616=EDGE_CURVE('',#762,#773,#90,.T.);
#617=EDGE_CURVE('',#772,#763,#91,.F.);
#618=EDGE_CURVE('',#774,#766,#92,.T.);
#619=EDGE_CURVE('',#771,#775,#93,.F.);
#620=EDGE_CURVE('',#748,#701,#94,.T.);
#621=EDGE_CURVE('',#700,#751,#95,.F.);
#622=EDGE_CURVE('',#702,#761,#96,.T.);
#623=EDGE_CURVE('',#764,#703,#97,.F.);
#624=EDGE_CURVE('',#754,#727,#98,.F.);
#625=EDGE_CURVE('',#730,#755,#99,.T.);
#626=EDGE_CURVE('',#767,#753,#100,.F.);
#627=EDGE_CURVE('',#752,#770,#101,.T.);
#628=EDGE_CURVE('',#706,#780,#158,.F.);
#629=EDGE_CURVE('',#724,#780,#102,.T.);
#630=EDGE_CURVE('',#780,#777,#159,.T.);
#631=EDGE_CURVE('',#776,#781,#160,.T.);
#632=EDGE_CURVE('',#720,#781,#103,.T.);
#633=EDGE_CURVE('',#782,#723,#104,.T.);
#634=EDGE_CURVE('',#782,#706,#161,.T.);
#635=EDGE_CURVE('',#781,#721,#162,.T.);
#636=EDGE_CURVE('',#778,#782,#163,.T.);
#637=EDGE_CURVE('',#783,#722,#105,.T.);
#638=EDGE_CURVE('',#783,#779,#164,.T.);
#639=EDGE_CURVE('',#721,#783,#165,.F.);
#640=EDGE_CURVE('',#707,#782,#106,.T.);
#641=EDGE_CURVE('',#708,#778,#107,.T.);
#642=EDGE_CURVE('',#709,#728,#108,.T.);
#643=EDGE_CURVE('',#710,#727,#109,.T.);
#644=EDGE_CURVE('',#710,#754,#110,.T.);
#645=EDGE_CURVE('',#711,#753,#111,.T.);
#646=EDGE_CURVE('',#711,#767,#112,.T.);
#647=EDGE_CURVE('',#712,#766,#113,.T.);
#648=EDGE_CURVE('',#713,#774,#114,.T.);
#649=EDGE_CURVE('',#714,#773,#115,.T.);
#650=EDGE_CURVE('',#715,#762,#116,.T.);
#651=EDGE_CURVE('',#716,#761,#117,.T.);
#652=EDGE_CURVE('',#716,#702,#118,.T.);
#653=EDGE_CURVE('',#717,#701,#119,.T.);
#654=EDGE_CURVE('',#717,#748,#120,.T.);
#655=EDGE_CURVE('',#718,#747,#121,.T.);
#656=EDGE_CURVE('',#704,#777,#122,.T.);
#657=EDGE_CURVE('',#705,#780,#123,.T.);
#658=EDGE_CURVE('',#783,#732,#124,.T.);
#659=EDGE_CURVE('',#779,#745,#125,.T.);
#660=EDGE_CURVE('',#729,#744,#126,.T.);
#661=EDGE_CURVE('',#730,#743,#127,.T.);
#662=EDGE_CURVE('',#755,#743,#128,.T.);
#663=EDGE_CURVE('',#752,#742,#129,.T.);
#664=EDGE_CURVE('',#770,#742,#130,.T.);
#665=EDGE_CURVE('',#771,#741,#131,.T.);
#666=EDGE_CURVE('',#775,#740,#132,.T.);
#667=EDGE_CURVE('',#772,#739,#133,.T.);
#668=EDGE_CURVE('',#763,#738,#134,.T.);
#669=EDGE_CURVE('',#764,#737,#135,.T.);
#670=EDGE_CURVE('',#703,#737,#136,.T.);
#671=EDGE_CURVE('',#700,#736,#137,.T.);
#672=EDGE_CURVE('',#751,#736,#138,.T.);
#673=EDGE_CURVE('',#746,#735,#139,.T.);
#674=EDGE_CURVE('',#776,#734,#140,.T.);
#675=EDGE_CURVE('',#781,#733,#141,.T.);
#676=EDGE_CURVE('',#692,#698,#852,.T.);
#677=EDGE_CURVE('',#696,#693,#853,.T.);
#678=EDGE_CURVE('',#758,#784,#854,.T.);
#679=EDGE_CURVE('',#756,#785,#855,.T.);
#680=EDGE_CURVE('',#784,#785,#856,.T.);
#681=EDGE_CURVE('',#759,#689,#857,.T.);
#682=EDGE_CURVE('',#757,#691,#858,.T.);
#683=EDGE_CURVE('',#690,#786,#859,.T.);
#684=EDGE_CURVE('',#786,#785,#860,.T.);
#685=EDGE_CURVE('',#787,#784,#861,.T.);
#686=EDGE_CURVE('',#688,#787,#862,.T.);
#687=EDGE_CURVE('',#787,#786,#863,.T.);
#688=VERTEX_POINT('',#1728);
#689=VERTEX_POINT('',#1729);
#690=VERTEX_POINT('',#1731);
#691=VERTEX_POINT('',#1733);
#692=VERTEX_POINT('',#1737);
#693=VERTEX_POINT('',#1738);
#694=VERTEX_POINT('',#1740);
#695=VERTEX_POINT('',#1742);
#696=VERTEX_POINT('',#1746);
#697=VERTEX_POINT('',#1747);
#698=VERTEX_POINT('',#1749);
#699=VERTEX_POINT('',#1751);
#700=VERTEX_POINT('',#1755);
#701=VERTEX_POINT('',#1756);
#702=VERTEX_POINT('',#1758);
#703=VERTEX_POINT('',#1760);
#704=VERTEX_POINT('',#1767);
#705=VERTEX_POINT('',#1768);
#706=VERTEX_POINT('',#1773);
#707=VERTEX_POINT('',#1778);
#708=VERTEX_POINT('',#1783);
#709=VERTEX_POINT('',#1785);
#710=VERTEX_POINT('',#1787);
#711=VERTEX_POINT('',#1789);
#712=VERTEX_POINT('',#1791);
#713=VERTEX_POINT('',#1793);
#714=VERTEX_POINT('',#1795);
#715=VERTEX_POINT('',#1797);
#716=VERTEX_POINT('',#1799);
#717=VERTEX_POINT('',#1801);
#718=VERTEX_POINT('',#1803);
#719=VERTEX_POINT('',#1807);
#720=VERTEX_POINT('',#1809);
#721=VERTEX_POINT('',#1810);
#722=VERTEX_POINT('',#1812);
#723=VERTEX_POINT('',#1820);
#724=VERTEX_POINT('',#1823);
#725=VERTEX_POINT('',#1833);
#726=VERTEX_POINT('',#1836);
#727=VERTEX_POINT('',#1837);
#728=VERTEX_POINT('',#1839);
#729=VERTEX_POINT('',#1841);
#730=VERTEX_POINT('',#1843);
#731=VERTEX_POINT('',#1845);
#732=VERTEX_POINT('',#1852);
#733=VERTEX_POINT('',#1857);
#734=VERTEX_POINT('',#1862);
#735=VERTEX_POINT('',#1864);
#736=VERTEX_POINT('',#1866);
#737=VERTEX_POINT('',#1868);
#738=VERTEX_POINT('',#1870);
#739=VERTEX_POINT('',#1872);
#740=VERTEX_POINT('',#1874);
#741=VERTEX_POINT('',#1876);
#742=VERTEX_POINT('',#1878);
#743=VERTEX_POINT('',#1880);
#744=VERTEX_POINT('',#1882);
#745=VERTEX_POINT('',#1884);
#746=VERTEX_POINT('',#1891);
#747=VERTEX_POINT('',#1892);
#748=VERTEX_POINT('',#1894);
#749=VERTEX_POINT('',#1896);
#750=VERTEX_POINT('',#1898);
#751=VERTEX_POINT('',#1900);
#752=VERTEX_POINT('',#1904);
#753=VERTEX_POINT('',#1905);
#754=VERTEX_POINT('',#1907);
#755=VERTEX_POINT('',#1909);
#756=VERTEX_POINT('',#1913);
#757=VERTEX_POINT('',#1914);
#758=VERTEX_POINT('',#1916);
#759=VERTEX_POINT('',#1918);
#760=VERTEX_POINT('',#1921);
#761=VERTEX_POINT('',#1922);
#762=VERTEX_POINT('',#1924);
#763=VERTEX_POINT('',#1926);
#764=VERTEX_POINT('',#1928);
#765=VERTEX_POINT('',#1930);
#766=VERTEX_POINT('',#1936);
#767=VERTEX_POINT('',#1937);
#768=VERTEX_POINT('',#1939);
#769=VERTEX_POINT('',#1941);
#770=VERTEX_POINT('',#1943);
#771=VERTEX_POINT('',#1945);
#772=VERTEX_POINT('',#1949);
#773=VERTEX_POINT('',#1950);
#774=VERTEX_POINT('',#1952);
#775=VERTEX_POINT('',#1954);
#776=VERTEX_POINT('',#1984);
#777=VERTEX_POINT('',#1985);
#778=VERTEX_POINT('',#1990);
#779=VERTEX_POINT('',#1996);
#780=VERTEX_POINT('',#2021);
#781=VERTEX_POINT('',#2052);
#782=VERTEX_POINT('',#2056);
#783=VERTEX_POINT('',#2092);
#784=VERTEX_POINT('',#2283);
#785=VERTEX_POINT('',#2285);
#786=VERTEX_POINT('',#2292);
#787=VERTEX_POINT('',#2296);
#788=LINE('',#1727,#864);
#789=LINE('',#1730,#865);
#790=LINE('',#1732,#866);
#791=LINE('',#1734,#867);
#792=LINE('',#1736,#868);
#793=LINE('',#1739,#869);
#794=LINE('',#1741,#870);
#795=LINE('',#1743,#871);
#796=LINE('',#1745,#872);
#797=LINE('',#1748,#873);
#798=LINE('',#1750,#874);
#799=LINE('',#1752,#875);
#800=LINE('',#1754,#876);
#801=LINE('',#1757,#877);
#802=LINE('',#1759,#878);
#803=LINE('',#1761,#879);
#804=LINE('',#1786,#880);
#805=LINE('',#1788,#881);
#806=LINE('',#1790,#882);
#807=LINE('',#1794,#883);
#808=LINE('',#1798,#884);
#809=LINE('',#1800,#885);
#810=LINE('',#1802,#886);
#811=LINE('',#1835,#887);
#812=LINE('',#1838,#888);
#813=LINE('',#1840,#889);
#814=LINE('',#1842,#890);
#815=LINE('',#1844,#891);
#816=LINE('',#1865,#892);
#817=LINE('',#1867,#893);
#818=LINE('',#1869,#894);
#819=LINE('',#1873,#895);
#820=LINE('',#1877,#896);
#821=LINE('',#1879,#897);
#822=LINE('',#1881,#898);
#823=LINE('',#1890,#899);
#824=LINE('',#1893,#900);
#825=LINE('',#1895,#901);
#826=LINE('',#1899,#902);
#827=LINE('',#1901,#903);
#828=LINE('',#1903,#904);
#829=LINE('',#1906,#905);
#830=LINE('',#1908,#906);
#831=LINE('',#1910,#907);
#832=LINE('',#1912,#908);
#833=LINE('',#1915,#909);
#834=LINE('',#1917,#910);
#835=LINE('',#1919,#911);
#836=LINE('',#1920,#912);
#837=LINE('',#1923,#913);
#838=LINE('',#1925,#914);
#839=LINE('',#1927,#915);
#840=LINE('',#1929,#916);
#841=LINE('',#1933,#917);
#842=LINE('',#1934,#918);
#843=LINE('',#1935,#919);
#844=LINE('',#1938,#920);
#845=LINE('',#1942,#921);
#846=LINE('',#1944,#922);
#847=LINE('',#1946,#923);
#848=LINE('',#1948,#924);
#849=LINE('',#1951,#925);
#850=LINE('',#1953,#926);
#851=LINE('',#1955,#927);
#852=LINE('',#2278,#928);
#853=LINE('',#2280,#929);
#854=LINE('',#2282,#930);
#855=LINE('',#2284,#931);
#856=LINE('',#2286,#932);
#857=LINE('',#2288,#933);
#858=LINE('',#2289,#934);
#859=LINE('',#2291,#935);
#860=LINE('',#2293,#936);
#861=LINE('',#2295,#937);
#862=LINE('',#2297,#938);
#863=LINE('',#2300,#939);
#864=VECTOR('',#1367,1.);
#865=VECTOR('',#1368,1.);
#866=VECTOR('',#1369,1.);
#867=VECTOR('',#1370,1.);
#868=VECTOR('',#1373,1.);
#869=VECTOR('',#1374,1.);
#870=VECTOR('',#1375,1.);
#871=VECTOR('',#1376,1.);
#872=VECTOR('',#1379,1.);
#873=VECTOR('',#1380,1.);
#874=VECTOR('',#1381,1.);
#875=VECTOR('',#1382,1.);
#876=VECTOR('',#1385,1.);
#877=VECTOR('',#1386,1.);
#878=VECTOR('',#1387,1.);
#879=VECTOR('',#1388,1.);
#880=VECTOR('',#1393,1.);
#881=VECTOR('',#1394,1.);
#882=VECTOR('',#1395,1.);
#883=VECTOR('',#1398,1.);
#884=VECTOR('',#1401,1.);
#885=VECTOR('',#1402,1.);
#886=VECTOR('',#1403,1.);
#887=VECTOR('',#1424,1.);
#888=VECTOR('',#1425,1.);
#889=VECTOR('',#1426,1.);
#890=VECTOR('',#1427,1.);
#891=VECTOR('',#1428,1.);
#892=VECTOR('',#1435,1.);
#893=VECTOR('',#1436,1.);
#894=VECTOR('',#1437,1.);
#895=VECTOR('',#1440,1.);
#896=VECTOR('',#1443,1.);
#897=VECTOR('',#1444,1.);
#898=VECTOR('',#1445,1.);
#899=VECTOR('',#1450,1.);
#900=VECTOR('',#1451,1.);
#901=VECTOR('',#1452,1.);
#902=VECTOR('',#1455,1.);
#903=VECTOR('',#1456,1.);
#904=VECTOR('',#1459,1.);
#905=VECTOR('',#1460,1.);
#906=VECTOR('',#1461,1.);
#907=VECTOR('',#1462,1.);
#908=VECTOR('',#1465,1.);
#909=VECTOR('',#1466,1.);
#910=VECTOR('',#1467,1.);
#911=VECTOR('',#1468,1.);
#912=VECTOR('',#1469,1.);
#913=VECTOR('',#1470,1.);
#914=VECTOR('',#1471,1.);
#915=VECTOR('',#1472,1.);
#916=VECTOR('',#1473,1.);
#917=VECTOR('',#1478,1.);
#918=VECTOR('',#1479,1.);
#919=VECTOR('',#1480,1.);
#920=VECTOR('',#1481,1.);
#921=VECTOR('',#1484,1.);
#922=VECTOR('',#1485,1.);
#923=VECTOR('',#1486,1.);
#924=VECTOR('',#1489,1.);
#925=VECTOR('',#1490,1.);
#926=VECTOR('',#1491,1.);
#927=VECTOR('',#1492,1.);
#928=VECTOR('',#1697,1.);
#929=VECTOR('',#1700,1.);
#930=VECTOR('',#1703,1.);
#931=VECTOR('',#1704,1.);
#932=VECTOR('',#1705,1.);
#933=VECTOR('',#1708,1.);
#934=VECTOR('',#1709,1.);
#935=VECTOR('',#1712,1.);
#936=VECTOR('',#1713,1.);
#937=VECTOR('',#1716,1.);
#938=VECTOR('',#1717,1.);
#939=VECTOR('',#1722,1.);
#940=EDGE_LOOP('',(#166,#167,#168,#169));
#941=EDGE_LOOP('',(#170,#171,#172,#173));
#942=EDGE_LOOP('',(#174,#175,#176,#177));
#943=EDGE_LOOP('',(#178,#179,#180,#181));
#944=EDGE_LOOP('',(#182,#183,#184,#185,#186,#187,#188,#189,#190,#191,#192,
#193,#194,#195,#196));
#945=EDGE_LOOP('',(#197));
#946=EDGE_LOOP('',(#198,#199,#200,#201,#202,#203));
#947=EDGE_LOOP('',(#204));
#948=EDGE_LOOP('',(#205,#206,#207,#208,#209,#210));
#949=EDGE_LOOP('',(#211,#212,#213,#214,#215,#216,#217,#218,#219,#220,#221,
#222,#223,#224,#225));
#950=EDGE_LOOP('',(#226,#227,#228,#229,#230,#231));
#951=EDGE_LOOP('',(#232,#233,#234,#235));
#952=EDGE_LOOP('',(#236,#237,#238,#239));
#953=EDGE_LOOP('',(#240,#241,#242,#243,#244,#245));
#954=EDGE_LOOP('',(#246,#247,#248,#249));
#955=EDGE_LOOP('',(#250,#251,#252,#253,#254,#255));
#956=EDGE_LOOP('',(#256,#257,#258,#259));
#957=EDGE_LOOP('',(#260,#261));
#958=EDGE_LOOP('',(#262,#263));
#959=EDGE_LOOP('',(#264,#265));
#960=EDGE_LOOP('',(#266,#267));
#961=EDGE_LOOP('',(#268,#269,#270,#271));
#962=EDGE_LOOP('',(#272,#273,#274,#275));
#963=EDGE_LOOP('',(#276,#277,#278,#279));
#964=EDGE_LOOP('',(#280,#281,#282,#283));
#965=EDGE_LOOP('',(#284,#285,#286,#287,#288,#289));
#966=EDGE_LOOP('',(#290,#291,#292,#293,#294,#295));
#967=EDGE_LOOP('',(#296,#297,#298,#299,#300,#301));
#968=EDGE_LOOP('',(#302,#303,#304,#305,#306,#307));
#969=EDGE_LOOP('',(#308,#309,#310));
#970=EDGE_LOOP('',(#311,#312,#313,#314,#315,#316));
#971=EDGE_LOOP('',(#317,#318,#319));
#972=EDGE_LOOP('',(#320,#321,#322));
#973=EDGE_LOOP('',(#323,#324,#325,#326,#327,#328));
#974=EDGE_LOOP('',(#329,#330,#331));
#975=EDGE_LOOP('',(#332));
#976=EDGE_LOOP('',(#333));
#977=EDGE_LOOP('',(#334,#335,#336));
#978=EDGE_LOOP('',(#337,#338,#339,#340));
#979=EDGE_LOOP('',(#341,#342,#343,#344));
#980=EDGE_LOOP('',(#345,#346,#347,#348));
#981=EDGE_LOOP('',(#349,#350,#351));
#982=EDGE_LOOP('',(#352,#353,#354,#355));
#983=EDGE_LOOP('',(#356,#357,#358));
#984=EDGE_LOOP('',(#359,#360,#361,#362));
#985=EDGE_LOOP('',(#363,#364,#365,#366));
#986=EDGE_LOOP('',(#367,#368,#369,#370));
#987=EDGE_LOOP('',(#371,#372,#373,#374));
#988=EDGE_LOOP('',(#375,#376,#377,#378));
#989=EDGE_LOOP('',(#379,#380,#381));
#990=EDGE_LOOP('',(#382,#383,#384,#385));
#991=EDGE_LOOP('',(#386,#387,#388));
#992=EDGE_LOOP('',(#389,#390,#391,#392));
#993=EDGE_LOOP('',(#393,#394,#395,#396));
#994=EDGE_LOOP('',(#397,#398,#399,#400));
#995=EDGE_LOOP('',(#401,#402,#403));
#996=EDGE_LOOP('',(#404,#405,#406));
#997=EDGE_LOOP('',(#407,#408,#409,#410));
#998=EDGE_LOOP('',(#411,#412,#413,#414));
#999=EDGE_LOOP('',(#415,#416,#417,#418));
#1000=EDGE_LOOP('',(#419,#420,#421));
#1001=EDGE_LOOP('',(#422,#423,#424,#425));
#1002=EDGE_LOOP('',(#426,#427,#428));
#1003=EDGE_LOOP('',(#429,#430,#431,#432));
#1004=EDGE_LOOP('',(#433,#434,#435,#436));
#1005=EDGE_LOOP('',(#437,#438,#439,#440));
#1006=EDGE_LOOP('',(#441,#442,#443,#444));
#1007=EDGE_LOOP('',(#445,#446,#447,#448));
#1008=EDGE_LOOP('',(#449,#450,#451));
#1009=EDGE_LOOP('',(#452,#453,#454,#455));
#1010=EDGE_LOOP('',(#456,#457,#458));
#1011=EDGE_LOOP('',(#459,#460,#461,#462));
#1012=EDGE_LOOP('',(#463,#464,#465,#466));
#1013=EDGE_LOOP('',(#467,#468,#469,#470));
#1014=EDGE_LOOP('',(#471,#472,#473));
#1015=EDGE_LOOP('',(#474,#475,#476,#477));
#1016=EDGE_LOOP('',(#478,#479,#480,#481));
#1017=EDGE_LOOP('',(#482,#483,#484,#485));
#1018=EDGE_LOOP('',(#486,#487,#488,#489));
#1019=EDGE_LOOP('',(#490,#491,#492,#493,#494,#495));
#1020=EDGE_LOOP('',(#496,#497,#498,#499,#500,#501));
#1021=EDGE_LOOP('',(#502,#503,#504,#505));
#1022=EDGE_LOOP('',(#506,#507,#508,#509));
#1023=EDGE_LOOP('',(#510,#511,#512,#513));
#1024=FACE_BOUND('',#940,.T.);
#1025=FACE_BOUND('',#941,.T.);
#1026=FACE_BOUND('',#942,.T.);
#1027=FACE_BOUND('',#943,.T.);
#1028=FACE_BOUND('',#944,.T.);
#1029=FACE_BOUND('',#945,.T.);
#1030=FACE_BOUND('',#946,.T.);
#1031=FACE_BOUND('',#947,.T.);
#1032=FACE_BOUND('',#948,.T.);
#1033=FACE_BOUND('',#949,.T.);
#1034=FACE_BOUND('',#950,.T.);
#1035=FACE_BOUND('',#951,.T.);
#1036=FACE_BOUND('',#952,.T.);
#1037=FACE_BOUND('',#953,.T.);
#1038=FACE_BOUND('',#954,.T.);
#1039=FACE_BOUND('',#955,.T.);
#1040=FACE_BOUND('',#956,.T.);
#1041=FACE_BOUND('',#957,.T.);
#1042=FACE_BOUND('',#958,.T.);
#1043=FACE_BOUND('',#959,.T.);
#1044=FACE_BOUND('',#960,.T.);
#1045=FACE_BOUND('',#961,.T.);
#1046=FACE_BOUND('',#962,.T.);
#1047=FACE_BOUND('',#963,.T.);
#1048=FACE_BOUND('',#964,.T.);
#1049=FACE_BOUND('',#965,.T.);
#1050=FACE_BOUND('',#966,.T.);
#1051=FACE_BOUND('',#967,.T.);
#1052=FACE_BOUND('',#968,.T.);
#1053=FACE_BOUND('',#969,.T.);
#1054=FACE_BOUND('',#970,.T.);
#1055=FACE_BOUND('',#971,.T.);
#1056=FACE_BOUND('',#972,.T.);
#1057=FACE_BOUND('',#973,.T.);
#1058=FACE_BOUND('',#974,.T.);
#1059=FACE_BOUND('',#975,.T.);
#1060=FACE_BOUND('',#976,.T.);
#1061=FACE_BOUND('',#977,.T.);
#1062=FACE_BOUND('',#978,.T.);
#1063=FACE_BOUND('',#979,.T.);
#1064=FACE_BOUND('',#980,.T.);
#1065=FACE_BOUND('',#981,.T.);
#1066=FACE_BOUND('',#982,.T.);
#1067=FACE_BOUND('',#983,.T.);
#1068=FACE_BOUND('',#984,.T.);
#1069=FACE_BOUND('',#985,.T.);
#1070=FACE_BOUND('',#986,.T.);
#1071=FACE_BOUND('',#987,.T.);
#1072=FACE_BOUND('',#988,.T.);
#1073=FACE_BOUND('',#989,.T.);
#1074=FACE_BOUND('',#990,.T.);
#1075=FACE_BOUND('',#991,.T.);
#1076=FACE_BOUND('',#992,.T.);
#1077=FACE_BOUND('',#993,.T.);
#1078=FACE_BOUND('',#994,.T.);
#1079=FACE_BOUND('',#995,.T.);
#1080=FACE_BOUND('',#996,.T.);
#1081=FACE_BOUND('',#997,.T.);
#1082=FACE_BOUND('',#998,.T.);
#1083=FACE_BOUND('',#999,.T.);
#1084=FACE_BOUND('',#1000,.T.);
#1085=FACE_BOUND('',#1001,.T.);
#1086=FACE_BOUND('',#1002,.T.);
#1087=FACE_BOUND('',#1003,.T.);
#1088=FACE_BOUND('',#1004,.T.);
#1089=FACE_BOUND('',#1005,.T.);
#1090=FACE_BOUND('',#1006,.T.);
#1091=FACE_BOUND('',#1007,.T.);
#1092=FACE_BOUND('',#1008,.T.);
#1093=FACE_BOUND('',#1009,.T.);
#1094=FACE_BOUND('',#1010,.T.);
#1095=FACE_BOUND('',#1011,.T.);
#1096=FACE_BOUND('',#1012,.T.);
#1097=FACE_BOUND('',#1013,.T.);
#1098=FACE_BOUND('',#1014,.T.);
#1099=FACE_BOUND('',#1015,.T.);
#1100=FACE_BOUND('',#1016,.T.);
#1101=FACE_BOUND('',#1017,.T.);
#1102=FACE_BOUND('',#1018,.T.);
#1103=FACE_BOUND('',#1019,.T.);
#1104=FACE_BOUND('',#1020,.T.);
#1105=FACE_BOUND('',#1021,.T.);
#1106=FACE_BOUND('',#1022,.T.);
#1107=FACE_BOUND('',#1023,.T.);
#1108=PLANE('',#1221);
#1109=PLANE('',#1222);
#1110=PLANE('',#1223);
#1111=PLANE('',#1224);
#1112=PLANE('',#1225);
#1113=PLANE('',#1236);
#1114=PLANE('',#1238);
#1115=PLANE('',#1240);
#1116=PLANE('',#1245);
#1117=PLANE('',#1247);
#1118=PLANE('',#1248);
#1119=PLANE('',#1250);
#1120=PLANE('',#1252);
#1121=PLANE('',#1354);
#1122=PLANE('',#1355);
#1123=PLANE('',#1356);
#1124=PLANE('',#1357);
#1125=PLANE('',#1358);
#1126=PLANE('',#1359);
#1127=PLANE('',#1360);
#1128=PLANE('',#1361);
#1129=PLANE('',#1362);
#1130=ADVANCED_FACE('',(#1024),#1108,.T.);
#1131=ADVANCED_FACE('',(#1025),#1109,.T.);
#1132=ADVANCED_FACE('',(#1026),#1110,.F.);
#1133=ADVANCED_FACE('',(#1027),#1111,.T.);
#1134=ADVANCED_FACE('',(#1028),#1112,.T.);
#1135=ADVANCED_FACE('',(#1029,#1030),#43,.T.);
#1136=ADVANCED_FACE('',(#1031),#1113,.T.);
#1137=ADVANCED_FACE('',(#1032),#1114,.T.);
#1138=ADVANCED_FACE('',(#1033),#1115,.F.);
#1139=ADVANCED_FACE('',(#1034),#1116,.F.);
#1140=ADVANCED_FACE('',(#1035),#1117,.T.);
#1141=ADVANCED_FACE('',(#1036,#1037),#1118,.T.);
#1142=ADVANCED_FACE('',(#1038,#1039),#1119,.F.);
#1143=ADVANCED_FACE('',(#1040),#1120,.T.);
#1144=ADVANCED_FACE('',(#1041,#1042),#44,.F.);
#1145=ADVANCED_FACE('',(#1043,#1044),#45,.F.);
#1146=ADVANCED_FACE('',(#1045),#46,.T.);
#1147=ADVANCED_FACE('',(#1046),#47,.T.);
#1148=ADVANCED_FACE('',(#1047),#48,.F.);
#1149=ADVANCED_FACE('',(#1048),#49,.F.);
#1150=ADVANCED_FACE('',(#1049),#50,.T.);
#1151=ADVANCED_FACE('',(#1050),#51,.T.);
#1152=ADVANCED_FACE('',(#1051),#52,.T.);
#1153=ADVANCED_FACE('',(#1052),#53,.T.);
#1154=ADVANCED_FACE('',(#1053),#31,.F.);
#1155=ADVANCED_FACE('',(#1054),#21,.F.);
#1156=ADVANCED_FACE('',(#1055),#32,.F.);
#1157=ADVANCED_FACE('',(#1056),#33,.F.);
#1158=ADVANCED_FACE('',(#1057),#22,.F.);
#1159=ADVANCED_FACE('',(#1058),#34,.F.);
#1160=ADVANCED_FACE('',(#1059,#1060),#20,.T.);
#1161=ADVANCED_FACE('',(#1061),#23,.T.);
#1162=ADVANCED_FACE('',(#1062),#24,.T.);
#1163=ADVANCED_FACE('',(#1063),#35,.T.);
#1164=ADVANCED_FACE('',(#1064),#54,.T.);
#1165=ADVANCED_FACE('',(#1065),#12,.T.);
#1166=ADVANCED_FACE('',(#1066),#55,.T.);
#1167=ADVANCED_FACE('',(#1067),#13,.T.);
#1168=ADVANCED_FACE('',(#1068),#56,.T.);
#1169=ADVANCED_FACE('',(#1069),#36,.T.);
#1170=ADVANCED_FACE('',(#1070),#57,.T.);
#1171=ADVANCED_FACE('',(#1071),#37,.T.);
#1172=ADVANCED_FACE('',(#1072),#58,.T.);
#1173=ADVANCED_FACE('',(#1073),#14,.T.);
#1174=ADVANCED_FACE('',(#1074),#59,.T.);
#1175=ADVANCED_FACE('',(#1075),#15,.T.);
#1176=ADVANCED_FACE('',(#1076),#60,.T.);
#1177=ADVANCED_FACE('',(#1077),#38,.T.);
#1178=ADVANCED_FACE('',(#1078),#25,.T.);
#1179=ADVANCED_FACE('',(#1079),#26,.T.);
#1180=ADVANCED_FACE('',(#1080),#27,.T.);
#1181=ADVANCED_FACE('',(#1081),#28,.T.);
#1182=ADVANCED_FACE('',(#1082),#39,.T.);
#1183=ADVANCED_FACE('',(#1083),#61,.T.);
#1184=ADVANCED_FACE('',(#1084),#16,.T.);
#1185=ADVANCED_FACE('',(#1085),#62,.T.);
#1186=ADVANCED_FACE('',(#1086),#17,.T.);
#1187=ADVANCED_FACE('',(#1087),#63,.T.);
#1188=ADVANCED_FACE('',(#1088),#40,.T.);
#1189=ADVANCED_FACE('',(#1089),#64,.T.);
#1190=ADVANCED_FACE('',(#1090),#41,.T.);
#1191=ADVANCED_FACE('',(#1091),#65,.T.);
#1192=ADVANCED_FACE('',(#1092),#18,.T.);
#1193=ADVANCED_FACE('',(#1093),#66,.T.);
#1194=ADVANCED_FACE('',(#1094),#19,.T.);
#1195=ADVANCED_FACE('',(#1095),#67,.T.);
#1196=ADVANCED_FACE('',(#1096),#42,.T.);
#1197=ADVANCED_FACE('',(#1097),#29,.T.);
#1198=ADVANCED_FACE('',(#1098),#30,.T.);
#1199=ADVANCED_FACE('',(#1099),#1121,.F.);
#1200=ADVANCED_FACE('',(#1100),#1122,.F.);
#1201=ADVANCED_FACE('',(#1101),#1123,.T.);
#1202=ADVANCED_FACE('',(#1102),#1124,.F.);
#1203=ADVANCED_FACE('',(#1103),#1125,.T.);
#1204=ADVANCED_FACE('',(#1104),#1126,.F.);
#1205=ADVANCED_FACE('',(#1105),#1127,.T.);
#1206=ADVANCED_FACE('',(#1106),#1128,.T.);
#1207=ADVANCED_FACE('',(#1107),#1129,.T.);
#1208=CLOSED_SHELL('',(#1130,#1131,#1132,#1133,#1134,#1135,#1136,#1137,
#1138,#1139,#1140,#1141,#1142,#1143,#1144,#1145,#1146,#1147,#1148,#1149,
#1150,#1151,#1152,#1153,#1154,#1155,#1156,#1157,#1158,#1159,#1160,#1161,
#1162,#1163,#1164,#1165,#1166,#1167,#1168,#1169,#1170,#1171,#1172,#1173,
#1174,#1175,#1176,#1177,#1178,#1179,#1180,#1181,#1182,#1183,#1184,#1185,
#1186,#1187,#1188,#1189,#1190,#1191,#1192,#1193,#1194,#1195,#1196,#1197,
#1198,#1199,#1200,#1201,#1202,#1203,#1204,#1205,#1206,#1207));
#1209=STYLED_ITEM('',(#1210),#1217);
#1210=PRESENTATION_STYLE_ASSIGNMENT((#1211));
#1211=SURFACE_STYLE_USAGE(.BOTH.,#1212);
#1212=SURFACE_SIDE_STYLE('',(#1213));
#1213=SURFACE_STYLE_FILL_AREA(#1214);
#1214=FILL_AREA_STYLE('',(#1215));
#1215=FILL_AREA_STYLE_COLOUR('',#1216);
#1216=COLOUR_RGB('',0.654901960784314,0.823529411764706,0.576470588235294);
#1217=MANIFOLD_SOLID_BREP('thimble',#1208);
#1218=SHAPE_DEFINITION_REPRESENTATION(#2308,#1219);
#1219=SHAPE_REPRESENTATION('thimble',(#1220),#2303);
#1220=AXIS2_PLACEMENT_3D('',#1725,#1363,#1364);
#1221=AXIS2_PLACEMENT_3D('',#1726,#1365,#1366);
#1222=AXIS2_PLACEMENT_3D('',#1735,#1371,#1372);
#1223=AXIS2_PLACEMENT_3D('',#1744,#1377,#1378);
#1224=AXIS2_PLACEMENT_3D('',#1753,#1383,#1384);
#1225=AXIS2_PLACEMENT_3D('',#1762,#1389,#1390);
#1226=AXIS2_PLACEMENT_3D('',#1784,#1391,#1392);
#1227=AXIS2_PLACEMENT_3D('',#1792,#1396,#1397);
#1228=AXIS2_PLACEMENT_3D('',#1796,#1399,#1400);
#1229=AXIS2_PLACEMENT_3D('',#1804,#1404,#1405);
#1230=AXIS2_PLACEMENT_3D('',#1805,#1406,#1407);
#1231=AXIS2_PLACEMENT_3D('',#1806,#1408,#1409);
#1232=AXIS2_PLACEMENT_3D('',#1808,#1410,#1411);
#1233=AXIS2_PLACEMENT_3D('',#1811,#1412,#1413);
#1234=AXIS2_PLACEMENT_3D('',#1821,#1414,#1415);
#1235=AXIS2_PLACEMENT_3D('',#1822,#1416,#1417);
#1236=AXIS2_PLACEMENT_3D('',#1831,#1418,#1419);
#1237=AXIS2_PLACEMENT_3D('',#1832,#1420,#1421);
#1238=AXIS2_PLACEMENT_3D('',#1834,#1422,#1423);
#1239=AXIS2_PLACEMENT_3D('',#1846,#1429,#1430);
#1240=AXIS2_PLACEMENT_3D('',#1847,#1431,#1432);
#1241=AXIS2_PLACEMENT_3D('',#1863,#1433,#1434);
#1242=AXIS2_PLACEMENT_3D('',#1871,#1438,#1439);
#1243=AXIS2_PLACEMENT_3D('',#1875,#1441,#1442);
#1244=AXIS2_PLACEMENT_3D('',#1883,#1446,#1447);
#1245=AXIS2_PLACEMENT_3D('',#1889,#1448,#1449);
#1246=AXIS2_PLACEMENT_3D('',#1897,#1453,#1454);
#1247=AXIS2_PLACEMENT_3D('',#1902,#1457,#1458);
#1248=AXIS2_PLACEMENT_3D('',#1911,#1463,#1464);
#1249=AXIS2_PLACEMENT_3D('',#1931,#1474,#1475);
#1250=AXIS2_PLACEMENT_3D('',#1932,#1476,#1477);
#1251=AXIS2_PLACEMENT_3D('',#1940,#1482,#1483);
#1252=AXIS2_PLACEMENT_3D('',#1947,#1487,#1488);
#1253=AXIS2_PLACEMENT_3D('',#1956,#1493,#1494);
#1254=AXIS2_PLACEMENT_3D('',#1967,#1495,#1496);
#1255=AXIS2_PLACEMENT_3D('',#1978,#1497,#1498);
#1256=AXIS2_PLACEMENT_3D('',#1986,#1499,#1500);
#1257=AXIS2_PLACEMENT_3D('',#1987,#1501,#1502);
#1258=AXIS2_PLACEMENT_3D('',#1988,#1503,#1504);
#1259=AXIS2_PLACEMENT_3D('',#1989,#1505,#1506);
#1260=AXIS2_PLACEMENT_3D('',#1997,#1507,#1508);
#1261=AXIS2_PLACEMENT_3D('',#1998,#1509,#1510);
#1262=AXIS2_PLACEMENT_3D('',#1999,#1511,#1512);
#1263=AXIS2_PLACEMENT_3D('',#2000,#1513,#1514);
#1264=AXIS2_PLACEMENT_3D('',#2001,#1515,#1516);
#1265=AXIS2_PLACEMENT_3D('',#2002,#1517,#1518);
#1266=AXIS2_PLACEMENT_3D('',#2003,#1519,#1520);
#1267=AXIS2_PLACEMENT_3D('',#2004,#1521,#1522);
#1268=AXIS2_PLACEMENT_3D('',#2005,#1523,#1524);
#1269=AXIS2_PLACEMENT_3D('',#2006,#1525,#1526);
#1270=AXIS2_PLACEMENT_3D('',#2007,#1527,#1528);
#1271=AXIS2_PLACEMENT_3D('',#2008,#1529,#1530);
#1272=AXIS2_PLACEMENT_3D('',#2009,#1531,#1532);
#1273=AXIS2_PLACEMENT_3D('',#2010,#1533,#1534);
#1274=AXIS2_PLACEMENT_3D('',#2011,#1535,#1536);
#1275=AXIS2_PLACEMENT_3D('',#2012,#1537,#1538);
#1276=AXIS2_PLACEMENT_3D('',#2013,#1539,#1540);
#1277=AXIS2_PLACEMENT_3D('',#2014,#1541,#1542);
#1278=AXIS2_PLACEMENT_3D('',#2015,#1543,#1544);
#1279=AXIS2_PLACEMENT_3D('',#2016,#1545,#1546);
#1280=AXIS2_PLACEMENT_3D('',#2022,#1547,#1548);
#1281=AXIS2_PLACEMENT_3D('',#2053,#1549,#1550);
#1282=AXIS2_PLACEMENT_3D('',#2054,#1551,#1552);
#1283=AXIS2_PLACEMENT_3D('',#2055,#1553,#1554);
#1284=AXIS2_PLACEMENT_3D('',#2061,#1555,#1556);
#1285=AXIS2_PLACEMENT_3D('',#2091,#1557,#1558);
#1286=AXIS2_PLACEMENT_3D('',#2097,#1559,#1560);
#1287=AXIS2_PLACEMENT_3D('',#2102,#1561,#1562);
#1288=AXIS2_PLACEMENT_3D('',#2118,#1563,#1564);
#1289=AXIS2_PLACEMENT_3D('',#2131,#1565,#1566);
#1290=AXIS2_PLACEMENT_3D('',#2132,#1567,#1568);
#1291=AXIS2_PLACEMENT_3D('',#2133,#1569,#1570);
#1292=AXIS2_PLACEMENT_3D('',#2134,#1571,#1572);
#1293=AXIS2_PLACEMENT_3D('',#2135,#1573,#1574);
#1294=AXIS2_PLACEMENT_3D('',#2136,#1575,#1576);
#1295=AXIS2_PLACEMENT_3D('',#2137,#1577,#1578);
#1296=AXIS2_PLACEMENT_3D('',#2138,#1579,#1580);
#1297=AXIS2_PLACEMENT_3D('',#2139,#1581,#1582);
#1298=AXIS2_PLACEMENT_3D('',#2140,#1583,#1584);
#1299=AXIS2_PLACEMENT_3D('',#2141,#1585,#1586);
#1300=AXIS2_PLACEMENT_3D('',#2142,#1587,#1588);
#1301=AXIS2_PLACEMENT_3D('',#2143,#1589,#1590);
#1302=AXIS2_PLACEMENT_3D('',#2144,#1591,#1592);
#1303=AXIS2_PLACEMENT_3D('',#2145,#1593,#1594);
#1304=AXIS2_PLACEMENT_3D('',#2146,#1595,#1596);
#1305=AXIS2_PLACEMENT_3D('',#2147,#1597,#1598);
#1306=AXIS2_PLACEMENT_3D('',#2148,#1599,#1600);
#1307=AXIS2_PLACEMENT_3D('',#2149,#1601,#1602);
#1308=AXIS2_PLACEMENT_3D('',#2150,#1603,#1604);
#1309=AXIS2_PLACEMENT_3D('',#2151,#1605,#1606);
#1310=AXIS2_PLACEMENT_3D('',#2152,#1607,#1608);
#1311=AXIS2_PLACEMENT_3D('',#2153,#1609,#1610);
#1312=AXIS2_PLACEMENT_3D('',#2154,#1611,#1612);
#1313=AXIS2_PLACEMENT_3D('',#2155,#1613,#1614);
#1314=AXIS2_PLACEMENT_3D('',#2156,#1615,#1616);
#1315=AXIS2_PLACEMENT_3D('',#2157,#1617,#1618);
#1316=AXIS2_PLACEMENT_3D('',#2158,#1619,#1620);
#1317=AXIS2_PLACEMENT_3D('',#2159,#1621,#1622);
#1318=AXIS2_PLACEMENT_3D('',#2160,#1623,#1624);
#1319=AXIS2_PLACEMENT_3D('',#2161,#1625,#1626);
#1320=AXIS2_PLACEMENT_3D('',#2174,#1627,#1628);
#1321=AXIS2_PLACEMENT_3D('',#2205,#1629,#1630);
#1322=AXIS2_PLACEMENT_3D('',#2218,#1631,#1632);
#1323=AXIS2_PLACEMENT_3D('',#2219,#1633,#1634);
#1324=AXIS2_PLACEMENT_3D('',#2220,#1635,#1636);
#1325=AXIS2_PLACEMENT_3D('',#2221,#1637,#1638);
#1326=AXIS2_PLACEMENT_3D('',#2222,#1639,#1640);
#1327=AXIS2_PLACEMENT_3D('',#2223,#1641,#1642);
#1328=AXIS2_PLACEMENT_3D('',#2224,#1643,#1644);
#1329=AXIS2_PLACEMENT_3D('',#2225,#1645,#1646);
#1330=AXIS2_PLACEMENT_3D('',#2226,#1647,#1648);
#1331=AXIS2_PLACEMENT_3D('',#2227,#1649,#1650);
#1332=AXIS2_PLACEMENT_3D('',#2228,#1651,#1652);
#1333=AXIS2_PLACEMENT_3D('',#2229,#1653,#1654);
#1334=AXIS2_PLACEMENT_3D('',#2230,#1655,#1656);
#1335=AXIS2_PLACEMENT_3D('',#2231,#1657,#1658);
#1336=AXIS2_PLACEMENT_3D('',#2232,#1659,#1660);
#1337=AXIS2_PLACEMENT_3D('',#2233,#1661,#1662);
#1338=AXIS2_PLACEMENT_3D('',#2234,#1663,#1664);
#1339=AXIS2_PLACEMENT_3D('',#2235,#1665,#1666);
#1340=AXIS2_PLACEMENT_3D('',#2236,#1667,#1668);
#1341=AXIS2_PLACEMENT_3D('',#2237,#1669,#1670);
#1342=AXIS2_PLACEMENT_3D('',#2238,#1671,#1672);
#1343=AXIS2_PLACEMENT_3D('',#2239,#1673,#1674);
#1344=AXIS2_PLACEMENT_3D('',#2240,#1675,#1676);
#1345=AXIS2_PLACEMENT_3D('',#2241,#1677,#1678);
#1346=AXIS2_PLACEMENT_3D('',#2242,#1679,#1680);
#1347=AXIS2_PLACEMENT_3D('',#2243,#1681,#1682);
#1348=AXIS2_PLACEMENT_3D('',#2244,#1683,#1684);
#1349=AXIS2_PLACEMENT_3D('',#2245,#1685,#1686);
#1350=AXIS2_PLACEMENT_3D('',#2246,#1687,#1688);
#1351=AXIS2_PLACEMENT_3D('',#2247,#1689,#1690);
#1352=AXIS2_PLACEMENT_3D('',#2248,#1691,#1692);
#1353=AXIS2_PLACEMENT_3D('',#2261,#1693,#1694);
#1354=AXIS2_PLACEMENT_3D('',#2277,#1695,#1696);
#1355=AXIS2_PLACEMENT_3D('',#2279,#1698,#1699);
#1356=AXIS2_PLACEMENT_3D('',#2281,#1701,#1702);
#1357=AXIS2_PLACEMENT_3D('',#2287,#1706,#1707);
#1358=AXIS2_PLACEMENT_3D('',#2290,#1710,#1711);
#1359=AXIS2_PLACEMENT_3D('',#2294,#1714,#1715);
#1360=AXIS2_PLACEMENT_3D('',#2298,#1718,#1719);
#1361=AXIS2_PLACEMENT_3D('',#2299,#1720,#1721);
#1362=AXIS2_PLACEMENT_3D('',#2301,#1723,#1724);
#1363=DIRECTION('',(0.,0.,1.));
#1364=DIRECTION('',(1.,0.,0.));
#1365=DIRECTION('',(1.,0.,2.1342562450502E-16));
#1366=DIRECTION('',(2.1342562450502E-16,0.,-1.));
#1367=DIRECTION('',(2.1342562450502E-16,0.,-1.));
#1368=DIRECTION('',(0.,-1.,0.));
#1369=DIRECTION('',(2.1342562450502E-16,0.,-1.));
#1370=DIRECTION('',(0.,1.,0.));
#1371=DIRECTION('',(0.,-1.,0.));
#1372=DIRECTION('',(1.,0.,0.));
#1373=DIRECTION('',(1.81411780829267E-16,0.,-1.));
#1374=DIRECTION('',(1.,0.,0.));
#1375=DIRECTION('',(2.1342562450502E-16,0.,-1.));
#1376=DIRECTION('',(-1.,0.,0.));
#1377=DIRECTION('',(0.,-1.,0.));
#1378=DIRECTION('',(1.,0.,0.));
#1379=DIRECTION('',(1.,0.,0.));
#1380=DIRECTION('',(1.81411780829267E-16,0.,-1.));
#1381=DIRECTION('',(-1.,0.,0.));
#1382=DIRECTION('',(2.1342562450502E-16,0.,-1.));
#1383=DIRECTION('',(0.,0.,-1.));
#1384=DIRECTION('',(1.,0.,0.));
#1385=DIRECTION('',(0.,1.,0.));
#1386=DIRECTION('',(-1.,0.,0.));
#1387=DIRECTION('',(0.,-1.,0.));
#1388=DIRECTION('',(-1.,0.,0.));
#1389=DIRECTION('',(0.,1.,0.));
#1390=DIRECTION('',(0.,0.,1.));
#1391=DIRECTION('',(0.,1.,0.));
#1392=DIRECTION('',(0.,0.,1.));
#1393=DIRECTION('',(0.,0.,1.));
#1394=DIRECTION('',(-1.,0.,0.));
#1395=DIRECTION('',(1.75618799592702E-16,0.,-1.));
#1396=DIRECTION('',(0.,1.,0.));
#1397=DIRECTION('',(0.,0.,1.));
#1398=DIRECTION('',(-1.,0.,0.));
#1399=DIRECTION('',(0.,1.,0.));
#1400=DIRECTION('',(0.,0.,1.));
#1401=DIRECTION('',(1.95131999547447E-16,0.,-1.));
#1402=DIRECTION('',(-1.,0.,0.));
#1403=DIRECTION('',(0.,0.,1.));
#1404=DIRECTION('',(0.,1.,0.));
#1405=DIRECTION('',(0.,0.,1.));
#1406=DIRECTION('',(0.,0.,-1.));
#1407=DIRECTION('',(-1.,0.,0.));
#1408=DIRECTION('',(0.,0.,1.));
#1409=DIRECTION('',(1.,0.,0.));
#1410=DIRECTION('',(0.,0.,-1.));
#1411=DIRECTION('',(-1.,0.,0.));
#1412=DIRECTION('',(0.,0.,-1.));
#1413=DIRECTION('',(-1.,0.,0.));
#1414=DIRECTION('',(0.,0.,-1.));
#1415=DIRECTION('',(-1.,0.,0.));
#1416=DIRECTION('',(0.,0.,-1.));
#1417=DIRECTION('',(-1.,0.,0.));
#1418=DIRECTION('',(0.,0.,1.));
#1419=DIRECTION('',(1.,0.,0.));
#1420=DIRECTION('',(0.,0.,1.));
#1421=DIRECTION('',(1.,0.,0.));
#1422=DIRECTION('',(1.,0.,0.));
#1423=DIRECTION('',(0.,0.,-1.));
#1424=DIRECTION('',(0.,1.,0.));
#1425=DIRECTION('',(0.,0.,1.));
#1426=DIRECTION('',(0.,1.,0.));
#1427=DIRECTION('',(0.,0.,1.));
#1428=DIRECTION('',(0.,1.,0.));
#1429=DIRECTION('',(1.,0.,0.));
#1430=DIRECTION('',(0.,0.,-1.));
#1431=DIRECTION('',(0.,1.,0.));
#1432=DIRECTION('',(0.,0.,1.));
#1433=DIRECTION('',(0.,1.,0.));
#1434=DIRECTION('',(0.,0.,1.));
#1435=DIRECTION('',(0.,0.,1.));
#1436=DIRECTION('',(-1.,0.,0.));
#1437=DIRECTION('',(-1.95131999547447E-16,0.,1.));
#1438=DIRECTION('',(0.,1.,0.));
#1439=DIRECTION('',(0.,0.,1.));
#1440=DIRECTION('',(1.,0.,0.));
#1441=DIRECTION('',(0.,1.,0.));
#1442=DIRECTION('',(0.,0.,1.));
#1443=DIRECTION('',(-1.75618799592702E-16,0.,1.));
#1444=DIRECTION('',(-1.,0.,0.));
#1445=DIRECTION('',(0.,0.,1.));
#1446=DIRECTION('',(0.,1.,0.));
#1447=DIRECTION('',(0.,0.,1.));
#1448=DIRECTION('',(1.,0.,0.));
#1449=DIRECTION('',(0.,0.,-1.));
#1450=DIRECTION('',(0.,1.,0.));
#1451=DIRECTION('',(0.,0.,1.));
#1452=DIRECTION('',(0.,1.,0.));
#1453=DIRECTION('',(1.,0.,0.));
#1454=DIRECTION('',(0.,0.,-1.));
#1455=DIRECTION('',(0.,1.,0.));
#1456=DIRECTION('',(0.,0.,1.));
#1457=DIRECTION('',(0.,0.,-1.));
#1458=DIRECTION('',(1.,0.,0.));
#1459=DIRECTION('',(0.,-1.,0.));
#1460=DIRECTION('',(-1.,0.,0.));
#1461=DIRECTION('',(0.,1.,0.));
#1462=DIRECTION('',(-1.,0.,0.));
#1463=DIRECTION('',(1.,0.,1.95131999547447E-16));
#1464=DIRECTION('',(1.95131999547447E-16,0.,-1.));
#1465=DIRECTION('',(2.1342562450502E-16,0.,-1.));
#1466=DIRECTION('',(0.,1.,0.));
#1467=DIRECTION('',(2.1342562450502E-16,0.,-1.));
#1468=DIRECTION('',(0.,1.,0.));
#1469=DIRECTION('',(0.,-1.,0.));
#1470=DIRECTION('',(1.95131999547447E-16,0.,-1.));
#1471=DIRECTION('',(0.,-1.,0.));
#1472=DIRECTION('',(-1.95131999547447E-16,0.,1.));
#1473=DIRECTION('',(0.,-1.,0.));
#1474=DIRECTION('',(1.,0.,1.95131999547447E-16));
#1475=DIRECTION('',(1.95131999547447E-16,0.,-1.));
#1476=DIRECTION('',(1.,0.,1.75618799592702E-16));
#1477=DIRECTION('',(1.75618799592702E-16,0.,-1.));
#1478=DIRECTION('',(0.,-1.,0.));
#1479=DIRECTION('',(0.,1.,0.));
#1480=DIRECTION('',(1.75618799592702E-16,0.,-1.));
#1481=DIRECTION('',(0.,-1.,0.));
#1482=DIRECTION('',(1.,0.,1.75618799592702E-16));
#1483=DIRECTION('',(1.75618799592702E-16,0.,-1.));
#1484=DIRECTION('',(0.,-1.,0.));
#1485=DIRECTION('',(-1.75618799592702E-16,0.,1.));
#1486=DIRECTION('',(0.,-1.,0.));
#1487=DIRECTION('',(0.,0.,-1.));
#1488=DIRECTION('',(-1.,0.,0.));
#1489=DIRECTION('',(0.,-1.,0.));
#1490=DIRECTION('',(-1.,0.,0.));
#1491=DIRECTION('',(0.,-1.,0.));
#1492=DIRECTION('',(1.,0.,0.));
#1493=DIRECTION('',(1.,0.,0.));
#1494=DIRECTION('',(0.,0.,-1.));
#1495=DIRECTION('',(1.,0.,0.));
#1496=DIRECTION('',(0.,0.,-1.));
#1497=DIRECTION('',(0.,1.,0.));
#1498=DIRECTION('',(0.,0.,1.));
#1499=DIRECTION('',(0.,1.,0.));
#1500=DIRECTION('',(0.,0.,1.));
#1501=DIRECTION('',(0.,1.,0.));
#1502=DIRECTION('',(0.,0.,1.));
#1503=DIRECTION('',(0.,-1.,0.));
#1504=DIRECTION('',(0.,0.,-1.));
#1505=DIRECTION('',(0.,1.,0.));
#1506=DIRECTION('',(0.,0.,1.));
#1507=DIRECTION('',(0.,1.,0.));
#1508=DIRECTION('',(0.,0.,1.));
#1509=DIRECTION('',(0.,1.,0.));
#1510=DIRECTION('',(0.,0.,1.));
#1511=DIRECTION('',(0.,1.,0.));
#1512=DIRECTION('',(0.,0.,1.));
#1513=DIRECTION('',(0.,1.,0.));
#1514=DIRECTION('',(0.,0.,1.));
#1515=DIRECTION('',(0.,-1.,0.));
#1516=DIRECTION('',(0.,0.,-1.));
#1517=DIRECTION('',(0.,1.,0.));
#1518=DIRECTION('',(0.,0.,1.));
#1519=DIRECTION('',(0.,1.,0.));
#1520=DIRECTION('',(0.,0.,1.));
#1521=DIRECTION('',(0.,-1.,0.));
#1522=DIRECTION('',(0.,0.,-1.));
#1523=DIRECTION('',(0.,-1.,0.));
#1524=DIRECTION('',(0.,0.,-1.));
#1525=DIRECTION('',(0.,-1.,0.));
#1526=DIRECTION('',(0.,0.,-1.));
#1527=DIRECTION('',(0.,-1.,0.));
#1528=DIRECTION('',(0.,0.,-1.));
#1529=DIRECTION('',(0.,-1.,0.));
#1530=DIRECTION('',(0.,0.,-1.));
#1531=DIRECTION('',(0.,-1.,0.));
#1532=DIRECTION('',(0.,0.,-1.));
#1533=DIRECTION('',(0.,1.,0.));
#1534=DIRECTION('',(0.,0.,1.));
#1535=DIRECTION('',(0.,1.,0.));
#1536=DIRECTION('',(0.,0.,1.));
#1537=DIRECTION('',(0.,1.,0.));
#1538=DIRECTION('',(0.,0.,1.));
#1539=DIRECTION('',(0.,1.,0.));
#1540=DIRECTION('',(0.,0.,1.));
#1541=DIRECTION('',(0.,1.,0.));
#1542=DIRECTION('',(0.,0.,1.));
#1543=DIRECTION('',(0.,1.,0.));
#1544=DIRECTION('',(0.,0.,1.));
#1545=DIRECTION('',(0.,0.,-1.));
#1546=DIRECTION('',(-1.,0.,0.));
#1547=DIRECTION('',(0.808689828521619,0.588235294117647,3.01124138752839E-16));
#1548=DIRECTION('',(-0.588235294117647,0.808689828521619,0.));
#1549=DIRECTION('',(-0.808689828521619,0.588235294117647,0.));
#1550=DIRECTION('',(-0.588235294117647,-0.808689828521619,0.));
#1551=DIRECTION('',(0.,0.,-1.));
#1552=DIRECTION('',(-1.,0.,0.));
#1553=DIRECTION('',(-0.808689828521619,0.588235294117647,0.));
#1554=DIRECTION('',(-0.588235294117647,-0.808689828521619,0.));
#1555=DIRECTION('',(0.,0.,-1.));
#1556=DIRECTION('',(-1.,0.,0.));
#1557=DIRECTION('',(0.808689828521619,0.588235294117647,0.));
#1558=DIRECTION('',(-0.588235294117647,0.808689828521619,0.));
#1559=DIRECTION('',(0.,0.,-1.));
#1560=DIRECTION('',(-1.,0.,0.));
#1561=DIRECTION('',(0.,0.,1.));
#1562=DIRECTION('',(1.,0.,0.));
#1563=DIRECTION('',(0.927139870126784,0.,-0.374715440329445));
#1564=DIRECTION('',(-0.374715440329445,0.,-0.927139870126784));
#1565=DIRECTION('',(0.990898277606026,0.,-0.134612790764511));
#1566=DIRECTION('',(-0.134612790764511,0.,-0.990898277606027));
#1567=DIRECTION('',(0.,1.,0.));
#1568=DIRECTION('',(0.,0.,1.));
#1569=DIRECTION('',(0.,0.,-1.));
#1570=DIRECTION('',(-1.,0.,0.));
#1571=DIRECTION('',(0.,0.,1.));
#1572=DIRECTION('',(1.,0.,0.));
#1573=DIRECTION('',(0.,0.,-1.));
#1574=DIRECTION('',(-1.,0.,0.));
#1575=DIRECTION('',(0.,1.,0.));
#1576=DIRECTION('',(0.,0.,1.));
#1577=DIRECTION('',(-1.,0.,0.));
#1578=DIRECTION('',(0.,0.,1.));
#1579=DIRECTION('',(-1.,0.,0.));
#1580=DIRECTION('',(0.,0.,1.));
#1581=DIRECTION('',(-1.,0.,0.));
#1582=DIRECTION('',(0.,0.,1.));
#1583=DIRECTION('',(0.,1.,0.));
#1584=DIRECTION('',(0.,0.,1.));
#1585=DIRECTION('',(0.,0.,1.));
#1586=DIRECTION('',(1.,0.,0.));
#1587=DIRECTION('',(-1.75618799592702E-16,0.,1.));
#1588=DIRECTION('',(1.,0.,1.75618799592702E-16));
#1589=DIRECTION('',(1.36592399683213E-15,0.,1.));
#1590=DIRECTION('',(1.,0.,-1.36592399683213E-15));
#1591=DIRECTION('',(0.,1.,0.));
#1592=DIRECTION('',(0.,0.,1.));
#1593=DIRECTION('',(-1.,0.,0.));
#1594=DIRECTION('',(0.,0.,1.));
#1595=DIRECTION('',(-1.,0.,0.));
#1596=DIRECTION('',(0.,0.,1.));
#1597=DIRECTION('',(-1.,0.,0.));
#1598=DIRECTION('',(0.,0.,1.));
#1599=DIRECTION('',(0.,1.,0.));
#1600=DIRECTION('',(0.,0.,1.));
#1601=DIRECTION('',(0.,0.,-1.));
#1602=DIRECTION('',(-1.,0.,0.));
#1603=DIRECTION('',(1.95131999547447E-16,0.,-1.));
#1604=DIRECTION('',(-1.,0.,-1.95131999547447E-16));
#1605=DIRECTION('',(0.,0.,-1.));
#1606=DIRECTION('',(-1.,0.,0.));
#1607=DIRECTION('',(0.,1.,0.));
#1608=DIRECTION('',(0.,0.,1.));
#1609=DIRECTION('',(-1.,0.,0.));
#1610=DIRECTION('',(0.,0.,1.));
#1611=DIRECTION('',(-1.,0.,0.));
#1612=DIRECTION('',(0.,0.,1.));
#1613=DIRECTION('',(-1.,0.,0.));
#1614=DIRECTION('',(0.,0.,1.));
#1615=DIRECTION('',(0.,1.,0.));
#1616=DIRECTION('',(0.,0.,1.));
#1617=DIRECTION('',(0.,0.,1.));
#1618=DIRECTION('',(1.,0.,0.));
#1619=DIRECTION('',(0.,0.,-1.));
#1620=DIRECTION('',(-1.,0.,0.));
#1621=DIRECTION('',(0.,0.,1.));
#1622=DIRECTION('',(1.,0.,0.));
#1623=DIRECTION('',(0.,1.,0.));
#1624=DIRECTION('',(0.,0.,1.));
#1625=DIRECTION('',(0.990898277606564,0.,0.134612790760554));
#1626=DIRECTION('',(0.134612790760554,0.,-0.990898277606564));
#1627=DIRECTION('',(0.927139870126784,0.,0.374715440329446));
#1628=DIRECTION('',(0.374715440329446,0.,-0.927139870126784));
#1629=DIRECTION('',(0.927139870126785,4.44558852238876E-16,-0.374715440329443));
#1630=DIRECTION('',(-0.374715440329443,0.,-0.927139870126785));
#1631=DIRECTION('',(0.990898277606048,2.05322145885079E-15,-0.134612790764351));
#1632=DIRECTION('',(-0.134612790764351,0.,-0.990898277606048));
#1633=DIRECTION('',(0.,1.,0.));
#1634=DIRECTION('',(0.,0.,1.));
#1635=DIRECTION('',(0.,0.,-1.));
#1636=DIRECTION('',(-1.,0.,0.));
#1637=DIRECTION('',(0.,0.,-1.));
#1638=DIRECTION('',(-1.,0.,0.));
#1639=DIRECTION('',(0.,0.,-1.));
#1640=DIRECTION('',(-1.,0.,0.));
#1641=DIRECTION('',(0.,1.,0.));
#1642=DIRECTION('',(0.,0.,1.));
#1643=DIRECTION('',(-1.,0.,0.));
#1644=DIRECTION('',(0.,0.,1.));
#1645=DIRECTION('',(1.,0.,0.));
#1646=DIRECTION('',(0.,0.,-1.));
#1647=DIRECTION('',(-1.,0.,0.));
#1648=DIRECTION('',(0.,0.,1.));
#1649=DIRECTION('',(0.,1.,0.));
#1650=DIRECTION('',(0.,0.,1.));
#1651=DIRECTION('',(0.,0.,1.));
#1652=DIRECTION('',(1.,0.,0.));
#1653=DIRECTION('',(-1.75618799592702E-16,0.,1.));
#1654=DIRECTION('',(1.,0.,1.75618799592702E-16));
#1655=DIRECTION('',(0.,-1.36592399683213E-15,1.));
#1656=DIRECTION('',(0.,-1.,-1.36592399683213E-15));
#1657=DIRECTION('',(0.,1.,0.));
#1658=DIRECTION('',(0.,0.,1.));
#1659=DIRECTION('',(-1.,0.,0.));
#1660=DIRECTION('',(0.,0.,1.));
#1661=DIRECTION('',(-1.,0.,0.));
#1662=DIRECTION('',(0.,0.,1.));
#1663=DIRECTION('',(-1.,0.,0.));
#1664=DIRECTION('',(0.,0.,1.));
#1665=DIRECTION('',(0.,1.,0.));
#1666=DIRECTION('',(0.,0.,1.));
#1667=DIRECTION('',(0.,0.,-1.));
#1668=DIRECTION('',(-1.,0.,0.));
#1669=DIRECTION('',(1.95131999547447E-16,0.,-1.));
#1670=DIRECTION('',(-1.,0.,-1.95131999547447E-16));
#1671=DIRECTION('',(0.,0.,-1.));
#1672=DIRECTION('',(-1.,0.,0.));
#1673=DIRECTION('',(0.,1.,0.));
#1674=DIRECTION('',(0.,0.,1.));
#1675=DIRECTION('',(-1.,0.,0.));
#1676=DIRECTION('',(0.,0.,1.));
#1677=DIRECTION('',(1.,0.,0.));
#1678=DIRECTION('',(0.,0.,-1.));
#1679=DIRECTION('',(-1.,0.,0.));
#1680=DIRECTION('',(0.,0.,1.));
#1681=DIRECTION('',(0.,1.,0.));
#1682=DIRECTION('',(0.,0.,1.));
#1683=DIRECTION('',(0.,0.,1.));
#1684=DIRECTION('',(1.,0.,0.));
#1685=DIRECTION('',(0.,0.,1.));
#1686=DIRECTION('',(1.,0.,0.));
#1687=DIRECTION('',(0.,0.,1.));
#1688=DIRECTION('',(1.,0.,0.));
#1689=DIRECTION('',(0.,1.,0.));
#1690=DIRECTION('',(0.,0.,1.));
#1691=DIRECTION('',(0.990898277606056,-5.7949877950786E-14,0.134612790764291));
#1692=DIRECTION('',(0.134612790764291,0.,-0.990898277606056));
#1693=DIRECTION('',(0.927139870126785,-1.08105500895132E-15,0.374715440329443));
#1694=DIRECTION('',(0.374715440329443,0.,-0.927139870126785));
#1695=DIRECTION('',(0.,0.,-1.));
#1696=DIRECTION('',(-1.,0.,0.));
#1697=DIRECTION('',(0.,1.,0.));
#1698=DIRECTION('',(1.,0.,1.81411780829267E-16));
#1699=DIRECTION('',(1.81411780829267E-16,0.,-1.));
#1700=DIRECTION('',(0.,-1.,0.));
#1701=DIRECTION('',(0.,0.,1.));
#1702=DIRECTION('',(1.,0.,0.));
#1703=DIRECTION('',(1.,0.,0.));
#1704=DIRECTION('',(1.,0.,0.));
#1705=DIRECTION('',(0.,-1.,0.));
#1706=DIRECTION('',(0.,0.,1.));
#1707=DIRECTION('',(1.,0.,0.));
#1708=DIRECTION('',(1.,0.,0.));
#1709=DIRECTION('',(1.,0.,0.));
#1710=DIRECTION('',(0.,-1.,0.));
#1711=DIRECTION('',(1.,0.,0.));
#1712=DIRECTION('',(1.,0.,0.));
#1713=DIRECTION('',(-3.04893749292887E-16,0.,1.));
#1714=DIRECTION('',(0.,-1.,0.));
#1715=DIRECTION('',(1.,0.,0.));
#1716=DIRECTION('',(-3.04893749292887E-16,0.,1.));
#1717=DIRECTION('',(1.,0.,0.));
#1718=DIRECTION('',(0.,0.,-1.));
#1719=DIRECTION('',(-1.,0.,0.));
#1720=DIRECTION('',(0.,0.,-1.));
#1721=DIRECTION('',(-1.,0.,0.));
#1722=DIRECTION('',(0.,-1.,0.));
#1723=DIRECTION('',(1.,0.,3.04893749292887E-16));
#1724=DIRECTION('',(3.04893749292887E-16,0.,-1.));
#1725=CARTESIAN_POINT('',(0.,0.,0.));
#1726=CARTESIAN_POINT('',(-0.005715,-0.0015875,-0.02794));
#1727=CARTESIAN_POINT('',(-0.005715,0.0015875,-0.02794));
#1728=CARTESIAN_POINT('',(-0.005715,0.0015875,-0.02667));
#1729=CARTESIAN_POINT('',(-0.005715,0.0015875,-0.0381));
#1730=CARTESIAN_POINT('',(-0.005715,0.0015875,-0.02667));
#1731=CARTESIAN_POINT('',(-0.005715,-0.0015875,-0.02667));
#1732=CARTESIAN_POINT('',(-0.005715,-0.0015875,-0.02794));
#1733=CARTESIAN_POINT('',(-0.005715,-0.0015875,-0.0381));
#1734=CARTESIAN_POINT('',(-0.005715,-0.0015875,-0.0381));
#1735=CARTESIAN_POINT('',(3.46944695195361E-18,-0.0015875,-0.02794));
#1736=CARTESIAN_POINT('',(0.001905,-0.0015875,-0.02794));
#1737=CARTESIAN_POINT('',(0.001905,-0.0015875,-0.01778));
#1738=CARTESIAN_POINT('',(0.001905,-0.0015875,-0.02667));
#1739=CARTESIAN_POINT('',(0.0041275,-0.0015875,-0.02667));
#1740=CARTESIAN_POINT('',(0.00635,-0.0015875,-0.02667));
#1741=CARTESIAN_POINT('',(0.00635,-0.0015875,-0.02794));
#1742=CARTESIAN_POINT('',(0.00635,-0.0015875,-0.01778));
#1743=CARTESIAN_POINT('',(0.0041275,-0.0015875,-0.01778));
#1744=CARTESIAN_POINT('',(3.46944695195361E-18,0.0015875,-0.02794));
#1745=CARTESIAN_POINT('',(3.46944695195361E-18,0.0015875,-0.02667));
#1746=CARTESIAN_POINT('',(0.001905,0.0015875,-0.02667));
#1747=CARTESIAN_POINT('',(0.00635,0.0015875,-0.02667));
#1748=CARTESIAN_POINT('',(0.001905,0.0015875,-0.02794));
#1749=CARTESIAN_POINT('',(0.001905,0.0015875,-0.01778));
#1750=CARTESIAN_POINT('',(0.0041275,0.0015875,-0.01778));
#1751=CARTESIAN_POINT('',(0.00635,0.0015875,-0.01778));
#1752=CARTESIAN_POINT('',(0.00635,0.0015875,-0.02794));
#1753=CARTESIAN_POINT('',(3.46944695195361E-18,0.,-0.0508));
#1754=CARTESIAN_POINT('',(-0.008255,0.0047625,-0.0508));
#1755=CARTESIAN_POINT('',(-0.008255,-0.0034925,-0.0508));
#1756=CARTESIAN_POINT('',(-0.008255,0.0034925,-0.0508));
#1757=CARTESIAN_POINT('',(3.46944695195361E-18,0.0034925,-0.0508));
#1758=CARTESIAN_POINT('',(-0.00762,0.0034925,-0.0508));
#1759=CARTESIAN_POINT('',(-0.00762,0.,-0.0508));
#1760=CARTESIAN_POINT('',(-0.00762,-0.0034925,-0.0508));
#1761=CARTESIAN_POINT('',(-0.008255,-0.0034925,-0.0508));
#1762=CARTESIAN_POINT('',(1.7347234759768E-18,0.0047625,-0.0508));
#1763=CARTESIAN_POINT('',(-0.00385883297710294,0.0047625,-0.001316236749764));
#1764=CARTESIAN_POINT('',(-0.00340063079743281,0.0047625,-0.00125399032595862));
#1765=CARTESIAN_POINT('',(-0.00296680004395635,0.0047625,-0.00110743701590556));
#1766=CARTESIAN_POINT('',(-0.00254041993883068,0.0047625,-0.000935110041316454));
#1767=CARTESIAN_POINT('',(-0.00385883297710294,0.0047625,-0.001316236749764));
#1768=CARTESIAN_POINT('',(-0.00254041993883068,0.0047625,-0.000935110041316442));
#1769=CARTESIAN_POINT('',(-0.00254041993883068,0.0047625,-0.00093511004131644));
#1770=CARTESIAN_POINT('',(-0.0016040839683212,0.0047625,-0.000556677879362521));
#1771=CARTESIAN_POINT('',(-0.000800782319098663,0.0047625,4.35846140645031E-5));
#1772=CARTESIAN_POINT('',(-2.07908195312898E-112,0.0047625,0.000635));
#1773=CARTESIAN_POINT('',(1.71056941445901E-49,0.0047625,0.000635));
#1774=CARTESIAN_POINT('',(0.00254041993883068,0.0047625,-0.000935110041316442));
#1775=CARTESIAN_POINT('',(0.00160408396832121,0.0047625,-0.000556677879362523));
#1776=CARTESIAN_POINT('',(0.000800782319097529,0.0047625,4.35846140629622E-5));
#1777=CARTESIAN_POINT('',(-2.07908195312898E-112,0.0047625,0.000635));
#1778=CARTESIAN_POINT('',(0.00254041993883068,0.0047625,-0.000935110041316443));
#1779=CARTESIAN_POINT('',(0.00254041993883068,0.0047625,-0.000935110041316443));
#1780=CARTESIAN_POINT('',(0.00296680004394986,0.0047625,-0.00110743701590292));
#1781=CARTESIAN_POINT('',(0.00340063079742,0.0047625,-0.00125399032595295));
#1782=CARTESIAN_POINT('',(0.00385883297708232,0.0047625,-0.00131623674976119));
#1783=CARTESIAN_POINT('',(0.00385883297708232,0.0047625,-0.0013162367497612));
#1784=CARTESIAN_POINT('',(0.003175,0.0047625,-0.00635));
#1785=CARTESIAN_POINT('',(0.008255,0.0047625,-0.00635));
#1786=CARTESIAN_POINT('',(0.008255,0.0047625,-0.0508));
#1787=CARTESIAN_POINT('',(0.008255,0.0047625,-0.04953));
#1788=CARTESIAN_POINT('',(1.7347234759768E-18,0.0047625,-0.04953));
#1789=CARTESIAN_POINT('',(0.00762,0.0047625,-0.04953));
#1790=CARTESIAN_POINT('',(0.00762,0.0047625,-0.006985));
#1791=CARTESIAN_POINT('',(0.00762,0.0047625,-0.006985));
#1792=CARTESIAN_POINT('',(0.005715,0.0047625,-0.006985));
#1793=CARTESIAN_POINT('',(0.005715,0.0047625,-0.00508));
#1794=CARTESIAN_POINT('',(1.7347234759768E-18,0.0047625,-0.00508));
#1795=CARTESIAN_POINT('',(-0.005715,0.0047625,-0.00508));
#1796=CARTESIAN_POINT('',(-0.005715,0.0047625,-0.006985));
#1797=CARTESIAN_POINT('',(-0.00762,0.0047625,-0.006985));
#1798=CARTESIAN_POINT('',(-0.00762,0.0047625,-0.0508));
#1799=CARTESIAN_POINT('',(-0.00762,0.0047625,-0.04953));
#1800=CARTESIAN_POINT('',(1.7347234759768E-18,0.0047625,-0.04953));
#1801=CARTESIAN_POINT('',(-0.008255,0.0047625,-0.04953));
#1802=CARTESIAN_POINT('',(-0.008255,0.0047625,-0.00635));
#1803=CARTESIAN_POINT('',(-0.008255,0.0047625,-0.00635));
#1804=CARTESIAN_POINT('',(-0.003175,0.0047625,-0.00635));
#1805=CARTESIAN_POINT('',(0.,2.91619019046964E-19,0.01905));
#1806=CARTESIAN_POINT('',(0.,2.91619019046964E-19,0.015875));
#1807=CARTESIAN_POINT('',(0.0047625,2.91619019046964E-19,0.015875));
#1808=CARTESIAN_POINT('',(0.,2.91619019046964E-19,0.000635));
#1809=CARTESIAN_POINT('',(-0.0028014705882353,-0.00385138530833421,0.000635));
#1810=CARTESIAN_POINT('',(1.49674823765163E-49,-0.0047625,0.000635));
#1811=CARTESIAN_POINT('',(0.,2.91619019046964E-19,0.000635));
#1812=CARTESIAN_POINT('',(0.0028014705882353,-0.00385138530833421,0.000635));
#1813=CARTESIAN_POINT('',(0.0028014705882353,-0.00385138530833421,0.000635));
#1814=CARTESIAN_POINT('',(0.00341477975323757,-0.00340526853483689,0.000635));
#1815=CARTESIAN_POINT('',(0.00439793541300431,-0.00224589452376828,0.000428862147047788));
#1816=CARTESIAN_POINT('',(0.00494393750396674,-7.44413843135526E-6,0.000193770453254988));
#1817=CARTESIAN_POINT('',(0.00440129673170457,0.00224374111081917,0.000427987961423636));
#1818=CARTESIAN_POINT('',(0.00341441229461851,0.00340553582165223,0.000635));
#1819=CARTESIAN_POINT('',(0.0028014705882353,0.00385138530833421,0.000635));
#1820=CARTESIAN_POINT('',(0.0028014705882353,0.00385138530833421,0.000635));
#1821=CARTESIAN_POINT('',(0.,2.91619019046964E-19,0.000635));
#1822=CARTESIAN_POINT('',(0.,2.91619019046964E-19,0.000635));
#1823=CARTESIAN_POINT('',(-0.0028014705882353,0.00385138530833421,0.000635));
#1824=CARTESIAN_POINT('',(-0.0028014705882353,0.00385138530833421,0.000635));
#1825=CARTESIAN_POINT('',(-0.00341477975323757,0.00340526853483689,0.000635));
#1826=CARTESIAN_POINT('',(-0.00439793541300431,0.00224589452376828,0.000428862147047787));
#1827=CARTESIAN_POINT('',(-0.00494393750396674,7.44413843135228E-6,0.000193770453254989));
#1828=CARTESIAN_POINT('',(-0.00440129673170457,-0.00224374111081917,0.000427987961423637));
#1829=CARTESIAN_POINT('',(-0.00341441229461851,-0.00340553582165223,0.000635));
#1830=CARTESIAN_POINT('',(-0.0028014705882353,-0.00385138530833421,0.000635));
#1831=CARTESIAN_POINT('',(0.,0.,0.01905));
#1832=CARTESIAN_POINT('',(0.,2.91619019046964E-19,0.01905));
#1833=CARTESIAN_POINT('',(0.0015875,2.91619019046964E-19,0.01905));
#1834=CARTESIAN_POINT('',(0.009525,-8.67361737988404E-19,-0.0508));
#1835=CARTESIAN_POINT('',(0.009525,-8.67361737988404E-19,-0.04953));
#1836=CARTESIAN_POINT('',(0.009525,0.00114476252995982,-0.04953));
#1837=CARTESIAN_POINT('',(0.009525,0.0034925,-0.04953));
#1838=CARTESIAN_POINT('',(0.009525,0.0034925,-0.0508));
#1839=CARTESIAN_POINT('',(0.009525,0.0034925,-0.00635));
#1840=CARTESIAN_POINT('',(0.009525,-0.0047625,-0.00635));
#1841=CARTESIAN_POINT('',(0.009525,-0.0034925,-0.00635));
#1842=CARTESIAN_POINT('',(0.009525,-0.0034925,-0.04953));
#1843=CARTESIAN_POINT('',(0.009525,-0.0034925,-0.04953));
#1844=CARTESIAN_POINT('',(0.009525,-8.67361737988404E-19,-0.04953));
#1845=CARTESIAN_POINT('',(0.009525,-0.00114476252995982,-0.04953));
#1846=CARTESIAN_POINT('',(0.009525,0.,-0.047625));
#1847=CARTESIAN_POINT('',(1.7347234759768E-18,-0.0047625,-0.0508));
#1848=CARTESIAN_POINT('',(0.00254041993883068,-0.0047625,-0.000935110041316444));
#1849=CARTESIAN_POINT('',(0.00160408396832123,-0.0047625,-0.000556677879362534));
#1850=CARTESIAN_POINT('',(0.000800782319061262,-0.0047625,4.35846140138217E-5));
#1851=CARTESIAN_POINT('',(4.15816390625796E-112,-0.0047625,0.000635));
#1852=CARTESIAN_POINT('',(0.00254041993883068,-0.0047625,-0.000935110041316444));
#1853=CARTESIAN_POINT('',(-0.00254041993883068,-0.0047625,-0.000935110041316443));
#1854=CARTESIAN_POINT('',(-0.00160408396832123,-0.0047625,-0.000556677879362533));
#1855=CARTESIAN_POINT('',(-0.000800782319061292,-0.0047625,4.35846140138628E-5));
#1856=CARTESIAN_POINT('',(4.15816390625796E-112,-0.0047625,0.000635));
#1857=CARTESIAN_POINT('',(-0.00254041993883068,-0.0047625,-0.000935110041316444));
#1858=CARTESIAN_POINT('',(-0.00254041993883068,-0.0047625,-0.000935110041316444));
#1859=CARTESIAN_POINT('',(-0.00296680004394997,-0.0047625,-0.00110743701590297));
#1860=CARTESIAN_POINT('',(-0.00340063079742022,-0.0047625,-0.00125399032595303));
#1861=CARTESIAN_POINT('',(-0.00385883297708267,-0.0047625,-0.00131623674976124));
#1862=CARTESIAN_POINT('',(-0.00385883297708267,-0.0047625,-0.00131623674976124));
#1863=CARTESIAN_POINT('',(-0.003175,-0.0047625,-0.00635));
#1864=CARTESIAN_POINT('',(-0.008255,-0.0047625,-0.00635));
#1865=CARTESIAN_POINT('',(-0.008255,-0.0047625,-0.0508));
#1866=CARTESIAN_POINT('',(-0.008255,-0.0047625,-0.04953));
#1867=CARTESIAN_POINT('',(-0.00762,-0.0047625,-0.04953));
#1868=CARTESIAN_POINT('',(-0.00762,-0.0047625,-0.04953));
#1869=CARTESIAN_POINT('',(-0.00762,-0.0047625,-0.006985));
#1870=CARTESIAN_POINT('',(-0.00762,-0.0047625,-0.006985));
#1871=CARTESIAN_POINT('',(-0.005715,-0.0047625,-0.006985));
#1872=CARTESIAN_POINT('',(-0.005715,-0.0047625,-0.00508));
#1873=CARTESIAN_POINT('',(0.005715,-0.0047625,-0.00508));
#1874=CARTESIAN_POINT('',(0.005715,-0.0047625,-0.00508));
#1875=CARTESIAN_POINT('',(0.005715,-0.0047625,-0.006985));
#1876=CARTESIAN_POINT('',(0.00762,-0.0047625,-0.006985));
#1877=CARTESIAN_POINT('',(0.00762,-0.0047625,-0.0508));
#1878=CARTESIAN_POINT('',(0.00762,-0.0047625,-0.04953));
#1879=CARTESIAN_POINT('',(0.008255,-0.0047625,-0.04953));
#1880=CARTESIAN_POINT('',(0.008255,-0.0047625,-0.04953));
#1881=CARTESIAN_POINT('',(0.008255,-0.0047625,-0.00635));
#1882=CARTESIAN_POINT('',(0.008255,-0.0047625,-0.00635));
#1883=CARTESIAN_POINT('',(0.003175,-0.0047625,-0.00635));
#1884=CARTESIAN_POINT('',(0.0038588329770829,-0.0047625,-0.00131623674976127));
#1885=CARTESIAN_POINT('',(0.0038588329770829,-0.0047625,-0.00131623674976127));
#1886=CARTESIAN_POINT('',(0.00340063079742037,-0.0047625,-0.00125399032595307));
#1887=CARTESIAN_POINT('',(0.00296680004395004,-0.0047625,-0.00110743701590301));
#1888=CARTESIAN_POINT('',(0.00254041993883068,-0.0047625,-0.000935110041316456));
#1889=CARTESIAN_POINT('',(-0.009525,-8.67361737988404E-19,-0.0508));
#1890=CARTESIAN_POINT('',(-0.009525,-8.67361737988404E-19,-0.00635));
#1891=CARTESIAN_POINT('',(-0.009525,-0.0034925,-0.00635));
#1892=CARTESIAN_POINT('',(-0.009525,0.0034925,-0.00635));
#1893=CARTESIAN_POINT('',(-0.009525,0.0034925,-0.04953));
#1894=CARTESIAN_POINT('',(-0.009525,0.0034925,-0.04953));
#1895=CARTESIAN_POINT('',(-0.009525,-0.0047625,-0.04953));
#1896=CARTESIAN_POINT('',(-0.009525,0.00114476252995982,-0.04953));
#1897=CARTESIAN_POINT('',(-0.009525,0.,-0.047625));
#1898=CARTESIAN_POINT('',(-0.009525,-0.00114476252995982,-0.04953));
#1899=CARTESIAN_POINT('',(-0.009525,-0.0047625,-0.04953));
#1900=CARTESIAN_POINT('',(-0.009525,-0.0034925,-0.04953));
#1901=CARTESIAN_POINT('',(-0.009525,-0.0034925,-0.0508));
#1902=CARTESIAN_POINT('',(3.46944695195361E-18,0.,-0.0508));
#1903=CARTESIAN_POINT('',(0.00762,0.0047625,-0.0508));
#1904=CARTESIAN_POINT('',(0.00762,-0.0034925,-0.0508));
#1905=CARTESIAN_POINT('',(0.00762,0.0034925,-0.0508));
#1906=CARTESIAN_POINT('',(3.46944695195361E-18,0.0034925,-0.0508));
#1907=CARTESIAN_POINT('',(0.008255,0.0034925,-0.0508));
#1908=CARTESIAN_POINT('',(0.008255,0.,-0.0508));
#1909=CARTESIAN_POINT('',(0.008255,-0.0034925,-0.0508));
#1910=CARTESIAN_POINT('',(0.00762,-0.0034925,-0.0508));
#1911=CARTESIAN_POINT('',(-0.00635,0.0206375,-0.028575));
#1912=CARTESIAN_POINT('',(-0.00635,-0.0015875,-0.02794));
#1913=CARTESIAN_POINT('',(-0.00635,-0.0015875,-0.01778));
#1914=CARTESIAN_POINT('',(-0.00635,-0.0015875,-0.0381));
#1915=CARTESIAN_POINT('',(-0.00635,-0.0015875,-0.01778));
#1916=CARTESIAN_POINT('',(-0.00635,0.0015875,-0.01778));
#1917=CARTESIAN_POINT('',(-0.00635,0.0015875,-0.02794));
#1918=CARTESIAN_POINT('',(-0.00635,0.0015875,-0.0381));
#1919=CARTESIAN_POINT('',(-0.00635,-0.0015875,-0.0381));
#1920=CARTESIAN_POINT('',(-0.00635,0.0206375,-0.04953));
#1921=CARTESIAN_POINT('',(-0.00635,0.00114476252995982,-0.04953));
#1922=CARTESIAN_POINT('',(-0.00635,0.0034925,-0.04953));
#1923=CARTESIAN_POINT('',(-0.00635,0.0034925,-0.028575));
#1924=CARTESIAN_POINT('',(-0.00635,0.0034925,-0.006985));
#1925=CARTESIAN_POINT('',(-0.00635,-0.0047625,-0.006985));
#1926=CARTESIAN_POINT('',(-0.00635,-0.0034925,-0.006985));
#1927=CARTESIAN_POINT('',(-0.00635,-0.0034925,-0.04953));
#1928=CARTESIAN_POINT('',(-0.00635,-0.0034925,-0.04953));
#1929=CARTESIAN_POINT('',(-0.00635,0.0206375,-0.04953));
#1930=CARTESIAN_POINT('',(-0.00635,-0.00114476252995982,-0.04953));
#1931=CARTESIAN_POINT('',(-0.00635,0.,-0.047625));
#1932=CARTESIAN_POINT('',(0.00635,0.0206375,-0.028575));
#1933=CARTESIAN_POINT('',(0.00635,0.0238125,-0.02667));
#1934=CARTESIAN_POINT('',(0.00635,-0.0015875,-0.01778));
#1935=CARTESIAN_POINT('',(0.00635,0.0034925,-0.04953));
#1936=CARTESIAN_POINT('',(0.00635,0.0034925,-0.006985));
#1937=CARTESIAN_POINT('',(0.00635,0.0034925,-0.04953));
#1938=CARTESIAN_POINT('',(0.00635,-0.0047625,-0.04953));
#1939=CARTESIAN_POINT('',(0.00635,0.00114476252995982,-0.04953));
#1940=CARTESIAN_POINT('',(0.00635,0.,-0.047625));
#1941=CARTESIAN_POINT('',(0.00635,-0.00114476252995982,-0.04953));
#1942=CARTESIAN_POINT('',(0.00635,-0.0047625,-0.04953));
#1943=CARTESIAN_POINT('',(0.00635,-0.0034925,-0.04953));
#1944=CARTESIAN_POINT('',(0.00635,-0.0034925,-0.028575));
#1945=CARTESIAN_POINT('',(0.00635,-0.0034925,-0.006985));
#1946=CARTESIAN_POINT('',(0.00635,0.0206375,-0.006985));
#1947=CARTESIAN_POINT('',(-8.67361737988404E-19,0.0206375,-0.00635));
#1948=CARTESIAN_POINT('',(-0.005715,0.0047625,-0.00635));
#1949=CARTESIAN_POINT('',(-0.005715,-0.0034925,-0.00635));
#1950=CARTESIAN_POINT('',(-0.005715,0.0034925,-0.00635));
#1951=CARTESIAN_POINT('',(-8.67361737988404E-19,0.0034925,-0.00635));
#1952=CARTESIAN_POINT('',(0.005715,0.0034925,-0.00635));
#1953=CARTESIAN_POINT('',(0.005715,0.0206375,-0.00635));
#1954=CARTESIAN_POINT('',(0.005715,-0.0034925,-0.00635));
#1955=CARTESIAN_POINT('',(-0.005715,-0.0034925,-0.00635));
#1956=CARTESIAN_POINT('',(-0.015875,0.,-0.047625));
#1957=CARTESIAN_POINT('',(0.009525,-0.00114476252995982,-0.04953));
#1958=CARTESIAN_POINT('',(0.009525,-0.000798044371431997,-0.0497383516831177));
#1959=CARTESIAN_POINT('',(0.0094443445929605,-2.4889289706538E-6,-0.0499566975454745));
#1960=CARTESIAN_POINT('',(0.009525,0.000798210381154359,-0.04973825192369));
#1961=CARTESIAN_POINT('',(0.009525,0.00114476252995982,-0.04953));
#1962=CARTESIAN_POINT('',(0.00635,0.00114476252995982,-0.04953));
#1963=CARTESIAN_POINT('',(0.00635,0.000798044371431996,-0.0497383516831177));
#1964=CARTESIAN_POINT('',(0.0064306554070395,2.48892897065385E-6,-0.0499566975454745));
#1965=CARTESIAN_POINT('',(0.00635,-0.000798210381154359,-0.0497382519236901));
#1966=CARTESIAN_POINT('',(0.00635,-0.00114476252995982,-0.04953));
#1967=CARTESIAN_POINT('',(-0.015875,0.,-0.047625));
#1968=CARTESIAN_POINT('',(-0.00635,-0.00114476252995982,-0.04953));
#1969=CARTESIAN_POINT('',(-0.00635,-0.000798044371431997,-0.0497383516831177));
#1970=CARTESIAN_POINT('',(-0.0064306554070395,-2.48892897065385E-6,-0.0499566975454745));
#1971=CARTESIAN_POINT('',(-0.00635,0.00079821038115436,-0.0497382519236901));
#1972=CARTESIAN_POINT('',(-0.00635,0.00114476252995982,-0.04953));
#1973=CARTESIAN_POINT('',(-0.009525,0.00114476252995982,-0.04953));
#1974=CARTESIAN_POINT('',(-0.009525,0.000798044371431997,-0.0497383516831178));
#1975=CARTESIAN_POINT('',(-0.0094443445929605,2.48892897065364E-6,-0.0499566975454745));
#1976=CARTESIAN_POINT('',(-0.009525,-0.00079821038115436,-0.0497382519236901));
#1977=CARTESIAN_POINT('',(-0.009525,-0.00114476252995982,-0.04953));
#1978=CARTESIAN_POINT('',(-0.003175,-8.67361737988404E-19,-0.00635));
#1979=CARTESIAN_POINT('',(-0.00402979122135334,-0.00349250000000038,-5.77959372015536E-5));
#1980=CARTESIAN_POINT('',(-0.0047991586298054,-0.00249528586480379,-0.000162313924885459));
#1981=CARTESIAN_POINT('',(-0.00559595423343827,-2.10490744932787E-6,-0.00049827974646578));
#1982=CARTESIAN_POINT('',(-0.00479075014319261,0.00250618450907786,-0.000161171638261951));
#1983=CARTESIAN_POINT('',(-0.00402979122136387,0.00349249999998673,-5.77959372029841E-5));
#1984=CARTESIAN_POINT('',(-0.00402979122135333,-0.00349250000000038,-5.77959372015545E-5));
#1985=CARTESIAN_POINT('',(-0.00402979122136387,0.00349249999998673,-5.77959372029856E-5));
#1986=CARTESIAN_POINT('',(-0.003175,0.0034925,-0.00635));
#1987=CARTESIAN_POINT('',(-0.003175,-0.0034925,-0.00635));
#1988=CARTESIAN_POINT('',(0.003175,0.,-0.00635));
#1989=CARTESIAN_POINT('',(0.003175,0.0034925,-0.00635));
#1990=CARTESIAN_POINT('',(0.00402979122135333,0.00349250000000038,-5.77959372015537E-5));
#1991=CARTESIAN_POINT('',(0.00402979122135334,0.00349250000000038,-5.77959372015533E-5));
#1992=CARTESIAN_POINT('',(0.00479915862980712,0.00249528586480156,-0.000162313924885693));
#1993=CARTESIAN_POINT('',(0.00559595423344017,2.10490744039491E-6,-0.000498279746466669));
#1994=CARTESIAN_POINT('',(0.00479075014318705,-0.00250618450909152,-0.000161171638259935));
#1995=CARTESIAN_POINT('',(0.00402979122135363,-0.0034925,-5.77959372015936E-5));
#1996=CARTESIAN_POINT('',(0.00402979122135362,-0.0034925,-5.77959372015929E-5));
#1997=CARTESIAN_POINT('',(0.003175,-0.0034925,-0.00635));
#1998=CARTESIAN_POINT('',(-0.005715,0.0206375,-0.006985));
#1999=CARTESIAN_POINT('',(-0.005715,0.0034925,-0.006985));
#2000=CARTESIAN_POINT('',(-0.005715,-0.0034925,-0.006985));
#2001=CARTESIAN_POINT('',(0.005715,0.0206375,-0.006985));
#2002=CARTESIAN_POINT('',(0.005715,0.0034925,-0.006985));
#2003=CARTESIAN_POINT('',(0.005715,-0.0034925,-0.006985));
#2004=CARTESIAN_POINT('',(-0.008255,0.,-0.04953));
#2005=CARTESIAN_POINT('',(-0.008255,0.0034925,-0.04953));
#2006=CARTESIAN_POINT('',(-0.008255,-0.0034925,-0.04953));
#2007=CARTESIAN_POINT('',(-0.00762,0.,-0.04953));
#2008=CARTESIAN_POINT('',(-0.00762,0.0034925,-0.04953));
#2009=CARTESIAN_POINT('',(-0.00762,-0.0034925,-0.04953));
#2010=CARTESIAN_POINT('',(0.008255,-8.67361737988404E-19,-0.04953));
#2011=CARTESIAN_POINT('',(0.008255,0.0034925,-0.04953));
#2012=CARTESIAN_POINT('',(0.008255,-0.0034925,-0.04953));
#2013=CARTESIAN_POINT('',(0.00762,0.0206375,-0.04953));
#2014=CARTESIAN_POINT('',(0.00762,0.0034925,-0.04953));
#2015=CARTESIAN_POINT('',(0.00762,-0.0034925,-0.04953));
#2016=CARTESIAN_POINT('',(0.,2.91619019046964E-19,0.000635));
#2017=CARTESIAN_POINT('',(-0.00296347331294356,0.00407410223296363,0.000111629986227853));
#2018=CARTESIAN_POINT('',(-0.00202632430794509,0.00449704577929963,0.00025538978683239));
#2019=CARTESIAN_POINT('',(-0.00101902654324382,0.0047625,0.000451030820360913));
#2020=CARTESIAN_POINT('',(-2.83511175426679E-112,0.0047625,0.000635));
#2021=CARTESIAN_POINT('',(-0.00296347331294356,0.00407410223296363,0.000111629986227853));
#2022=CARTESIAN_POINT('',(-0.003175,0.00436490334944544,0.000635));
#2023=CARTESIAN_POINT('',(-0.00280147058823529,0.00385138530833421,0.000635));
#2024=CARTESIAN_POINT('',(-0.00280147058823529,0.00385138530833421,-2.16840434497101E-19));
#2025=CARTESIAN_POINT('',(-0.003175,0.00436490334944544,0.));
#2026=CARTESIAN_POINT('',(-0.003414005215216,0.00340583192834682,0.000634999986209367));
#2027=CARTESIAN_POINT('',(-0.00335650853483701,0.00344765461504073,3.60689743555855E-5));
#2028=CARTESIAN_POINT('',(-0.00380609627921048,0.00385994284738796,0.));
#2029=CARTESIAN_POINT('',(-0.00439854062697234,0.00224531782070653,0.000428801925813867));
#2030=CARTESIAN_POINT('',(-0.00433592325410472,0.0023835030417668,-5.93265610335891E-5));
#2031=CARTESIAN_POINT('',(-0.0048204661020525,0.00254469353221186,-0.000187452800956215));
#2032=CARTESIAN_POINT('',(-0.00494366967991315,7.26635146313363E-6,0.000193793475691579));
#2033=CARTESIAN_POINT('',(-0.00496458092980968,7.66456260789751E-6,-0.000244197578279482));
#2034=CARTESIAN_POINT('',(-0.00538211421499361,8.23519816027247E-6,-0.00040109683724037));
#2035=CARTESIAN_POINT('',(-0.00440176373658752,-0.00224328991342557,0.000427955741964591));
#2036=CARTESIAN_POINT('',(-0.00433915962680185,-0.00238194462478229,-5.98456332217462E-5));
#2037=CARTESIAN_POINT('',(-0.00482378688128287,-0.00254239523663499,-0.000188222058677964));
#2038=CARTESIAN_POINT('',(-0.00341372033372569,-0.00340603914913942,0.000634999987038522));
#2039=CARTESIAN_POINT('',(-0.00335625772250308,-0.00344783705565805,3.60526759991459E-5));
#2040=CARTESIAN_POINT('',(-0.00380580276581842,-0.00386017769893648,0.));
#2041=CARTESIAN_POINT('',(-0.00280147058823529,-0.00385138530833421,0.000635));
#2042=CARTESIAN_POINT('',(-0.00280147058823529,-0.00385138530833421,-2.16840434497101E-19));
#2043=CARTESIAN_POINT('',(-0.003175,-0.00436490334944544,0.));
#2044=CARTESIAN_POINT('',(-0.00296347331294356,0.00407410223296363,0.000111629986227852));
#2045=CARTESIAN_POINT('',(-0.00332906819317544,0.0038967379189638,6.24194227501399E-5));
#2046=CARTESIAN_POINT('',(-0.00367783146152668,0.0036952701257231,-9.98246676703383E-6));
#2047=CARTESIAN_POINT('',(-0.00402979122136956,0.00349249999999273,-5.77959372037174E-5));
#2048=CARTESIAN_POINT('',(-0.00402979122135324,-0.00349250000000022,-5.77959372015427E-5));
#2049=CARTESIAN_POINT('',(-0.00367783146151613,-0.00369527012572814,-9.98246675843037E-6));
#2050=CARTESIAN_POINT('',(-0.00332906819317073,-0.00389673791896609,6.24194227507859E-5));
#2051=CARTESIAN_POINT('',(-0.00296347331294356,-0.00407410223296363,0.000111629986227865));
#2052=CARTESIAN_POINT('',(-0.00296347331294356,-0.00407410223296363,0.000111629986227851));
#2053=CARTESIAN_POINT('',(-0.003175,-0.00436490334944544,0.000635));
#2054=CARTESIAN_POINT('',(0.,2.91619019046964E-19,0.000635));
#2055=CARTESIAN_POINT('',(0.003175,0.00436490334944544,0.000635));
#2056=CARTESIAN_POINT('',(0.00296347331294356,0.00407410223296363,0.000111629986227853));
#2057=CARTESIAN_POINT('',(0.00296347331294356,0.00407410223296363,0.000111629986227852));
#2058=CARTESIAN_POINT('',(0.00202632430794509,0.00449704577929963,0.000255389786832389));
#2059=CARTESIAN_POINT('',(0.001019026543244,0.0047625,0.000451030820361874));
#2060=CARTESIAN_POINT('',(-2.83511175426679E-112,0.0047625,0.000635));
#2061=CARTESIAN_POINT('',(0.,2.91619019046964E-19,0.000635));
#2062=CARTESIAN_POINT('',(-0.00296347331294356,-0.00407410223296363,0.000111629986227852));
#2063=CARTESIAN_POINT('',(-0.00202632430794509,-0.00449704577929963,0.000255389786832389));
#2064=CARTESIAN_POINT('',(-0.00101902654324191,-0.0047625,0.000451030820350314));
#2065=CARTESIAN_POINT('',(5.67022350853358E-112,-0.0047625,0.000635));
#2066=CARTESIAN_POINT('',(0.00280147058823529,-0.00385138530833421,0.000635));
#2067=CARTESIAN_POINT('',(0.00280147058823529,-0.00385138530833421,-2.16840434497101E-19));
#2068=CARTESIAN_POINT('',(0.003175,-0.00436490334944544,0.));
#2069=CARTESIAN_POINT('',(0.00341400521521606,-0.00340583192834677,0.00063499998621067));
#2070=CARTESIAN_POINT('',(0.0033565085348361,-0.0034476546150421,3.60689743569349E-5));
#2071=CARTESIAN_POINT('',(0.00380609627921085,-0.00385994284738833,0.));
#2072=CARTESIAN_POINT('',(0.00439854062697221,-0.00224531782070648,0.000428801925813267));
#2073=CARTESIAN_POINT('',(0.004335923254105,-0.00238350304176615,-5.93265610341689E-5));
#2074=CARTESIAN_POINT('',(0.00482046610205211,-0.00254469353221175,-0.000187452800956216));
#2075=CARTESIAN_POINT('',(0.00494366967991351,-7.26635146338171E-6,0.000193793475691725));
#2076=CARTESIAN_POINT('',(0.00496458092981022,-7.66456260798155E-6,-0.000244197578279362));
#2077=CARTESIAN_POINT('',(0.0053821142149944,-8.23519816008612E-6,-0.00040109683724037));
#2078=CARTESIAN_POINT('',(0.00440176373658623,0.00224328991342651,0.000427955741964608));
#2079=CARTESIAN_POINT('',(0.00433915962679933,0.00238194462478161,-5.98456332216715E-5));
#2080=CARTESIAN_POINT('',(0.0048237868812801,0.00254239523663414,-0.000188222058677966));
#2081=CARTESIAN_POINT('',(0.00341372033372849,0.00340603914913738,0.000634999987038382));
#2082=CARTESIAN_POINT('',(0.00335625772250885,0.00344783705566,3.60526759988818E-5));
#2083=CARTESIAN_POINT('',(0.00380580276582437,0.00386017769893833,1.0842021724855E-19));
#2084=CARTESIAN_POINT('',(0.00280147058823529,0.00385138530833421,0.000635));
#2085=CARTESIAN_POINT('',(0.00280147058823529,0.00385138530833421,-1.0842021724855E-19));
#2086=CARTESIAN_POINT('',(0.003175,0.00436490334944544,1.0842021724855E-19));
#2087=CARTESIAN_POINT('',(0.00402979122135325,0.00349250000000022,-5.77959372015409E-5));
#2088=CARTESIAN_POINT('',(0.00367783146151613,0.00369527012572814,-9.98246675842865E-6));
#2089=CARTESIAN_POINT('',(0.00332906819317074,0.00389673791896609,6.24194227507861E-5));
#2090=CARTESIAN_POINT('',(0.00296347331294357,0.00407410223296363,0.000111629986227865));
#2091=CARTESIAN_POINT('',(0.003175,-0.00436490334944544,0.000635));
#2092=CARTESIAN_POINT('',(0.00296347331294356,-0.00407410223296363,0.000111629986227852));
#2093=CARTESIAN_POINT('',(0.00296347331294356,-0.00407410223296363,0.000111629986227852));
#2094=CARTESIAN_POINT('',(0.00332906819317082,-0.00389673791896604,6.24194227507618E-5));
#2095=CARTESIAN_POINT('',(0.00367783146151782,-0.00369527012573105,-9.98246675847614E-6));
#2096=CARTESIAN_POINT('',(0.00402979122135515,-0.00349250000000319,-5.77959372017579E-5));
#2097=CARTESIAN_POINT('',(0.,2.91619019046964E-19,0.000635));
#2098=CARTESIAN_POINT('',(0.00296347331294356,-0.00407410223296363,0.000111629986227852));
#2099=CARTESIAN_POINT('',(0.00202632430794509,-0.00449704577929963,0.000255389786832388));
#2100=CARTESIAN_POINT('',(0.00101902654324195,-0.0047625,0.000451030820350537));
#2101=CARTESIAN_POINT('',(5.67022350853358E-112,-0.0047625,0.000635));
#2102=CARTESIAN_POINT('',(0.,2.91619019046964E-19,0.015875));
#2103=CARTESIAN_POINT('',(0.00254041993883068,0.0047625,-0.000935110041316443));
#2104=CARTESIAN_POINT('',(0.00283058905591119,0.0047625,-0.000217158954784473));
#2105=CARTESIAN_POINT('',(0.00296347331294356,0.00407410223296363,0.000111629986227852));
#2106=CARTESIAN_POINT('',(0.00207225196116643,0.0047625,-0.000745893948049193));
#2107=CARTESIAN_POINT('',(0.00239430600730092,0.00476250000000004,-0.000187880866149864));
#2108=CARTESIAN_POINT('',(0.00255231604416135,0.00425966111129914,0.000174702009964328));
#2109=CARTESIAN_POINT('',(0.00120614561290357,0.0047625,-0.000255334629454569));
#2110=CARTESIAN_POINT('',(0.00146589540698626,0.00476250000000239,2.65681726535047E-5));
#2111=CARTESIAN_POINT('',(0.00164044761583459,0.00461057872334517,0.000338221793858093));
#2112=CARTESIAN_POINT('',(0.000400391159549303,0.0047625,0.000339292307032813));
#2113=CARTESIAN_POINT('',(0.000473189580917072,0.00476249999999532,0.000437861530614132));
#2114=CARTESIAN_POINT('',(0.000545987966723604,0.0047625,0.000536430769010875));
#2115=CARTESIAN_POINT('',(-2.07908195312898E-112,0.0047625,0.000635));
#2116=CARTESIAN_POINT('',(-2.45709685369789E-112,0.0047625,0.000635));
#2117=CARTESIAN_POINT('',(-2.83511175426679E-112,0.0047625,0.000635));
#2118=CARTESIAN_POINT('',(0.00254041993883068,0.0034925,-0.000935110041316442));
#2119=CARTESIAN_POINT('',(0.00296347331294356,0.00407410223296362,0.000111629986227853));
#2120=CARTESIAN_POINT('',(0.00283058905591119,0.0047625,-0.000217158954784472));
#2121=CARTESIAN_POINT('',(0.00254041993883068,0.0047625,-0.000935110041316443));
#2122=CARTESIAN_POINT('',(0.00339022355995024,0.00386706906285953,5.41876640777542E-5));
#2123=CARTESIAN_POINT('',(0.0033168530385343,0.00476250000000039,-0.000231195938949274));
#2124=CARTESIAN_POINT('',(0.00296680003734706,0.0047625,-0.00110743703874082));
#2125=CARTESIAN_POINT('',(0.00373093816323739,0.0036646744414584,-1.71969725135858E-5));
#2126=CARTESIAN_POINT('',(0.00372820439083842,0.00476249999999974,-0.000179551144120458));
#2127=CARTESIAN_POINT('',(0.0034006308044145,0.0047625,-0.00125399030175867));
#2128=CARTESIAN_POINT('',(0.0040297912213536,0.00349250000000005,-5.77959372011401E-5));
#2129=CARTESIAN_POINT('',(0.0040297912213536,0.0047625,-5.77959372011906E-5));
#2130=CARTESIAN_POINT('',(0.00385883297708284,0.0047625,-0.00131623674976082));
#2131=CARTESIAN_POINT('',(0.00385883297708232,0.0034925,-0.00131623674976119));
#2132=CARTESIAN_POINT('',(0.003175,0.0034925,-0.00635));
#2133=CARTESIAN_POINT('',(0.008255,0.0034925,-0.00635));
#2134=CARTESIAN_POINT('',(0.008255,0.0034925,-0.0508));
#2135=CARTESIAN_POINT('',(0.008255,0.0034925,-0.04953));
#2136=CARTESIAN_POINT('',(0.008255,0.0034925,-0.04953));
#2137=CARTESIAN_POINT('',(0.008255,0.0034925,-0.04953));
#2138=CARTESIAN_POINT('',(1.7347234759768E-18,0.0034925,-0.04953));
#2139=CARTESIAN_POINT('',(0.00762,0.0034925,-0.04953));
#2140=CARTESIAN_POINT('',(0.00762,0.0034925,-0.04953));
#2141=CARTESIAN_POINT('',(0.00762,0.0034925,-0.04953));
#2142=CARTESIAN_POINT('',(0.00762,0.0034925,-0.028575));
#2143=CARTESIAN_POINT('',(0.00762,0.0034925,-0.006985));
#2144=CARTESIAN_POINT('',(0.005715,0.0034925,-0.006985));
#2145=CARTESIAN_POINT('',(0.005715,0.0034925,-0.00508));
#2146=CARTESIAN_POINT('',(1.7347234759768E-18,0.0034925,-0.00508));
#2147=CARTESIAN_POINT('',(-0.005715,0.0034925,-0.00508));
#2148=CARTESIAN_POINT('',(-0.005715,0.0034925,-0.006985));
#2149=CARTESIAN_POINT('',(-0.00762,0.0034925,-0.006985));
#2150=CARTESIAN_POINT('',(-0.00762,0.0034925,-0.0508));
#2151=CARTESIAN_POINT('',(-0.00762,0.0034925,-0.04953));
#2152=CARTESIAN_POINT('',(-0.00762,0.0034925,-0.04953));
#2153=CARTESIAN_POINT('',(-0.00762,0.0034925,-0.04953));
#2154=CARTESIAN_POINT('',(1.7347234759768E-18,0.0034925,-0.04953));
#2155=CARTESIAN_POINT('',(-0.008255,0.0034925,-0.04953));
#2156=CARTESIAN_POINT('',(-0.008255,0.0034925,-0.04953));
#2157=CARTESIAN_POINT('',(-0.008255,0.0034925,-0.04953));
#2158=CARTESIAN_POINT('',(-0.008255,0.0034925,-0.0508));
#2159=CARTESIAN_POINT('',(-0.008255,0.0034925,-0.00635));
#2160=CARTESIAN_POINT('',(-0.003175,0.0034925,-0.00635));
#2161=CARTESIAN_POINT('',(-0.00385883297710294,0.0034925,-0.001316236749764));
#2162=CARTESIAN_POINT('',(-0.0040297912213597,0.0034924999999965,-5.77959372024188E-5));
#2163=CARTESIAN_POINT('',(-0.00402979122136017,0.0047625,-5.77959371989508E-5));
#2164=CARTESIAN_POINT('',(-0.00385883297709221,0.0047625,-0.00131623674976254));
#2165=CARTESIAN_POINT('',(-0.00373093816812094,0.00366467443864676,-1.71969731777695E-5));
#2166=CARTESIAN_POINT('',(-0.00372820439549621,0.00476249999999969,-0.000179551141974384));
#2167=CARTESIAN_POINT('',(-0.00340063081194597,0.0047625,-0.00125399030247283));
#2168=CARTESIAN_POINT('',(-0.00339022355995549,0.00386706906285555,5.41876640778428E-5));
#2169=CARTESIAN_POINT('',(-0.003316853038542,0.00476250000000042,-0.000231195938948016));
#2170=CARTESIAN_POINT('',(-0.00296680003735378,0.0047625,-0.00110743703874313));
#2171=CARTESIAN_POINT('',(-0.00296347331294356,0.00407410223296363,0.000111629986227852));
#2172=CARTESIAN_POINT('',(-0.00283058905591119,0.0047625,-0.000217158954784474));
#2173=CARTESIAN_POINT('',(-0.00254041993883068,0.0047625,-0.000935110041316442));
#2174=CARTESIAN_POINT('',(-0.00254041993883068,0.0034925,-0.000935110041316442));
#2175=CARTESIAN_POINT('',(-0.00296347331294356,0.00407410223296363,0.000111629986227853));
#2176=CARTESIAN_POINT('',(-0.00283058905591119,0.0047625,-0.000217158954784473));
#2177=CARTESIAN_POINT('',(-0.00254041993883068,0.0047625,-0.000935110041316441));
#2178=CARTESIAN_POINT('',(-0.00255231604416126,0.00425966111129882,0.000174702009964544));
#2179=CARTESIAN_POINT('',(-0.00239430600730071,0.00476250000000035,-0.000187880866150348));
#2180=CARTESIAN_POINT('',(-0.00207225196116621,0.0047625,-0.000745893948049629));
#2181=CARTESIAN_POINT('',(-0.00164044761583408,0.00461057872334533,0.000338221793858028));
#2182=CARTESIAN_POINT('',(-0.00146589540698596,0.00476250000000692,2.65681726538745E-5));
#2183=CARTESIAN_POINT('',(-0.00120614561290327,0.0047625,-0.00025533462945409));
#2184=CARTESIAN_POINT('',(-0.000545987966724694,0.0047625,0.000536430769010794));
#2185=CARTESIAN_POINT('',(-0.000473189580918031,0.00476249999998625,0.000437861530613809));
#2186=CARTESIAN_POINT('',(-0.00040039115955013,0.0047625,0.000339292307032301));
#2187=CARTESIAN_POINT('',(-2.83511175426679E-112,0.0047625,0.000635));
#2188=CARTESIAN_POINT('',(-2.45709685369789E-112,0.0047625,0.000635));
#2189=CARTESIAN_POINT('',(-2.07908195312898E-112,0.0047625,0.000635));
#2190=CARTESIAN_POINT('',(0.00296347331294356,-0.00407410223296362,0.000111629986227851));
#2191=CARTESIAN_POINT('',(0.00283058905591119,-0.0047625,-0.000217158954784475));
#2192=CARTESIAN_POINT('',(0.00254041993883068,-0.0047625,-0.000935110041316445));
#2193=CARTESIAN_POINT('',(0.00255231604416232,-0.0042596611112988,0.000174702009964117));
#2194=CARTESIAN_POINT('',(0.00239430600730128,-0.00476250000000049,-0.000187880866149449));
#2195=CARTESIAN_POINT('',(0.00207225196116655,-0.0047625,-0.000745893948048597));
#2196=CARTESIAN_POINT('',(0.00164044761584682,-0.00461057872334534,0.000338221793862532));
#2197=CARTESIAN_POINT('',(0.0014658954069975,-0.00476250000000219,2.6568172662174E-5));
#2198=CARTESIAN_POINT('',(0.00120614561291284,-0.0047625,-0.000255334629441893));
#2199=CARTESIAN_POINT('',(0.000545987966698137,-0.0047625,0.000536430769002211));
#2200=CARTESIAN_POINT('',(0.000473189580895001,-0.00476249999999532,0.000437861530596913));
#2201=CARTESIAN_POINT('',(0.000400391159530627,-0.0047625,0.000339292307006876));
#2202=CARTESIAN_POINT('',(5.67022350853358E-112,-0.0047625,0.000635));
#2203=CARTESIAN_POINT('',(4.91419370739577E-112,-0.0047625,0.000635));
#2204=CARTESIAN_POINT('',(4.15816390625796E-112,-0.0047625,0.000635));
#2205=CARTESIAN_POINT('',(0.00254041993883068,-0.0034925,-0.000935110041316444));
#2206=CARTESIAN_POINT('',(0.00402979122135363,-0.0034925,-5.77959372015928E-5));
#2207=CARTESIAN_POINT('',(0.00402979122135363,-0.0047625,-5.77959372015933E-5));
#2208=CARTESIAN_POINT('',(0.0038588329770829,-0.0047625,-0.00131623674976127));
#2209=CARTESIAN_POINT('',(0.00373093816326364,-0.00366467444144523,-1.71969725176034E-5));
#2210=CARTESIAN_POINT('',(0.00372820439090185,-0.0047624999999993,-0.000179551143826137));
#2211=CARTESIAN_POINT('',(0.00340063080450115,-0.0047625,-0.00125399030145891));
#2212=CARTESIAN_POINT('',(0.00339022355995205,-0.00386706906285607,5.41876640789433E-5));
#2213=CARTESIAN_POINT('',(0.0033168530385378,-0.00476249999999953,-0.000231195938946018));
#2214=CARTESIAN_POINT('',(0.00296680003734817,-0.0047625,-0.0011074370387405));
#2215=CARTESIAN_POINT('',(0.00296347331294356,-0.00407410223296363,0.000111629986227851));
#2216=CARTESIAN_POINT('',(0.00283058905591119,-0.0047625,-0.000217158954784476));
#2217=CARTESIAN_POINT('',(0.00254041993883068,-0.0047625,-0.000935110041316444));
#2218=CARTESIAN_POINT('',(0.0038588329770829,-0.0034925,-0.00131623674976127));
#2219=CARTESIAN_POINT('',(0.003175,-0.0034925,-0.00635));
#2220=CARTESIAN_POINT('',(0.008255,-0.0034925,-0.00635));
#2221=CARTESIAN_POINT('',(0.008255,-0.0034925,-0.0508));
#2222=CARTESIAN_POINT('',(0.008255,-0.0034925,-0.04953));
#2223=CARTESIAN_POINT('',(0.008255,-0.0034925,-0.04953));
#2224=CARTESIAN_POINT('',(0.008255,-0.0034925,-0.04953));
#2225=CARTESIAN_POINT('',(3.46944695195361E-18,-0.0034925,-0.04953));
#2226=CARTESIAN_POINT('',(0.00762,-0.0034925,-0.04953));
#2227=CARTESIAN_POINT('',(0.00762,-0.0034925,-0.04953));
#2228=CARTESIAN_POINT('',(0.00762,-0.0034925,-0.04953));
#2229=CARTESIAN_POINT('',(0.00762,-0.0034925,-0.028575));
#2230=CARTESIAN_POINT('',(0.00762,-0.0034925,-0.006985));
#2231=CARTESIAN_POINT('',(0.005715,-0.0034925,-0.006985));
#2232=CARTESIAN_POINT('',(0.005715,-0.0034925,-0.00508));
#2233=CARTESIAN_POINT('',(1.7347234759768E-18,-0.0034925,-0.00508));
#2234=CARTESIAN_POINT('',(-0.005715,-0.0034925,-0.00508));
#2235=CARTESIAN_POINT('',(-0.005715,-0.0034925,-0.006985));
#2236=CARTESIAN_POINT('',(-0.00762,-0.0034925,-0.006985));
#2237=CARTESIAN_POINT('',(-0.00762,-0.0034925,-0.0508));
#2238=CARTESIAN_POINT('',(-0.00762,-0.0034925,-0.04953));
#2239=CARTESIAN_POINT('',(-0.00762,-0.0034925,-0.04953));
#2240=CARTESIAN_POINT('',(-0.00762,-0.0034925,-0.04953));
#2241=CARTESIAN_POINT('',(3.46944695195361E-18,-0.0034925,-0.04953));
#2242=CARTESIAN_POINT('',(-0.008255,-0.0034925,-0.04953));
#2243=CARTESIAN_POINT('',(-0.008255,-0.0034925,-0.04953));
#2244=CARTESIAN_POINT('',(-0.008255,-0.0034925,-0.04953));
#2245=CARTESIAN_POINT('',(-0.008255,-0.0034925,-0.0508));
#2246=CARTESIAN_POINT('',(-0.008255,-0.0034925,-0.00635));
#2247=CARTESIAN_POINT('',(-0.003175,-0.0034925,-0.00635));
#2248=CARTESIAN_POINT('',(-0.00385883297708259,-0.0034925,-0.00131623674976123));
#2249=CARTESIAN_POINT('',(-0.00296347331294356,-0.00407410223296363,0.00011162998622785));
#2250=CARTESIAN_POINT('',(-0.00283058905591119,-0.0047625,-0.000217158954784475));
#2251=CARTESIAN_POINT('',(-0.00254041993883068,-0.0047625,-0.000935110041316444));
#2252=CARTESIAN_POINT('',(-0.00339022355994937,-0.00386706906285842,5.41876640787202E-5));
#2253=CARTESIAN_POINT('',(-0.00331685303853558,-0.00476250000000026,-0.000231195938946554));
#2254=CARTESIAN_POINT('',(-0.00296680003734836,-0.0047625,-0.00110743703873905));
#2255=CARTESIAN_POINT('',(-0.00373093816323368,-0.00366467444146341,-1.71969725130793E-5));
#2256=CARTESIAN_POINT('',(-0.00372820439083553,-0.00476250000000007,-0.000179551144125184));
#2257=CARTESIAN_POINT('',(-0.00340063080441449,-0.0047625,-0.00125399030175917));
#2258=CARTESIAN_POINT('',(-0.00402979122135361,-0.00349250000000005,-5.77959372011405E-5));
#2259=CARTESIAN_POINT('',(-0.0040297912213536,-0.0047625,-5.77959372011841E-5));
#2260=CARTESIAN_POINT('',(-0.00385883297708284,-0.0047625,-0.00131623674976082));
#2261=CARTESIAN_POINT('',(-0.00254041993883068,-0.0034925,-0.000935110041316443));
#2262=CARTESIAN_POINT('',(-0.00254041993883068,-0.0047625,-0.000935110041316443));
#2263=CARTESIAN_POINT('',(-0.00283058905591119,-0.0047625,-0.000217158954784473));
#2264=CARTESIAN_POINT('',(-0.00296347331294356,-0.00407410223296362,0.000111629986227853));
#2265=CARTESIAN_POINT('',(-0.00207225196116589,-0.0047625,-0.000745893948049498));
#2266=CARTESIAN_POINT('',(-0.00239430600730032,-0.00476249999999931,-0.000187880866150299));
#2267=CARTESIAN_POINT('',(-0.00255231604416125,-0.00425966111129944,0.000174702009964198));
#2268=CARTESIAN_POINT('',(-0.00120614561291319,-0.0047625,-0.000255334629441452));
#2269=CARTESIAN_POINT('',(-0.00146589540699794,-0.00476250000000784,2.65681726625775E-5));
#2270=CARTESIAN_POINT('',(-0.00164044761584741,-0.00461057872334502,0.000338221793862453));
#2271=CARTESIAN_POINT('',(-0.000400391159530576,-0.0047625,0.000339292307006903));
#2272=CARTESIAN_POINT('',(-0.000473189580894922,-0.00476249999998539,0.000437861530596913));
#2273=CARTESIAN_POINT('',(-0.000545987966698029,-0.0047625,0.000536430769002292));
#2274=CARTESIAN_POINT('',(4.15816390625796E-112,-0.0047625,0.000635));
#2275=CARTESIAN_POINT('',(4.91419370739577E-112,-0.0047625,0.000635));
#2276=CARTESIAN_POINT('',(5.67022350853358E-112,-0.0047625,0.000635));
#2277=CARTESIAN_POINT('',(0.0041275,-0.0015875,-0.01778));
#2278=CARTESIAN_POINT('',(0.001905,-0.0015875,-0.01778));
#2279=CARTESIAN_POINT('',(0.001905,-0.0015875,-0.02794));
#2280=CARTESIAN_POINT('',(0.001905,0.0238125,-0.02667));
#2281=CARTESIAN_POINT('',(-0.0060325,-0.0015875,-0.01778));
#2282=CARTESIAN_POINT('',(-0.0060325,0.0015875,-0.01778));
#2283=CARTESIAN_POINT('',(-0.000635,0.0015875,-0.01778));
#2284=CARTESIAN_POINT('',(-0.0060325,-0.0015875,-0.01778));
#2285=CARTESIAN_POINT('',(-0.000635,-0.0015875,-0.01778));
#2286=CARTESIAN_POINT('',(-0.000635,0.0015875,-0.01778));
#2287=CARTESIAN_POINT('',(-0.0060325,-0.0015875,-0.0381));
#2288=CARTESIAN_POINT('',(-0.0060325,0.0015875,-0.0381));
#2289=CARTESIAN_POINT('',(-0.0060325,-0.0015875,-0.0381));
#2290=CARTESIAN_POINT('',(3.46944695195361E-18,-0.0015875,-0.02794));
#2291=CARTESIAN_POINT('',(-0.003175,-0.0015875,-0.02667));
#2292=CARTESIAN_POINT('',(-0.000635,-0.0015875,-0.02667));
#2293=CARTESIAN_POINT('',(-0.000635,-0.0015875,-0.022225));
#2294=CARTESIAN_POINT('',(3.46944695195361E-18,0.0015875,-0.02794));
#2295=CARTESIAN_POINT('',(-0.000635,0.0015875,-0.022225));
#2296=CARTESIAN_POINT('',(-0.000635,0.0015875,-0.02667));
#2297=CARTESIAN_POINT('',(-0.003175,0.0015875,-0.02667));
#2298=CARTESIAN_POINT('',(0.0041275,0.0238125,-0.02667));
#2299=CARTESIAN_POINT('',(-0.003175,0.0015875,-0.02667));
#2300=CARTESIAN_POINT('',(-0.000635,0.0015875,-0.02667));
#2301=CARTESIAN_POINT('',(-0.000635,0.0015875,-0.022225));
#2302=MECHANICAL_DESIGN_GEOMETRIC_PRESENTATION_REPRESENTATION('',(#1209),
#2303);
#2303=(
GEOMETRIC_REPRESENTATION_CONTEXT(3)
GLOBAL_UNCERTAINTY_ASSIGNED_CONTEXT((#2304))
GLOBAL_UNIT_ASSIGNED_CONTEXT((#2307,#2306,#2305))
REPRESENTATION_CONTEXT('thimble','TOP_LEVEL_ASSEMBLY_PART')
);
#2304=UNCERTAINTY_MEASURE_WITH_UNIT(LENGTH_MEASURE(2.E-5),#2307,
'DISTANCE_ACCURACY_VALUE','Maximum Tolerance applied to model');
#2305=(
NAMED_UNIT(*)
SI_UNIT($,.STERADIAN.)
SOLID_ANGLE_UNIT()
);
#2306=(
NAMED_UNIT(*)
PLANE_ANGLE_UNIT()
SI_UNIT($,.RADIAN.)
);
#2307=(
LENGTH_UNIT()
NAMED_UNIT(*)
SI_UNIT($,.METRE.)
);
#2308=PRODUCT_DEFINITION_SHAPE('','',#2309);
#2309=PRODUCT_DEFINITION('','',#2311,#2310);
#2310=PRODUCT_DEFINITION_CONTEXT('',#2317,'design');
#2311=PRODUCT_DEFINITION_FORMATION_WITH_SPECIFIED_SOURCE('','',#2313,
 .NOT_KNOWN.);
#2312=PRODUCT_RELATED_PRODUCT_CATEGORY('','',(#2313));
#2313=PRODUCT('thimble','thimble','thimble',(#2315));
#2314=PRODUCT_CATEGORY('','');
#2315=PRODUCT_CONTEXT('',#2317,'mechanical');
#2316=APPLICATION_PROTOCOL_DEFINITION('international standard',
'ap242_managed_model_based_3d_engineering',2020,#2317);
#2317=APPLICATION_CONTEXT('managed model based 3d engineering');
ENDSEC;
END-ISO-10303-21;
